# Swiss Roll Object
v 3000.0 3000.0 0.0
v 3004.040404040404 3000.0 0.0
v 3008.080808080808 3000.0 0.0
v 3012.121212121212 3000.0 0.0
v 3016.161616161616 3000.0 0.0
v 3020.2020202020203 3000.0 0.0
v 3024.242424242424 3000.0 0.0
v 3028.282828282828 3000.0 0.0
v 3032.3232323232323 3000.0 0.0
v 3036.3636363636365 3000.0 0.0
v 3040.40404040404 3000.0 0.0
v 3044.4444444444443 3000.0 0.0
v 3048.4848484848485 3000.0 0.0
v 3052.5252525252527 3000.0 0.0
v 3056.5656565656564 3000.0 0.0
v 3060.6060606060605 3000.0 0.0
v 3064.6464646464647 3000.0 0.0
v 3068.686868686869 3000.0 0.0
v 3072.7272727272725 3000.0 0.0
v 3076.7676767676767 3000.0 0.0
v 3080.808080808081 3000.0 0.0
v 3084.848484848485 3000.0 0.0
v 3088.8888888888887 3000.0 0.0
v 3092.929292929293 3000.0 0.0
v 3096.969696969697 3000.0 0.0
v 3101.010101010101 3000.0 0.0
v 3105.050505050505 3000.0 0.0
v 3109.090909090909 3000.0 0.0
v 3113.131313131313 3000.0 0.0
v 3117.1717171717173 3000.0 0.0
v 3121.212121212121 3000.0 0.0
v 3125.252525252525 3000.0 0.0
v 3129.2929292929293 3000.0 0.0
v 3133.3333333333335 3000.0 0.0
v 3137.373737373737 3000.0 0.0
v 3141.4141414141413 3000.0 0.0
v 3145.4545454545455 3000.0 0.0
v 3149.4949494949497 3000.0 0.0
v 3153.5353535353534 3000.0 0.0
v 3157.5757575757575 3000.0 0.0
v 3161.6161616161617 3000.0 0.0
v 3165.656565656566 3000.0 0.0
v 3169.6969696969695 3000.0 0.0
v 3173.7373737373737 3000.0 0.0
v 3177.777777777778 3000.0 0.0
v 3181.818181818182 3000.0 0.0
v 3185.8585858585857 3000.0 0.0
v 3189.89898989899 3000.0 0.0
v 3193.939393939394 3000.0 0.0
v 3197.979797979798 3000.0 0.0
v 3202.020202020202 3000.0 0.0
v 3206.060606060606 3000.0 0.0
v 3210.10101010101 3000.0 0.0
v 3214.1414141414143 3000.0 0.0
v 3218.181818181818 3000.0 0.0
v 3222.222222222222 3000.0 0.0
v 3226.2626262626263 3000.0 0.0
v 3230.3030303030305 3000.0 0.0
v 3234.343434343434 3000.0 0.0
v 3238.3838383838383 3000.0 0.0
v 3242.4242424242425 3000.0 0.0
v 3246.4646464646466 3000.0 0.0
v 3250.5050505050503 3000.0 0.0
v 3254.5454545454545 3000.0 0.0
v 3258.5858585858587 3000.0 0.0
v 3262.626262626263 3000.0 0.0
v 3266.6666666666665 3000.0 0.0
v 3270.7070707070707 3000.0 0.0
v 3274.747474747475 3000.0 0.0
v 3278.787878787879 3000.0 0.0
v 3282.8282828282827 3000.0 0.0
v 3286.868686868687 3000.0 0.0
v 3290.909090909091 3000.0 0.0
v 3294.9494949494947 3000.0 0.0
v 3298.989898989899 3000.0 0.0
v 3303.030303030303 3000.0 0.0
v 3307.070707070707 3000.0 0.0
v 3311.1111111111113 3000.0 0.0
v 3315.151515151515 3000.0 0.0
v 3319.191919191919 3000.0 0.0
v 3323.2323232323233 3000.0 0.0
v 3327.2727272727275 3000.0 0.0
v 3331.313131313131 3000.0 0.0
v 3335.3535353535353 3000.0 0.0
v 3339.3939393939395 3000.0 0.0
v 3343.4343434343436 3000.0 0.0
v 3347.4747474747473 3000.0 0.0
v 3351.5151515151515 3000.0 0.0
v 3355.5555555555557 3000.0 0.0
v 3359.5959595959594 3000.0 0.0
v 3363.6363636363635 3000.0 0.0
v 3367.6767676767677 3000.0 0.0
v 3371.717171717172 3000.0 0.0
v 3375.757575757576 3000.0 0.0
v 3379.7979797979797 3000.0 0.0
v 3383.838383838384 3000.0 0.0
v 3387.878787878788 3000.0 0.0
v 3391.9191919191917 3000.0 0.0
v 3395.959595959596 3000.0 0.0
v 3400.0 3000.0 0.0
v 3000.0 3000.0 20.0
v 3003.268755532828 3002.3748899082525 20.0
v 3006.537511065656 3004.749779816505 20.0
v 3009.8062665984844 3007.124669724757 20.0
v 3013.0750221313124 3009.4995596330095 20.0
v 3016.3437776641404 3011.874449541262 20.0
v 3019.6125331969683 3014.2493394495145 20.0
v 3022.8812887297963 3016.624229357767 20.0
v 3026.1500442626248 3018.9991192660195 20.0
v 3029.4187997954527 3021.3740091742716 20.0
v 3032.6875553282807 3023.748899082524 20.0
v 3035.9563108611087 3026.1237889907766 20.0
v 3039.2250663939367 3028.498678899029 20.0
v 3042.493821926765 3030.8735688072816 20.0
v 3045.762577459593 3033.2484587155336 20.0
v 3049.031332992421 3035.623348623786 20.0
v 3052.300088525249 3037.9982385320386 20.0
v 3055.568844058077 3040.373128440291 20.0
v 3058.8375995909055 3042.7480183485436 20.0
v 3062.1063551237335 3045.122908256796 20.0
v 3065.3751106565614 3047.497798165048 20.0
v 3068.6438661893894 3049.8726880733007 20.0
v 3071.9126217222174 3052.247577981553 20.0
v 3075.181377255046 3054.6224678898056 20.0
v 3078.450132787874 3056.997357798058 20.0
v 3081.718888320702 3059.37224770631 20.0
v 3084.98764385353 3061.7471376145627 20.0
v 3088.2563993863578 3064.122027522815 20.0
v 3091.5251549191858 3066.4969174310677 20.0
v 3094.793910452014 3068.87180733932 20.0
v 3098.062665984842 3071.2466972475727 20.0
v 3101.33142151767 3073.6215871558247 20.0
v 3104.600177050498 3075.996477064077 20.0
v 3107.868932583326 3078.3713669723297 20.0
v 3111.1376881161545 3080.746256880582 20.0
v 3114.4064436489825 3083.1211467888347 20.0
v 3117.6751991818105 3085.496036697087 20.0
v 3120.9439547146385 3087.8709266053393 20.0
v 3124.2127102474665 3090.2458165135918 20.0
v 3127.481465780295 3092.6207064218443 20.0
v 3130.750221313123 3094.9955963300968 20.0
v 3134.018976845951 3097.3704862383493 20.0
v 3137.287732378779 3099.7453761466013 20.0
v 3140.556487911607 3102.120266054854 20.0
v 3143.8252434444353 3104.4951559631063 20.0
v 3147.0939989772633 3106.870045871359 20.0
v 3150.3627545100912 3109.2449357796113 20.0
v 3153.631510042919 3111.619825687864 20.0
v 3156.900265575747 3113.994715596116 20.0
v 3160.1690211085756 3116.3696055043683 20.0
v 3163.4377766414036 3118.744495412621 20.0
v 3166.7065321742316 3121.1193853208733 20.0
v 3169.9752877070596 3123.494275229126 20.0
v 3173.2440432398876 3125.869165137378 20.0
v 3176.512798772716 3128.2440550456304 20.0
v 3179.781554305544 3130.618944953883 20.0
v 3183.050309838372 3132.9938348621354 20.0
v 3186.3190653712 3135.368724770388 20.0
v 3189.587820904028 3137.7436146786404 20.0
v 3192.8565764368564 3140.1185045868924 20.0
v 3196.1253319696843 3142.493394495145 20.0
v 3199.3940875025123 3144.8682844033974 20.0
v 3202.6628430353403 3147.24317431165 20.0
v 3205.9315985681683 3149.6180642199024 20.0
v 3209.2003541009967 3151.9929541281545 20.0
v 3212.4691096338247 3154.367844036407 20.0
v 3215.7378651666527 3156.7427339446594 20.0
v 3219.0066206994807 3159.117623852912 20.0
v 3222.2753762323086 3161.4925137611644 20.0
v 3225.544131765137 3163.867403669417 20.0
v 3228.812887297965 3166.242293577669 20.0
v 3232.081642830793 3168.6171834859215 20.0
v 3235.350398363621 3170.992073394174 20.0
v 3238.619153896449 3173.3669633024265 20.0
v 3241.8879094292774 3175.741853210679 20.0
v 3245.1566649621054 3178.116743118931 20.0
v 3248.4254204949334 3180.4916330271835 20.0
v 3251.6941760277614 3182.866522935436 20.0
v 3254.9629315605894 3185.2414128436885 20.0
v 3258.2316870934173 3187.616302751941 20.0
v 3261.500442626246 3189.9911926601935 20.0
v 3264.7691981590738 3192.3660825684456 20.0
v 3268.0379536919017 3194.740972476698 20.0
v 3271.3067092247297 3197.1158623849506 20.0
v 3274.5754647575577 3199.490752293203 20.0
v 3277.844220290386 3201.8656422014556 20.0
v 3281.112975823214 3204.240532109708 20.0
v 3284.381731356042 3206.61542201796 20.0
v 3287.65048688887 3208.9903119262126 20.0
v 3290.919242421698 3211.365201834465 20.0
v 3294.1879979545265 3213.7400917427176 20.0
v 3297.4567534873545 3216.11498165097 20.0
v 3300.7255090201825 3218.489871559222 20.0
v 3303.9942645530105 3220.8647614674746 20.0
v 3307.2630200858384 3223.239651375727 20.0
v 3310.531775618667 3225.6145412839796 20.0
v 3313.800531151495 3227.989431192232 20.0
v 3317.069286684323 3230.3643211004846 20.0
v 3320.338042217151 3232.7392110087367 20.0
v 3323.606797749979 3235.114100916989 20.0
v 3000.0 3000.0 40.0
v 3001.248553512626 3003.8426525910913 40.0
v 3002.4971070252523 3007.685305182183 40.0
v 3003.745660537878 3011.5279577732745 40.0
v 3004.994214050504 3015.3706103643663 40.0
v 3006.24276756313 3019.2132629554576 40.0
v 3007.4913210757563 3023.0559155465494 40.0
v 3008.7398745883825 3026.8985681376407 40.0
v 3009.9884281010086 3030.741220728732 40.0
v 3011.2369816136343 3034.583873319824 40.0
v 3012.4855351262604 3038.426525910915 40.0
v 3013.7340886388865 3042.269178502007 40.0
v 3014.9826421515127 3046.1118310930983 40.0
v 3016.231195664139 3049.95448368419 40.0
v 3017.479749176765 3053.7971362752814 40.0
v 3018.7283026893906 3057.639788866373 40.0
v 3019.9768562020167 3061.4824414574646 40.0
v 3021.225409714643 3065.325094048556 40.0
v 3022.473963227269 3069.1677466396477 40.0
v 3023.722516739895 3073.010399230739 40.0
v 3024.971070252521 3076.8530518218304 40.0
v 3026.219623765147 3080.695704412922 40.0
v 3027.468177277773 3084.5383570040135 40.0
v 3028.716730790399 3088.3810095951053 40.0
v 3029.9652843030253 3092.2236621861966 40.0
v 3031.2138378156515 3096.0663147772884 40.0
v 3032.462391328277 3099.9089673683798 40.0
v 3033.7109448409033 3103.751619959471 40.0
v 3034.9594983535294 3107.594272550563 40.0
v 3036.2080518661555 3111.4369251416542 40.0
v 3037.4566053787817 3115.279577732746 40.0
v 3038.7051588914073 3119.1222303238374 40.0
v 3039.9537124040335 3122.964882914929 40.0
v 3041.2022659166596 3126.8075355060205 40.0
v 3042.4508194292857 3130.650188097112 40.0
v 3043.699372941912 3134.4928406882036 40.0
v 3044.947926454538 3138.335493279295 40.0
v 3046.1964799671637 3142.1781458703867 40.0
v 3047.44503347979 3146.020798461478 40.0
v 3048.693586992416 3149.86345105257 40.0
v 3049.942140505042 3153.706103643661 40.0
v 3051.190694017668 3157.5487562347525 40.0
v 3052.4392475302943 3161.3914088258443 40.0
v 3053.68780104292 3165.2340614169357 40.0
v 3054.936354555546 3169.0767140080275 40.0
v 3056.1849080681723 3172.919366599119 40.0
v 3057.4334615807984 3176.76201919021 40.0
v 3058.6820150934245 3180.604671781302 40.0
v 3059.93056860605 3184.4473243723933 40.0
v 3061.1791221186763 3188.289976963485 40.0
v 3062.4276756313025 3192.1326295545764 40.0
v 3063.6762291439286 3195.975282145668 40.0
v 3064.9247826565547 3199.8179347367595 40.0
v 3066.173336169181 3203.660587327851 40.0
v 3067.4218896818065 3207.5032399189427 40.0
v 3068.6704431944327 3211.345892510034 40.0
v 3069.918996707059 3215.188545101126 40.0
v 3071.167550219685 3219.031197692217 40.0
v 3072.416103732311 3222.873850283309 40.0
v 3073.664657244937 3226.7165028744002 40.0
v 3074.913210757563 3230.5591554654916 40.0
v 3076.161764270189 3234.4018080565834 40.0
v 3077.410317782815 3238.2444606476747 40.0
v 3078.6588712954413 3242.0871132387665 40.0
v 3079.9074248080674 3245.929765829858 40.0
v 3081.155978320693 3249.7724184209496 40.0
v 3082.404531833319 3253.615071012041 40.0
v 3083.6530853459453 3257.4577236031323 40.0
v 3084.9016388585715 3261.300376194224 40.0
v 3086.1501923711976 3265.1430287853154 40.0
v 3087.3987458838237 3268.9856813764072 40.0
v 3088.6472993964494 3272.8283339674986 40.0
v 3089.8958529090755 3276.67098655859 40.0
v 3091.1444064217017 3280.5136391496817 40.0
v 3092.392959934328 3284.356291740773 40.0
v 3093.641513446954 3288.198944331865 40.0
v 3094.8900669595796 3292.041596922956 40.0
v 3096.1386204722057 3295.884249514048 40.0
v 3097.387173984832 3299.7269021051393 40.0
v 3098.635727497458 3303.5695546962306 40.0
v 3099.884281010084 3307.4122072873224 40.0
v 3101.1328345227103 3311.2548598784138 40.0
v 3102.381388035336 3315.0975124695055 40.0
v 3103.629941547962 3318.940165060597 40.0
v 3104.878495060588 3322.7828176516887 40.0
v 3106.1270485732143 3326.62547024278 40.0
v 3107.3756020858405 3330.4681228338713 40.0
v 3108.6241555984666 3334.310775424963 40.0
v 3109.8727091110923 3338.1534280160545 40.0
v 3111.1212626237184 3341.9960806071463 40.0
v 3112.3698161363445 3345.8387331982376 40.0
v 3113.6183696489707 3349.6813857893294 40.0
v 3114.866923161597 3353.5240383804207 40.0
v 3116.1154766742225 3357.366690971512 40.0
v 3117.3640301868486 3361.209343562604 40.0
v 3118.6125836994747 3365.051996153695 40.0
v 3119.861137212101 3368.894648744787 40.0
v 3121.109690724727 3372.7373013358783 40.0
v 3122.358244237353 3376.57995392697 40.0
v 3123.606797749979 3380.4226065180615 40.0
v 3000.0 3000.0 60.0
v 2998.751446487374 3003.8426525910913 60.0
v 2997.5028929747477 3007.685305182183 60.0
v 2996.254339462122 3011.5279577732745 60.0
v 2995.005785949496 3015.3706103643663 60.0
v 2993.75723243687 3019.2132629554576 60.0
v 2992.5086789242437 3023.0559155465494 60.0
v 2991.2601254116175 3026.8985681376407 60.0
v 2990.0115718989914 3030.741220728732 60.0
v 2988.7630183863657 3034.583873319824 60.0
v 2987.5144648737396 3038.426525910915 60.0
v 2986.2659113611135 3042.269178502007 60.0
v 2985.0173578484873 3046.1118310930983 60.0
v 2983.768804335861 3049.95448368419 60.0
v 2982.5202508232355 3053.7971362752814 60.0
v 2981.2716973106094 3057.639788866373 60.0
v 2980.0231437979833 3061.4824414574646 60.0
v 2978.774590285357 3065.325094048556 60.0
v 2977.526036772731 3069.1677466396477 60.0
v 2976.277483260105 3073.010399230739 60.0
v 2975.028929747479 3076.8530518218304 60.0
v 2973.780376234853 3080.695704412922 60.0
v 2972.531822722227 3084.5383570040135 60.0
v 2971.283269209601 3088.3810095951053 60.0
v 2970.0347156969747 3092.2236621861966 60.0
v 2968.7861621843485 3096.0663147772884 60.0
v 2967.537608671723 3099.9089673683798 60.0
v 2966.2890551590967 3103.751619959471 60.0
v 2965.0405016464706 3107.594272550563 60.0
v 2963.7919481338445 3111.4369251416542 60.0
v 2962.5433946212183 3115.279577732746 60.0
v 2961.2948411085927 3119.1222303238374 60.0
v 2960.0462875959665 3122.964882914929 60.0
v 2958.7977340833404 3126.8075355060205 60.0
v 2957.5491805707143 3130.650188097112 60.0
v 2956.300627058088 3134.4928406882036 60.0
v 2955.052073545462 3138.335493279295 60.0
v 2953.8035200328363 3142.1781458703867 60.0
v 2952.55496652021 3146.020798461478 60.0
v 2951.306413007584 3149.86345105257 60.0
v 2950.057859494958 3153.706103643661 60.0
v 2948.809305982332 3157.5487562347525 60.0
v 2947.560752469706 3161.3914088258443 60.0
v 2946.31219895708 3165.2340614169357 60.0
v 2945.063645444454 3169.0767140080275 60.0
v 2943.8150919318277 3172.919366599119 60.0
v 2942.5665384192016 3176.7620191902106 60.0
v 2941.3179849065755 3180.604671781302 60.0
v 2940.06943139395 3184.4473243723933 60.0
v 2938.8208778813237 3188.289976963485 60.0
v 2937.5723243686975 3192.1326295545764 60.0
v 2936.3237708560714 3195.975282145668 60.0
v 2935.0752173434453 3199.8179347367595 60.0
v 2933.826663830819 3203.6605873278513 60.0
v 2932.5781103181935 3207.5032399189427 60.0
v 2931.3295568055673 3211.345892510034 60.0
v 2930.081003292941 3215.188545101126 60.0
v 2928.832449780315 3219.031197692217 60.0
v 2927.583896267689 3222.873850283309 60.0
v 2926.3353427550633 3226.7165028744002 60.0
v 2925.086789242437 3230.559155465492 60.0
v 2923.838235729811 3234.4018080565834 60.0
v 2922.589682217185 3238.2444606476747 60.0
v 2921.3411287045587 3242.0871132387665 60.0
v 2920.0925751919326 3245.929765829858 60.0
v 2918.844021679307 3249.7724184209496 60.0
v 2917.595468166681 3253.615071012041 60.0
v 2916.3469146540547 3257.4577236031328 60.0
v 2915.0983611414285 3261.300376194224 60.0
v 2913.8498076288024 3265.1430287853154 60.0
v 2912.6012541161763 3268.9856813764072 60.0
v 2911.3527006035506 3272.8283339674986 60.0
v 2910.1041470909245 3276.6709865585904 60.0
v 2908.8555935782983 3280.5136391496817 60.0
v 2907.607040065672 3284.3562917407735 60.0
v 2906.358486553046 3288.198944331865 60.0
v 2905.1099330404204 3292.041596922956 60.0
v 2903.8613795277943 3295.884249514048 60.0
v 2902.612826015168 3299.7269021051393 60.0
v 2901.364272502542 3303.569554696231 60.0
v 2900.115718989916 3307.4122072873224 60.0
v 2898.8671654772897 3311.254859878414 60.0
v 2897.618611964664 3315.0975124695055 60.0
v 2896.370058452038 3318.940165060597 60.0
v 2895.121504939412 3322.7828176516887 60.0
v 2893.8729514267857 3326.62547024278 60.0
v 2892.6243979141595 3330.468122833872 60.0
v 2891.375844401534 3334.310775424963 60.0
v 2890.1272908889077 3338.1534280160545 60.0
v 2888.8787373762816 3341.9960806071463 60.0
v 2887.6301838636555 3345.8387331982376 60.0
v 2886.3816303510293 3349.6813857893294 60.0
v 2885.133076838403 3353.5240383804207 60.0
v 2883.8845233257775 3357.366690971512 60.0
v 2882.6359698131514 3361.209343562604 60.0
v 2881.3874163005253 3365.051996153695 60.0
v 2880.138862787899 3368.894648744787 60.0
v 2878.890309275273 3372.7373013358783 60.0
v 2877.6417557626473 3376.57995392697 60.0
v 2876.393202250021 3380.4226065180615 60.0
v 3000.0 3000.0 80.0
v 2996.731244467172 3002.3748899082525 80.0
v 2993.462488934344 3004.749779816505 80.0
v 2990.1937334015156 3007.124669724757 80.0
v 2986.9249778686876 3009.4995596330095 80.0
v 2983.6562223358596 3011.874449541262 80.0
v 2980.3874668030317 3014.2493394495145 80.0
v 2977.1187112702037 3016.624229357767 80.0
v 2973.8499557373752 3018.9991192660195 80.0
v 2970.5812002045473 3021.3740091742716 80.0
v 2967.3124446717193 3023.748899082524 80.0
v 2964.0436891388913 3026.1237889907766 80.0
v 2960.7749336060633 3028.498678899029 80.0
v 2957.506178073235 3030.8735688072816 80.0
v 2954.237422540407 3033.2484587155336 80.0
v 2950.968667007579 3035.623348623786 80.0
v 2947.699911474751 3037.9982385320386 80.0
v 2944.431155941923 3040.373128440291 80.0
v 2941.1624004090945 3042.7480183485436 80.0
v 2937.8936448762665 3045.122908256796 80.0
v 2934.6248893434386 3047.497798165048 80.0
v 2931.3561338106106 3049.8726880733007 80.0
v 2928.0873782777826 3052.247577981553 80.0
v 2924.8186227449546 3054.6224678898056 80.0
v 2921.549867212126 3056.997357798058 80.0
v 2918.281111679298 3059.3722477063106 80.0
v 2915.01235614647 3061.7471376145627 80.0
v 2911.7436006136422 3064.122027522815 80.0
v 2908.4748450808142 3066.4969174310677 80.0
v 2905.206089547986 3068.87180733932 80.0
v 2901.937334015158 3071.2466972475727 80.0
v 2898.66857848233 3073.6215871558247 80.0
v 2895.399822949502 3075.996477064077 80.0
v 2892.131067416674 3078.3713669723297 80.0
v 2888.8623118838455 3080.746256880582 80.0
v 2885.5935563510175 3083.1211467888347 80.0
v 2882.3248008181895 3085.496036697087 80.0
v 2879.0560452853615 3087.8709266053393 80.0
v 2875.7872897525335 3090.2458165135918 80.0
v 2872.518534219705 3092.6207064218443 80.0
v 2869.249778686877 3094.9955963300968 80.0
v 2865.981023154049 3097.3704862383493 80.0
v 2862.712267621221 3099.7453761466013 80.0
v 2859.443512088393 3102.120266054854 80.0
v 2856.1747565555647 3104.4951559631063 80.0
v 2852.9060010227367 3106.870045871359 80.0
v 2849.6372454899088 3109.2449357796113 80.0
v 2846.368489957081 3111.619825687864 80.0
v 2843.099734424253 3113.994715596116 80.0
v 2839.8309788914244 3116.3696055043683 80.0
v 2836.5622233585964 3118.744495412621 80.0
v 2833.2934678257684 3121.1193853208733 80.0
v 2830.0247122929404 3123.494275229126 80.0
v 2826.7559567601124 3125.8691651373783 80.0
v 2823.4872012272845 3128.2440550456304 80.0
v 2820.218445694456 3130.618944953883 80.0
v 2816.949690161628 3132.9938348621354 80.0
v 2813.6809346288 3135.368724770388 80.0
v 2810.412179095972 3137.7436146786404 80.0
v 2807.143423563144 3140.1185045868924 80.0
v 2803.8746680303157 3142.493394495145 80.0
v 2800.6059124974877 3144.8682844033974 80.0
v 2797.3371569646597 3147.24317431165 80.0
v 2794.0684014318317 3149.6180642199024 80.0
v 2790.7996458990037 3151.992954128155 80.0
v 2787.5308903661753 3154.367844036407 80.0
v 2784.2621348333473 3156.7427339446594 80.0
v 2780.9933793005193 3159.117623852912 80.0
v 2777.7246237676914 3161.4925137611644 80.0
v 2774.4558682348634 3163.867403669417 80.0
v 2771.187112702035 3166.2422935776694 80.0
v 2767.918357169207 3168.6171834859215 80.0
v 2764.649601636379 3170.992073394174 80.0
v 2761.380846103551 3173.3669633024265 80.0
v 2758.112090570723 3175.741853210679 80.0
v 2754.8433350378946 3178.1167431189315 80.0
v 2751.5745795050666 3180.4916330271835 80.0
v 2748.3058239722386 3182.866522935436 80.0
v 2745.0370684394106 3185.2414128436885 80.0
v 2741.7683129065827 3187.616302751941 80.0
v 2738.499557373754 3189.9911926601935 80.0
v 2735.2308018409262 3192.366082568446 80.0
v 2731.9620463080983 3194.740972476698 80.0
v 2728.6932907752703 3197.1158623849506 80.0
v 2725.4245352424423 3199.490752293203 80.0
v 2722.155779709614 3201.8656422014556 80.0
v 2718.887024176786 3204.240532109708 80.0
v 2715.618268643958 3206.61542201796 80.0
v 2712.34951311113 3208.9903119262126 80.0
v 2709.080757578302 3211.365201834465 80.0
v 2705.8120020454735 3213.7400917427176 80.0
v 2702.5432465126455 3216.11498165097 80.0
v 2699.2744909798175 3218.4898715592226 80.0
v 2696.0057354469895 3220.8647614674746 80.0
v 2692.7369799141616 3223.239651375727 80.0
v 2689.468224381333 3225.6145412839796 80.0
v 2686.199468848505 3227.989431192232 80.0
v 2682.930713315677 3230.3643211004846 80.0
v 2679.661957782849 3232.7392110087367 80.0
v 2676.393202250021 3235.114100916989 80.0
v 3000.0 3000.0 100.0
v 2995.959595959596 3000.0 100.0
v 2991.919191919192 3000.0 100.0
v 2987.878787878788 3000.0 100.0
v 2983.838383838384 3000.0 100.0
v 2979.7979797979797 3000.0 100.0
v 2975.757575757576 3000.0 100.0
v 2971.717171717172 3000.0 100.0
v 2967.6767676767677 3000.0 100.0
v 2963.6363636363635 3000.0 100.0
v 2959.59595959596 3000.0 100.0
v 2955.5555555555557 3000.0 100.0
v 2951.5151515151515 3000.0 100.0
v 2947.4747474747473 3000.0 100.0
v 2943.4343434343436 3000.0 100.0
v 2939.3939393939395 3000.0 100.0
v 2935.3535353535353 3000.0 100.0
v 2931.313131313131 3000.0 100.0
v 2927.2727272727275 3000.0 100.0
v 2923.2323232323233 3000.0 100.0
v 2919.191919191919 3000.0 100.0
v 2915.151515151515 3000.0 100.0
v 2911.1111111111113 3000.0 100.0
v 2907.070707070707 3000.0 100.0
v 2903.030303030303 3000.0 100.0
v 2898.989898989899 3000.0 100.0
v 2894.949494949495 3000.0 100.0
v 2890.909090909091 3000.0 100.0
v 2886.868686868687 3000.0 100.0
v 2882.8282828282827 3000.0 100.0
v 2878.787878787879 3000.0 100.0
v 2874.747474747475 3000.0 100.0
v 2870.7070707070707 3000.0 100.0
v 2866.6666666666665 3000.0 100.0
v 2862.626262626263 3000.0 100.0
v 2858.5858585858587 3000.0 100.0
v 2854.5454545454545 3000.0 100.0
v 2850.5050505050503 3000.0 100.0
v 2846.4646464646466 3000.0 100.0
v 2842.4242424242425 3000.0 100.0
v 2838.3838383838383 3000.0 100.0
v 2834.343434343434 3000.0 100.0
v 2830.3030303030305 3000.0 100.0
v 2826.2626262626263 3000.0 100.0
v 2822.222222222222 3000.0 100.0
v 2818.181818181818 3000.0 100.0
v 2814.1414141414143 3000.0 100.0
v 2810.10101010101 3000.0 100.0
v 2806.060606060606 3000.0 100.0
v 2802.020202020202 3000.0 100.0
v 2797.979797979798 3000.0 100.0
v 2793.939393939394 3000.0 100.0
v 2789.89898989899 3000.0 100.0
v 2785.8585858585857 3000.0 100.0
v 2781.818181818182 3000.0 100.0
v 2777.777777777778 3000.0 100.0
v 2773.7373737373737 3000.0 100.0
v 2769.6969696969695 3000.0 100.0
v 2765.656565656566 3000.0 100.0
v 2761.6161616161617 3000.0 100.0
v 2757.5757575757575 3000.0 100.0
v 2753.5353535353534 3000.0 100.0
v 2749.4949494949497 3000.0 100.0
v 2745.4545454545455 3000.0 100.0
v 2741.4141414141413 3000.0 100.0
v 2737.373737373737 3000.0 100.0
v 2733.3333333333335 3000.0 100.0
v 2729.2929292929293 3000.0 100.0
v 2725.252525252525 3000.0 100.0
v 2721.212121212121 3000.0 100.0
v 2717.1717171717173 3000.0 100.0
v 2713.131313131313 3000.0 100.0
v 2709.090909090909 3000.0 100.0
v 2705.0505050505053 3000.0 100.0
v 2701.010101010101 3000.0 100.0
v 2696.969696969697 3000.0 100.0
v 2692.929292929293 3000.0 100.0
v 2688.8888888888887 3000.0 100.0
v 2684.848484848485 3000.0 100.0
v 2680.808080808081 3000.0 100.0
v 2676.7676767676767 3000.0 100.0
v 2672.7272727272725 3000.0 100.0
v 2668.686868686869 3000.0 100.0
v 2664.6464646464647 3000.0 100.0
v 2660.6060606060605 3000.0 100.0
v 2656.5656565656564 3000.0 100.0
v 2652.5252525252527 3000.0 100.0
v 2648.4848484848485 3000.0 100.0
v 2644.4444444444443 3000.0 100.0
v 2640.4040404040406 3000.0 100.0
v 2636.3636363636365 3000.0 100.0
v 2632.3232323232323 3000.0 100.0
v 2628.282828282828 3000.0 100.0
v 2624.242424242424 3000.0 100.0
v 2620.2020202020203 3000.0 100.0
v 2616.161616161616 3000.0 100.0
v 2612.121212121212 3000.0 100.0
v 2608.0808080808083 3000.0 100.0
v 2604.040404040404 3000.0 100.0
v 2600.0 3000.0 100.0
v 3000.0 3000.0 120.0
v 2996.731244467172 2997.6251100917475 120.0
v 2993.462488934344 2995.250220183495 120.0
v 2990.1937334015156 2992.875330275243 120.0
v 2986.9249778686876 2990.5004403669905 120.0
v 2983.6562223358596 2988.125550458738 120.0
v 2980.3874668030317 2985.7506605504855 120.0
v 2977.1187112702037 2983.375770642233 120.0
v 2973.8499557373752 2981.0008807339805 120.0
v 2970.5812002045473 2978.6259908257284 120.0
v 2967.3124446717193 2976.251100917476 120.0
v 2964.0436891388913 2973.8762110092234 120.0
v 2960.7749336060633 2971.501321100971 120.0
v 2957.506178073235 2969.1264311927184 120.0
v 2954.237422540407 2966.7515412844664 120.0
v 2950.968667007579 2964.376651376214 120.0
v 2947.699911474751 2962.0017614679614 120.0
v 2944.431155941923 2959.626871559709 120.0
v 2941.1624004090945 2957.2519816514564 120.0
v 2937.8936448762665 2954.877091743204 120.0
v 2934.6248893434386 2952.502201834952 120.0
v 2931.3561338106106 2950.1273119266993 120.0
v 2928.0873782777826 2947.752422018447 120.0
v 2924.818622744954 2945.3775321101944 120.0
v 2921.549867212126 2943.002642201942 120.0
v 2918.281111679298 2940.62775229369 120.0
v 2915.01235614647 2938.2528623854373 120.0
v 2911.7436006136422 2935.877972477185 120.0
v 2908.4748450808142 2933.5030825689323 120.0
v 2905.206089547986 2931.12819266068 120.0
v 2901.937334015158 2928.7533027524273 120.0
v 2898.66857848233 2926.3784128441753 120.0
v 2895.399822949502 2924.003522935923 120.0
v 2892.131067416674 2921.6286330276703 120.0
v 2888.8623118838455 2919.253743119418 120.0
v 2885.5935563510175 2916.8788532111653 120.0
v 2882.3248008181895 2914.503963302913 120.0
v 2879.0560452853615 2912.1290733946607 120.0
v 2875.7872897525335 2909.7541834864082 120.0
v 2872.518534219705 2907.3792935781557 120.0
v 2869.249778686877 2905.0044036699032 120.0
v 2865.981023154049 2902.6295137616507 120.0
v 2862.712267621221 2900.2546238533987 120.0
v 2859.443512088393 2897.879733945146 120.0
v 2856.1747565555647 2895.5048440368937 120.0
v 2852.9060010227367 2893.129954128641 120.0
v 2849.6372454899088 2890.7550642203887 120.0
v 2846.368489957081 2888.3801743121367 120.0
v 2843.099734424253 2886.005284403884 120.0
v 2839.8309788914244 2883.6303944956317 120.0
v 2836.5622233585964 2881.255504587379 120.0
v 2833.2934678257684 2878.8806146791267 120.0
v 2830.0247122929404 2876.505724770874 120.0
v 2826.7559567601124 2874.130834862622 120.0
v 2823.487201227284 2871.7559449543696 120.0
v 2820.218445694456 2869.381055046117 120.0
v 2816.949690161628 2867.0061651378646 120.0
v 2813.6809346288 2864.631275229612 120.0
v 2810.412179095972 2862.2563853213596 120.0
v 2807.1434235631436 2859.8814954131076 120.0
v 2803.8746680303157 2857.506605504855 120.0
v 2800.6059124974877 2855.1317155966026 120.0
v 2797.3371569646597 2852.75682568835 120.0
v 2794.0684014318317 2850.3819357800976 120.0
v 2790.7996458990033 2848.0070458718455 120.0
v 2787.5308903661753 2845.632155963593 120.0
v 2784.2621348333473 2843.2572660553406 120.0
v 2780.9933793005193 2840.882376147088 120.0
v 2777.7246237676914 2838.5074862388356 120.0
v 2774.455868234863 2836.132596330583 120.0
v 2771.187112702035 2833.757706422331 120.0
v 2767.918357169207 2831.3828165140785 120.0
v 2764.649601636379 2829.007926605826 120.0
v 2761.380846103551 2826.6330366975735 120.0
v 2758.1120905707226 2824.258146789321 120.0
v 2754.8433350378946 2821.883256881069 120.0
v 2751.5745795050666 2819.5083669728165 120.0
v 2748.3058239722386 2817.133477064564 120.0
v 2745.0370684394106 2814.7585871563115 120.0
v 2741.7683129065827 2812.383697248059 120.0
v 2738.499557373754 2810.0088073398065 120.0
v 2735.2308018409262 2807.6339174315544 120.0
v 2731.9620463080983 2805.259027523302 120.0
v 2728.6932907752703 2802.8841376150494 120.0
v 2725.4245352424423 2800.509247706797 120.0
v 2722.155779709614 2798.1343577985444 120.0
v 2718.887024176786 2795.7594678902924 120.0
v 2715.618268643958 2793.38457798204 120.0
v 2712.34951311113 2791.0096880737874 120.0
v 2709.080757578302 2788.634798165535 120.0
v 2705.8120020454735 2786.2599082572824 120.0
v 2702.5432465126455 2783.8850183490304 120.0
v 2699.2744909798175 2781.510128440778 120.0
v 2696.0057354469895 2779.1352385325254 120.0
v 2692.7369799141616 2776.760348624273 120.0
v 2689.468224381333 2774.3854587160204 120.0
v 2686.199468848505 2772.010568807768 120.0
v 2682.930713315677 2769.635678899516 120.0
v 2679.661957782849 2767.2607889912633 120.0
v 2676.393202250021 2764.885899083011 120.0
v 3000.0 3000.0 140.0
v 2998.751446487374 2996.1573474089087 140.0
v 2997.5028929747477 2992.314694817817 140.0
v 2996.254339462122 2988.4720422267255 140.0
v 2995.005785949496 2984.6293896356337 140.0
v 2993.75723243687 2980.7867370445424 140.0
v 2992.5086789242437 2976.9440844534506 140.0
v 2991.2601254116175 2973.1014318623593 140.0
v 2990.0115718989914 2969.258779271268 140.0
v 2988.7630183863657 2965.416126680176 140.0
v 2987.5144648737396 2961.573474089085 140.0
v 2986.2659113611135 2957.730821497993 140.0
v 2985.0173578484873 2953.8881689069017 140.0
v 2983.768804335861 2950.04551631581 140.0
v 2982.520250823235 2946.2028637247186 140.0
v 2981.2716973106094 2942.360211133627 140.0
v 2980.0231437979833 2938.5175585425354 140.0
v 2978.774590285357 2934.674905951444 140.0
v 2977.526036772731 2930.8322533603523 140.0
v 2976.277483260105 2926.989600769261 140.0
v 2975.028929747479 2923.1469481781696 140.0
v 2973.780376234853 2919.304295587078 140.0
v 2972.531822722227 2915.4616429959865 140.0
v 2971.283269209601 2911.6189904048947 140.0
v 2970.0347156969747 2907.7763378138034 140.0
v 2968.7861621843485 2903.9336852227116 140.0
v 2967.537608671723 2900.0910326316202 140.0
v 2966.2890551590967 2896.248380040529 140.0
v 2965.0405016464706 2892.405727449437 140.0
v 2963.7919481338445 2888.5630748583458 140.0
v 2962.5433946212183 2884.720422267254 140.0
v 2961.294841108592 2880.8777696761626 140.0
v 2960.0462875959665 2877.035117085071 140.0
v 2958.7977340833404 2873.1924644939795 140.0
v 2957.5491805707143 2869.349811902888 140.0
v 2956.300627058088 2865.5071593117964 140.0
v 2955.052073545462 2861.664506720705 140.0
v 2953.8035200328363 2857.8218541296133 140.0
v 2952.55496652021 2853.979201538522 140.0
v 2951.306413007584 2850.13654894743 140.0
v 2950.057859494958 2846.293896356339 140.0
v 2948.809305982332 2842.4512437652475 140.0
v 2947.5607524697057 2838.6085911741557 140.0
v 2946.31219895708 2834.7659385830643 140.0
v 2945.063645444454 2830.9232859919725 140.0
v 2943.8150919318277 2827.080633400881 140.0
v 2942.5665384192016 2823.23798080979 140.0
v 2941.3179849065755 2819.395328218698 140.0
v 2940.0694313939493 2815.5526756276067 140.0
v 2938.8208778813237 2811.710023036515 140.0
v 2937.5723243686975 2807.8673704454236 140.0
v 2936.3237708560714 2804.024717854332 140.0
v 2935.0752173434453 2800.1820652632405 140.0
v 2933.826663830819 2796.339412672149 140.0
v 2932.5781103181935 2792.4967600810573 140.0
v 2931.3295568055673 2788.654107489966 140.0
v 2930.081003292941 2784.811454898874 140.0
v 2928.832449780315 2780.968802307783 140.0
v 2927.583896267689 2777.126149716691 140.0
v 2926.335342755063 2773.2834971255998 140.0
v 2925.086789242437 2769.4408445345084 140.0
v 2923.838235729811 2765.5981919434166 140.0
v 2922.589682217185 2761.7555393523253 140.0
v 2921.3411287045587 2757.9128867612335 140.0
v 2920.0925751919326 2754.070234170142 140.0
v 2918.8440216793065 2750.2275815790504 140.0
v 2917.595468166681 2746.384928987959 140.0
v 2916.3469146540547 2742.5422763968677 140.0
v 2915.0983611414285 2738.699623805776 140.0
v 2913.8498076288024 2734.8569712146846 140.0
v 2912.6012541161763 2731.0143186235928 140.0
v 2911.3527006035506 2727.1716660325014 140.0
v 2910.1041470909245 2723.32901344141 140.0
v 2908.8555935782983 2719.4863608503183 140.0
v 2907.607040065672 2715.643708259227 140.0
v 2906.358486553046 2711.801055668135 140.0
v 2905.10993304042 2707.958403077044 140.0
v 2903.8613795277943 2704.115750485952 140.0
v 2902.612826015168 2700.2730978948607 140.0
v 2901.364272502542 2696.4304453037694 140.0
v 2900.115718989916 2692.5877927126776 140.0
v 2898.8671654772897 2688.7451401215862 140.0
v 2897.6186119646636 2684.9024875304945 140.0
v 2896.370058452038 2681.059834939403 140.0
v 2895.121504939412 2677.2171823483113 140.0
v 2893.8729514267857 2673.37452975722 140.0
v 2892.6243979141595 2669.5318771661287 140.0
v 2891.3758444015334 2665.689224575037 140.0
v 2890.1272908889077 2661.8465719839455 140.0
v 2888.8787373762816 2658.0039193928537 140.0
v 2887.6301838636555 2654.1612668017624 140.0
v 2886.3816303510293 2650.3186142106706 140.0
v 2885.133076838403 2646.4759616195793 140.0
v 2883.884523325777 2642.633309028488 140.0
v 2882.6359698131514 2638.790656437396 140.0
v 2881.3874163005253 2634.948003846305 140.0
v 2880.138862787899 2631.105351255213 140.0
v 2878.890309275273 2627.2626986641217 140.0
v 2877.641755762647 2623.42004607303 140.0
v 2876.393202250021 2619.5773934819385 140.0
v 3000.0 3000.0 160.0
v 3001.248553512626 2996.1573474089087 160.0
v 3002.4971070252523 2992.314694817817 160.0
v 3003.745660537878 2988.4720422267255 160.0
v 3004.994214050504 2984.6293896356337 160.0
v 3006.24276756313 2980.7867370445424 160.0
v 3007.4913210757563 2976.9440844534506 160.0
v 3008.7398745883825 2973.1014318623593 160.0
v 3009.9884281010086 2969.258779271268 160.0
v 3011.2369816136343 2965.416126680176 160.0
v 3012.4855351262604 2961.573474089085 160.0
v 3013.7340886388865 2957.730821497993 160.0
v 3014.9826421515127 2953.8881689069017 160.0
v 3016.231195664139 2950.04551631581 160.0
v 3017.4797491767645 2946.2028637247186 160.0
v 3018.7283026893906 2942.360211133627 160.0
v 3019.9768562020167 2938.5175585425354 160.0
v 3021.225409714643 2934.674905951444 160.0
v 3022.473963227269 2930.8322533603523 160.0
v 3023.722516739895 2926.989600769261 160.0
v 3024.971070252521 2923.1469481781696 160.0
v 3026.219623765147 2919.304295587078 160.0
v 3027.468177277773 2915.4616429959865 160.0
v 3028.716730790399 2911.6189904048947 160.0
v 3029.9652843030253 2907.7763378138034 160.0
v 3031.2138378156515 2903.9336852227116 160.0
v 3032.462391328277 2900.0910326316202 160.0
v 3033.7109448409033 2896.248380040529 160.0
v 3034.9594983535294 2892.405727449437 160.0
v 3036.2080518661555 2888.5630748583458 160.0
v 3037.4566053787817 2884.720422267254 160.0
v 3038.7051588914073 2880.8777696761626 160.0
v 3039.9537124040335 2877.035117085071 160.0
v 3041.2022659166596 2873.1924644939795 160.0
v 3042.4508194292857 2869.349811902888 160.0
v 3043.699372941912 2865.5071593117964 160.0
v 3044.947926454538 2861.664506720705 160.0
v 3046.1964799671637 2857.8218541296133 160.0
v 3047.44503347979 2853.979201538522 160.0
v 3048.693586992416 2850.13654894743 160.0
v 3049.942140505042 2846.293896356339 160.0
v 3051.190694017668 2842.4512437652475 160.0
v 3052.439247530294 2838.6085911741557 160.0
v 3053.68780104292 2834.7659385830643 160.0
v 3054.936354555546 2830.9232859919725 160.0
v 3056.1849080681723 2827.080633400881 160.0
v 3057.4334615807984 2823.2379808097894 160.0
v 3058.6820150934245 2819.395328218698 160.0
v 3059.93056860605 2815.5526756276067 160.0
v 3061.1791221186763 2811.710023036515 160.0
v 3062.4276756313025 2807.8673704454236 160.0
v 3063.6762291439286 2804.024717854332 160.0
v 3064.9247826565547 2800.1820652632405 160.0
v 3066.1733361691804 2796.3394126721487 160.0
v 3067.4218896818065 2792.4967600810573 160.0
v 3068.6704431944327 2788.654107489966 160.0
v 3069.918996707059 2784.811454898874 160.0
v 3071.167550219685 2780.968802307783 160.0
v 3072.416103732311 2777.126149716691 160.0
v 3073.6646572449367 2773.2834971255998 160.0
v 3074.913210757563 2769.440844534508 160.0
v 3076.161764270189 2765.5981919434166 160.0
v 3077.410317782815 2761.7555393523253 160.0
v 3078.6588712954413 2757.9128867612335 160.0
v 3079.907424808067 2754.070234170142 160.0
v 3081.155978320693 2750.2275815790504 160.0
v 3082.404531833319 2746.384928987959 160.0
v 3083.6530853459453 2742.5422763968672 160.0
v 3084.9016388585715 2738.699623805776 160.0
v 3086.1501923711976 2734.8569712146846 160.0
v 3087.3987458838233 2731.0143186235928 160.0
v 3088.6472993964494 2727.1716660325014 160.0
v 3089.8958529090755 2723.3290134414096 160.0
v 3091.1444064217017 2719.4863608503183 160.0
v 3092.392959934328 2715.6437082592265 160.0
v 3093.6415134469535 2711.801055668135 160.0
v 3094.8900669595796 2707.958403077044 160.0
v 3096.1386204722057 2704.115750485952 160.0
v 3097.387173984832 2700.2730978948607 160.0
v 3098.635727497458 2696.430445303769 160.0
v 3099.884281010084 2692.5877927126776 160.0
v 3101.13283452271 2688.745140121586 160.0
v 3102.381388035336 2684.9024875304945 160.0
v 3103.629941547962 2681.059834939403 160.0
v 3104.878495060588 2677.2171823483113 160.0
v 3106.1270485732143 2673.37452975722 160.0
v 3107.3756020858405 2669.531877166128 160.0
v 3108.624155598466 2665.689224575037 160.0
v 3109.8727091110923 2661.8465719839455 160.0
v 3111.1212626237184 2658.0039193928537 160.0
v 3112.3698161363445 2654.1612668017624 160.0
v 3113.6183696489707 2650.3186142106706 160.0
v 3114.8669231615963 2646.4759616195793 160.0
v 3116.1154766742225 2642.633309028488 160.0
v 3117.3640301868486 2638.790656437396 160.0
v 3118.6125836994747 2634.948003846305 160.0
v 3119.861137212101 2631.105351255213 160.0
v 3121.109690724727 2627.2626986641217 160.0
v 3122.3582442373527 2623.42004607303 160.0
v 3123.606797749979 2619.5773934819385 160.0
v 3000.0 3000.0 180.0
v 3003.268755532828 2997.6251100917475 180.0
v 3006.537511065656 2995.250220183495 180.0
v 3009.8062665984844 2992.875330275243 180.0
v 3013.0750221313124 2990.5004403669905 180.0
v 3016.3437776641404 2988.125550458738 180.0
v 3019.6125331969683 2985.7506605504855 180.0
v 3022.8812887297963 2983.375770642233 180.0
v 3026.1500442626248 2981.0008807339805 180.0
v 3029.4187997954527 2978.6259908257284 180.0
v 3032.6875553282807 2976.251100917476 180.0
v 3035.9563108611087 2973.8762110092234 180.0
v 3039.2250663939367 2971.501321100971 180.0
v 3042.493821926765 2969.1264311927184 180.0
v 3045.762577459593 2966.751541284466 180.0
v 3049.031332992421 2964.376651376214 180.0
v 3052.300088525249 2962.0017614679614 180.0
v 3055.568844058077 2959.626871559709 180.0
v 3058.8375995909055 2957.2519816514564 180.0
v 3062.1063551237335 2954.877091743204 180.0
v 3065.3751106565614 2952.502201834952 180.0
v 3068.6438661893894 2950.1273119266993 180.0
v 3071.9126217222174 2947.752422018447 180.0
v 3075.1813772550454 2945.3775321101944 180.0
v 3078.450132787874 2943.002642201942 180.0
v 3081.718888320702 2940.6277522936894 180.0
v 3084.98764385353 2938.2528623854373 180.0
v 3088.2563993863578 2935.877972477185 180.0
v 3091.5251549191858 2933.5030825689323 180.0
v 3094.793910452014 2931.12819266068 180.0
v 3098.062665984842 2928.7533027524273 180.0
v 3101.33142151767 2926.378412844175 180.0
v 3104.600177050498 2924.003522935923 180.0
v 3107.868932583326 2921.6286330276703 180.0
v 3111.1376881161545 2919.253743119418 180.0
v 3114.4064436489825 2916.8788532111653 180.0
v 3117.6751991818105 2914.503963302913 180.0
v 3120.9439547146385 2912.1290733946607 180.0
v 3124.2127102474665 2909.7541834864082 180.0
v 3127.481465780295 2907.3792935781557 180.0
v 3130.750221313123 2905.0044036699032 180.0
v 3134.018976845951 2902.6295137616507 180.0
v 3137.287732378779 2900.2546238533987 180.0
v 3140.556487911607 2897.879733945146 180.0
v 3143.8252434444353 2895.5048440368937 180.0
v 3147.0939989772633 2893.129954128641 180.0
v 3150.3627545100912 2890.7550642203887 180.0
v 3153.631510042919 2888.380174312136 180.0
v 3156.900265575747 2886.005284403884 180.0
v 3160.1690211085756 2883.6303944956317 180.0
v 3163.4377766414036 2881.255504587379 180.0
v 3166.7065321742316 2878.8806146791267 180.0
v 3169.9752877070596 2876.505724770874 180.0
v 3173.2440432398876 2874.1308348626217 180.0
v 3176.5127987727155 2871.7559449543696 180.0
v 3179.781554305544 2869.381055046117 180.0
v 3183.050309838372 2867.0061651378646 180.0
v 3186.3190653712 2864.631275229612 180.0
v 3189.587820904028 2862.2563853213596 180.0
v 3192.856576436856 2859.8814954131076 180.0
v 3196.1253319696843 2857.506605504855 180.0
v 3199.3940875025123 2855.1317155966026 180.0
v 3202.6628430353403 2852.75682568835 180.0
v 3205.9315985681683 2850.3819357800976 180.0
v 3209.2003541009963 2848.007045871845 180.0
v 3212.4691096338247 2845.632155963593 180.0
v 3215.7378651666527 2843.2572660553406 180.0
v 3219.0066206994807 2840.882376147088 180.0
v 3222.2753762323086 2838.5074862388356 180.0
v 3225.5441317651366 2836.132596330583 180.0
v 3228.812887297965 2833.7577064223306 180.0
v 3232.081642830793 2831.3828165140785 180.0
v 3235.350398363621 2829.007926605826 180.0
v 3238.619153896449 2826.6330366975735 180.0
v 3241.887909429277 2824.258146789321 180.0
v 3245.1566649621054 2821.8832568810685 180.0
v 3248.4254204949334 2819.5083669728165 180.0
v 3251.6941760277614 2817.133477064564 180.0
v 3254.9629315605894 2814.7585871563115 180.0
v 3258.2316870934173 2812.383697248059 180.0
v 3261.500442626246 2810.0088073398065 180.0
v 3264.7691981590738 2807.633917431554 180.0
v 3268.0379536919017 2805.259027523302 180.0
v 3271.3067092247297 2802.8841376150494 180.0
v 3274.5754647575577 2800.509247706797 180.0
v 3277.844220290386 2798.1343577985444 180.0
v 3281.112975823214 2795.759467890292 180.0
v 3284.381731356042 2793.3845779820394 180.0
v 3287.65048688887 2791.0096880737874 180.0
v 3290.919242421698 2788.634798165535 180.0
v 3294.1879979545265 2786.2599082572824 180.0
v 3297.4567534873545 2783.88501834903 180.0
v 3300.7255090201825 2781.5101284407774 180.0
v 3303.9942645530105 2779.1352385325254 180.0
v 3307.2630200858384 2776.760348624273 180.0
v 3310.531775618667 2774.3854587160204 180.0
v 3313.800531151495 2772.010568807768 180.0
v 3317.069286684323 2769.6356788995154 180.0
v 3320.338042217151 2767.260788991263 180.0
v 3323.606797749979 2764.885899083011 180.0
v 3000.0 3000.0 200.0
v 3004.040404040404 3000.0 200.0
v 3008.080808080808 3000.0 200.0
v 3012.121212121212 3000.0 200.0
v 3016.161616161616 3000.0 200.0
v 3020.2020202020203 3000.0 200.0
v 3024.242424242424 3000.0 200.0
v 3028.282828282828 3000.0 200.0
v 3032.3232323232323 3000.0 200.0
v 3036.3636363636365 3000.0 200.0
v 3040.40404040404 3000.0 200.0
v 3044.4444444444443 3000.0 200.0
v 3048.4848484848485 3000.0 200.0
v 3052.5252525252527 3000.0 200.0
v 3056.5656565656564 3000.0 200.0
v 3060.6060606060605 3000.0 200.0
v 3064.6464646464647 3000.0 200.0
v 3068.686868686869 3000.0 200.0
v 3072.7272727272725 3000.0 200.0
v 3076.7676767676767 3000.0 200.0
v 3080.808080808081 3000.0 200.0
v 3084.848484848485 3000.0 200.0
v 3088.8888888888887 3000.0 200.0
v 3092.929292929293 3000.0 200.0
v 3096.969696969697 3000.0 200.0
v 3101.010101010101 3000.0 200.0
v 3105.050505050505 3000.0 200.0
v 3109.090909090909 3000.0 200.0
v 3113.131313131313 3000.0 200.0
v 3117.1717171717173 3000.0 200.0
v 3121.212121212121 3000.0 200.0
v 3125.252525252525 3000.0 200.0
v 3129.2929292929293 3000.0 200.0
v 3133.3333333333335 3000.0 200.0
v 3137.373737373737 3000.0 200.0
v 3141.4141414141413 3000.0 200.0
v 3145.4545454545455 3000.0 200.0
v 3149.4949494949497 3000.0 200.0
v 3153.5353535353534 3000.0 200.0
v 3157.5757575757575 3000.0 200.0
v 3161.6161616161617 3000.0 200.0
v 3165.656565656566 3000.0 200.0
v 3169.6969696969695 3000.0 200.0
v 3173.7373737373737 3000.0 200.0
v 3177.777777777778 3000.0 200.0
v 3181.818181818182 3000.0 200.0
v 3185.8585858585857 3000.0 200.0
v 3189.89898989899 3000.0 200.0
v 3193.939393939394 3000.0 200.0
v 3197.979797979798 3000.0 200.0
v 3202.020202020202 3000.0 200.0
v 3206.060606060606 3000.0 200.0
v 3210.10101010101 3000.0 200.0
v 3214.1414141414143 3000.0 200.0
v 3218.181818181818 3000.0 200.0
v 3222.222222222222 3000.0 200.0
v 3226.2626262626263 3000.0 200.0
v 3230.3030303030305 3000.0 200.0
v 3234.343434343434 3000.0 200.0
v 3238.3838383838383 3000.0 200.0
v 3242.4242424242425 3000.0 200.0
v 3246.4646464646466 3000.0 200.0
v 3250.5050505050503 3000.0 200.0
v 3254.5454545454545 3000.0 200.0
v 3258.5858585858587 3000.0 200.0
v 3262.626262626263 3000.0 200.0
v 3266.6666666666665 3000.0 200.0
v 3270.7070707070707 3000.0 200.0
v 3274.747474747475 3000.0 200.0
v 3278.787878787879 3000.0 200.0
v 3282.8282828282827 3000.0 200.0
v 3286.868686868687 3000.0 200.0
v 3290.909090909091 3000.0 200.0
v 3294.9494949494947 3000.0 200.0
v 3298.989898989899 3000.0 200.0
v 3303.030303030303 3000.0 200.0
v 3307.070707070707 3000.0 200.0
v 3311.1111111111113 3000.0 200.0
v 3315.151515151515 3000.0 200.0
v 3319.191919191919 3000.0 200.0
v 3323.2323232323233 3000.0 200.0
v 3327.2727272727275 3000.0 200.0
v 3331.313131313131 3000.0 200.0
v 3335.3535353535353 3000.0 200.0
v 3339.3939393939395 3000.0 200.0
v 3343.4343434343436 3000.0 200.0
v 3347.4747474747473 3000.0 200.0
v 3351.5151515151515 3000.0 200.0
v 3355.5555555555557 3000.0 200.0
v 3359.5959595959594 3000.0 200.0
v 3363.6363636363635 3000.0 200.0
v 3367.6767676767677 3000.0 200.0
v 3371.717171717172 3000.0 200.0
v 3375.757575757576 3000.0 200.0
v 3379.7979797979797 3000.0 200.0
v 3383.838383838384 3000.0 200.0
v 3387.878787878788 3000.0 200.0
v 3391.9191919191917 3000.0 200.0
v 3395.959595959596 3000.0 200.0
v 3400.0 3000.0 200.0
v 3000.0 3000.0 220.0
v 3003.268755532828 3002.3748899082525 220.0
v 3006.537511065656 3004.749779816505 220.0
v 3009.8062665984844 3007.124669724757 220.0
v 3013.0750221313124 3009.4995596330095 220.0
v 3016.3437776641404 3011.874449541262 220.0
v 3019.6125331969683 3014.2493394495145 220.0
v 3022.8812887297963 3016.624229357767 220.0
v 3026.1500442626248 3018.9991192660195 220.0
v 3029.4187997954527 3021.3740091742716 220.0
v 3032.6875553282807 3023.748899082524 220.0
v 3035.9563108611087 3026.1237889907766 220.0
v 3039.2250663939367 3028.498678899029 220.0
v 3042.493821926765 3030.8735688072816 220.0
v 3045.762577459593 3033.2484587155336 220.0
v 3049.031332992421 3035.623348623786 220.0
v 3052.300088525249 3037.9982385320386 220.0
v 3055.568844058077 3040.373128440291 220.0
v 3058.8375995909055 3042.7480183485436 220.0
v 3062.1063551237335 3045.122908256796 220.0
v 3065.3751106565614 3047.497798165048 220.0
v 3068.6438661893894 3049.8726880733007 220.0
v 3071.9126217222174 3052.247577981553 220.0
v 3075.181377255046 3054.6224678898056 220.0
v 3078.450132787874 3056.997357798058 220.0
v 3081.718888320702 3059.37224770631 220.0
v 3084.98764385353 3061.7471376145627 220.0
v 3088.2563993863578 3064.122027522815 220.0
v 3091.525154919186 3066.4969174310677 220.0
v 3094.793910452014 3068.87180733932 220.0
v 3098.062665984842 3071.2466972475727 220.0
v 3101.33142151767 3073.6215871558247 220.0
v 3104.600177050498 3075.996477064077 220.0
v 3107.868932583326 3078.3713669723297 220.0
v 3111.1376881161545 3080.746256880582 220.0
v 3114.4064436489825 3083.1211467888347 220.0
v 3117.6751991818105 3085.4960366970868 220.0
v 3120.9439547146385 3087.8709266053393 220.0
v 3124.2127102474665 3090.2458165135918 220.0
v 3127.481465780295 3092.6207064218443 220.0
v 3130.750221313123 3094.9955963300968 220.0
v 3134.018976845951 3097.3704862383493 220.0
v 3137.287732378779 3099.7453761466013 220.0
v 3140.5564879116073 3102.120266054854 220.0
v 3143.8252434444353 3104.4951559631063 220.0
v 3147.0939989772633 3106.870045871359 220.0
v 3150.3627545100912 3109.2449357796113 220.0
v 3153.631510042919 3111.6198256878633 220.0
v 3156.900265575747 3113.994715596116 220.0
v 3160.1690211085756 3116.3696055043683 220.0
v 3163.4377766414036 3118.744495412621 220.0
v 3166.7065321742316 3121.1193853208733 220.0
v 3169.9752877070596 3123.494275229126 220.0
v 3173.2440432398876 3125.869165137378 220.0
v 3176.512798772716 3128.2440550456304 220.0
v 3179.781554305544 3130.618944953883 220.0
v 3183.050309838372 3132.9938348621354 220.0
v 3186.3190653712 3135.368724770388 220.0
v 3189.587820904028 3137.74361467864 220.0
v 3192.8565764368564 3140.1185045868924 220.0
v 3196.1253319696843 3142.493394495145 220.0
v 3199.3940875025123 3144.8682844033974 220.0
v 3202.6628430353403 3147.24317431165 220.0
v 3205.9315985681683 3149.6180642199024 220.0
v 3209.2003541009967 3151.9929541281545 220.0
v 3212.4691096338247 3154.367844036407 220.0
v 3215.7378651666527 3156.7427339446594 220.0
v 3219.0066206994807 3159.117623852912 220.0
v 3222.2753762323086 3161.4925137611644 220.0
v 3225.544131765137 3163.8674036694165 220.0
v 3228.812887297965 3166.242293577669 220.0
v 3232.081642830793 3168.6171834859215 220.0
v 3235.350398363621 3170.992073394174 220.0
v 3238.619153896449 3173.3669633024265 220.0
v 3241.8879094292774 3175.741853210679 220.0
v 3245.1566649621054 3178.116743118931 220.0
v 3248.4254204949334 3180.4916330271835 220.0
v 3251.6941760277614 3182.866522935436 220.0
v 3254.9629315605894 3185.2414128436885 220.0
v 3258.231687093418 3187.616302751941 220.0
v 3261.500442626246 3189.991192660193 220.0
v 3264.7691981590738 3192.3660825684456 220.0
v 3268.0379536919017 3194.740972476698 220.0
v 3271.3067092247297 3197.1158623849506 220.0
v 3274.5754647575577 3199.490752293203 220.0
v 3277.844220290386 3201.8656422014556 220.0
v 3281.112975823214 3204.2405321097076 220.0
v 3284.381731356042 3206.61542201796 220.0
v 3287.65048688887 3208.9903119262126 220.0
v 3290.919242421698 3211.365201834465 220.0
v 3294.1879979545265 3213.7400917427176 220.0
v 3297.4567534873545 3216.1149816509696 220.0
v 3300.7255090201825 3218.489871559222 220.0
v 3303.9942645530105 3220.8647614674746 220.0
v 3307.2630200858384 3223.239651375727 220.0
v 3310.531775618667 3225.6145412839796 220.0
v 3313.800531151495 3227.9894311922317 220.0
v 3317.069286684323 3230.364321100484 220.0
v 3320.338042217151 3232.7392110087367 220.0
v 3323.606797749979 3235.114100916989 220.0
v 3000.0 3000.0 240.0
v 3001.248553512626 3003.8426525910913 240.0
v 3002.4971070252523 3007.685305182183 240.0
v 3003.745660537878 3011.5279577732745 240.0
v 3004.994214050504 3015.3706103643663 240.0
v 3006.24276756313 3019.2132629554576 240.0
v 3007.4913210757563 3023.0559155465494 240.0
v 3008.7398745883825 3026.8985681376407 240.0
v 3009.9884281010086 3030.741220728732 240.0
v 3011.2369816136343 3034.583873319824 240.0
v 3012.4855351262604 3038.426525910915 240.0
v 3013.7340886388865 3042.269178502007 240.0
v 3014.9826421515127 3046.1118310930983 240.0
v 3016.231195664139 3049.95448368419 240.0
v 3017.479749176765 3053.7971362752814 240.0
v 3018.7283026893906 3057.639788866373 240.0
v 3019.9768562020167 3061.4824414574646 240.0
v 3021.225409714643 3065.325094048556 240.0
v 3022.473963227269 3069.1677466396477 240.0
v 3023.722516739895 3073.010399230739 240.0
v 3024.971070252521 3076.8530518218304 240.0
v 3026.219623765147 3080.695704412922 240.0
v 3027.468177277773 3084.5383570040135 240.0
v 3028.716730790399 3088.3810095951053 240.0
v 3029.9652843030253 3092.2236621861966 240.0
v 3031.2138378156515 3096.0663147772884 240.0
v 3032.462391328277 3099.9089673683798 240.0
v 3033.7109448409033 3103.751619959471 240.0
v 3034.9594983535294 3107.594272550563 240.0
v 3036.2080518661555 3111.4369251416542 240.0
v 3037.4566053787817 3115.279577732746 240.0
v 3038.705158891408 3119.1222303238374 240.0
v 3039.9537124040335 3122.964882914929 240.0
v 3041.2022659166596 3126.8075355060205 240.0
v 3042.4508194292857 3130.650188097112 240.0
v 3043.699372941912 3134.4928406882036 240.0
v 3044.947926454538 3138.335493279295 240.0
v 3046.196479967164 3142.1781458703867 240.0
v 3047.44503347979 3146.020798461478 240.0
v 3048.693586992416 3149.86345105257 240.0
v 3049.942140505042 3153.706103643661 240.0
v 3051.190694017668 3157.5487562347525 240.0
v 3052.4392475302943 3161.3914088258443 240.0
v 3053.68780104292 3165.2340614169357 240.0
v 3054.936354555546 3169.0767140080275 240.0
v 3056.1849080681723 3172.919366599119 240.0
v 3057.4334615807984 3176.76201919021 240.0
v 3058.6820150934245 3180.604671781302 240.0
v 3059.9305686060507 3184.4473243723933 240.0
v 3061.1791221186763 3188.289976963485 240.0
v 3062.4276756313025 3192.1326295545764 240.0
v 3063.6762291439286 3195.975282145668 240.0
v 3064.9247826565547 3199.8179347367595 240.0
v 3066.173336169181 3203.660587327851 240.0
v 3067.421889681807 3207.5032399189427 240.0
v 3068.6704431944327 3211.345892510034 240.0
v 3069.918996707059 3215.188545101126 240.0
v 3071.167550219685 3219.031197692217 240.0
v 3072.416103732311 3222.873850283309 240.0
v 3073.664657244937 3226.7165028744002 240.0
v 3074.9132107575633 3230.5591554654916 240.0
v 3076.161764270189 3234.4018080565834 240.0
v 3077.410317782815 3238.2444606476747 240.0
v 3078.6588712954413 3242.0871132387665 240.0
v 3079.9074248080674 3245.929765829858 240.0
v 3081.1559783206935 3249.7724184209496 240.0
v 3082.404531833319 3253.615071012041 240.0
v 3083.6530853459453 3257.4577236031323 240.0
v 3084.9016388585715 3261.300376194224 240.0
v 3086.1501923711976 3265.1430287853154 240.0
v 3087.3987458838237 3268.9856813764072 240.0
v 3088.64729939645 3272.8283339674986 240.0
v 3089.8958529090755 3276.67098655859 240.0
v 3091.1444064217017 3280.5136391496817 240.0
v 3092.392959934328 3284.356291740773 240.0
v 3093.641513446954 3288.198944331865 240.0
v 3094.89006695958 3292.041596922956 240.0
v 3096.138620472206 3295.884249514048 240.0
v 3097.387173984832 3299.7269021051393 240.0
v 3098.635727497458 3303.5695546962306 240.0
v 3099.884281010084 3307.4122072873224 240.0
v 3101.1328345227103 3311.2548598784138 240.0
v 3102.3813880353364 3315.0975124695055 240.0
v 3103.629941547962 3318.940165060597 240.0
v 3104.878495060588 3322.7828176516887 240.0
v 3106.1270485732143 3326.62547024278 240.0
v 3107.3756020858405 3330.4681228338713 240.0
v 3108.6241555984666 3334.310775424963 240.0
v 3109.8727091110927 3338.1534280160545 240.0
v 3111.1212626237184 3341.9960806071463 240.0
v 3112.3698161363445 3345.8387331982376 240.0
v 3113.6183696489707 3349.6813857893294 240.0
v 3114.866923161597 3353.5240383804207 240.0
v 3116.115476674223 3357.366690971512 240.0
v 3117.364030186849 3361.209343562604 240.0
v 3118.6125836994747 3365.051996153695 240.0
v 3119.861137212101 3368.894648744787 240.0
v 3121.109690724727 3372.7373013358783 240.0
v 3122.358244237353 3376.57995392697 240.0
v 3123.6067977499793 3380.4226065180615 240.0
v 3000.0 3000.0 260.0
v 2998.751446487374 3003.8426525910913 260.0
v 2997.5028929747477 3007.685305182183 260.0
v 2996.254339462122 3011.5279577732745 260.0
v 2995.005785949496 3015.3706103643663 260.0
v 2993.75723243687 3019.2132629554576 260.0
v 2992.5086789242437 3023.0559155465494 260.0
v 2991.2601254116175 3026.8985681376407 260.0
v 2990.0115718989914 3030.741220728732 260.0
v 2988.7630183863657 3034.583873319824 260.0
v 2987.5144648737396 3038.426525910915 260.0
v 2986.2659113611135 3042.269178502007 260.0
v 2985.0173578484873 3046.1118310930983 260.0
v 2983.768804335861 3049.95448368419 260.0
v 2982.5202508232355 3053.7971362752814 260.0
v 2981.2716973106094 3057.639788866373 260.0
v 2980.0231437979833 3061.4824414574646 260.0
v 2978.774590285357 3065.325094048556 260.0
v 2977.526036772731 3069.1677466396477 260.0
v 2976.277483260105 3073.010399230739 260.0
v 2975.028929747479 3076.8530518218304 260.0
v 2973.780376234853 3080.695704412922 260.0
v 2972.531822722227 3084.5383570040135 260.0
v 2971.283269209601 3088.3810095951053 260.0
v 2970.0347156969747 3092.2236621861966 260.0
v 2968.786162184349 3096.0663147772884 260.0
v 2967.537608671723 3099.9089673683798 260.0
v 2966.2890551590967 3103.751619959471 260.0
v 2965.0405016464706 3107.594272550563 260.0
v 2963.7919481338445 3111.4369251416542 260.0
v 2962.5433946212183 3115.279577732746 260.0
v 2961.2948411085927 3119.1222303238374 260.0
v 2960.0462875959665 3122.964882914929 260.0
v 2958.7977340833404 3126.8075355060205 260.0
v 2957.5491805707143 3130.650188097112 260.0
v 2956.300627058088 3134.4928406882036 260.0
v 2955.052073545462 3138.335493279295 260.0
v 2953.8035200328363 3142.1781458703867 260.0
v 2952.55496652021 3146.020798461478 260.0
v 2951.306413007584 3149.86345105257 260.0
v 2950.057859494958 3153.706103643661 260.0
v 2948.809305982332 3157.5487562347525 260.0
v 2947.560752469706 3161.3914088258443 260.0
v 2946.31219895708 3165.2340614169357 260.0
v 2945.063645444454 3169.0767140080275 260.0
v 2943.8150919318277 3172.919366599119 260.0
v 2942.5665384192016 3176.7620191902106 260.0
v 2941.3179849065755 3180.604671781302 260.0
v 2940.06943139395 3184.4473243723933 260.0
v 2938.8208778813237 3188.289976963485 260.0
v 2937.5723243686975 3192.1326295545764 260.0
v 2936.3237708560714 3195.975282145668 260.0
v 2935.0752173434453 3199.8179347367595 260.0
v 2933.8266638308196 3203.6605873278513 260.0
v 2932.5781103181935 3207.5032399189427 260.0
v 2931.3295568055673 3211.345892510034 260.0
v 2930.081003292941 3215.188545101126 260.0
v 2928.832449780315 3219.031197692217 260.0
v 2927.583896267689 3222.873850283309 260.0
v 2926.3353427550633 3226.7165028744002 260.0
v 2925.086789242437 3230.559155465492 260.0
v 2923.838235729811 3234.4018080565834 260.0
v 2922.589682217185 3238.2444606476747 260.0
v 2921.3411287045587 3242.0871132387665 260.0
v 2920.092575191933 3245.929765829858 260.0
v 2918.844021679307 3249.7724184209496 260.0
v 2917.595468166681 3253.615071012041 260.0
v 2916.3469146540547 3257.4577236031328 260.0
v 2915.0983611414285 3261.300376194224 260.0
v 2913.8498076288024 3265.1430287853154 260.0
v 2912.6012541161767 3268.9856813764072 260.0
v 2911.3527006035506 3272.8283339674986 260.0
v 2910.1041470909245 3276.6709865585904 260.0
v 2908.8555935782983 3280.5136391496817 260.0
v 2907.607040065672 3284.3562917407735 260.0
v 2906.3584865530465 3288.198944331865 260.0
v 2905.1099330404204 3292.041596922956 260.0
v 2903.8613795277943 3295.884249514048 260.0
v 2902.612826015168 3299.7269021051393 260.0
v 2901.364272502542 3303.569554696231 260.0
v 2900.115718989916 3307.4122072873224 260.0
v 2898.86716547729 3311.254859878414 260.0
v 2897.618611964664 3315.0975124695055 260.0
v 2896.370058452038 3318.940165060597 260.0
v 2895.121504939412 3322.7828176516887 260.0
v 2893.8729514267857 3326.62547024278 260.0
v 2892.62439791416 3330.468122833872 260.0
v 2891.375844401534 3334.310775424963 260.0
v 2890.1272908889077 3338.1534280160545 260.0
v 2888.8787373762816 3341.9960806071463 260.0
v 2887.6301838636555 3345.8387331982376 260.0
v 2886.3816303510293 3349.6813857893294 260.0
v 2885.1330768384037 3353.5240383804207 260.0
v 2883.8845233257775 3357.366690971512 260.0
v 2882.6359698131514 3361.209343562604 260.0
v 2881.3874163005253 3365.051996153695 260.0
v 2880.138862787899 3368.894648744787 260.0
v 2878.8903092752735 3372.7373013358783 260.0
v 2877.6417557626473 3376.57995392697 260.0
v 2876.393202250021 3380.4226065180615 260.0
v 3000.0 3000.0 280.0
v 2996.731244467172 3002.3748899082525 280.0
v 2993.462488934344 3004.749779816505 280.0
v 2990.1937334015156 3007.124669724757 280.0
v 2986.9249778686876 3009.4995596330095 280.0
v 2983.6562223358596 3011.874449541262 280.0
v 2980.3874668030317 3014.2493394495145 280.0
v 2977.1187112702037 3016.624229357767 280.0
v 2973.8499557373752 3018.9991192660195 280.0
v 2970.5812002045473 3021.3740091742716 280.0
v 2967.3124446717193 3023.748899082524 280.0
v 2964.0436891388913 3026.1237889907766 280.0
v 2960.7749336060633 3028.498678899029 280.0
v 2957.506178073235 3030.8735688072816 280.0
v 2954.237422540407 3033.248458715534 280.0
v 2950.968667007579 3035.623348623786 280.0
v 2947.699911474751 3037.9982385320386 280.0
v 2944.431155941923 3040.373128440291 280.0
v 2941.1624004090945 3042.7480183485436 280.0
v 2937.8936448762665 3045.122908256796 280.0
v 2934.6248893434386 3047.497798165048 280.0
v 2931.3561338106106 3049.8726880733007 280.0
v 2928.0873782777826 3052.247577981553 280.0
v 2924.8186227449546 3054.6224678898056 280.0
v 2921.549867212126 3056.997357798058 280.0
v 2918.281111679298 3059.3722477063106 280.0
v 2915.01235614647 3061.7471376145627 280.0
v 2911.7436006136422 3064.122027522815 280.0
v 2908.4748450808142 3066.4969174310677 280.0
v 2905.206089547986 3068.87180733932 280.0
v 2901.937334015158 3071.2466972475727 280.0
v 2898.66857848233 3073.621587155825 280.0
v 2895.399822949502 3075.996477064077 280.0
v 2892.131067416674 3078.3713669723297 280.0
v 2888.8623118838455 3080.746256880582 280.0
v 2885.5935563510175 3083.1211467888347 280.0
v 2882.3248008181895 3085.496036697087 280.0
v 2879.0560452853615 3087.8709266053393 280.0
v 2875.7872897525335 3090.2458165135918 280.0
v 2872.518534219705 3092.6207064218443 280.0
v 2869.249778686877 3094.9955963300968 280.0
v 2865.981023154049 3097.3704862383493 280.0
v 2862.712267621221 3099.7453761466013 280.0
v 2859.443512088393 3102.120266054854 280.0
v 2856.174756555565 3104.4951559631063 280.0
v 2852.9060010227367 3106.870045871359 280.0
v 2849.6372454899088 3109.2449357796113 280.0
v 2846.368489957081 3111.619825687864 280.0
v 2843.099734424253 3113.994715596116 280.0
v 2839.830978891425 3116.3696055043683 280.0
v 2836.5622233585964 3118.744495412621 280.0
v 2833.2934678257684 3121.1193853208733 280.0
v 2830.0247122929404 3123.494275229126 280.0
v 2826.7559567601124 3125.8691651373783 280.0
v 2823.4872012272845 3128.2440550456304 280.0
v 2820.218445694456 3130.618944953883 280.0
v 2816.949690161628 3132.9938348621354 280.0
v 2813.6809346288 3135.368724770388 280.0
v 2810.412179095972 3137.7436146786404 280.0
v 2807.143423563144 3140.1185045868924 280.0
v 2803.8746680303157 3142.493394495145 280.0
v 2800.6059124974877 3144.8682844033974 280.0
v 2797.3371569646597 3147.24317431165 280.0
v 2794.0684014318317 3149.6180642199024 280.0
v 2790.7996458990037 3151.992954128155 280.0
v 2787.5308903661753 3154.367844036407 280.0
v 2784.2621348333473 3156.7427339446594 280.0
v 2780.9933793005193 3159.117623852912 280.0
v 2777.7246237676914 3161.4925137611644 280.0
v 2774.4558682348634 3163.867403669417 280.0
v 2771.187112702035 3166.2422935776694 280.0
v 2767.918357169207 3168.6171834859215 280.0
v 2764.649601636379 3170.992073394174 280.0
v 2761.380846103551 3173.3669633024265 280.0
v 2758.112090570723 3175.741853210679 280.0
v 2754.8433350378946 3178.1167431189315 280.0
v 2751.5745795050666 3180.4916330271835 280.0
v 2748.3058239722386 3182.866522935436 280.0
v 2745.0370684394106 3185.2414128436885 280.0
v 2741.7683129065827 3187.616302751941 280.0
v 2738.499557373754 3189.9911926601935 280.0
v 2735.2308018409262 3192.366082568446 280.0
v 2731.9620463080983 3194.740972476698 280.0
v 2728.6932907752703 3197.1158623849506 280.0
v 2725.4245352424423 3199.490752293203 280.0
v 2722.155779709614 3201.8656422014556 280.0
v 2718.887024176786 3204.240532109708 280.0
v 2715.618268643958 3206.6154220179606 280.0
v 2712.34951311113 3208.9903119262126 280.0
v 2709.080757578302 3211.365201834465 280.0
v 2705.8120020454735 3213.7400917427176 280.0
v 2702.5432465126455 3216.11498165097 280.0
v 2699.2744909798175 3218.4898715592226 280.0
v 2696.0057354469895 3220.8647614674746 280.0
v 2692.7369799141616 3223.239651375727 280.0
v 2689.4682243813336 3225.6145412839796 280.0
v 2686.199468848505 3227.989431192232 280.0
v 2682.930713315677 3230.3643211004846 280.0
v 2679.661957782849 3232.739211008737 280.0
v 2676.393202250021 3235.114100916989 280.0
v 3000.0 3000.0 300.0
v 2995.959595959596 3000.0 300.0
v 2991.919191919192 3000.0 300.0
v 2987.878787878788 3000.0 300.0
v 2983.838383838384 3000.0 300.0
v 2979.7979797979797 3000.0 300.0
v 2975.757575757576 3000.0 300.0
v 2971.717171717172 3000.0 300.0
v 2967.6767676767677 3000.0 300.0
v 2963.6363636363635 3000.0 300.0
v 2959.59595959596 3000.0 300.0
v 2955.5555555555557 3000.0 300.0
v 2951.5151515151515 3000.0 300.0
v 2947.4747474747473 3000.0 300.0
v 2943.4343434343436 3000.0 300.0
v 2939.3939393939395 3000.0 300.0
v 2935.3535353535353 3000.0 300.0
v 2931.313131313131 3000.0 300.0
v 2927.2727272727275 3000.0 300.0
v 2923.2323232323233 3000.0 300.0
v 2919.191919191919 3000.0 300.0
v 2915.151515151515 3000.0 300.0
v 2911.1111111111113 3000.0 300.0
v 2907.070707070707 3000.0 300.0
v 2903.030303030303 3000.0 300.0
v 2898.989898989899 3000.0 300.0
v 2894.949494949495 3000.0 300.0
v 2890.909090909091 3000.0 300.0
v 2886.868686868687 3000.0 300.0
v 2882.8282828282827 3000.0 300.0
v 2878.787878787879 3000.0 300.0
v 2874.747474747475 3000.0 300.0
v 2870.7070707070707 3000.0 300.0
v 2866.6666666666665 3000.0 300.0
v 2862.626262626263 3000.0 300.0
v 2858.5858585858587 3000.0 300.0
v 2854.5454545454545 3000.0 300.0
v 2850.5050505050503 3000.0 300.0
v 2846.4646464646466 3000.0 300.0
v 2842.4242424242425 3000.0 300.0
v 2838.3838383838383 3000.0 300.0
v 2834.343434343434 3000.0 300.0
v 2830.3030303030305 3000.0 300.0
v 2826.2626262626263 3000.0 300.0
v 2822.222222222222 3000.0 300.0
v 2818.181818181818 3000.0 300.0
v 2814.1414141414143 3000.0 300.0
v 2810.10101010101 3000.0 300.0
v 2806.060606060606 3000.0 300.0
v 2802.020202020202 3000.0 300.0
v 2797.979797979798 3000.0 300.0
v 2793.939393939394 3000.0 300.0
v 2789.89898989899 3000.0 300.0
v 2785.8585858585857 3000.0 300.0
v 2781.818181818182 3000.0 300.0
v 2777.777777777778 3000.0 300.0
v 2773.7373737373737 3000.0 300.0
v 2769.6969696969695 3000.0 300.0
v 2765.656565656566 3000.0 300.0
v 2761.6161616161617 3000.0 300.0
v 2757.5757575757575 3000.0 300.0
v 2753.5353535353534 3000.0 300.0
v 2749.4949494949497 3000.0 300.0
v 2745.4545454545455 3000.0 300.0
v 2741.4141414141413 3000.0 300.0
v 2737.373737373737 3000.0 300.0
v 2733.3333333333335 3000.0 300.0
v 2729.2929292929293 3000.0 300.0
v 2725.252525252525 3000.0 300.0
v 2721.212121212121 3000.0 300.0
v 2717.1717171717173 3000.0 300.0
v 2713.131313131313 3000.0 300.0
v 2709.090909090909 3000.0 300.0
v 2705.0505050505053 3000.0 300.0
v 2701.010101010101 3000.0 300.0
v 2696.969696969697 3000.0 300.0
v 2692.929292929293 3000.0 300.0
v 2688.8888888888887 3000.0 300.0
v 2684.848484848485 3000.0 300.0
v 2680.808080808081 3000.0 300.0
v 2676.7676767676767 3000.0 300.0
v 2672.7272727272725 3000.0 300.0
v 2668.686868686869 3000.0 300.0
v 2664.6464646464647 3000.0 300.0
v 2660.6060606060605 3000.0 300.0
v 2656.5656565656564 3000.0 300.0
v 2652.5252525252527 3000.0 300.0
v 2648.4848484848485 3000.0 300.0
v 2644.4444444444443 3000.0 300.0
v 2640.4040404040406 3000.0 300.0
v 2636.3636363636365 3000.0 300.0
v 2632.3232323232323 3000.0 300.0
v 2628.282828282828 3000.0 300.0
v 2624.242424242424 3000.0 300.0
v 2620.2020202020203 3000.0 300.0
v 2616.161616161616 3000.0 300.0
v 2612.121212121212 3000.0 300.0
v 2608.0808080808083 3000.0 300.0
v 2604.040404040404 3000.0 300.0
v 2600.0 3000.0 300.0
v 3000.0 3000.0 320.0
v 2996.731244467172 2997.6251100917475 320.0
v 2993.462488934344 2995.250220183495 320.0
v 2990.1937334015156 2992.875330275243 320.0
v 2986.9249778686876 2990.5004403669905 320.0
v 2983.6562223358596 2988.125550458738 320.0
v 2980.3874668030317 2985.7506605504855 320.0
v 2977.1187112702037 2983.375770642233 320.0
v 2973.8499557373752 2981.0008807339805 320.0
v 2970.5812002045473 2978.6259908257284 320.0
v 2967.3124446717193 2976.251100917476 320.0
v 2964.0436891388913 2973.8762110092234 320.0
v 2960.7749336060633 2971.501321100971 320.0
v 2957.506178073235 2969.1264311927184 320.0
v 2954.237422540407 2966.7515412844664 320.0
v 2950.968667007579 2964.376651376214 320.0
v 2947.699911474751 2962.0017614679614 320.0
v 2944.431155941923 2959.626871559709 320.0
v 2941.1624004090945 2957.2519816514564 320.0
v 2937.8936448762665 2954.877091743204 320.0
v 2934.6248893434386 2952.502201834952 320.0
v 2931.3561338106106 2950.1273119266993 320.0
v 2928.0873782777826 2947.752422018447 320.0
v 2924.818622744954 2945.3775321101944 320.0
v 2921.549867212126 2943.002642201942 320.0
v 2918.281111679298 2940.62775229369 320.0
v 2915.01235614647 2938.2528623854373 320.0
v 2911.7436006136422 2935.877972477185 320.0
v 2908.474845080814 2933.5030825689323 320.0
v 2905.206089547986 2931.12819266068 320.0
v 2901.937334015158 2928.7533027524273 320.0
v 2898.66857848233 2926.3784128441753 320.0
v 2895.399822949502 2924.003522935923 320.0
v 2892.1310674166734 2921.6286330276703 320.0
v 2888.8623118838455 2919.253743119418 320.0
v 2885.5935563510175 2916.8788532111653 320.0
v 2882.3248008181895 2914.5039633029132 320.0
v 2879.0560452853615 2912.1290733946607 320.0
v 2875.787289752533 2909.7541834864082 320.0
v 2872.518534219705 2907.3792935781557 320.0
v 2869.249778686877 2905.0044036699032 320.0
v 2865.981023154049 2902.6295137616507 320.0
v 2862.712267621221 2900.2546238533987 320.0
v 2859.4435120883927 2897.879733945146 320.0
v 2856.1747565555647 2895.5048440368937 320.0
v 2852.9060010227367 2893.129954128641 320.0
v 2849.6372454899088 2890.7550642203887 320.0
v 2846.368489957081 2888.3801743121367 320.0
v 2843.0997344242523 2886.005284403884 320.0
v 2839.8309788914244 2883.6303944956317 320.0
v 2836.5622233585964 2881.255504587379 320.0
v 2833.2934678257684 2878.8806146791267 320.0
v 2830.0247122929404 2876.505724770874 320.0
v 2826.755956760112 2874.130834862622 320.0
v 2823.487201227284 2871.7559449543696 320.0
v 2820.218445694456 2869.381055046117 320.0
v 2816.949690161628 2867.0061651378646 320.0
v 2813.6809346288 2864.631275229612 320.0
v 2810.4121790959716 2862.25638532136 320.0
v 2807.1434235631436 2859.8814954131076 320.0
v 2803.8746680303157 2857.506605504855 320.0
v 2800.6059124974877 2855.1317155966026 320.0
v 2797.3371569646597 2852.75682568835 320.0
v 2794.0684014318317 2850.381935780098 320.0
v 2790.7996458990033 2848.0070458718455 320.0
v 2787.5308903661753 2845.632155963593 320.0
v 2784.2621348333473 2843.2572660553406 320.0
v 2780.9933793005193 2840.882376147088 320.0
v 2777.7246237676914 2838.5074862388356 320.0
v 2774.455868234863 2836.1325963305835 320.0
v 2771.187112702035 2833.757706422331 320.0
v 2767.918357169207 2831.3828165140785 320.0
v 2764.649601636379 2829.007926605826 320.0
v 2761.380846103551 2826.6330366975735 320.0
v 2758.1120905707226 2824.2581467893215 320.0
v 2754.8433350378946 2821.883256881069 320.0
v 2751.5745795050666 2819.5083669728165 320.0
v 2748.3058239722386 2817.133477064564 320.0
v 2745.0370684394106 2814.7585871563115 320.0
v 2741.768312906582 2812.383697248059 320.0
v 2738.499557373754 2810.008807339807 320.0
v 2735.2308018409262 2807.6339174315544 320.0
v 2731.9620463080983 2805.259027523302 320.0
v 2728.6932907752703 2802.8841376150494 320.0
v 2725.424535242442 2800.509247706797 320.0
v 2722.155779709614 2798.134357798545 320.0
v 2718.887024176786 2795.7594678902924 320.0
v 2715.618268643958 2793.38457798204 320.0
v 2712.34951311113 2791.0096880737874 320.0
v 2709.0807575783015 2788.634798165535 320.0
v 2705.8120020454735 2786.2599082572824 320.0
v 2702.5432465126455 2783.8850183490304 320.0
v 2699.2744909798175 2781.510128440778 320.0
v 2696.0057354469895 2779.1352385325254 320.0
v 2692.736979914161 2776.760348624273 320.0
v 2689.468224381333 2774.3854587160204 320.0
v 2686.199468848505 2772.0105688077683 320.0
v 2682.930713315677 2769.635678899516 320.0
v 2679.661957782849 2767.2607889912633 320.0
v 2676.3932022500207 2764.885899083011 320.0
v 3000.0 3000.0 340.0
v 2998.751446487374 2996.1573474089087 340.0
v 2997.5028929747477 2992.314694817817 340.0
v 2996.254339462122 2988.4720422267255 340.0
v 2995.005785949496 2984.6293896356337 340.0
v 2993.75723243687 2980.7867370445424 340.0
v 2992.5086789242437 2976.9440844534506 340.0
v 2991.2601254116175 2973.1014318623593 340.0
v 2990.0115718989914 2969.258779271268 340.0
v 2988.7630183863657 2965.416126680176 340.0
v 2987.5144648737396 2961.573474089085 340.0
v 2986.2659113611135 2957.730821497993 340.0
v 2985.0173578484873 2953.8881689069017 340.0
v 2983.768804335861 2950.0455163158103 340.0
v 2982.520250823235 2946.2028637247186 340.0
v 2981.2716973106094 2942.360211133627 340.0
v 2980.0231437979833 2938.5175585425354 340.0
v 2978.774590285357 2934.674905951444 340.0
v 2977.526036772731 2930.8322533603523 340.0
v 2976.277483260105 2926.989600769261 340.0
v 2975.0289297474787 2923.1469481781696 340.0
v 2973.780376234853 2919.304295587078 340.0
v 2972.531822722227 2915.4616429959865 340.0
v 2971.283269209601 2911.6189904048947 340.0
v 2970.0347156969747 2907.7763378138034 340.0
v 2968.7861621843485 2903.9336852227116 340.0
v 2967.537608671723 2900.0910326316202 340.0
v 2966.2890551590967 2896.248380040529 340.0
v 2965.0405016464706 2892.405727449437 340.0
v 2963.7919481338445 2888.5630748583458 340.0
v 2962.5433946212183 2884.720422267254 340.0
v 2961.294841108592 2880.8777696761626 340.0
v 2960.0462875959665 2877.035117085071 340.0
v 2958.7977340833404 2873.1924644939795 340.0
v 2957.5491805707143 2869.349811902888 340.0
v 2956.300627058088 2865.5071593117964 340.0
v 2955.052073545462 2861.664506720705 340.0
v 2953.803520032836 2857.8218541296133 340.0
v 2952.55496652021 2853.979201538522 340.0
v 2951.306413007584 2850.1365489474306 340.0
v 2950.057859494958 2846.293896356339 340.0
v 2948.809305982332 2842.4512437652475 340.0
v 2947.5607524697057 2838.6085911741557 340.0
v 2946.3121989570795 2834.7659385830643 340.0
v 2945.063645444454 2830.9232859919725 340.0
v 2943.8150919318277 2827.080633400881 340.0
v 2942.5665384192016 2823.23798080979 340.0
v 2941.3179849065755 2819.395328218698 340.0
v 2940.0694313939493 2815.5526756276067 340.0
v 2938.8208778813237 2811.710023036515 340.0
v 2937.5723243686975 2807.8673704454236 340.0
v 2936.3237708560714 2804.024717854332 340.0
v 2935.0752173434453 2800.1820652632405 340.0
v 2933.826663830819 2796.339412672149 340.0
v 2932.578110318193 2792.4967600810573 340.0
v 2931.3295568055673 2788.654107489966 340.0
v 2930.081003292941 2784.811454898874 340.0
v 2928.832449780315 2780.968802307783 340.0
v 2927.583896267689 2777.1261497166915 340.0
v 2926.335342755063 2773.2834971255998 340.0
v 2925.0867892424367 2769.4408445345084 340.0
v 2923.838235729811 2765.5981919434166 340.0
v 2922.589682217185 2761.7555393523253 340.0
v 2921.3411287045587 2757.9128867612335 340.0
v 2920.0925751919326 2754.070234170142 340.0
v 2918.8440216793065 2750.227581579051 340.0
v 2917.595468166681 2746.384928987959 340.0
v 2916.3469146540547 2742.5422763968677 340.0
v 2915.0983611414285 2738.699623805776 340.0
v 2913.8498076288024 2734.8569712146846 340.0
v 2912.6012541161763 2731.0143186235928 340.0
v 2911.35270060355 2727.1716660325014 340.0
v 2910.1041470909245 2723.32901344141 340.0
v 2908.8555935782983 2719.4863608503183 340.0
v 2907.607040065672 2715.643708259227 340.0
v 2906.358486553046 2711.801055668135 340.0
v 2905.10993304042 2707.958403077044 340.0
v 2903.861379527794 2704.115750485952 340.0
v 2902.612826015168 2700.2730978948607 340.0
v 2901.364272502542 2696.4304453037694 340.0
v 2900.115718989916 2692.5877927126776 340.0
v 2898.8671654772897 2688.7451401215862 340.0
v 2897.6186119646636 2684.9024875304945 340.0
v 2896.3700584520375 2681.059834939403 340.0
v 2895.121504939412 2677.217182348312 340.0
v 2893.8729514267857 2673.37452975722 340.0
v 2892.6243979141595 2669.5318771661287 340.0
v 2891.3758444015334 2665.689224575037 340.0
v 2890.1272908889073 2661.8465719839455 340.0
v 2888.8787373762816 2658.003919392854 340.0
v 2887.6301838636555 2654.1612668017624 340.0
v 2886.3816303510293 2650.318614210671 340.0
v 2885.133076838403 2646.4759616195793 340.0
v 2883.884523325777 2642.633309028488 340.0
v 2882.635969813151 2638.790656437396 340.0
v 2881.3874163005253 2634.948003846305 340.0
v 2880.138862787899 2631.1053512552135 340.0
v 2878.890309275273 2627.2626986641217 340.0
v 2877.641755762647 2623.4200460730303 340.0
v 2876.3932022500207 2619.5773934819385 340.0
v 3000.0 3000.0 360.0
v 3001.248553512626 2996.1573474089087 360.0
v 3002.4971070252523 2992.314694817817 360.0
v 3003.745660537878 2988.4720422267255 360.0
v 3004.994214050504 2984.6293896356337 360.0
v 3006.24276756313 2980.7867370445424 360.0
v 3007.4913210757563 2976.9440844534506 360.0
v 3008.7398745883825 2973.1014318623593 360.0
v 3009.9884281010086 2969.258779271268 360.0
v 3011.2369816136343 2965.416126680176 360.0
v 3012.4855351262604 2961.573474089085 360.0
v 3013.7340886388865 2957.730821497993 360.0
v 3014.9826421515127 2953.8881689069017 360.0
v 3016.231195664139 2950.04551631581 360.0
v 3017.4797491767645 2946.2028637247186 360.0
v 3018.7283026893906 2942.360211133627 360.0
v 3019.9768562020167 2938.5175585425354 360.0
v 3021.225409714643 2934.674905951444 360.0
v 3022.473963227269 2930.8322533603523 360.0
v 3023.722516739895 2926.989600769261 360.0
v 3024.971070252521 2923.1469481781696 360.0
v 3026.219623765147 2919.304295587078 360.0
v 3027.468177277773 2915.4616429959865 360.0
v 3028.716730790399 2911.6189904048947 360.0
v 3029.9652843030253 2907.7763378138034 360.0
v 3031.213837815651 2903.9336852227116 360.0
v 3032.462391328277 2900.0910326316202 360.0
v 3033.7109448409033 2896.248380040529 360.0
v 3034.9594983535294 2892.405727449437 360.0
v 3036.2080518661555 2888.5630748583458 360.0
v 3037.4566053787817 2884.720422267254 360.0
v 3038.7051588914073 2880.8777696761626 360.0
v 3039.9537124040335 2877.035117085071 360.0
v 3041.2022659166596 2873.1924644939795 360.0
v 3042.4508194292857 2869.349811902888 360.0
v 3043.699372941912 2865.5071593117964 360.0
v 3044.9479264545375 2861.664506720705 360.0
v 3046.1964799671637 2857.8218541296133 360.0
v 3047.44503347979 2853.979201538522 360.0
v 3048.693586992416 2850.13654894743 360.0
v 3049.942140505042 2846.293896356339 360.0
v 3051.190694017668 2842.4512437652475 360.0
v 3052.439247530294 2838.6085911741557 360.0
v 3053.68780104292 2834.7659385830643 360.0
v 3054.936354555546 2830.9232859919725 360.0
v 3056.1849080681723 2827.080633400881 360.0
v 3057.4334615807984 2823.2379808097894 360.0
v 3058.682015093424 2819.395328218698 360.0
v 3059.93056860605 2815.5526756276067 360.0
v 3061.1791221186763 2811.710023036515 360.0
v 3062.4276756313025 2807.8673704454236 360.0
v 3063.6762291439286 2804.024717854332 360.0
v 3064.9247826565547 2800.1820652632405 360.0
v 3066.1733361691804 2796.3394126721487 360.0
v 3067.4218896818065 2792.4967600810573 360.0
v 3068.6704431944327 2788.654107489966 360.0
v 3069.918996707059 2784.811454898874 360.0
v 3071.167550219685 2780.968802307783 360.0
v 3072.4161037323106 2777.126149716691 360.0
v 3073.6646572449367 2773.2834971255998 360.0
v 3074.913210757563 2769.440844534508 360.0
v 3076.161764270189 2765.5981919434166 360.0
v 3077.410317782815 2761.7555393523253 360.0
v 3078.6588712954413 2757.9128867612335 360.0
v 3079.907424808067 2754.070234170142 360.0
v 3081.155978320693 2750.2275815790504 360.0
v 3082.404531833319 2746.384928987959 360.0
v 3083.6530853459453 2742.5422763968672 360.0
v 3084.9016388585715 2738.699623805776 360.0
v 3086.150192371197 2734.8569712146846 360.0
v 3087.3987458838233 2731.0143186235928 360.0
v 3088.6472993964494 2727.1716660325014 360.0
v 3089.8958529090755 2723.3290134414096 360.0
v 3091.1444064217017 2719.4863608503183 360.0
v 3092.392959934328 2715.6437082592265 360.0
v 3093.6415134469535 2711.801055668135 360.0
v 3094.8900669595796 2707.958403077044 360.0
v 3096.1386204722057 2704.115750485952 360.0
v 3097.387173984832 2700.2730978948607 360.0
v 3098.635727497458 2696.430445303769 360.0
v 3099.8842810100837 2692.5877927126776 360.0
v 3101.13283452271 2688.745140121586 360.0
v 3102.381388035336 2684.9024875304945 360.0
v 3103.629941547962 2681.059834939403 360.0
v 3104.878495060588 2677.2171823483113 360.0
v 3106.1270485732143 2673.37452975722 360.0
v 3107.37560208584 2669.531877166128 360.0
v 3108.624155598466 2665.689224575037 360.0
v 3109.8727091110923 2661.8465719839455 360.0
v 3111.1212626237184 2658.0039193928537 360.0
v 3112.3698161363445 2654.1612668017624 360.0
v 3113.61836964897 2650.3186142106706 360.0
v 3114.8669231615963 2646.4759616195793 360.0
v 3116.1154766742225 2642.633309028488 360.0
v 3117.3640301868486 2638.790656437396 360.0
v 3118.6125836994747 2634.948003846305 360.0
v 3119.861137212101 2631.105351255213 360.0
v 3121.1096907247265 2627.2626986641217 360.0
v 3122.3582442373527 2623.42004607303 360.0
v 3123.606797749979 2619.5773934819385 360.0
v 3000.0 3000.0 380.0
v 3003.268755532828 2997.6251100917475 380.0
v 3006.537511065656 2995.250220183495 380.0
v 3009.8062665984844 2992.875330275243 380.0
v 3013.0750221313124 2990.5004403669905 380.0
v 3016.3437776641404 2988.125550458738 380.0
v 3019.6125331969683 2985.7506605504855 380.0
v 3022.8812887297963 2983.375770642233 380.0
v 3026.1500442626248 2981.0008807339805 380.0
v 3029.4187997954527 2978.6259908257284 380.0
v 3032.6875553282807 2976.251100917476 380.0
v 3035.9563108611087 2973.8762110092234 380.0
v 3039.2250663939367 2971.501321100971 380.0
v 3042.493821926765 2969.1264311927184 380.0
v 3045.762577459593 2966.751541284466 380.0
v 3049.031332992421 2964.376651376214 380.0
v 3052.300088525249 2962.0017614679614 380.0
v 3055.568844058077 2959.626871559709 380.0
v 3058.837599590905 2957.2519816514564 380.0
v 3062.1063551237335 2954.877091743204 380.0
v 3065.3751106565614 2952.502201834952 380.0
v 3068.6438661893894 2950.1273119266993 380.0
v 3071.9126217222174 2947.752422018447 380.0
v 3075.1813772550454 2945.3775321101944 380.0
v 3078.450132787874 2943.002642201942 380.0
v 3081.718888320702 2940.6277522936894 380.0
v 3084.98764385353 2938.2528623854373 380.0
v 3088.2563993863578 2935.877972477185 380.0
v 3091.5251549191858 2933.5030825689323 380.0
v 3094.793910452014 2931.12819266068 380.0
v 3098.062665984842 2928.7533027524273 380.0
v 3101.33142151767 2926.378412844175 380.0
v 3104.600177050498 2924.003522935923 380.0
v 3107.868932583326 2921.6286330276703 380.0
v 3111.1376881161545 2919.253743119418 380.0
v 3114.4064436489825 2916.8788532111653 380.0
v 3117.6751991818105 2914.503963302913 380.0
v 3120.9439547146385 2912.1290733946607 380.0
v 3124.2127102474665 2909.7541834864082 380.0
v 3127.4814657802945 2907.3792935781557 380.0
v 3130.750221313123 2905.0044036699032 380.0
v 3134.018976845951 2902.6295137616507 380.0
v 3137.287732378779 2900.2546238533982 380.0
v 3140.556487911607 2897.879733945146 380.0
v 3143.825243444435 2895.5048440368937 380.0
v 3147.0939989772633 2893.129954128641 380.0
v 3150.3627545100912 2890.7550642203887 380.0
v 3153.631510042919 2888.380174312136 380.0
v 3156.900265575747 2886.0052844038837 380.0
v 3160.169021108575 2883.6303944956317 380.0
v 3163.4377766414036 2881.255504587379 380.0
v 3166.7065321742316 2878.8806146791267 380.0
v 3169.9752877070596 2876.505724770874 380.0
v 3173.2440432398876 2874.1308348626217 380.0
v 3176.5127987727155 2871.7559449543696 380.0
v 3179.781554305544 2869.381055046117 380.0
v 3183.050309838372 2867.0061651378646 380.0
v 3186.3190653712 2864.631275229612 380.0
v 3189.587820904028 2862.2563853213596 380.0
v 3192.856576436856 2859.881495413107 380.0
v 3196.1253319696843 2857.506605504855 380.0
v 3199.3940875025123 2855.1317155966026 380.0
v 3202.6628430353403 2852.75682568835 380.0
v 3205.9315985681683 2850.3819357800976 380.0
v 3209.2003541009963 2848.007045871845 380.0
v 3212.4691096338247 2845.6321559635926 380.0
v 3215.7378651666527 2843.2572660553406 380.0
v 3219.0066206994807 2840.882376147088 380.0
v 3222.2753762323086 2838.5074862388356 380.0
v 3225.5441317651366 2836.132596330583 380.0
v 3228.812887297965 2833.7577064223306 380.0
v 3232.081642830793 2831.3828165140785 380.0
v 3235.350398363621 2829.007926605826 380.0
v 3238.619153896449 2826.6330366975735 380.0
v 3241.887909429277 2824.258146789321 380.0
v 3245.156664962105 2821.8832568810685 380.0
v 3248.4254204949334 2819.5083669728165 380.0
v 3251.6941760277614 2817.133477064564 380.0
v 3254.9629315605894 2814.7585871563115 380.0
v 3258.2316870934173 2812.383697248059 380.0
v 3261.5004426262453 2810.0088073398065 380.0
v 3264.7691981590738 2807.633917431554 380.0
v 3268.0379536919017 2805.259027523302 380.0
v 3271.3067092247297 2802.8841376150494 380.0
v 3274.5754647575577 2800.509247706797 380.0
v 3277.8442202903857 2798.1343577985444 380.0
v 3281.112975823214 2795.759467890292 380.0
v 3284.381731356042 2793.3845779820394 380.0
v 3287.65048688887 2791.0096880737874 380.0
v 3290.919242421698 2788.634798165535 380.0
v 3294.187997954526 2786.2599082572824 380.0
v 3297.456753487354 2783.88501834903 380.0
v 3300.7255090201825 2781.5101284407774 380.0
v 3303.9942645530105 2779.1352385325254 380.0
v 3307.2630200858384 2776.760348624273 380.0
v 3310.5317756186664 2774.3854587160204 380.0
v 3313.8005311514944 2772.010568807768 380.0
v 3317.069286684323 2769.6356788995154 380.0
v 3320.338042217151 2767.260788991263 380.0
v 3323.606797749979 2764.8858990830104 380.0
v 3000.0 3000.0 400.0
v 3004.040404040404 3000.0 400.0
v 3008.080808080808 3000.0 400.0
v 3012.121212121212 3000.0 400.0
v 3016.161616161616 3000.0 400.0
v 3020.2020202020203 3000.0 400.0
v 3024.242424242424 3000.0 400.0
v 3028.282828282828 3000.0 400.0
v 3032.3232323232323 3000.0 400.0
v 3036.3636363636365 3000.0 400.0
v 3040.40404040404 3000.0 400.0
v 3044.4444444444443 3000.0 400.0
v 3048.4848484848485 3000.0 400.0
v 3052.5252525252527 3000.0 400.0
v 3056.5656565656564 3000.0 400.0
v 3060.6060606060605 3000.0 400.0
v 3064.6464646464647 3000.0 400.0
v 3068.686868686869 3000.0 400.0
v 3072.7272727272725 3000.0 400.0
v 3076.7676767676767 3000.0 400.0
v 3080.808080808081 3000.0 400.0
v 3084.848484848485 3000.0 400.0
v 3088.8888888888887 3000.0 400.0
v 3092.929292929293 3000.0 400.0
v 3096.969696969697 3000.0 400.0
v 3101.010101010101 3000.0 400.0
v 3105.050505050505 3000.0 400.0
v 3109.090909090909 3000.0 400.0
v 3113.131313131313 3000.0 400.0
v 3117.1717171717173 3000.0 400.0
v 3121.212121212121 3000.0 400.0
v 3125.252525252525 3000.0 400.0
v 3129.2929292929293 3000.0 400.0
v 3133.3333333333335 3000.0 400.0
v 3137.373737373737 3000.0 400.0
v 3141.4141414141413 3000.0 400.0
v 3145.4545454545455 3000.0 400.0
v 3149.4949494949497 3000.0 400.0
v 3153.5353535353534 3000.0 400.0
v 3157.5757575757575 3000.0 400.0
v 3161.6161616161617 3000.0 400.0
v 3165.656565656566 3000.0 400.0
v 3169.6969696969695 3000.0 400.0
v 3173.7373737373737 3000.0 400.0
v 3177.777777777778 3000.0 400.0
v 3181.818181818182 3000.0 400.0
v 3185.8585858585857 3000.0 400.0
v 3189.89898989899 3000.0 400.0
v 3193.939393939394 3000.0 400.0
v 3197.979797979798 3000.0 400.0
v 3202.020202020202 3000.0 400.0
v 3206.060606060606 3000.0 400.0
v 3210.10101010101 3000.0 400.0
v 3214.1414141414143 3000.0 400.0
v 3218.181818181818 3000.0 400.0
v 3222.222222222222 3000.0 400.0
v 3226.2626262626263 3000.0 400.0
v 3230.3030303030305 3000.0 400.0
v 3234.343434343434 3000.0 400.0
v 3238.3838383838383 3000.0 400.0
v 3242.4242424242425 3000.0 400.0
v 3246.4646464646466 3000.0 400.0
v 3250.5050505050503 3000.0 400.0
v 3254.5454545454545 3000.0 400.0
v 3258.5858585858587 3000.0 400.0
v 3262.626262626263 3000.0 400.0
v 3266.6666666666665 3000.0 400.0
v 3270.7070707070707 3000.0 400.0
v 3274.747474747475 3000.0 400.0
v 3278.787878787879 3000.0 400.0
v 3282.8282828282827 3000.0 400.0
v 3286.868686868687 3000.0 400.0
v 3290.909090909091 3000.0 400.0
v 3294.9494949494947 3000.0 400.0
v 3298.989898989899 3000.0 400.0
v 3303.030303030303 3000.0 400.0
v 3307.070707070707 3000.0 400.0
v 3311.1111111111113 3000.0 400.0
v 3315.151515151515 3000.0 400.0
v 3319.191919191919 3000.0 400.0
v 3323.2323232323233 3000.0 400.0
v 3327.2727272727275 3000.0 400.0
v 3331.313131313131 3000.0 400.0
v 3335.3535353535353 3000.0 400.0
v 3339.3939393939395 3000.0 400.0
v 3343.4343434343436 3000.0 400.0
v 3347.4747474747473 3000.0 400.0
v 3351.5151515151515 3000.0 400.0
v 3355.5555555555557 3000.0 400.0
v 3359.5959595959594 3000.0 400.0
v 3363.6363636363635 3000.0 400.0
v 3367.6767676767677 3000.0 400.0
v 3371.717171717172 3000.0 400.0
v 3375.757575757576 3000.0 400.0
v 3379.7979797979797 3000.0 400.0
v 3383.838383838384 3000.0 400.0
v 3387.878787878788 3000.0 400.0
v 3391.9191919191917 3000.0 400.0
v 3395.959595959596 3000.0 400.0
v 3400.0 3000.0 400.0
v 3000.0 3000.0 420.0
v 3003.268755532828 3002.3748899082525 420.0
v 3006.537511065656 3004.749779816505 420.0
v 3009.8062665984844 3007.124669724757 420.0
v 3013.0750221313124 3009.4995596330095 420.0
v 3016.3437776641404 3011.874449541262 420.0
v 3019.6125331969683 3014.2493394495145 420.0
v 3022.8812887297963 3016.624229357767 420.0
v 3026.1500442626248 3018.9991192660195 420.0
v 3029.4187997954527 3021.3740091742716 420.0
v 3032.6875553282807 3023.748899082524 420.0
v 3035.9563108611087 3026.1237889907766 420.0
v 3039.2250663939367 3028.498678899029 420.0
v 3042.493821926765 3030.8735688072816 420.0
v 3045.762577459593 3033.2484587155336 420.0
v 3049.031332992421 3035.623348623786 420.0
v 3052.300088525249 3037.9982385320386 420.0
v 3055.568844058077 3040.373128440291 420.0
v 3058.8375995909055 3042.7480183485436 420.0
v 3062.1063551237335 3045.122908256796 420.0
v 3065.3751106565614 3047.497798165048 420.0
v 3068.6438661893894 3049.8726880733007 420.0
v 3071.9126217222174 3052.247577981553 420.0
v 3075.181377255046 3054.6224678898056 420.0
v 3078.450132787874 3056.997357798058 420.0
v 3081.718888320702 3059.37224770631 420.0
v 3084.98764385353 3061.7471376145627 420.0
v 3088.2563993863578 3064.122027522815 420.0
v 3091.525154919186 3066.4969174310677 420.0
v 3094.793910452014 3068.87180733932 420.0
v 3098.062665984842 3071.2466972475722 420.0
v 3101.33142151767 3073.6215871558247 420.0
v 3104.600177050498 3075.996477064077 420.0
v 3107.8689325833266 3078.3713669723297 420.0
v 3111.1376881161545 3080.746256880582 420.0
v 3114.4064436489825 3083.1211467888347 420.0
v 3117.6751991818105 3085.4960366970868 420.0
v 3120.9439547146385 3087.8709266053393 420.0
v 3124.212710247467 3090.2458165135918 420.0
v 3127.481465780295 3092.6207064218443 420.0
v 3130.750221313123 3094.9955963300968 420.0
v 3134.018976845951 3097.370486238349 420.0
v 3137.287732378779 3099.7453761466013 420.0
v 3140.5564879116073 3102.120266054854 420.0
v 3143.8252434444353 3104.4951559631063 420.0
v 3147.0939989772633 3106.870045871359 420.0
v 3150.3627545100912 3109.2449357796113 420.0
v 3153.631510042919 3111.6198256878633 420.0
v 3156.9002655757477 3113.994715596116 420.0
v 3160.1690211085756 3116.3696055043683 420.0
v 3163.4377766414036 3118.744495412621 420.0
v 3166.7065321742316 3121.1193853208733 420.0
v 3169.9752877070596 3123.4942752291254 420.0
v 3173.244043239888 3125.869165137378 420.0
v 3176.512798772716 3128.2440550456304 420.0
v 3179.781554305544 3130.618944953883 420.0
v 3183.050309838372 3132.9938348621354 420.0
v 3186.3190653712 3135.3687247703874 420.0
v 3189.5878209040284 3137.74361467864 420.0
v 3192.8565764368564 3140.1185045868924 420.0
v 3196.1253319696843 3142.493394495145 420.0
v 3199.3940875025123 3144.8682844033974 420.0
v 3202.6628430353403 3147.24317431165 420.0
v 3205.9315985681683 3149.618064219902 420.0
v 3209.2003541009967 3151.9929541281545 420.0
v 3212.4691096338247 3154.367844036407 420.0
v 3215.7378651666527 3156.7427339446594 420.0
v 3219.0066206994807 3159.117623852912 420.0
v 3222.2753762323086 3161.492513761164 420.0
v 3225.544131765137 3163.8674036694165 420.0
v 3228.812887297965 3166.242293577669 420.0
v 3232.081642830793 3168.6171834859215 420.0
v 3235.350398363621 3170.992073394174 420.0
v 3238.619153896449 3173.3669633024265 420.0
v 3241.8879094292774 3175.7418532106785 420.0
v 3245.1566649621054 3178.116743118931 420.0
v 3248.4254204949334 3180.4916330271835 420.0
v 3251.6941760277614 3182.866522935436 420.0
v 3254.9629315605894 3185.2414128436885 420.0
v 3258.231687093418 3187.6163027519406 420.0
v 3261.500442626246 3189.991192660193 420.0
v 3264.7691981590738 3192.3660825684456 420.0
v 3268.0379536919017 3194.740972476698 420.0
v 3271.3067092247297 3197.1158623849506 420.0
v 3274.575464757558 3199.4907522932026 420.0
v 3277.844220290386 3201.865642201455 420.0
v 3281.112975823214 3204.2405321097076 420.0
v 3284.381731356042 3206.61542201796 420.0
v 3287.65048688887 3208.9903119262126 420.0
v 3290.9192424216985 3211.365201834465 420.0
v 3294.1879979545265 3213.740091742717 420.0
v 3297.4567534873545 3216.1149816509696 420.0
v 3300.7255090201825 3218.489871559222 420.0
v 3303.9942645530105 3220.8647614674746 420.0
v 3307.263020085839 3223.239651375727 420.0
v 3310.531775618667 3225.6145412839796 420.0
v 3313.800531151495 3227.9894311922317 420.0
v 3317.069286684323 3230.364321100484 420.0
v 3320.338042217151 3232.7392110087367 420.0
v 3323.6067977499793 3235.114100916989 420.0
v 3000.0 3000.0 440.0
v 3001.248553512626 3003.8426525910913 440.0
v 3002.4971070252523 3007.685305182183 440.0
v 3003.745660537878 3011.5279577732745 440.0
v 3004.994214050504 3015.3706103643663 440.0
v 3006.24276756313 3019.2132629554576 440.0
v 3007.4913210757563 3023.0559155465494 440.0
v 3008.7398745883825 3026.8985681376407 440.0
v 3009.9884281010086 3030.741220728732 440.0
v 3011.2369816136343 3034.583873319824 440.0
v 3012.4855351262604 3038.426525910915 440.0
v 3013.7340886388865 3042.269178502007 440.0
v 3014.9826421515127 3046.1118310930983 440.0
v 3016.231195664139 3049.9544836841897 440.0
v 3017.479749176765 3053.7971362752814 440.0
v 3018.7283026893906 3057.639788866373 440.0
v 3019.9768562020167 3061.4824414574646 440.0
v 3021.225409714643 3065.325094048556 440.0
v 3022.473963227269 3069.1677466396477 440.0
v 3023.722516739895 3073.010399230739 440.0
v 3024.9710702525213 3076.8530518218304 440.0
v 3026.219623765147 3080.695704412922 440.0
v 3027.468177277773 3084.5383570040135 440.0
v 3028.716730790399 3088.3810095951053 440.0
v 3029.9652843030253 3092.2236621861966 440.0
v 3031.2138378156515 3096.0663147772884 440.0
v 3032.4623913282776 3099.9089673683798 440.0
v 3033.7109448409033 3103.751619959471 440.0
v 3034.9594983535294 3107.594272550563 440.0
v 3036.2080518661555 3111.4369251416542 440.0
v 3037.4566053787817 3115.279577732746 440.0
v 3038.705158891408 3119.1222303238374 440.0
v 3039.9537124040335 3122.964882914929 440.0
v 3041.2022659166596 3126.8075355060205 440.0
v 3042.4508194292857 3130.650188097112 440.0
v 3043.699372941912 3134.4928406882036 440.0
v 3044.947926454538 3138.335493279295 440.0
v 3046.196479967164 3142.1781458703867 440.0
v 3047.44503347979 3146.020798461478 440.0
v 3048.693586992416 3149.8634510525694 440.0
v 3049.942140505042 3153.706103643661 440.0
v 3051.190694017668 3157.5487562347525 440.0
v 3052.4392475302943 3161.3914088258443 440.0
v 3053.6878010429205 3165.2340614169357 440.0
v 3054.936354555546 3169.0767140080275 440.0
v 3056.1849080681723 3172.919366599119 440.0
v 3057.4334615807984 3176.76201919021 440.0
v 3058.6820150934245 3180.604671781302 440.0
v 3059.9305686060507 3184.4473243723933 440.0
v 3061.179122118677 3188.289976963485 440.0
v 3062.4276756313025 3192.1326295545764 440.0
v 3063.6762291439286 3195.975282145668 440.0
v 3064.9247826565547 3199.8179347367595 440.0
v 3066.173336169181 3203.660587327851 440.0
v 3067.421889681807 3207.5032399189427 440.0
v 3068.6704431944327 3211.345892510034 440.0
v 3069.918996707059 3215.188545101126 440.0
v 3071.167550219685 3219.031197692217 440.0
v 3072.416103732311 3222.8738502833085 440.0
v 3073.664657244937 3226.7165028744002 440.0
v 3074.9132107575633 3230.5591554654916 440.0
v 3076.161764270189 3234.4018080565834 440.0
v 3077.410317782815 3238.2444606476747 440.0
v 3078.6588712954413 3242.0871132387665 440.0
v 3079.9074248080674 3245.929765829858 440.0
v 3081.1559783206935 3249.772418420949 440.0
v 3082.4045318333197 3253.615071012041 440.0
v 3083.6530853459453 3257.4577236031323 440.0
v 3084.9016388585715 3261.300376194224 440.0
v 3086.1501923711976 3265.1430287853154 440.0
v 3087.3987458838237 3268.9856813764072 440.0
v 3088.64729939645 3272.8283339674986 440.0
v 3089.895852909076 3276.67098655859 440.0
v 3091.1444064217017 3280.5136391496817 440.0
v 3092.392959934328 3284.356291740773 440.0
v 3093.641513446954 3288.198944331865 440.0
v 3094.89006695958 3292.041596922956 440.0
v 3096.138620472206 3295.884249514048 440.0
v 3097.387173984832 3299.7269021051393 440.0
v 3098.635727497458 3303.5695546962306 440.0
v 3099.884281010084 3307.4122072873224 440.0
v 3101.1328345227103 3311.2548598784138 440.0
v 3102.3813880353364 3315.0975124695055 440.0
v 3103.6299415479625 3318.940165060597 440.0
v 3104.878495060588 3322.782817651688 440.0
v 3106.1270485732143 3326.62547024278 440.0
v 3107.3756020858405 3330.4681228338713 440.0
v 3108.6241555984666 3334.310775424963 440.0
v 3109.8727091110927 3338.1534280160545 440.0
v 3111.121262623719 3341.996080607146 440.0
v 3112.3698161363445 3345.8387331982376 440.0
v 3113.6183696489707 3349.681385789329 440.0
v 3114.866923161597 3353.5240383804207 440.0
v 3116.115476674223 3357.366690971512 440.0
v 3117.364030186849 3361.209343562604 440.0
v 3118.612583699475 3365.051996153695 440.0
v 3119.861137212101 3368.8946487447865 440.0
v 3121.109690724727 3372.7373013358783 440.0
v 3122.358244237353 3376.5799539269697 440.0
v 3123.6067977499793 3380.4226065180615 440.0
v 3000.0 3000.0 460.0
v 2998.751446487374 3003.8426525910913 460.0
v 2997.5028929747477 3007.685305182183 460.0
v 2996.254339462122 3011.5279577732745 460.0
v 2995.005785949496 3015.3706103643663 460.0
v 2993.75723243687 3019.2132629554576 460.0
v 2992.5086789242437 3023.0559155465494 460.0
v 2991.2601254116175 3026.8985681376407 460.0
v 2990.0115718989914 3030.741220728732 460.0
v 2988.7630183863657 3034.583873319824 460.0
v 2987.5144648737396 3038.426525910915 460.0
v 2986.2659113611135 3042.269178502007 460.0
v 2985.0173578484873 3046.1118310930983 460.0
v 2983.768804335861 3049.95448368419 460.0
v 2982.5202508232355 3053.7971362752814 460.0
v 2981.2716973106094 3057.639788866373 460.0
v 2980.0231437979833 3061.4824414574646 460.0
v 2978.774590285357 3065.325094048556 460.0
v 2977.526036772731 3069.1677466396477 460.0
v 2976.277483260105 3073.010399230739 460.0
v 2975.028929747479 3076.8530518218304 460.0
v 2973.780376234853 3080.695704412922 460.0
v 2972.531822722227 3084.5383570040135 460.0
v 2971.283269209601 3088.3810095951053 460.0
v 2970.0347156969747 3092.2236621861966 460.0
v 2968.786162184349 3096.0663147772884 460.0
v 2967.537608671723 3099.9089673683798 460.0
v 2966.2890551590967 3103.751619959471 460.0
v 2965.0405016464706 3107.594272550563 460.0
v 2963.7919481338445 3111.4369251416542 460.0
v 2962.5433946212183 3115.279577732746 460.0
v 2961.2948411085927 3119.1222303238374 460.0
v 2960.0462875959665 3122.964882914929 460.0
v 2958.7977340833404 3126.8075355060205 460.0
v 2957.5491805707143 3130.650188097112 460.0
v 2956.300627058088 3134.4928406882036 460.0
v 2955.0520735454625 3138.335493279295 460.0
v 2953.8035200328363 3142.1781458703867 460.0
v 2952.55496652021 3146.020798461478 460.0
v 2951.306413007584 3149.86345105257 460.0
v 2950.057859494958 3153.706103643661 460.0
v 2948.8093059823323 3157.5487562347525 460.0
v 2947.560752469706 3161.3914088258443 460.0
v 2946.31219895708 3165.2340614169357 460.0
v 2945.063645444454 3169.0767140080275 460.0
v 2943.8150919318277 3172.919366599119 460.0
v 2942.5665384192016 3176.7620191902106 460.0
v 2941.317984906576 3180.604671781302 460.0
v 2940.06943139395 3184.4473243723933 460.0
v 2938.8208778813237 3188.289976963485 460.0
v 2937.5723243686975 3192.1326295545764 460.0
v 2936.3237708560714 3195.975282145668 460.0
v 2935.0752173434453 3199.8179347367595 460.0
v 2933.8266638308196 3203.6605873278513 460.0
v 2932.5781103181935 3207.5032399189427 460.0
v 2931.3295568055673 3211.345892510034 460.0
v 2930.081003292941 3215.188545101126 460.0
v 2928.832449780315 3219.031197692217 460.0
v 2927.5838962676894 3222.873850283309 460.0
v 2926.3353427550633 3226.7165028744002 460.0
v 2925.086789242437 3230.559155465492 460.0
v 2923.838235729811 3234.4018080565834 460.0
v 2922.589682217185 3238.2444606476747 460.0
v 2921.341128704559 3242.0871132387665 460.0
v 2920.092575191933 3245.929765829858 460.0
v 2918.844021679307 3249.7724184209496 460.0
v 2917.595468166681 3253.615071012041 460.0
v 2916.3469146540547 3257.4577236031328 460.0
v 2915.0983611414285 3261.300376194224 460.0
v 2913.849807628803 3265.1430287853154 460.0
v 2912.6012541161767 3268.9856813764072 460.0
v 2911.3527006035506 3272.8283339674986 460.0
v 2910.1041470909245 3276.6709865585904 460.0
v 2908.8555935782983 3280.5136391496817 460.0
v 2907.6070400656727 3284.3562917407735 460.0
v 2906.3584865530465 3288.198944331865 460.0
v 2905.1099330404204 3292.041596922956 460.0
v 2903.8613795277943 3295.884249514048 460.0
v 2902.612826015168 3299.7269021051393 460.0
v 2901.364272502542 3303.569554696231 460.0
v 2900.1157189899163 3307.4122072873224 460.0
v 2898.86716547729 3311.254859878414 460.0
v 2897.618611964664 3315.0975124695055 460.0
v 2896.370058452038 3318.940165060597 460.0
v 2895.121504939412 3322.7828176516887 460.0
v 2893.872951426786 3326.62547024278 460.0
v 2892.62439791416 3330.468122833872 460.0
v 2891.375844401534 3334.310775424963 460.0
v 2890.1272908889077 3338.1534280160545 460.0
v 2888.8787373762816 3341.9960806071463 460.0
v 2887.6301838636555 3345.8387331982376 460.0
v 2886.38163035103 3349.6813857893294 460.0
v 2885.1330768384037 3353.5240383804207 460.0
v 2883.8845233257775 3357.366690971512 460.0
v 2882.6359698131514 3361.209343562604 460.0
v 2881.3874163005253 3365.051996153695 460.0
v 2880.1388627878996 3368.894648744787 460.0
v 2878.8903092752735 3372.7373013358783 460.0
v 2877.6417557626473 3376.57995392697 460.0
v 2876.393202250021 3380.4226065180615 460.0
v 3000.0 3000.0 480.0
v 2996.731244467172 3002.3748899082525 480.0
v 2993.462488934344 3004.749779816505 480.0
v 2990.1937334015156 3007.124669724757 480.0
v 2986.9249778686876 3009.4995596330095 480.0
v 2983.6562223358596 3011.874449541262 480.0
v 2980.3874668030317 3014.2493394495145 480.0
v 2977.1187112702037 3016.624229357767 480.0
v 2973.8499557373752 3018.9991192660195 480.0
v 2970.5812002045473 3021.3740091742716 480.0
v 2967.3124446717193 3023.748899082524 480.0
v 2964.0436891388913 3026.1237889907766 480.0
v 2960.7749336060633 3028.498678899029 480.0
v 2957.506178073235 3030.8735688072816 480.0
v 2954.237422540407 3033.248458715534 480.0
v 2950.968667007579 3035.623348623786 480.0
v 2947.699911474751 3037.9982385320386 480.0
v 2944.431155941923 3040.373128440291 480.0
v 2941.162400409095 3042.7480183485436 480.0
v 2937.8936448762665 3045.122908256796 480.0
v 2934.6248893434386 3047.497798165048 480.0
v 2931.3561338106106 3049.8726880733007 480.0
v 2928.0873782777826 3052.247577981553 480.0
v 2924.8186227449546 3054.6224678898056 480.0
v 2921.549867212126 3056.997357798058 480.0
v 2918.281111679298 3059.3722477063106 480.0
v 2915.01235614647 3061.7471376145627 480.0
v 2911.7436006136422 3064.122027522815 480.0
v 2908.4748450808142 3066.4969174310677 480.0
v 2905.206089547986 3068.87180733932 480.0
v 2901.937334015158 3071.2466972475727 480.0
v 2898.66857848233 3073.621587155825 480.0
v 2895.399822949502 3075.996477064077 480.0
v 2892.131067416674 3078.3713669723297 480.0
v 2888.8623118838455 3080.746256880582 480.0
v 2885.5935563510175 3083.1211467888347 480.0
v 2882.3248008181895 3085.496036697087 480.0
v 2879.0560452853615 3087.8709266053393 480.0
v 2875.7872897525335 3090.2458165135918 480.0
v 2872.5185342197055 3092.6207064218443 480.0
v 2869.249778686877 3094.9955963300968 480.0
v 2865.981023154049 3097.3704862383493 480.0
v 2862.712267621221 3099.7453761466018 480.0
v 2859.443512088393 3102.120266054854 480.0
v 2856.174756555565 3104.4951559631063 480.0
v 2852.9060010227367 3106.870045871359 480.0
v 2849.6372454899088 3109.2449357796113 480.0
v 2846.368489957081 3111.619825687864 480.0
v 2843.099734424253 3113.9947155961163 480.0
v 2839.830978891425 3116.3696055043683 480.0
v 2836.5622233585964 3118.744495412621 480.0
v 2833.2934678257684 3121.1193853208733 480.0
v 2830.0247122929404 3123.494275229126 480.0
v 2826.7559567601124 3125.8691651373783 480.0
v 2823.4872012272845 3128.2440550456304 480.0
v 2820.218445694456 3130.618944953883 480.0
v 2816.949690161628 3132.9938348621354 480.0
v 2813.6809346288 3135.368724770388 480.0
v 2810.412179095972 3137.7436146786404 480.0
v 2807.143423563144 3140.118504586893 480.0
v 2803.8746680303157 3142.493394495145 480.0
v 2800.6059124974877 3144.8682844033974 480.0
v 2797.3371569646597 3147.24317431165 480.0
v 2794.0684014318317 3149.6180642199024 480.0
v 2790.7996458990037 3151.992954128155 480.0
v 2787.5308903661753 3154.3678440364074 480.0
v 2784.2621348333473 3156.7427339446594 480.0
v 2780.9933793005193 3159.117623852912 480.0
v 2777.7246237676914 3161.4925137611644 480.0
v 2774.4558682348634 3163.867403669417 480.0
v 2771.187112702035 3166.2422935776694 480.0
v 2767.918357169207 3168.6171834859215 480.0
v 2764.649601636379 3170.992073394174 480.0
v 2761.380846103551 3173.3669633024265 480.0
v 2758.112090570723 3175.741853210679 480.0
v 2754.843335037895 3178.1167431189315 480.0
v 2751.5745795050666 3180.491633027184 480.0
v 2748.3058239722386 3182.8665229354365 480.0
v 2745.0370684394106 3185.2414128436885 480.0
v 2741.7683129065827 3187.616302751941 480.0
v 2738.4995573737547 3189.9911926601935 480.0
v 2735.2308018409262 3192.366082568446 480.0
v 2731.9620463080983 3194.7409724766985 480.0
v 2728.6932907752703 3197.1158623849506 480.0
v 2725.4245352424423 3199.490752293203 480.0
v 2722.1557797096143 3201.8656422014556 480.0
v 2718.887024176786 3204.240532109708 480.0
v 2715.618268643958 3206.6154220179606 480.0
v 2712.34951311113 3208.9903119262126 480.0
v 2709.080757578302 3211.365201834465 480.0
v 2705.812002045474 3213.7400917427176 480.0
v 2702.543246512646 3216.11498165097 480.0
v 2699.2744909798175 3218.4898715592226 480.0
v 2696.0057354469895 3220.864761467475 480.0
v 2692.7369799141616 3223.239651375727 480.0
v 2689.4682243813336 3225.6145412839796 480.0
v 2686.1994688485056 3227.989431192232 480.0
v 2682.930713315677 3230.3643211004846 480.0
v 2679.661957782849 3232.739211008737 480.0
v 2676.393202250021 3235.1141009169896 480.0
v 3000.0 3000.0 500.0
v 2995.959595959596 3000.0 500.0
v 2991.919191919192 3000.0 500.0
v 2987.878787878788 3000.0 500.0
v 2983.838383838384 3000.0 500.0
v 2979.7979797979797 3000.0 500.0
v 2975.757575757576 3000.0 500.0
v 2971.717171717172 3000.0 500.0
v 2967.6767676767677 3000.0 500.0
v 2963.6363636363635 3000.0 500.0
v 2959.59595959596 3000.0 500.0
v 2955.5555555555557 3000.0 500.0
v 2951.5151515151515 3000.0 500.0
v 2947.4747474747473 3000.0 500.0
v 2943.4343434343436 3000.0 500.0
v 2939.3939393939395 3000.0 500.0
v 2935.3535353535353 3000.0 500.0
v 2931.313131313131 3000.0 500.0
v 2927.2727272727275 3000.0 500.0
v 2923.2323232323233 3000.0 500.0
v 2919.191919191919 3000.0 500.0
v 2915.151515151515 3000.0 500.0
v 2911.1111111111113 3000.0 500.0
v 2907.070707070707 3000.0 500.0
v 2903.030303030303 3000.0 500.0
v 2898.989898989899 3000.0 500.0
v 2894.949494949495 3000.0 500.0
v 2890.909090909091 3000.0 500.0
v 2886.868686868687 3000.0 500.0
v 2882.8282828282827 3000.0 500.0
v 2878.787878787879 3000.0 500.0
v 2874.747474747475 3000.0 500.0
v 2870.7070707070707 3000.0 500.0
v 2866.6666666666665 3000.0 500.0
v 2862.626262626263 3000.0 500.0
v 2858.5858585858587 3000.0 500.0
v 2854.5454545454545 3000.0 500.0
v 2850.5050505050503 3000.0 500.0
v 2846.4646464646466 3000.0 500.0
v 2842.4242424242425 3000.0 500.0
v 2838.3838383838383 3000.0 500.0
v 2834.343434343434 3000.0 500.0
v 2830.3030303030305 3000.0 500.0
v 2826.2626262626263 3000.0 500.0
v 2822.222222222222 3000.0 500.0
v 2818.181818181818 3000.0 500.0
v 2814.1414141414143 3000.0 500.0
v 2810.10101010101 3000.0 500.0
v 2806.060606060606 3000.0 500.0
v 2802.020202020202 3000.0 500.0
v 2797.979797979798 3000.0 500.0
v 2793.939393939394 3000.0 500.0
v 2789.89898989899 3000.0 500.0
v 2785.8585858585857 3000.0 500.0
v 2781.818181818182 3000.0 500.0
v 2777.777777777778 3000.0 500.0
v 2773.7373737373737 3000.0 500.0
v 2769.6969696969695 3000.0 500.0
v 2765.656565656566 3000.0 500.0
v 2761.6161616161617 3000.0 500.0
v 2757.5757575757575 3000.0 500.0
v 2753.5353535353534 3000.0 500.0
v 2749.4949494949497 3000.0 500.0
v 2745.4545454545455 3000.0 500.0
v 2741.4141414141413 3000.0 500.0
v 2737.373737373737 3000.0 500.0
v 2733.3333333333335 3000.0 500.0
v 2729.2929292929293 3000.0 500.0
v 2725.252525252525 3000.0 500.0
v 2721.212121212121 3000.0 500.0
v 2717.1717171717173 3000.0 500.0
v 2713.131313131313 3000.0 500.0
v 2709.090909090909 3000.0 500.0
v 2705.0505050505053 3000.0 500.0
v 2701.010101010101 3000.0 500.0
v 2696.969696969697 3000.0 500.0
v 2692.929292929293 3000.0 500.0
v 2688.8888888888887 3000.0 500.0
v 2684.848484848485 3000.0 500.0
v 2680.808080808081 3000.0 500.0
v 2676.7676767676767 3000.0 500.0
v 2672.7272727272725 3000.0 500.0
v 2668.686868686869 3000.0 500.0
v 2664.6464646464647 3000.0 500.0
v 2660.6060606060605 3000.0 500.0
v 2656.5656565656564 3000.0 500.0
v 2652.5252525252527 3000.0 500.0
v 2648.4848484848485 3000.0 500.0
v 2644.4444444444443 3000.0 500.0
v 2640.4040404040406 3000.0 500.0
v 2636.3636363636365 3000.0 500.0
v 2632.3232323232323 3000.0 500.0
v 2628.282828282828 3000.0000000000005 500.0
v 2624.242424242424 3000.0000000000005 500.0
v 2620.2020202020203 3000.0000000000005 500.0
v 2616.161616161616 3000.0000000000005 500.0
v 2612.121212121212 3000.0000000000005 500.0
v 2608.0808080808083 3000.0000000000005 500.0
v 2604.040404040404 3000.0000000000005 500.0
v 2600.0 3000.0000000000005 500.0
v 3000.0 3000.0 520.0
v 2996.731244467172 2997.6251100917475 520.0
v 2993.462488934344 2995.250220183495 520.0
v 2990.1937334015156 2992.875330275243 520.0
v 2986.9249778686876 2990.5004403669905 520.0
v 2983.6562223358596 2988.125550458738 520.0
v 2980.3874668030317 2985.7506605504855 520.0
v 2977.1187112702037 2983.375770642233 520.0
v 2973.8499557373752 2981.0008807339805 520.0
v 2970.5812002045473 2978.6259908257284 520.0
v 2967.3124446717193 2976.251100917476 520.0
v 2964.0436891388913 2973.8762110092234 520.0
v 2960.7749336060633 2971.501321100971 520.0
v 2957.506178073235 2969.1264311927184 520.0
v 2954.237422540407 2966.7515412844664 520.0
v 2950.968667007579 2964.376651376214 520.0
v 2947.699911474751 2962.0017614679614 520.0
v 2944.431155941923 2959.626871559709 520.0
v 2941.1624004090945 2957.2519816514564 520.0
v 2937.8936448762665 2954.8770917432043 520.0
v 2934.6248893434386 2952.502201834952 520.0
v 2931.3561338106106 2950.1273119266993 520.0
v 2928.0873782777826 2947.752422018447 520.0
v 2924.818622744954 2945.3775321101944 520.0
v 2921.549867212126 2943.002642201942 520.0
v 2918.281111679298 2940.62775229369 520.0
v 2915.01235614647 2938.2528623854373 520.0
v 2911.7436006136422 2935.877972477185 520.0
v 2908.474845080814 2933.5030825689323 520.0
v 2905.206089547986 2931.12819266068 520.0
v 2901.937334015158 2928.7533027524278 520.0
v 2898.66857848233 2926.3784128441753 520.0
v 2895.399822949502 2924.003522935923 520.0
v 2892.1310674166734 2921.6286330276703 520.0
v 2888.8623118838455 2919.253743119418 520.0
v 2885.5935563510175 2916.8788532111653 520.0
v 2882.3248008181895 2914.5039633029132 520.0
v 2879.0560452853615 2912.1290733946607 520.0
v 2875.787289752533 2909.7541834864082 520.0
v 2872.518534219705 2907.3792935781557 520.0
v 2869.249778686877 2905.0044036699032 520.0
v 2865.981023154049 2902.629513761651 520.0
v 2862.712267621221 2900.2546238533987 520.0
v 2859.4435120883927 2897.879733945146 520.0
v 2856.1747565555647 2895.5048440368937 520.0
v 2852.9060010227367 2893.129954128641 520.0
v 2849.6372454899088 2890.7550642203887 520.0
v 2846.368489957081 2888.3801743121367 520.0
v 2843.0997344242523 2886.005284403884 520.0
v 2839.8309788914244 2883.6303944956317 520.0
v 2836.5622233585964 2881.255504587379 520.0
v 2833.2934678257684 2878.8806146791267 520.0
v 2830.0247122929404 2876.5057247708746 520.0
v 2826.755956760112 2874.130834862622 520.0
v 2823.487201227284 2871.7559449543696 520.0
v 2820.218445694456 2869.381055046117 520.0
v 2816.949690161628 2867.0061651378646 520.0
v 2813.6809346288 2864.6312752296126 520.0
v 2810.4121790959716 2862.25638532136 520.0
v 2807.1434235631436 2859.8814954131076 520.0
v 2803.8746680303157 2857.506605504855 520.0
v 2800.6059124974877 2855.1317155966026 520.0
v 2797.3371569646597 2852.75682568835 520.0
v 2794.0684014318313 2850.381935780098 520.0
v 2790.7996458990033 2848.0070458718455 520.0
v 2787.5308903661753 2845.632155963593 520.0
v 2784.2621348333473 2843.2572660553406 520.0
v 2780.9933793005193 2840.882376147088 520.0
v 2777.7246237676914 2838.507486238836 520.0
v 2774.455868234863 2836.1325963305835 520.0
v 2771.187112702035 2833.757706422331 520.0
v 2767.918357169207 2831.3828165140785 520.0
v 2764.649601636379 2829.007926605826 520.0
v 2761.3808461035505 2826.633036697574 520.0
v 2758.1120905707226 2824.2581467893215 520.0
v 2754.8433350378946 2821.883256881069 520.0
v 2751.5745795050666 2819.5083669728165 520.0
v 2748.3058239722386 2817.133477064564 520.0
v 2745.03706843941 2814.7585871563115 520.0
v 2741.768312906582 2812.3836972480594 520.0
v 2738.499557373754 2810.008807339807 520.0
v 2735.2308018409262 2807.6339174315544 520.0
v 2731.9620463080983 2805.259027523302 520.0
v 2728.69329077527 2802.8841376150494 520.0
v 2725.424535242442 2800.5092477067974 520.0
v 2722.155779709614 2798.134357798545 520.0
v 2718.887024176786 2795.7594678902924 520.0
v 2715.618268643958 2793.38457798204 520.0
v 2712.3495131111295 2791.0096880737874 520.0
v 2709.0807575783015 2788.6347981655354 520.0
v 2705.8120020454735 2786.259908257283 520.0
v 2702.5432465126455 2783.8850183490304 520.0
v 2699.2744909798175 2781.510128440778 520.0
v 2696.005735446989 2779.1352385325254 520.0
v 2692.736979914161 2776.760348624273 520.0
v 2689.468224381333 2774.385458716021 520.0
v 2686.199468848505 2772.0105688077683 520.0
v 2682.930713315677 2769.635678899516 520.0
v 2679.6619577828487 2767.2607889912633 520.0
v 2676.3932022500207 2764.885899083011 520.0
v 3000.0 3000.0 540.0
v 2998.751446487374 2996.1573474089087 540.0
v 2997.5028929747477 2992.314694817817 540.0
v 2996.254339462122 2988.4720422267255 540.0
v 2995.005785949496 2984.6293896356337 540.0
v 2993.75723243687 2980.7867370445424 540.0
v 2992.5086789242437 2976.9440844534506 540.0
v 2991.2601254116175 2973.1014318623593 540.0
v 2990.0115718989914 2969.258779271268 540.0
v 2988.7630183863657 2965.416126680176 540.0
v 2987.5144648737396 2961.573474089085 540.0
v 2986.2659113611135 2957.730821497993 540.0
v 2985.0173578484873 2953.8881689069017 540.0
v 2983.768804335861 2950.0455163158103 540.0
v 2982.520250823235 2946.2028637247186 540.0
v 2981.2716973106094 2942.360211133627 540.0
v 2980.0231437979833 2938.5175585425354 540.0
v 2978.774590285357 2934.674905951444 540.0
v 2977.526036772731 2930.8322533603523 540.0
v 2976.277483260105 2926.989600769261 540.0
v 2975.0289297474787 2923.1469481781696 540.0
v 2973.780376234853 2919.304295587078 540.0
v 2972.531822722227 2915.4616429959865 540.0
v 2971.283269209601 2911.6189904048947 540.0
v 2970.0347156969747 2907.7763378138034 540.0
v 2968.7861621843485 2903.9336852227116 540.0
v 2967.5376086717224 2900.0910326316202 540.0
v 2966.2890551590967 2896.248380040529 540.0
v 2965.0405016464706 2892.405727449437 540.0
v 2963.7919481338445 2888.5630748583458 540.0
v 2962.5433946212183 2884.720422267254 540.0
v 2961.294841108592 2880.8777696761626 540.0
v 2960.0462875959665 2877.035117085071 540.0
v 2958.7977340833404 2873.1924644939795 540.0
v 2957.5491805707143 2869.349811902888 540.0
v 2956.300627058088 2865.5071593117964 540.0
v 2955.052073545462 2861.664506720705 540.0
v 2953.803520032836 2857.8218541296133 540.0
v 2952.55496652021 2853.979201538522 540.0
v 2951.306413007584 2850.1365489474306 540.0
v 2950.057859494958 2846.293896356339 540.0
v 2948.809305982332 2842.4512437652475 540.0
v 2947.5607524697057 2838.6085911741557 540.0
v 2946.3121989570795 2834.7659385830643 540.0
v 2945.063645444454 2830.9232859919725 540.0
v 2943.8150919318277 2827.080633400881 540.0
v 2942.5665384192016 2823.23798080979 540.0
v 2941.3179849065755 2819.395328218698 540.0
v 2940.0694313939493 2815.5526756276067 540.0
v 2938.820877881323 2811.710023036515 540.0
v 2937.5723243686975 2807.8673704454236 540.0
v 2936.3237708560714 2804.024717854332 540.0
v 2935.0752173434453 2800.1820652632405 540.0
v 2933.826663830819 2796.339412672149 540.0
v 2932.578110318193 2792.4967600810573 540.0
v 2931.329556805567 2788.654107489966 540.0
v 2930.081003292941 2784.811454898874 540.0
v 2928.832449780315 2780.968802307783 540.0
v 2927.583896267689 2777.1261497166915 540.0
v 2926.335342755063 2773.2834971255998 540.0
v 2925.0867892424367 2769.4408445345084 540.0
v 2923.838235729811 2765.5981919434166 540.0
v 2922.589682217185 2761.7555393523253 540.0
v 2921.3411287045587 2757.9128867612335 540.0
v 2920.0925751919326 2754.070234170142 540.0
v 2918.8440216793065 2750.227581579051 540.0
v 2917.5954681666803 2746.384928987959 540.0
v 2916.3469146540547 2742.5422763968677 540.0
v 2915.0983611414285 2738.699623805776 540.0
v 2913.8498076288024 2734.8569712146846 540.0
v 2912.6012541161763 2731.0143186235928 540.0
v 2911.35270060355 2727.1716660325014 540.0
v 2910.104147090924 2723.32901344141 540.0
v 2908.8555935782983 2719.4863608503183 540.0
v 2907.607040065672 2715.643708259227 540.0
v 2906.358486553046 2711.801055668135 540.0
v 2905.10993304042 2707.958403077044 540.0
v 2903.861379527794 2704.115750485952 540.0
v 2902.6128260151677 2700.2730978948607 540.0
v 2901.364272502542 2696.4304453037694 540.0
v 2900.115718989916 2692.5877927126776 540.0
v 2898.8671654772897 2688.7451401215862 540.0
v 2897.6186119646636 2684.9024875304945 540.0
v 2896.3700584520375 2681.059834939403 540.0
v 2895.1215049394114 2677.217182348312 540.0
v 2893.8729514267857 2673.37452975722 540.0
v 2892.6243979141595 2669.5318771661287 540.0
v 2891.3758444015334 2665.689224575037 540.0
v 2890.1272908889073 2661.8465719839455 540.0
v 2888.878737376281 2658.003919392854 540.0
v 2887.6301838636555 2654.1612668017624 540.0
v 2886.3816303510293 2650.318614210671 540.0
v 2885.133076838403 2646.4759616195793 540.0
v 2883.884523325777 2642.633309028488 540.0
v 2882.635969813151 2638.790656437396 540.0
v 2881.387416300525 2634.948003846305 540.0
v 2880.138862787899 2631.1053512552135 540.0
v 2878.890309275273 2627.2626986641217 540.0
v 2877.641755762647 2623.4200460730303 540.0
v 2876.3932022500207 2619.5773934819385 540.0
v 3000.0 3000.0 560.0
v 3001.248553512626 2996.1573474089087 560.0
v 3002.4971070252523 2992.314694817817 560.0
v 3003.745660537878 2988.4720422267255 560.0
v 3004.994214050504 2984.6293896356337 560.0
v 3006.24276756313 2980.7867370445424 560.0
v 3007.4913210757563 2976.9440844534506 560.0
v 3008.7398745883825 2973.1014318623593 560.0
v 3009.9884281010086 2969.258779271268 560.0
v 3011.2369816136343 2965.416126680176 560.0
v 3012.4855351262604 2961.573474089085 560.0
v 3013.7340886388865 2957.730821497993 560.0
v 3014.9826421515127 2953.8881689069017 560.0
v 3016.231195664139 2950.04551631581 560.0
v 3017.4797491767645 2946.2028637247186 560.0
v 3018.7283026893906 2942.360211133627 560.0
v 3019.9768562020167 2938.5175585425354 560.0
v 3021.225409714643 2934.674905951444 560.0
v 3022.473963227269 2930.8322533603523 560.0
v 3023.722516739895 2926.989600769261 560.0
v 3024.971070252521 2923.1469481781696 560.0
v 3026.219623765147 2919.304295587078 560.0
v 3027.468177277773 2915.4616429959865 560.0
v 3028.716730790399 2911.6189904048947 560.0
v 3029.9652843030253 2907.7763378138034 560.0
v 3031.213837815651 2903.9336852227116 560.0
v 3032.462391328277 2900.0910326316202 560.0
v 3033.7109448409033 2896.248380040529 560.0
v 3034.9594983535294 2892.405727449437 560.0
v 3036.2080518661555 2888.5630748583458 560.0
v 3037.456605378781 2884.720422267254 560.0
v 3038.7051588914073 2880.8777696761626 560.0
v 3039.9537124040335 2877.035117085071 560.0
v 3041.2022659166596 2873.1924644939795 560.0
v 3042.4508194292857 2869.349811902888 560.0
v 3043.699372941912 2865.5071593117964 560.0
v 3044.9479264545375 2861.664506720705 560.0
v 3046.1964799671637 2857.8218541296133 560.0
v 3047.44503347979 2853.979201538522 560.0
v 3048.693586992416 2850.13654894743 560.0
v 3049.942140505042 2846.293896356339 560.0
v 3051.1906940176677 2842.4512437652475 560.0
v 3052.439247530294 2838.6085911741557 560.0
v 3053.68780104292 2834.7659385830643 560.0
v 3054.936354555546 2830.9232859919725 560.0
v 3056.1849080681723 2827.080633400881 560.0
v 3057.4334615807984 2823.2379808097894 560.0
v 3058.682015093424 2819.395328218698 560.0
v 3059.93056860605 2815.5526756276067 560.0
v 3061.1791221186763 2811.710023036515 560.0
v 3062.4276756313025 2807.8673704454236 560.0
v 3063.6762291439286 2804.024717854332 560.0
v 3064.9247826565543 2800.1820652632405 560.0
v 3066.1733361691804 2796.3394126721487 560.0
v 3067.4218896818065 2792.4967600810573 560.0
v 3068.6704431944327 2788.654107489966 560.0
v 3069.918996707059 2784.811454898874 560.0
v 3071.167550219685 2780.968802307783 560.0
v 3072.4161037323106 2777.126149716691 560.0
v 3073.6646572449367 2773.2834971255998 560.0
v 3074.913210757563 2769.440844534508 560.0
v 3076.161764270189 2765.5981919434166 560.0
v 3077.410317782815 2761.7555393523253 560.0
v 3078.658871295441 2757.9128867612335 560.0
v 3079.907424808067 2754.070234170142 560.0
v 3081.155978320693 2750.2275815790504 560.0
v 3082.404531833319 2746.384928987959 560.0
v 3083.6530853459453 2742.5422763968672 560.0
v 3084.9016388585715 2738.699623805776 560.0
v 3086.150192371197 2734.8569712146846 560.0
v 3087.3987458838233 2731.0143186235928 560.0
v 3088.6472993964494 2727.1716660325014 560.0
v 3089.8958529090755 2723.3290134414096 560.0
v 3091.1444064217017 2719.4863608503183 560.0
v 3092.3929599343273 2715.6437082592265 560.0
v 3093.6415134469535 2711.801055668135 560.0
v 3094.8900669595796 2707.958403077044 560.0
v 3096.1386204722057 2704.115750485952 560.0
v 3097.387173984832 2700.2730978948607 560.0
v 3098.635727497458 2696.430445303769 560.0
v 3099.8842810100837 2692.5877927126776 560.0
v 3101.13283452271 2688.745140121586 560.0
v 3102.381388035336 2684.9024875304945 560.0
v 3103.629941547962 2681.059834939403 560.0
v 3104.878495060588 2677.2171823483113 560.0
v 3106.127048573214 2673.37452975722 560.0
v 3107.37560208584 2669.531877166128 560.0
v 3108.624155598466 2665.689224575037 560.0
v 3109.8727091110923 2661.8465719839455 560.0
v 3111.1212626237184 2658.0039193928537 560.0
v 3112.369816136344 2654.1612668017624 560.0
v 3113.61836964897 2650.3186142106706 560.0
v 3114.8669231615963 2646.4759616195793 560.0
v 3116.1154766742225 2642.633309028488 560.0
v 3117.3640301868486 2638.790656437396 560.0
v 3118.6125836994747 2634.948003846305 560.0
v 3119.8611372121004 2631.105351255213 560.0
v 3121.1096907247265 2627.2626986641217 560.0
v 3122.3582442373527 2623.42004607303 560.0
v 3123.606797749979 2619.5773934819385 560.0
v 3000.0 3000.0 580.0
v 3003.268755532828 2997.6251100917475 580.0
v 3006.537511065656 2995.250220183495 580.0
v 3009.8062665984844 2992.875330275243 580.0
v 3013.0750221313124 2990.5004403669905 580.0
v 3016.3437776641404 2988.125550458738 580.0
v 3019.6125331969683 2985.7506605504855 580.0
v 3022.8812887297963 2983.375770642233 580.0
v 3026.1500442626248 2981.0008807339805 580.0
v 3029.4187997954527 2978.6259908257284 580.0
v 3032.6875553282807 2976.251100917476 580.0
v 3035.9563108611087 2973.8762110092234 580.0
v 3039.2250663939367 2971.501321100971 580.0
v 3042.493821926765 2969.1264311927184 580.0
v 3045.762577459593 2966.751541284466 580.0
v 3049.031332992421 2964.376651376214 580.0
v 3052.300088525249 2962.0017614679614 580.0
v 3055.568844058077 2959.626871559709 580.0
v 3058.837599590905 2957.2519816514564 580.0
v 3062.1063551237335 2954.877091743204 580.0
v 3065.3751106565614 2952.502201834952 580.0
v 3068.6438661893894 2950.1273119266993 580.0
v 3071.9126217222174 2947.752422018447 580.0
v 3075.1813772550454 2945.3775321101944 580.0
v 3078.450132787874 2943.002642201942 580.0
v 3081.718888320702 2940.6277522936894 580.0
v 3084.98764385353 2938.2528623854373 580.0
v 3088.2563993863578 2935.877972477185 580.0
v 3091.5251549191858 2933.5030825689323 580.0
v 3094.793910452014 2931.12819266068 580.0
v 3098.062665984842 2928.7533027524273 580.0
v 3101.33142151767 2926.378412844175 580.0
v 3104.600177050498 2924.003522935923 580.0
v 3107.868932583326 2921.6286330276703 580.0
v 3111.137688116154 2919.253743119418 580.0
v 3114.4064436489825 2916.8788532111653 580.0
v 3117.6751991818105 2914.503963302913 580.0
v 3120.9439547146385 2912.1290733946603 580.0
v 3124.2127102474665 2909.7541834864082 580.0
v 3127.4814657802945 2907.3792935781557 580.0
v 3130.750221313123 2905.0044036699032 580.0
v 3134.018976845951 2902.6295137616507 580.0
v 3137.287732378779 2900.2546238533982 580.0
v 3140.556487911607 2897.8797339451457 580.0
v 3143.825243444435 2895.5048440368937 580.0
v 3147.0939989772633 2893.129954128641 580.0
v 3150.3627545100912 2890.7550642203887 580.0
v 3153.631510042919 2888.380174312136 580.0
v 3156.900265575747 2886.0052844038837 580.0
v 3160.169021108575 2883.6303944956317 580.0
v 3163.4377766414036 2881.255504587379 580.0
v 3166.7065321742316 2878.8806146791267 580.0
v 3169.9752877070596 2876.505724770874 580.0
v 3173.2440432398876 2874.1308348626217 580.0
v 3176.5127987727155 2871.7559449543696 580.0
v 3179.781554305544 2869.381055046117 580.0
v 3183.050309838372 2867.0061651378646 580.0
v 3186.3190653712 2864.631275229612 580.0
v 3189.587820904028 2862.2563853213596 580.0
v 3192.856576436856 2859.881495413107 580.0
v 3196.1253319696843 2857.5066055048546 580.0
v 3199.3940875025123 2855.1317155966026 580.0
v 3202.6628430353403 2852.75682568835 580.0
v 3205.9315985681683 2850.3819357800976 580.0
v 3209.2003541009963 2848.007045871845 580.0
v 3212.4691096338247 2845.6321559635926 580.0
v 3215.7378651666527 2843.2572660553406 580.0
v 3219.0066206994807 2840.882376147088 580.0
v 3222.2753762323086 2838.5074862388356 580.0
v 3225.5441317651366 2836.132596330583 580.0
v 3228.812887297965 2833.7577064223306 580.0
v 3232.081642830793 2831.3828165140785 580.0
v 3235.350398363621 2829.007926605826 580.0
v 3238.619153896449 2826.6330366975735 580.0
v 3241.887909429277 2824.258146789321 580.0
v 3245.156664962105 2821.8832568810685 580.0
v 3248.4254204949334 2819.508366972816 580.0
v 3251.6941760277614 2817.1334770645635 580.0
v 3254.9629315605894 2814.7585871563115 580.0
v 3258.2316870934173 2812.383697248059 580.0
v 3261.5004426262453 2810.0088073398065 580.0
v 3264.7691981590738 2807.633917431554 580.0
v 3268.0379536919017 2805.2590275233015 580.0
v 3271.3067092247297 2802.8841376150494 580.0
v 3274.5754647575577 2800.509247706797 580.0
v 3277.8442202903857 2798.1343577985444 580.0
v 3281.112975823214 2795.759467890292 580.0
v 3284.381731356042 2793.3845779820394 580.0
v 3287.65048688887 2791.009688073787 580.0
v 3290.919242421698 2788.634798165535 580.0
v 3294.187997954526 2786.2599082572824 580.0
v 3297.456753487354 2783.88501834903 580.0
v 3300.7255090201825 2781.5101284407774 580.0
v 3303.9942645530105 2779.135238532525 580.0
v 3307.2630200858384 2776.7603486242724 580.0
v 3310.5317756186664 2774.3854587160204 580.0
v 3313.8005311514944 2772.010568807768 580.0
v 3317.069286684323 2769.6356788995154 580.0
v 3320.338042217151 2767.260788991263 580.0
v 3323.606797749979 2764.8858990830104 580.0
v 3000.0 3000.0 600.0
v 3004.040404040404 3000.0 600.0
v 3008.080808080808 3000.0 600.0
v 3012.121212121212 3000.0 600.0
v 3016.161616161616 3000.0 600.0
v 3020.2020202020203 3000.0 600.0
v 3024.242424242424 3000.0 600.0
v 3028.282828282828 3000.0 600.0
v 3032.3232323232323 3000.0 600.0
v 3036.3636363636365 3000.0 600.0
v 3040.40404040404 3000.0 600.0
v 3044.4444444444443 3000.0 600.0
v 3048.4848484848485 3000.0 600.0
v 3052.5252525252527 3000.0 600.0
v 3056.5656565656564 3000.0 600.0
v 3060.6060606060605 3000.0 600.0
v 3064.6464646464647 3000.0 600.0
v 3068.686868686869 3000.0 600.0
v 3072.7272727272725 3000.0 600.0
v 3076.7676767676767 3000.0 600.0
v 3080.808080808081 3000.0 600.0
v 3084.848484848485 3000.0 600.0
v 3088.8888888888887 3000.0 600.0
v 3092.929292929293 3000.0 600.0
v 3096.969696969697 3000.0 600.0
v 3101.010101010101 3000.0 600.0
v 3105.050505050505 3000.0 600.0
v 3109.090909090909 3000.0 600.0
v 3113.131313131313 3000.0 600.0
v 3117.1717171717173 3000.0 600.0
v 3121.212121212121 3000.0 600.0
v 3125.252525252525 3000.0 600.0
v 3129.2929292929293 3000.0 600.0
v 3133.3333333333335 3000.0 600.0
v 3137.373737373737 3000.0 600.0
v 3141.4141414141413 3000.0 600.0
v 3145.4545454545455 3000.0 600.0
v 3149.4949494949497 3000.0 600.0
v 3153.5353535353534 3000.0 600.0
v 3157.5757575757575 3000.0 600.0
v 3161.6161616161617 3000.0 600.0
v 3165.656565656566 3000.0 600.0
v 3169.6969696969695 3000.0 600.0
v 3173.7373737373737 3000.0 600.0
v 3177.777777777778 3000.0 600.0
v 3181.818181818182 3000.0 600.0
v 3185.8585858585857 3000.0 600.0
v 3189.89898989899 3000.0 600.0
v 3193.939393939394 3000.0 600.0
v 3197.979797979798 3000.0 600.0
v 3202.020202020202 3000.0 600.0
v 3206.060606060606 3000.0 600.0
v 3210.10101010101 3000.0 600.0
v 3214.1414141414143 3000.0 600.0
v 3218.181818181818 3000.0 600.0
v 3222.222222222222 3000.0 600.0
v 3226.2626262626263 3000.0 600.0
v 3230.3030303030305 3000.0 600.0
v 3234.343434343434 3000.0 600.0
v 3238.3838383838383 3000.0 600.0
v 3242.4242424242425 3000.0 600.0
v 3246.4646464646466 3000.0 600.0
v 3250.5050505050503 3000.0 600.0
v 3254.5454545454545 3000.0 600.0
v 3258.5858585858587 3000.0 600.0
v 3262.626262626263 3000.0 600.0
v 3266.6666666666665 3000.0 600.0
v 3270.7070707070707 3000.0 600.0
v 3274.747474747475 3000.0 600.0
v 3278.787878787879 3000.0 600.0
v 3282.8282828282827 3000.0 600.0
v 3286.868686868687 3000.0 600.0
v 3290.909090909091 3000.0 600.0
v 3294.9494949494947 3000.0 600.0
v 3298.989898989899 3000.0 600.0
v 3303.030303030303 3000.0 600.0
v 3307.070707070707 3000.0 600.0
v 3311.1111111111113 2999.9999999999995 600.0
v 3315.151515151515 2999.9999999999995 600.0
v 3319.191919191919 2999.9999999999995 600.0
v 3323.2323232323233 2999.9999999999995 600.0
v 3327.2727272727275 2999.9999999999995 600.0
v 3331.313131313131 2999.9999999999995 600.0
v 3335.3535353535353 2999.9999999999995 600.0
v 3339.3939393939395 2999.9999999999995 600.0
v 3343.4343434343436 2999.9999999999995 600.0
v 3347.4747474747473 2999.9999999999995 600.0
v 3351.5151515151515 2999.9999999999995 600.0
v 3355.5555555555557 2999.9999999999995 600.0
v 3359.5959595959594 2999.9999999999995 600.0
v 3363.6363636363635 2999.9999999999995 600.0
v 3367.6767676767677 2999.9999999999995 600.0
v 3371.717171717172 2999.9999999999995 600.0
v 3375.757575757576 2999.9999999999995 600.0
v 3379.7979797979797 2999.9999999999995 600.0
v 3383.838383838384 2999.9999999999995 600.0
v 3387.878787878788 2999.9999999999995 600.0
v 3391.9191919191917 2999.9999999999995 600.0
v 3395.959595959596 2999.9999999999995 600.0
v 3400.0 2999.9999999999995 600.0
v 3000.0 3000.0 620.0
v 3003.268755532828 3002.3748899082525 620.0
v 3006.537511065656 3004.749779816505 620.0
v 3009.8062665984844 3007.124669724757 620.0
v 3013.0750221313124 3009.4995596330095 620.0
v 3016.3437776641404 3011.874449541262 620.0
v 3019.6125331969683 3014.2493394495145 620.0
v 3022.8812887297963 3016.624229357767 620.0
v 3026.1500442626248 3018.9991192660195 620.0
v 3029.4187997954527 3021.3740091742716 620.0
v 3032.6875553282807 3023.748899082524 620.0
v 3035.9563108611087 3026.1237889907766 620.0
v 3039.2250663939367 3028.498678899029 620.0
v 3042.493821926765 3030.8735688072816 620.0
v 3045.762577459593 3033.2484587155336 620.0
v 3049.031332992421 3035.623348623786 620.0
v 3052.300088525249 3037.9982385320386 620.0
v 3055.568844058077 3040.373128440291 620.0
v 3058.8375995909055 3042.7480183485436 620.0
v 3062.1063551237335 3045.1229082567957 620.0
v 3065.3751106565614 3047.497798165048 620.0
v 3068.6438661893894 3049.8726880733007 620.0
v 3071.9126217222174 3052.247577981553 620.0
v 3075.181377255046 3054.6224678898056 620.0
v 3078.450132787874 3056.997357798058 620.0
v 3081.718888320702 3059.37224770631 620.0
v 3084.98764385353 3061.7471376145627 620.0
v 3088.2563993863578 3064.122027522815 620.0
v 3091.525154919186 3066.4969174310677 620.0
v 3094.793910452014 3068.87180733932 620.0
v 3098.062665984842 3071.2466972475722 620.0
v 3101.33142151767 3073.6215871558247 620.0
v 3104.600177050498 3075.996477064077 620.0
v 3107.8689325833266 3078.3713669723297 620.0
v 3111.1376881161545 3080.746256880582 620.0
v 3114.4064436489825 3083.1211467888343 620.0
v 3117.6751991818105 3085.4960366970868 620.0
v 3120.9439547146385 3087.8709266053393 620.0
v 3124.212710247467 3090.2458165135918 620.0
v 3127.481465780295 3092.6207064218443 620.0
v 3130.750221313123 3094.9955963300968 620.0
v 3134.018976845951 3097.370486238349 620.0
v 3137.287732378779 3099.7453761466013 620.0
v 3140.5564879116073 3102.120266054854 620.0
v 3143.8252434444353 3104.4951559631063 620.0
v 3147.0939989772633 3106.870045871359 620.0
v 3150.3627545100912 3109.244935779611 620.0
v 3153.631510042919 3111.6198256878633 620.0
v 3156.9002655757477 3113.994715596116 620.0
v 3160.1690211085756 3116.3696055043683 620.0
v 3163.4377766414036 3118.744495412621 620.0
v 3166.7065321742316 3121.1193853208733 620.0
v 3169.9752877070596 3123.4942752291254 620.0
v 3173.244043239888 3125.869165137378 620.0
v 3176.512798772716 3128.2440550456304 620.0
v 3179.781554305544 3130.618944953883 620.0
v 3183.050309838372 3132.9938348621354 620.0
v 3186.3190653712 3135.3687247703874 620.0
v 3189.5878209040284 3137.74361467864 620.0
v 3192.8565764368564 3140.1185045868924 620.0
v 3196.1253319696843 3142.493394495145 620.0
v 3199.3940875025123 3144.8682844033974 620.0
v 3202.6628430353403 3147.2431743116495 620.0
v 3205.9315985681687 3149.618064219902 620.0
v 3209.2003541009967 3151.9929541281545 620.0
v 3212.4691096338247 3154.367844036407 620.0
v 3215.7378651666527 3156.7427339446594 620.0
v 3219.0066206994807 3159.117623852912 620.0
v 3222.275376232309 3161.492513761164 620.0
v 3225.544131765137 3163.8674036694165 620.0
v 3228.812887297965 3166.242293577669 620.0
v 3232.081642830793 3168.6171834859215 620.0
v 3235.350398363621 3170.992073394174 620.0
v 3238.6191538964495 3173.366963302426 620.0
v 3241.8879094292774 3175.7418532106785 620.0
v 3245.1566649621054 3178.116743118931 620.0
v 3248.4254204949334 3180.4916330271835 620.0
v 3251.6941760277614 3182.866522935436 620.0
v 3254.96293156059 3185.241412843688 620.0
v 3258.231687093418 3187.6163027519406 620.0
v 3261.500442626246 3189.991192660193 620.0
v 3264.7691981590738 3192.3660825684456 620.0
v 3268.0379536919017 3194.740972476698 620.0
v 3271.30670922473 3197.1158623849506 620.0
v 3274.575464757558 3199.4907522932026 620.0
v 3277.844220290386 3201.865642201455 620.0
v 3281.112975823214 3204.2405321097076 620.0
v 3284.381731356042 3206.61542201796 620.0
v 3287.6504868888705 3208.9903119262126 620.0
v 3290.9192424216985 3211.3652018344646 620.0
v 3294.1879979545265 3213.740091742717 620.0
v 3297.4567534873545 3216.1149816509696 620.0
v 3300.7255090201825 3218.489871559222 620.0
v 3303.994264553011 3220.8647614674746 620.0
v 3307.263020085839 3223.2396513757267 620.0
v 3310.531775618667 3225.614541283979 620.0
v 3313.800531151495 3227.9894311922317 620.0
v 3317.069286684323 3230.364321100484 620.0
v 3320.3380422171513 3232.7392110087367 620.0
v 3323.6067977499793 3235.114100916989 620.0
v 3000.0 3000.0 640.0
v 3001.248553512626 3003.8426525910913 640.0
v 3002.4971070252523 3007.685305182183 640.0
v 3003.745660537878 3011.5279577732745 640.0
v 3004.994214050504 3015.3706103643663 640.0
v 3006.24276756313 3019.2132629554576 640.0
v 3007.4913210757563 3023.0559155465494 640.0
v 3008.7398745883825 3026.8985681376407 640.0
v 3009.9884281010086 3030.741220728732 640.0
v 3011.2369816136343 3034.583873319824 640.0
v 3012.4855351262604 3038.426525910915 640.0
v 3013.7340886388865 3042.269178502007 640.0
v 3014.9826421515127 3046.1118310930983 640.0
v 3016.231195664139 3049.9544836841897 640.0
v 3017.479749176765 3053.7971362752814 640.0
v 3018.7283026893906 3057.639788866373 640.0
v 3019.9768562020167 3061.4824414574646 640.0
v 3021.225409714643 3065.325094048556 640.0
v 3022.473963227269 3069.1677466396477 640.0
v 3023.722516739895 3073.010399230739 640.0
v 3024.9710702525213 3076.8530518218304 640.0
v 3026.219623765147 3080.695704412922 640.0
v 3027.468177277773 3084.5383570040135 640.0
v 3028.716730790399 3088.3810095951053 640.0
v 3029.9652843030253 3092.2236621861966 640.0
v 3031.2138378156515 3096.0663147772884 640.0
v 3032.4623913282776 3099.9089673683798 640.0
v 3033.7109448409033 3103.751619959471 640.0
v 3034.9594983535294 3107.594272550563 640.0
v 3036.2080518661555 3111.4369251416542 640.0
v 3037.4566053787817 3115.279577732746 640.0
v 3038.705158891408 3119.1222303238374 640.0
v 3039.953712404034 3122.964882914929 640.0
v 3041.2022659166596 3126.8075355060205 640.0
v 3042.4508194292857 3130.650188097112 640.0
v 3043.699372941912 3134.4928406882036 640.0
v 3044.947926454538 3138.335493279295 640.0
v 3046.196479967164 3142.1781458703867 640.0
v 3047.44503347979 3146.020798461478 640.0
v 3048.693586992416 3149.8634510525694 640.0
v 3049.942140505042 3153.706103643661 640.0
v 3051.190694017668 3157.5487562347525 640.0
v 3052.4392475302943 3161.3914088258443 640.0
v 3053.6878010429205 3165.2340614169357 640.0
v 3054.936354555546 3169.076714008027 640.0
v 3056.1849080681723 3172.919366599119 640.0
v 3057.4334615807984 3176.76201919021 640.0
v 3058.6820150934245 3180.604671781302 640.0
v 3059.9305686060507 3184.4473243723933 640.0
v 3061.179122118677 3188.289976963485 640.0
v 3062.4276756313025 3192.1326295545764 640.0
v 3063.6762291439286 3195.9752821456677 640.0
v 3064.9247826565547 3199.8179347367595 640.0
v 3066.173336169181 3203.660587327851 640.0
v 3067.421889681807 3207.5032399189427 640.0
v 3068.670443194433 3211.345892510034 640.0
v 3069.918996707059 3215.188545101126 640.0
v 3071.167550219685 3219.031197692217 640.0
v 3072.416103732311 3222.8738502833085 640.0
v 3073.664657244937 3226.7165028744002 640.0
v 3074.9132107575633 3230.5591554654916 640.0
v 3076.1617642701895 3234.4018080565834 640.0
v 3077.410317782815 3238.2444606476747 640.0
v 3078.6588712954413 3242.0871132387665 640.0
v 3079.9074248080674 3245.929765829858 640.0
v 3081.1559783206935 3249.772418420949 640.0
v 3082.4045318333197 3253.615071012041 640.0
v 3083.653085345946 3257.4577236031323 640.0
v 3084.9016388585715 3261.300376194224 640.0
v 3086.1501923711976 3265.1430287853154 640.0
v 3087.3987458838237 3268.9856813764072 640.0
v 3088.64729939645 3272.8283339674986 640.0
v 3089.895852909076 3276.67098655859 640.0
v 3091.1444064217017 3280.5136391496817 640.0
v 3092.392959934328 3284.356291740773 640.0
v 3093.641513446954 3288.1989443318644 640.0
v 3094.89006695958 3292.041596922956 640.0
v 3096.138620472206 3295.884249514048 640.0
v 3097.3871739848323 3299.7269021051393 640.0
v 3098.635727497458 3303.5695546962306 640.0
v 3099.884281010084 3307.4122072873224 640.0
v 3101.1328345227103 3311.2548598784138 640.0
v 3102.3813880353364 3315.097512469505 640.0
v 3103.6299415479625 3318.940165060597 640.0
v 3104.8784950605886 3322.782817651688 640.0
v 3106.1270485732143 3326.62547024278 640.0
v 3107.3756020858405 3330.4681228338713 640.0
v 3108.6241555984666 3334.310775424963 640.0
v 3109.8727091110927 3338.1534280160545 640.0
v 3111.121262623719 3341.996080607146 640.0
v 3112.369816136345 3345.8387331982376 640.0
v 3113.6183696489707 3349.681385789329 640.0
v 3114.866923161597 3353.5240383804207 640.0
v 3116.115476674223 3357.366690971512 640.0
v 3117.364030186849 3361.209343562604 640.0
v 3118.612583699475 3365.051996153695 640.0
v 3119.8611372121013 3368.8946487447865 640.0
v 3121.109690724727 3372.7373013358783 640.0
v 3122.358244237353 3376.5799539269697 640.0
v 3123.6067977499793 3380.4226065180615 640.0
v 3000.0 3000.0 660.0
v 2998.751446487374 3003.8426525910913 660.0
v 2997.5028929747477 3007.685305182183 660.0
v 2996.254339462122 3011.5279577732745 660.0
v 2995.005785949496 3015.3706103643663 660.0
v 2993.75723243687 3019.2132629554576 660.0
v 2992.5086789242437 3023.0559155465494 660.0
v 2991.2601254116175 3026.8985681376407 660.0
v 2990.0115718989914 3030.741220728732 660.0
v 2988.7630183863657 3034.583873319824 660.0
v 2987.5144648737396 3038.426525910915 660.0
v 2986.2659113611135 3042.269178502007 660.0
v 2985.0173578484873 3046.1118310930983 660.0
v 2983.768804335861 3049.95448368419 660.0
v 2982.5202508232355 3053.7971362752814 660.0
v 2981.2716973106094 3057.639788866373 660.0
v 2980.0231437979833 3061.4824414574646 660.0
v 2978.774590285357 3065.325094048556 660.0
v 2977.526036772731 3069.1677466396477 660.0
v 2976.2774832601053 3073.010399230739 660.0
v 2975.028929747479 3076.8530518218304 660.0
v 2973.780376234853 3080.695704412922 660.0
v 2972.531822722227 3084.5383570040135 660.0
v 2971.283269209601 3088.3810095951053 660.0
v 2970.0347156969747 3092.2236621861966 660.0
v 2968.786162184349 3096.0663147772884 660.0
v 2967.537608671723 3099.9089673683798 660.0
v 2966.2890551590967 3103.751619959471 660.0
v 2965.0405016464706 3107.594272550563 660.0
v 2963.7919481338445 3111.4369251416542 660.0
v 2962.543394621219 3115.279577732746 660.0
v 2961.2948411085927 3119.1222303238374 660.0
v 2960.0462875959665 3122.964882914929 660.0
v 2958.7977340833404 3126.8075355060205 660.0
v 2957.5491805707143 3130.650188097112 660.0
v 2956.300627058088 3134.4928406882036 660.0
v 2955.0520735454625 3138.335493279295 660.0
v 2953.8035200328363 3142.1781458703867 660.0
v 2952.55496652021 3146.020798461478 660.0
v 2951.306413007584 3149.86345105257 660.0
v 2950.057859494958 3153.706103643661 660.0
v 2948.8093059823323 3157.5487562347525 660.0
v 2947.560752469706 3161.3914088258443 660.0
v 2946.31219895708 3165.2340614169357 660.0
v 2945.063645444454 3169.0767140080275 660.0
v 2943.8150919318277 3172.919366599119 660.0
v 2942.5665384192016 3176.7620191902106 660.0
v 2941.317984906576 3180.604671781302 660.0
v 2940.06943139395 3184.4473243723933 660.0
v 2938.8208778813237 3188.289976963485 660.0
v 2937.5723243686975 3192.1326295545764 660.0
v 2936.3237708560714 3195.975282145668 660.0
v 2935.0752173434457 3199.8179347367595 660.0
v 2933.8266638308196 3203.6605873278513 660.0
v 2932.5781103181935 3207.5032399189427 660.0
v 2931.3295568055673 3211.345892510034 660.0
v 2930.081003292941 3215.188545101126 660.0
v 2928.8324497803155 3219.031197692217 660.0
v 2927.5838962676894 3222.873850283309 660.0
v 2926.3353427550633 3226.7165028744002 660.0
v 2925.086789242437 3230.559155465492 660.0
v 2923.838235729811 3234.4018080565834 660.0
v 2922.589682217185 3238.2444606476747 660.0
v 2921.341128704559 3242.0871132387665 660.0
v 2920.092575191933 3245.929765829858 660.0
v 2918.844021679307 3249.7724184209496 660.0
v 2917.595468166681 3253.615071012041 660.0
v 2916.3469146540547 3257.4577236031328 660.0
v 2915.098361141429 3261.300376194224 660.0
v 2913.849807628803 3265.1430287853154 660.0
v 2912.6012541161767 3268.9856813764072 660.0
v 2911.3527006035506 3272.8283339674986 660.0
v 2910.1041470909245 3276.6709865585904 660.0
v 2908.855593578299 3280.5136391496817 660.0
v 2907.6070400656727 3284.3562917407735 660.0
v 2906.3584865530465 3288.198944331865 660.0
v 2905.1099330404204 3292.041596922956 660.0
v 2903.8613795277943 3295.884249514048 660.0
v 2902.612826015168 3299.7269021051393 660.0
v 2901.3642725025425 3303.569554696231 660.0
v 2900.1157189899163 3307.4122072873224 660.0
v 2898.86716547729 3311.254859878414 660.0
v 2897.618611964664 3315.0975124695055 660.0
v 2896.370058452038 3318.940165060597 660.0
v 2895.1215049394123 3322.7828176516887 660.0
v 2893.872951426786 3326.62547024278 660.0
v 2892.62439791416 3330.468122833872 660.0
v 2891.375844401534 3334.310775424963 660.0
v 2890.1272908889077 3338.153428016055 660.0
v 2888.8787373762816 3341.9960806071463 660.0
v 2887.630183863656 3345.8387331982376 660.0
v 2886.38163035103 3349.6813857893294 660.0
v 2885.1330768384037 3353.5240383804207 660.0
v 2883.8845233257775 3357.3666909715125 660.0
v 2882.6359698131514 3361.209343562604 660.0
v 2881.3874163005257 3365.0519961536957 660.0
v 2880.1388627878996 3368.894648744787 660.0
v 2878.8903092752735 3372.7373013358783 660.0
v 2877.6417557626473 3376.57995392697 660.0
v 2876.393202250021 3380.4226065180615 660.0
v 3000.0 3000.0 680.0
v 2996.731244467172 3002.3748899082525 680.0
v 2993.462488934344 3004.749779816505 680.0
v 2990.1937334015156 3007.124669724757 680.0
v 2986.9249778686876 3009.4995596330095 680.0
v 2983.6562223358596 3011.874449541262 680.0
v 2980.3874668030317 3014.2493394495145 680.0
v 2977.1187112702037 3016.624229357767 680.0
v 2973.8499557373752 3018.9991192660195 680.0
v 2970.5812002045473 3021.3740091742716 680.0
v 2967.3124446717193 3023.748899082524 680.0
v 2964.0436891388913 3026.1237889907766 680.0
v 2960.7749336060633 3028.498678899029 680.0
v 2957.506178073235 3030.8735688072816 680.0
v 2954.237422540407 3033.248458715534 680.0
v 2950.968667007579 3035.623348623786 680.0
v 2947.699911474751 3037.9982385320386 680.0
v 2944.431155941923 3040.373128440291 680.0
v 2941.162400409095 3042.7480183485436 680.0
v 2937.8936448762665 3045.122908256796 680.0
v 2934.6248893434386 3047.4977981650486 680.0
v 2931.3561338106106 3049.8726880733007 680.0
v 2928.0873782777826 3052.247577981553 680.0
v 2924.8186227449546 3054.6224678898056 680.0
v 2921.549867212126 3056.997357798058 680.0
v 2918.281111679298 3059.3722477063106 680.0
v 2915.01235614647 3061.747137614563 680.0
v 2911.7436006136422 3064.122027522815 680.0
v 2908.4748450808142 3066.4969174310677 680.0
v 2905.206089547986 3068.87180733932 680.0
v 2901.937334015158 3071.2466972475727 680.0
v 2898.66857848233 3073.621587155825 680.0
v 2895.399822949502 3075.996477064077 680.0
v 2892.131067416674 3078.3713669723297 680.0
v 2888.862311883846 3080.746256880582 680.0
v 2885.5935563510175 3083.1211467888347 680.0
v 2882.3248008181895 3085.496036697087 680.0
v 2879.0560452853615 3087.8709266053397 680.0
v 2875.7872897525335 3090.2458165135918 680.0
v 2872.5185342197055 3092.6207064218443 680.0
v 2869.249778686877 3094.9955963300968 680.0
v 2865.981023154049 3097.3704862383493 680.0
v 2862.712267621221 3099.7453761466018 680.0
v 2859.443512088393 3102.1202660548543 680.0
v 2856.174756555565 3104.4951559631063 680.0
v 2852.9060010227367 3106.870045871359 680.0
v 2849.6372454899088 3109.2449357796113 680.0
v 2846.368489957081 3111.619825687864 680.0
v 2843.099734424253 3113.9947155961163 680.0
v 2839.830978891425 3116.3696055043683 680.0
v 2836.5622233585964 3118.744495412621 680.0
v 2833.2934678257684 3121.1193853208733 680.0
v 2830.0247122929404 3123.494275229126 680.0
v 2826.7559567601124 3125.8691651373783 680.0
v 2823.4872012272845 3128.244055045631 680.0
v 2820.218445694456 3130.618944953883 680.0
v 2816.949690161628 3132.9938348621354 680.0
v 2813.6809346288 3135.368724770388 680.0
v 2810.412179095972 3137.7436146786404 680.0
v 2807.143423563144 3140.118504586893 680.0
v 2803.8746680303157 3142.4933944951454 680.0
v 2800.6059124974877 3144.8682844033974 680.0
v 2797.3371569646597 3147.24317431165 680.0
v 2794.0684014318317 3149.6180642199024 680.0
v 2790.7996458990037 3151.992954128155 680.0
v 2787.5308903661758 3154.3678440364074 680.0
v 2784.2621348333473 3156.7427339446594 680.0
v 2780.9933793005193 3159.117623852912 680.0
v 2777.7246237676914 3161.4925137611644 680.0
v 2774.4558682348634 3163.867403669417 680.0
v 2771.1871127020354 3166.2422935776694 680.0
v 2767.9183571692074 3168.617183485922 680.0
v 2764.649601636379 3170.9920733941744 680.0
v 2761.380846103551 3173.3669633024265 680.0
v 2758.112090570723 3175.741853210679 680.0
v 2754.843335037895 3178.1167431189315 680.0
v 2751.574579505067 3180.491633027184 680.0
v 2748.3058239722386 3182.8665229354365 680.0
v 2745.0370684394106 3185.2414128436885 680.0
v 2741.7683129065827 3187.616302751941 680.0
v 2738.4995573737547 3189.9911926601935 680.0
v 2735.2308018409267 3192.366082568446 680.0
v 2731.9620463080983 3194.7409724766985 680.0
v 2728.6932907752703 3197.1158623849506 680.0
v 2725.4245352424423 3199.490752293203 680.0
v 2722.1557797096143 3201.8656422014556 680.0
v 2718.8870241767863 3204.240532109708 680.0
v 2715.618268643958 3206.6154220179606 680.0
v 2712.34951311113 3208.990311926213 680.0
v 2709.080757578302 3211.3652018344656 680.0
v 2705.812002045474 3213.7400917427176 680.0
v 2702.543246512646 3216.11498165097 680.0
v 2699.2744909798175 3218.4898715592226 680.0
v 2696.0057354469895 3220.864761467475 680.0
v 2692.7369799141616 3223.2396513757276 680.0
v 2689.4682243813336 3225.6145412839796 680.0
v 2686.1994688485056 3227.989431192232 680.0
v 2682.930713315677 3230.3643211004846 680.0
v 2679.661957782849 3232.739211008737 680.0
v 2676.393202250021 3235.1141009169896 680.0
v 3000.0 3000.0 700.0
v 2995.959595959596 3000.0 700.0
v 2991.919191919192 3000.0 700.0
v 2987.878787878788 3000.0 700.0
v 2983.838383838384 3000.0 700.0
v 2979.7979797979797 3000.0 700.0
v 2975.757575757576 3000.0 700.0
v 2971.717171717172 3000.0 700.0
v 2967.6767676767677 3000.0 700.0
v 2963.6363636363635 3000.0 700.0
v 2959.59595959596 3000.0 700.0
v 2955.5555555555557 3000.0 700.0
v 2951.5151515151515 3000.0 700.0
v 2947.4747474747473 3000.0 700.0
v 2943.4343434343436 3000.0 700.0
v 2939.3939393939395 3000.0 700.0
v 2935.3535353535353 3000.0 700.0
v 2931.313131313131 3000.0 700.0
v 2927.2727272727275 3000.0 700.0
v 2923.2323232323233 3000.0 700.0
v 2919.191919191919 3000.0 700.0
v 2915.151515151515 3000.0 700.0
v 2911.1111111111113 3000.0 700.0
v 2907.070707070707 3000.0 700.0
v 2903.030303030303 3000.0 700.0
v 2898.989898989899 3000.0 700.0
v 2894.949494949495 3000.0 700.0
v 2890.909090909091 3000.0 700.0
v 2886.868686868687 3000.0 700.0
v 2882.8282828282827 3000.0 700.0
v 2878.787878787879 3000.0 700.0
v 2874.747474747475 3000.0 700.0
v 2870.7070707070707 3000.0 700.0
v 2866.6666666666665 3000.0 700.0
v 2862.626262626263 3000.0 700.0
v 2858.5858585858587 3000.0 700.0
v 2854.5454545454545 3000.0 700.0
v 2850.5050505050503 3000.0 700.0
v 2846.4646464646466 3000.0 700.0
v 2842.4242424242425 3000.0 700.0
v 2838.3838383838383 3000.0 700.0
v 2834.343434343434 3000.0 700.0
v 2830.3030303030305 3000.0 700.0
v 2826.2626262626263 3000.0 700.0
v 2822.222222222222 3000.0 700.0
v 2818.181818181818 3000.0 700.0
v 2814.1414141414143 3000.0 700.0
v 2810.10101010101 3000.0 700.0
v 2806.060606060606 3000.0 700.0
v 2802.020202020202 3000.0 700.0
v 2797.979797979798 3000.0 700.0
v 2793.939393939394 3000.0 700.0
v 2789.89898989899 3000.0 700.0
v 2785.8585858585857 3000.0 700.0
v 2781.818181818182 3000.0 700.0
v 2777.777777777778 3000.0 700.0
v 2773.7373737373737 3000.0 700.0
v 2769.6969696969695 3000.0 700.0
v 2765.656565656566 3000.0 700.0
v 2761.6161616161617 3000.0 700.0
v 2757.5757575757575 3000.0 700.0
v 2753.5353535353534 3000.0 700.0
v 2749.4949494949497 3000.0 700.0
v 2745.4545454545455 3000.0 700.0
v 2741.4141414141413 3000.0 700.0
v 2737.373737373737 3000.0 700.0
v 2733.3333333333335 3000.0000000000005 700.0
v 2729.2929292929293 3000.0000000000005 700.0
v 2725.252525252525 3000.0000000000005 700.0
v 2721.212121212121 3000.0000000000005 700.0
v 2717.1717171717173 3000.0000000000005 700.0
v 2713.131313131313 3000.0000000000005 700.0
v 2709.090909090909 3000.0000000000005 700.0
v 2705.0505050505053 3000.0000000000005 700.0
v 2701.010101010101 3000.0000000000005 700.0
v 2696.969696969697 3000.0000000000005 700.0
v 2692.929292929293 3000.0000000000005 700.0
v 2688.8888888888887 3000.0000000000005 700.0
v 2684.848484848485 3000.0000000000005 700.0
v 2680.808080808081 3000.0000000000005 700.0
v 2676.7676767676767 3000.0000000000005 700.0
v 2672.7272727272725 3000.0000000000005 700.0
v 2668.686868686869 3000.0000000000005 700.0
v 2664.6464646464647 3000.0000000000005 700.0
v 2660.6060606060605 3000.0000000000005 700.0
v 2656.5656565656564 3000.0000000000005 700.0
v 2652.5252525252527 3000.0000000000005 700.0
v 2648.4848484848485 3000.0000000000005 700.0
v 2644.4444444444443 3000.0000000000005 700.0
v 2640.4040404040406 3000.0000000000005 700.0
v 2636.3636363636365 3000.0000000000005 700.0
v 2632.3232323232323 3000.0000000000005 700.0
v 2628.282828282828 3000.0000000000005 700.0
v 2624.242424242424 3000.0000000000005 700.0
v 2620.2020202020203 3000.0000000000005 700.0
v 2616.161616161616 3000.0000000000005 700.0
v 2612.121212121212 3000.0000000000005 700.0
v 2608.0808080808083 3000.0000000000005 700.0
v 2604.040404040404 3000.0000000000005 700.0
v 2600.0 3000.0000000000005 700.0
v 3000.0 3000.0 720.0
v 2996.731244467172 2997.6251100917475 720.0
v 2993.462488934344 2995.250220183495 720.0
v 2990.1937334015156 2992.875330275243 720.0
v 2986.9249778686876 2990.5004403669905 720.0
v 2983.6562223358596 2988.125550458738 720.0
v 2980.3874668030317 2985.7506605504855 720.0
v 2977.1187112702037 2983.375770642233 720.0
v 2973.8499557373752 2981.0008807339805 720.0
v 2970.5812002045473 2978.6259908257284 720.0
v 2967.3124446717193 2976.251100917476 720.0
v 2964.0436891388913 2973.8762110092234 720.0
v 2960.7749336060633 2971.501321100971 720.0
v 2957.506178073235 2969.1264311927184 720.0
v 2954.237422540407 2966.7515412844664 720.0
v 2950.968667007579 2964.376651376214 720.0
v 2947.699911474751 2962.0017614679614 720.0
v 2944.431155941923 2959.626871559709 720.0
v 2941.1624004090945 2957.2519816514564 720.0
v 2937.8936448762665 2954.8770917432043 720.0
v 2934.6248893434386 2952.502201834952 720.0
v 2931.3561338106106 2950.1273119266993 720.0
v 2928.0873782777826 2947.752422018447 720.0
v 2924.818622744954 2945.3775321101944 720.0
v 2921.549867212126 2943.002642201942 720.0
v 2918.281111679298 2940.62775229369 720.0
v 2915.01235614647 2938.2528623854373 720.0
v 2911.7436006136422 2935.877972477185 720.0
v 2908.474845080814 2933.5030825689323 720.0
v 2905.206089547986 2931.12819266068 720.0
v 2901.937334015158 2928.7533027524278 720.0
v 2898.66857848233 2926.3784128441753 720.0
v 2895.399822949502 2924.003522935923 720.0
v 2892.1310674166734 2921.6286330276703 720.0
v 2888.8623118838455 2919.253743119418 720.0
v 2885.5935563510175 2916.8788532111657 720.0
v 2882.3248008181895 2914.5039633029132 720.0
v 2879.0560452853615 2912.1290733946607 720.0
v 2875.787289752533 2909.7541834864082 720.0
v 2872.518534219705 2907.3792935781557 720.0
v 2869.249778686877 2905.0044036699032 720.0
v 2865.981023154049 2902.629513761651 720.0
v 2862.712267621221 2900.2546238533987 720.0
v 2859.4435120883927 2897.879733945146 720.0
v 2856.1747565555647 2895.5048440368937 720.0
v 2852.9060010227367 2893.129954128641 720.0
v 2849.6372454899088 2890.755064220389 720.0
v 2846.368489957081 2888.3801743121367 720.0
v 2843.0997344242523 2886.005284403884 720.0
v 2839.8309788914244 2883.6303944956317 720.0
v 2836.5622233585964 2881.255504587379 720.0
v 2833.2934678257684 2878.8806146791267 720.0
v 2830.0247122929404 2876.5057247708746 720.0
v 2826.755956760112 2874.130834862622 720.0
v 2823.487201227284 2871.7559449543696 720.0
v 2820.218445694456 2869.381055046117 720.0
v 2816.949690161628 2867.0061651378646 720.0
v 2813.6809346288 2864.6312752296126 720.0
v 2810.4121790959716 2862.25638532136 720.0
v 2807.1434235631436 2859.8814954131076 720.0
v 2803.8746680303157 2857.506605504855 720.0
v 2800.6059124974877 2855.1317155966026 720.0
v 2797.3371569646597 2852.7568256883505 720.0
v 2794.0684014318313 2850.381935780098 720.0
v 2790.7996458990033 2848.0070458718455 720.0
v 2787.5308903661753 2845.632155963593 720.0
v 2784.2621348333473 2843.2572660553406 720.0
v 2780.9933793005193 2840.882376147088 720.0
v 2777.724623767691 2838.507486238836 720.0
v 2774.455868234863 2836.1325963305835 720.0
v 2771.187112702035 2833.757706422331 720.0
v 2767.918357169207 2831.3828165140785 720.0
v 2764.649601636379 2829.007926605826 720.0
v 2761.3808461035505 2826.633036697574 720.0
v 2758.1120905707226 2824.2581467893215 720.0
v 2754.8433350378946 2821.883256881069 720.0
v 2751.5745795050666 2819.5083669728165 720.0
v 2748.3058239722386 2817.133477064564 720.0
v 2745.03706843941 2814.758587156312 720.0
v 2741.768312906582 2812.3836972480594 720.0
v 2738.499557373754 2810.008807339807 720.0
v 2735.2308018409262 2807.6339174315544 720.0
v 2731.9620463080983 2805.259027523302 720.0
v 2728.69329077527 2802.8841376150494 720.0
v 2725.424535242442 2800.5092477067974 720.0
v 2722.155779709614 2798.134357798545 720.0
v 2718.887024176786 2795.7594678902924 720.0
v 2715.618268643958 2793.38457798204 720.0
v 2712.3495131111295 2791.0096880737874 720.0
v 2709.0807575783015 2788.6347981655354 720.0
v 2705.8120020454735 2786.259908257283 720.0
v 2702.5432465126455 2783.8850183490304 720.0
v 2699.2744909798175 2781.510128440778 720.0
v 2696.005735446989 2779.1352385325254 720.0
v 2692.736979914161 2776.7603486242733 720.0
v 2689.468224381333 2774.385458716021 720.0
v 2686.199468848505 2772.0105688077683 720.0
v 2682.930713315677 2769.635678899516 720.0
v 2679.6619577828487 2767.2607889912633 720.0
v 2676.3932022500207 2764.885899083011 720.0
v 3000.0 3000.0 740.0
v 2998.751446487374 2996.1573474089087 740.0
v 2997.5028929747477 2992.314694817817 740.0
v 2996.254339462122 2988.4720422267255 740.0
v 2995.005785949496 2984.6293896356337 740.0
v 2993.75723243687 2980.7867370445424 740.0
v 2992.5086789242437 2976.9440844534506 740.0
v 2991.2601254116175 2973.1014318623593 740.0
v 2990.0115718989914 2969.258779271268 740.0
v 2988.7630183863657 2965.416126680176 740.0
v 2987.5144648737396 2961.573474089085 740.0
v 2986.2659113611135 2957.730821497993 740.0
v 2985.0173578484873 2953.8881689069017 740.0
v 2983.768804335861 2950.0455163158103 740.0
v 2982.520250823235 2946.2028637247186 740.0
v 2981.2716973106094 2942.360211133627 740.0
v 2980.0231437979833 2938.5175585425354 740.0
v 2978.774590285357 2934.674905951444 740.0
v 2977.526036772731 2930.8322533603523 740.0
v 2976.277483260105 2926.989600769261 740.0
v 2975.0289297474787 2923.1469481781696 740.0
v 2973.780376234853 2919.304295587078 740.0
v 2972.531822722227 2915.4616429959865 740.0
v 2971.283269209601 2911.6189904048947 740.0
v 2970.0347156969747 2907.7763378138034 740.0
v 2968.7861621843485 2903.9336852227116 740.0
v 2967.5376086717224 2900.0910326316202 740.0
v 2966.2890551590967 2896.248380040529 740.0
v 2965.0405016464706 2892.405727449437 740.0
v 2963.7919481338445 2888.5630748583458 740.0
v 2962.5433946212183 2884.720422267254 740.0
v 2961.294841108592 2880.8777696761626 740.0
v 2960.046287595966 2877.035117085071 740.0
v 2958.7977340833404 2873.1924644939795 740.0
v 2957.5491805707143 2869.349811902888 740.0
v 2956.300627058088 2865.5071593117964 740.0
v 2955.052073545462 2861.664506720705 740.0
v 2953.803520032836 2857.8218541296133 740.0
v 2952.5549665202097 2853.979201538522 740.0
v 2951.306413007584 2850.1365489474306 740.0
v 2950.057859494958 2846.293896356339 740.0
v 2948.809305982332 2842.4512437652475 740.0
v 2947.5607524697057 2838.6085911741557 740.0
v 2946.3121989570795 2834.7659385830643 740.0
v 2945.063645444454 2830.923285991973 740.0
v 2943.8150919318277 2827.080633400881 740.0
v 2942.5665384192016 2823.23798080979 740.0
v 2941.3179849065755 2819.395328218698 740.0
v 2940.0694313939493 2815.5526756276067 740.0
v 2938.820877881323 2811.710023036515 740.0
v 2937.5723243686975 2807.8673704454236 740.0
v 2936.3237708560714 2804.0247178543323 740.0
v 2935.0752173434453 2800.1820652632405 740.0
v 2933.826663830819 2796.339412672149 740.0
v 2932.578110318193 2792.4967600810573 740.0
v 2931.329556805567 2788.654107489966 740.0
v 2930.081003292941 2784.811454898874 740.0
v 2928.832449780315 2780.968802307783 740.0
v 2927.583896267689 2777.1261497166915 740.0
v 2926.335342755063 2773.2834971255998 740.0
v 2925.0867892424367 2769.4408445345084 740.0
v 2923.8382357298105 2765.5981919434166 740.0
v 2922.589682217185 2761.7555393523253 740.0
v 2921.3411287045587 2757.9128867612335 740.0
v 2920.0925751919326 2754.070234170142 740.0
v 2918.8440216793065 2750.227581579051 740.0
v 2917.5954681666803 2746.384928987959 740.0
v 2916.346914654054 2742.5422763968677 740.0
v 2915.0983611414285 2738.699623805776 740.0
v 2913.8498076288024 2734.8569712146846 740.0
v 2912.6012541161763 2731.0143186235928 740.0
v 2911.35270060355 2727.1716660325014 740.0
v 2910.104147090924 2723.32901344141 740.0
v 2908.855593578298 2719.4863608503183 740.0
v 2907.607040065672 2715.643708259227 740.0
v 2906.358486553046 2711.8010556681356 740.0
v 2905.10993304042 2707.958403077044 740.0
v 2903.861379527794 2704.115750485952 740.0
v 2902.6128260151677 2700.2730978948607 740.0
v 2901.3642725025416 2696.4304453037694 740.0
v 2900.115718989916 2692.5877927126776 740.0
v 2898.8671654772897 2688.7451401215862 740.0
v 2897.6186119646636 2684.902487530495 740.0
v 2896.3700584520375 2681.059834939403 740.0
v 2895.1215049394114 2677.217182348312 740.0
v 2893.872951426785 2673.37452975722 740.0
v 2892.6243979141595 2669.5318771661287 740.0
v 2891.3758444015334 2665.689224575037 740.0
v 2890.1272908889073 2661.8465719839455 740.0
v 2888.878737376281 2658.003919392854 740.0
v 2887.630183863655 2654.1612668017624 740.0
v 2886.3816303510293 2650.318614210671 740.0
v 2885.133076838403 2646.4759616195793 740.0
v 2883.884523325777 2642.633309028488 740.0
v 2882.635969813151 2638.790656437396 740.0
v 2881.387416300525 2634.948003846305 740.0
v 2880.1388627878987 2631.1053512552135 740.0
v 2878.890309275273 2627.2626986641217 740.0
v 2877.641755762647 2623.4200460730303 740.0
v 2876.3932022500207 2619.5773934819385 740.0
v 3000.0 3000.0 760.0
v 3001.248553512626 2996.1573474089087 760.0
v 3002.4971070252523 2992.314694817817 760.0
v 3003.745660537878 2988.4720422267255 760.0
v 3004.994214050504 2984.6293896356337 760.0
v 3006.24276756313 2980.7867370445424 760.0
v 3007.4913210757563 2976.9440844534506 760.0
v 3008.7398745883825 2973.1014318623593 760.0
v 3009.9884281010086 2969.258779271268 760.0
v 3011.2369816136343 2965.416126680176 760.0
v 3012.4855351262604 2961.573474089085 760.0
v 3013.7340886388865 2957.730821497993 760.0
v 3014.9826421515127 2953.8881689069017 760.0
v 3016.231195664139 2950.04551631581 760.0
v 3017.4797491767645 2946.2028637247186 760.0
v 3018.7283026893906 2942.360211133627 760.0
v 3019.9768562020167 2938.5175585425354 760.0
v 3021.225409714643 2934.674905951444 760.0
v 3022.473963227269 2930.8322533603523 760.0
v 3023.7225167398947 2926.989600769261 760.0
v 3024.971070252521 2923.1469481781696 760.0
v 3026.219623765147 2919.304295587078 760.0
v 3027.468177277773 2915.4616429959865 760.0
v 3028.716730790399 2911.6189904048947 760.0
v 3029.9652843030253 2907.7763378138034 760.0
v 3031.213837815651 2903.9336852227116 760.0
v 3032.462391328277 2900.0910326316202 760.0
v 3033.7109448409033 2896.248380040529 760.0
v 3034.9594983535294 2892.405727449437 760.0
v 3036.2080518661555 2888.5630748583458 760.0
v 3037.456605378781 2884.720422267254 760.0
v 3038.7051588914073 2880.8777696761626 760.0
v 3039.9537124040335 2877.035117085071 760.0
v 3041.2022659166596 2873.1924644939795 760.0
v 3042.4508194292857 2869.349811902888 760.0
v 3043.699372941912 2865.5071593117964 760.0
v 3044.9479264545375 2861.664506720705 760.0
v 3046.1964799671637 2857.8218541296133 760.0
v 3047.44503347979 2853.979201538522 760.0
v 3048.693586992416 2850.13654894743 760.0
v 3049.942140505042 2846.293896356339 760.0
v 3051.1906940176677 2842.4512437652475 760.0
v 3052.439247530294 2838.6085911741557 760.0
v 3053.68780104292 2834.7659385830643 760.0
v 3054.936354555546 2830.9232859919725 760.0
v 3056.1849080681723 2827.080633400881 760.0
v 3057.433461580798 2823.2379808097894 760.0
v 3058.682015093424 2819.395328218698 760.0
v 3059.93056860605 2815.5526756276067 760.0
v 3061.1791221186763 2811.710023036515 760.0
v 3062.4276756313025 2807.8673704454236 760.0
v 3063.6762291439286 2804.024717854332 760.0
v 3064.9247826565543 2800.1820652632405 760.0
v 3066.1733361691804 2796.3394126721487 760.0
v 3067.4218896818065 2792.4967600810573 760.0
v 3068.6704431944327 2788.654107489966 760.0
v 3069.918996707059 2784.811454898874 760.0
v 3071.1675502196845 2780.968802307783 760.0
v 3072.4161037323106 2777.126149716691 760.0
v 3073.6646572449367 2773.2834971255998 760.0
v 3074.913210757563 2769.440844534508 760.0
v 3076.161764270189 2765.5981919434166 760.0
v 3077.4103177828147 2761.7555393523253 760.0
v 3078.658871295441 2757.9128867612335 760.0
v 3079.907424808067 2754.070234170142 760.0
v 3081.155978320693 2750.2275815790504 760.0
v 3082.404531833319 2746.384928987959 760.0
v 3083.6530853459453 2742.5422763968672 760.0
v 3084.901638858571 2738.699623805776 760.0
v 3086.150192371197 2734.8569712146846 760.0
v 3087.3987458838233 2731.0143186235928 760.0
v 3088.6472993964494 2727.1716660325014 760.0
v 3089.8958529090755 2723.3290134414096 760.0
v 3091.144406421701 2719.4863608503183 760.0
v 3092.3929599343273 2715.6437082592265 760.0
v 3093.6415134469535 2711.801055668135 760.0
v 3094.8900669595796 2707.958403077044 760.0
v 3096.1386204722057 2704.115750485952 760.0
v 3097.387173984832 2700.2730978948607 760.0
v 3098.6357274974575 2696.430445303769 760.0
v 3099.8842810100837 2692.5877927126776 760.0
v 3101.13283452271 2688.745140121586 760.0
v 3102.381388035336 2684.9024875304945 760.0
v 3103.629941547962 2681.059834939403 760.0
v 3104.8784950605877 2677.2171823483113 760.0
v 3106.127048573214 2673.37452975722 760.0
v 3107.37560208584 2669.531877166128 760.0
v 3108.624155598466 2665.689224575037 760.0
v 3109.8727091110923 2661.846571983945 760.0
v 3111.121262623718 2658.0039193928537 760.0
v 3112.369816136344 2654.1612668017624 760.0
v 3113.61836964897 2650.3186142106706 760.0
v 3114.8669231615963 2646.4759616195793 760.0
v 3116.1154766742225 2642.6333090284875 760.0
v 3117.3640301868486 2638.790656437396 760.0
v 3118.6125836994743 2634.9480038463043 760.0
v 3119.8611372121004 2631.105351255213 760.0
v 3121.1096907247265 2627.2626986641217 760.0
v 3122.3582442373527 2623.42004607303 760.0
v 3123.606797749979 2619.5773934819385 760.0
v 3000.0 3000.0 780.0
v 3003.268755532828 2997.6251100917475 780.0
v 3006.537511065656 2995.250220183495 780.0
v 3009.8062665984844 2992.875330275243 780.0
v 3013.0750221313124 2990.5004403669905 780.0
v 3016.3437776641404 2988.125550458738 780.0
v 3019.6125331969683 2985.7506605504855 780.0
v 3022.8812887297963 2983.375770642233 780.0
v 3026.1500442626248 2981.0008807339805 780.0
v 3029.4187997954527 2978.6259908257284 780.0
v 3032.6875553282807 2976.251100917476 780.0
v 3035.9563108611087 2973.8762110092234 780.0
v 3039.2250663939367 2971.501321100971 780.0
v 3042.493821926765 2969.1264311927184 780.0
v 3045.762577459593 2966.751541284466 780.0
v 3049.031332992421 2964.376651376214 780.0
v 3052.300088525249 2962.0017614679614 780.0
v 3055.568844058077 2959.626871559709 780.0
v 3058.837599590905 2957.2519816514564 780.0
v 3062.1063551237335 2954.877091743204 780.0
v 3065.3751106565614 2952.5022018349514 780.0
v 3068.6438661893894 2950.1273119266993 780.0
v 3071.9126217222174 2947.752422018447 780.0
v 3075.1813772550454 2945.3775321101944 780.0
v 3078.450132787874 2943.002642201942 780.0
v 3081.718888320702 2940.6277522936894 780.0
v 3084.98764385353 2938.252862385437 780.0
v 3088.2563993863578 2935.877972477185 780.0
v 3091.5251549191858 2933.5030825689323 780.0
v 3094.793910452014 2931.12819266068 780.0
v 3098.062665984842 2928.7533027524273 780.0
v 3101.33142151767 2926.378412844175 780.0
v 3104.600177050498 2924.003522935923 780.0
v 3107.868932583326 2921.6286330276703 780.0
v 3111.137688116154 2919.253743119418 780.0
v 3114.4064436489825 2916.8788532111653 780.0
v 3117.6751991818105 2914.503963302913 780.0
v 3120.9439547146385 2912.1290733946603 780.0
v 3124.2127102474665 2909.7541834864082 780.0
v 3127.4814657802945 2907.3792935781557 780.0
v 3130.750221313123 2905.0044036699032 780.0
v 3134.018976845951 2902.6295137616507 780.0
v 3137.287732378779 2900.2546238533982 780.0
v 3140.556487911607 2897.8797339451457 780.0
v 3143.825243444435 2895.5048440368937 780.0
v 3147.0939989772633 2893.129954128641 780.0
v 3150.3627545100912 2890.7550642203887 780.0
v 3153.631510042919 2888.380174312136 780.0
v 3156.900265575747 2886.0052844038837 780.0
v 3160.169021108575 2883.630394495631 780.0
v 3163.4377766414036 2881.255504587379 780.0
v 3166.7065321742316 2878.8806146791267 780.0
v 3169.9752877070596 2876.505724770874 780.0
v 3173.2440432398876 2874.1308348626217 780.0
v 3176.5127987727155 2871.755944954369 780.0
v 3179.781554305544 2869.3810550461167 780.0
v 3183.050309838372 2867.0061651378646 780.0
v 3186.3190653712 2864.631275229612 780.0
v 3189.587820904028 2862.2563853213596 780.0
v 3192.856576436856 2859.881495413107 780.0
v 3196.1253319696843 2857.5066055048546 780.0
v 3199.3940875025123 2855.1317155966026 780.0
v 3202.6628430353403 2852.75682568835 780.0
v 3205.9315985681683 2850.3819357800976 780.0
v 3209.2003541009963 2848.007045871845 780.0
v 3212.4691096338242 2845.6321559635926 780.0
v 3215.7378651666527 2843.2572660553406 780.0
v 3219.0066206994807 2840.882376147088 780.0
v 3222.2753762323086 2838.5074862388356 780.0
v 3225.5441317651366 2836.132596330583 780.0
v 3228.8128872979646 2833.7577064223306 780.0
v 3232.0816428307926 2831.382816514078 780.0
v 3235.350398363621 2829.0079266058256 780.0
v 3238.619153896449 2826.6330366975735 780.0
v 3241.887909429277 2824.258146789321 780.0
v 3245.156664962105 2821.8832568810685 780.0
v 3248.425420494933 2819.508366972816 780.0
v 3251.6941760277614 2817.1334770645635 780.0
v 3254.9629315605894 2814.7585871563115 780.0
v 3258.2316870934173 2812.383697248059 780.0
v 3261.5004426262453 2810.0088073398065 780.0
v 3264.7691981590733 2807.633917431554 780.0
v 3268.0379536919017 2805.2590275233015 780.0
v 3271.3067092247297 2802.884137615049 780.0
v 3274.5754647575577 2800.509247706797 780.0
v 3277.8442202903857 2798.1343577985444 780.0
v 3281.1129758232137 2795.759467890292 780.0
v 3284.381731356042 2793.3845779820394 780.0
v 3287.65048688887 2791.009688073787 780.0
v 3290.919242421698 2788.6347981655344 780.0
v 3294.187997954526 2786.2599082572824 780.0
v 3297.456753487354 2783.88501834903 780.0
v 3300.7255090201825 2781.5101284407774 780.0
v 3303.9942645530105 2779.135238532525 780.0
v 3307.2630200858384 2776.7603486242724 780.0
v 3310.5317756186664 2774.38545871602 780.0
v 3313.8005311514944 2772.010568807768 780.0
v 3317.069286684323 2769.6356788995154 780.0
v 3320.338042217151 2767.260788991263 780.0
v 3323.606797749979 2764.8858990830104 780.0
v 3000.0 3000.0 800.0
v 3004.040404040404 3000.0 800.0
v 3008.080808080808 3000.0 800.0
v 3012.121212121212 3000.0 800.0
v 3016.161616161616 3000.0 800.0
v 3020.2020202020203 3000.0 800.0
v 3024.242424242424 3000.0 800.0
v 3028.282828282828 3000.0 800.0
v 3032.3232323232323 3000.0 800.0
v 3036.3636363636365 3000.0 800.0
v 3040.40404040404 3000.0 800.0
v 3044.4444444444443 3000.0 800.0
v 3048.4848484848485 3000.0 800.0
v 3052.5252525252527 3000.0 800.0
v 3056.5656565656564 3000.0 800.0
v 3060.6060606060605 3000.0 800.0
v 3064.6464646464647 3000.0 800.0
v 3068.686868686869 3000.0 800.0
v 3072.7272727272725 3000.0 800.0
v 3076.7676767676767 3000.0 800.0
v 3080.808080808081 3000.0 800.0
v 3084.848484848485 3000.0 800.0
v 3088.8888888888887 3000.0 800.0
v 3092.929292929293 3000.0 800.0
v 3096.969696969697 3000.0 800.0
v 3101.010101010101 3000.0 800.0
v 3105.050505050505 3000.0 800.0
v 3109.090909090909 3000.0 800.0
v 3113.131313131313 3000.0 800.0
v 3117.1717171717173 3000.0 800.0
v 3121.212121212121 3000.0 800.0
v 3125.252525252525 3000.0 800.0
v 3129.2929292929293 3000.0 800.0
v 3133.3333333333335 3000.0 800.0
v 3137.373737373737 3000.0 800.0
v 3141.4141414141413 3000.0 800.0
v 3145.4545454545455 3000.0 800.0
v 3149.4949494949497 3000.0 800.0
v 3153.5353535353534 3000.0 800.0
v 3157.5757575757575 3000.0 800.0
v 3161.6161616161617 3000.0 800.0
v 3165.656565656566 3000.0 800.0
v 3169.6969696969695 3000.0 800.0
v 3173.7373737373737 3000.0 800.0
v 3177.777777777778 3000.0 800.0
v 3181.818181818182 3000.0 800.0
v 3185.8585858585857 3000.0 800.0
v 3189.89898989899 3000.0 800.0
v 3193.939393939394 3000.0 800.0
v 3197.979797979798 3000.0 800.0
v 3202.020202020202 3000.0 800.0
v 3206.060606060606 3000.0 800.0
v 3210.10101010101 3000.0 800.0
v 3214.1414141414143 3000.0 800.0
v 3218.181818181818 3000.0 800.0
v 3222.222222222222 3000.0 800.0
v 3226.2626262626263 3000.0 800.0
v 3230.3030303030305 3000.0 800.0
v 3234.343434343434 2999.9999999999995 800.0
v 3238.3838383838383 2999.9999999999995 800.0
v 3242.4242424242425 2999.9999999999995 800.0
v 3246.4646464646466 2999.9999999999995 800.0
v 3250.5050505050503 2999.9999999999995 800.0
v 3254.5454545454545 2999.9999999999995 800.0
v 3258.5858585858587 2999.9999999999995 800.0
v 3262.626262626263 2999.9999999999995 800.0
v 3266.6666666666665 2999.9999999999995 800.0
v 3270.7070707070707 2999.9999999999995 800.0
v 3274.747474747475 2999.9999999999995 800.0
v 3278.787878787879 2999.9999999999995 800.0
v 3282.8282828282827 2999.9999999999995 800.0
v 3286.868686868687 2999.9999999999995 800.0
v 3290.909090909091 2999.9999999999995 800.0
v 3294.9494949494947 2999.9999999999995 800.0
v 3298.989898989899 2999.9999999999995 800.0
v 3303.030303030303 2999.9999999999995 800.0
v 3307.070707070707 2999.9999999999995 800.0
v 3311.1111111111113 2999.9999999999995 800.0
v 3315.151515151515 2999.9999999999995 800.0
v 3319.191919191919 2999.9999999999995 800.0
v 3323.2323232323233 2999.9999999999995 800.0
v 3327.2727272727275 2999.9999999999995 800.0
v 3331.313131313131 2999.9999999999995 800.0
v 3335.3535353535353 2999.9999999999995 800.0
v 3339.3939393939395 2999.9999999999995 800.0
v 3343.4343434343436 2999.9999999999995 800.0
v 3347.4747474747473 2999.9999999999995 800.0
v 3351.5151515151515 2999.9999999999995 800.0
v 3355.5555555555557 2999.9999999999995 800.0
v 3359.5959595959594 2999.9999999999995 800.0
v 3363.6363636363635 2999.9999999999995 800.0
v 3367.6767676767677 2999.9999999999995 800.0
v 3371.717171717172 2999.9999999999995 800.0
v 3375.757575757576 2999.9999999999995 800.0
v 3379.7979797979797 2999.9999999999995 800.0
v 3383.838383838384 2999.9999999999995 800.0
v 3387.878787878788 2999.9999999999995 800.0
v 3391.9191919191917 2999.9999999999995 800.0
v 3395.959595959596 2999.9999999999995 800.0
v 3400.0 2999.9999999999995 800.0
v 3000.0 3000.0 820.0
v 3003.268755532828 3002.3748899082525 820.0
v 3006.537511065656 3004.749779816505 820.0
v 3009.8062665984844 3007.124669724757 820.0
v 3013.0750221313124 3009.4995596330095 820.0
v 3016.3437776641404 3011.874449541262 820.0
v 3019.6125331969683 3014.2493394495145 820.0
v 3022.8812887297963 3016.624229357767 820.0
v 3026.1500442626248 3018.9991192660195 820.0
v 3029.4187997954527 3021.3740091742716 820.0
v 3032.6875553282807 3023.748899082524 820.0
v 3035.9563108611087 3026.1237889907766 820.0
v 3039.2250663939367 3028.498678899029 820.0
v 3042.493821926765 3030.8735688072816 820.0
v 3045.762577459593 3033.2484587155336 820.0
v 3049.031332992421 3035.623348623786 820.0
v 3052.300088525249 3037.9982385320386 820.0
v 3055.568844058077 3040.373128440291 820.0
v 3058.8375995909055 3042.7480183485436 820.0
v 3062.1063551237335 3045.1229082567957 820.0
v 3065.3751106565614 3047.497798165048 820.0
v 3068.6438661893894 3049.8726880733007 820.0
v 3071.9126217222174 3052.247577981553 820.0
v 3075.181377255046 3054.6224678898056 820.0
v 3078.450132787874 3056.997357798058 820.0
v 3081.718888320702 3059.37224770631 820.0
v 3084.98764385353 3061.7471376145627 820.0
v 3088.2563993863578 3064.122027522815 820.0
v 3091.525154919186 3066.4969174310677 820.0
v 3094.793910452014 3068.87180733932 820.0
v 3098.062665984842 3071.2466972475722 820.0
v 3101.33142151767 3073.6215871558247 820.0
v 3104.600177050498 3075.996477064077 820.0
v 3107.8689325833266 3078.3713669723297 820.0
v 3111.1376881161545 3080.746256880582 820.0
v 3114.4064436489825 3083.1211467888343 820.0
v 3117.6751991818105 3085.4960366970868 820.0
v 3120.9439547146385 3087.8709266053393 820.0
v 3124.212710247467 3090.2458165135918 820.0
v 3127.481465780295 3092.6207064218443 820.0
v 3130.750221313123 3094.9955963300963 820.0
v 3134.018976845951 3097.370486238349 820.0
v 3137.287732378779 3099.7453761466013 820.0
v 3140.5564879116073 3102.120266054854 820.0
v 3143.8252434444353 3104.4951559631063 820.0
v 3147.0939989772633 3106.870045871359 820.0
v 3150.3627545100912 3109.244935779611 820.0
v 3153.631510042919 3111.6198256878633 820.0
v 3156.9002655757477 3113.994715596116 820.0
v 3160.1690211085756 3116.3696055043683 820.0
v 3163.4377766414036 3118.744495412621 820.0
v 3166.7065321742316 3121.119385320873 820.0
v 3169.9752877070596 3123.4942752291254 820.0
v 3173.244043239888 3125.869165137378 820.0
v 3176.512798772716 3128.2440550456304 820.0
v 3179.781554305544 3130.618944953883 820.0
v 3183.050309838372 3132.9938348621354 820.0
v 3186.3190653712 3135.3687247703874 820.0
v 3189.5878209040284 3137.74361467864 820.0
v 3192.8565764368564 3140.1185045868924 820.0
v 3196.1253319696843 3142.493394495145 820.0
v 3199.3940875025123 3144.8682844033974 820.0
v 3202.6628430353403 3147.2431743116495 820.0
v 3205.9315985681687 3149.618064219902 820.0
v 3209.2003541009967 3151.9929541281545 820.0
v 3212.4691096338247 3154.367844036407 820.0
v 3215.7378651666527 3156.7427339446594 820.0
v 3219.0066206994807 3159.1176238529115 820.0
v 3222.275376232309 3161.492513761164 820.0
v 3225.544131765137 3163.8674036694165 820.0
v 3228.812887297965 3166.242293577669 820.0
v 3232.081642830793 3168.6171834859215 820.0
v 3235.350398363621 3170.992073394174 820.0
v 3238.6191538964495 3173.366963302426 820.0
v 3241.8879094292774 3175.7418532106785 820.0
v 3245.1566649621054 3178.116743118931 820.0
v 3248.4254204949334 3180.4916330271835 820.0
v 3251.6941760277614 3182.866522935436 820.0
v 3254.96293156059 3185.241412843688 820.0
v 3258.231687093418 3187.6163027519406 820.0
v 3261.500442626246 3189.991192660193 820.0
v 3264.7691981590738 3192.3660825684456 820.0
v 3268.0379536919017 3194.740972476698 820.0
v 3271.30670922473 3197.11586238495 820.0
v 3274.575464757558 3199.4907522932026 820.0
v 3277.844220290386 3201.865642201455 820.0
v 3281.112975823214 3204.2405321097076 820.0
v 3284.381731356042 3206.61542201796 820.0
v 3287.6504868888705 3208.9903119262126 820.0
v 3290.9192424216985 3211.3652018344646 820.0
v 3294.1879979545265 3213.740091742717 820.0
v 3297.4567534873545 3216.1149816509696 820.0
v 3300.7255090201825 3218.489871559222 820.0
v 3303.994264553011 3220.8647614674746 820.0
v 3307.263020085839 3223.2396513757267 820.0
v 3310.531775618667 3225.614541283979 820.0
v 3313.800531151495 3227.9894311922317 820.0
v 3317.069286684323 3230.364321100484 820.0
v 3320.3380422171513 3232.7392110087367 820.0
v 3323.6067977499793 3235.1141009169887 820.0
v 3000.0 3000.0 840.0
v 3001.248553512626 3003.8426525910913 840.0
v 3002.4971070252523 3007.685305182183 840.0
v 3003.745660537878 3011.5279577732745 840.0
v 3004.994214050504 3015.3706103643663 840.0
v 3006.24276756313 3019.2132629554576 840.0
v 3007.4913210757563 3023.0559155465494 840.0
v 3008.7398745883825 3026.8985681376407 840.0
v 3009.9884281010086 3030.741220728732 840.0
v 3011.2369816136343 3034.583873319824 840.0
v 3012.4855351262604 3038.426525910915 840.0
v 3013.7340886388865 3042.269178502007 840.0
v 3014.9826421515127 3046.1118310930983 840.0
v 3016.231195664139 3049.9544836841897 840.0
v 3017.479749176765 3053.7971362752814 840.0
v 3018.7283026893906 3057.639788866373 840.0
v 3019.9768562020167 3061.4824414574646 840.0
v 3021.225409714643 3065.325094048556 840.0
v 3022.473963227269 3069.1677466396477 840.0
v 3023.722516739895 3073.010399230739 840.0
v 3024.9710702525213 3076.8530518218304 840.0
v 3026.219623765147 3080.695704412922 840.0
v 3027.468177277773 3084.5383570040135 840.0
v 3028.716730790399 3088.3810095951053 840.0
v 3029.9652843030253 3092.2236621861966 840.0
v 3031.2138378156515 3096.0663147772884 840.0
v 3032.4623913282776 3099.9089673683798 840.0
v 3033.7109448409033 3103.751619959471 840.0
v 3034.9594983535294 3107.594272550563 840.0
v 3036.2080518661555 3111.4369251416542 840.0
v 3037.4566053787817 3115.279577732746 840.0
v 3038.705158891408 3119.1222303238374 840.0
v 3039.953712404034 3122.964882914929 840.0
v 3041.2022659166596 3126.8075355060205 840.0
v 3042.4508194292857 3130.650188097112 840.0
v 3043.699372941912 3134.4928406882036 840.0
v 3044.947926454538 3138.335493279295 840.0
v 3046.196479967164 3142.1781458703867 840.0
v 3047.4450334797903 3146.020798461478 840.0
v 3048.693586992416 3149.8634510525694 840.0
v 3049.942140505042 3153.706103643661 840.0
v 3051.190694017668 3157.5487562347525 840.0
v 3052.4392475302943 3161.3914088258443 840.0
v 3053.6878010429205 3165.2340614169357 840.0
v 3054.9363545555466 3169.076714008027 840.0
v 3056.1849080681723 3172.919366599119 840.0
v 3057.4334615807984 3176.76201919021 840.0
v 3058.6820150934245 3180.604671781302 840.0
v 3059.9305686060507 3184.4473243723933 840.0
v 3061.179122118677 3188.289976963485 840.0
v 3062.427675631303 3192.1326295545764 840.0
v 3063.6762291439286 3195.9752821456677 840.0
v 3064.9247826565547 3199.8179347367595 840.0
v 3066.173336169181 3203.660587327851 840.0
v 3067.421889681807 3207.5032399189427 840.0
v 3068.670443194433 3211.345892510034 840.0
v 3069.918996707059 3215.188545101126 840.0
v 3071.167550219685 3219.031197692217 840.0
v 3072.416103732311 3222.8738502833085 840.0
v 3073.664657244937 3226.7165028744002 840.0
v 3074.9132107575633 3230.5591554654916 840.0
v 3076.1617642701895 3234.4018080565834 840.0
v 3077.4103177828156 3238.2444606476747 840.0
v 3078.6588712954413 3242.0871132387665 840.0
v 3079.9074248080674 3245.929765829858 840.0
v 3081.1559783206935 3249.772418420949 840.0
v 3082.4045318333197 3253.615071012041 840.0
v 3083.653085345946 3257.4577236031323 840.0
v 3084.9016388585715 3261.300376194224 840.0
v 3086.1501923711976 3265.1430287853154 840.0
v 3087.3987458838237 3268.9856813764072 840.0
v 3088.64729939645 3272.8283339674986 840.0
v 3089.895852909076 3276.67098655859 840.0
v 3091.144406421702 3280.5136391496817 840.0
v 3092.3929599343282 3284.356291740773 840.0
v 3093.641513446954 3288.1989443318644 840.0
v 3094.89006695958 3292.041596922956 840.0
v 3096.138620472206 3295.884249514048 840.0
v 3097.3871739848323 3299.7269021051393 840.0
v 3098.6357274974584 3303.5695546962306 840.0
v 3099.884281010084 3307.4122072873224 840.0
v 3101.1328345227103 3311.2548598784138 840.0
v 3102.3813880353364 3315.097512469505 840.0
v 3103.6299415479625 3318.940165060597 840.0
v 3104.8784950605886 3322.782817651688 840.0
v 3106.127048573215 3326.62547024278 840.0
v 3107.3756020858405 3330.4681228338713 840.0
v 3108.6241555984666 3334.310775424963 840.0
v 3109.8727091110927 3338.1534280160545 840.0
v 3111.121262623719 3341.996080607146 840.0
v 3112.369816136345 3345.8387331982376 840.0
v 3113.618369648971 3349.681385789329 840.0
v 3114.866923161597 3353.5240383804207 840.0
v 3116.115476674223 3357.366690971512 840.0
v 3117.364030186849 3361.209343562604 840.0
v 3118.612583699475 3365.051996153695 840.0
v 3119.8611372121013 3368.8946487447865 840.0
v 3121.1096907247274 3372.7373013358783 840.0
v 3122.358244237353 3376.5799539269697 840.0
v 3123.6067977499793 3380.4226065180615 840.0
v 3000.0 3000.0 860.0
v 2998.751446487374 3003.8426525910913 860.0
v 2997.5028929747477 3007.685305182183 860.0
v 2996.254339462122 3011.5279577732745 860.0
v 2995.005785949496 3015.3706103643663 860.0
v 2993.75723243687 3019.2132629554576 860.0
v 2992.5086789242437 3023.0559155465494 860.0
v 2991.2601254116175 3026.8985681376407 860.0
v 2990.0115718989914 3030.741220728732 860.0
v 2988.7630183863657 3034.583873319824 860.0
v 2987.5144648737396 3038.426525910915 860.0
v 2986.2659113611135 3042.269178502007 860.0
v 2985.0173578484873 3046.1118310930983 860.0
v 2983.768804335861 3049.95448368419 860.0
v 2982.5202508232355 3053.7971362752814 860.0
v 2981.2716973106094 3057.639788866373 860.0
v 2980.0231437979833 3061.4824414574646 860.0
v 2978.774590285357 3065.325094048556 860.0
v 2977.526036772731 3069.1677466396477 860.0
v 2976.2774832601053 3073.010399230739 860.0
v 2975.028929747479 3076.8530518218304 860.0
v 2973.780376234853 3080.695704412922 860.0
v 2972.531822722227 3084.5383570040135 860.0
v 2971.283269209601 3088.3810095951053 860.0
v 2970.0347156969747 3092.2236621861966 860.0
v 2968.786162184349 3096.0663147772884 860.0
v 2967.537608671723 3099.9089673683798 860.0
v 2966.2890551590967 3103.751619959471 860.0
v 2965.0405016464706 3107.594272550563 860.0
v 2963.7919481338445 3111.4369251416542 860.0
v 2962.543394621219 3115.279577732746 860.0
v 2961.2948411085927 3119.1222303238374 860.0
v 2960.0462875959665 3122.964882914929 860.0
v 2958.7977340833404 3126.8075355060205 860.0
v 2957.5491805707143 3130.650188097112 860.0
v 2956.3006270580886 3134.4928406882036 860.0
v 2955.0520735454625 3138.335493279295 860.0
v 2953.8035200328363 3142.1781458703867 860.0
v 2952.55496652021 3146.020798461478 860.0
v 2951.306413007584 3149.86345105257 860.0
v 2950.057859494958 3153.706103643661 860.0
v 2948.8093059823323 3157.5487562347525 860.0
v 2947.560752469706 3161.3914088258443 860.0
v 2946.31219895708 3165.2340614169357 860.0
v 2945.063645444454 3169.0767140080275 860.0
v 2943.8150919318277 3172.919366599119 860.0
v 2942.566538419202 3176.7620191902106 860.0
v 2941.317984906576 3180.604671781302 860.0
v 2940.06943139395 3184.4473243723933 860.0
v 2938.8208778813237 3188.289976963485 860.0
v 2937.5723243686975 3192.1326295545764 860.0
v 2936.323770856072 3195.975282145668 860.0
v 2935.0752173434457 3199.8179347367595 860.0
v 2933.8266638308196 3203.6605873278513 860.0
v 2932.5781103181935 3207.5032399189427 860.0
v 2931.3295568055673 3211.345892510034 860.0
v 2930.081003292941 3215.188545101126 860.0
v 2928.8324497803155 3219.031197692217 860.0
v 2927.5838962676894 3222.873850283309 860.0
v 2926.3353427550633 3226.7165028744002 860.0
v 2925.086789242437 3230.559155465492 860.0
v 2923.838235729811 3234.4018080565834 860.0
v 2922.5896822171853 3238.2444606476747 860.0
v 2921.341128704559 3242.0871132387665 860.0
v 2920.092575191933 3245.929765829858 860.0
v 2918.844021679307 3249.7724184209496 860.0
v 2917.595468166681 3253.615071012041 860.0
v 2916.346914654055 3257.4577236031328 860.0
v 2915.098361141429 3261.300376194224 860.0
v 2913.849807628803 3265.1430287853154 860.0
v 2912.6012541161767 3268.9856813764072 860.0
v 2911.3527006035506 3272.8283339674986 860.0
v 2910.1041470909245 3276.6709865585904 860.0
v 2908.855593578299 3280.5136391496817 860.0
v 2907.6070400656727 3284.3562917407735 860.0
v 2906.3584865530465 3288.198944331865 860.0
v 2905.1099330404204 3292.041596922956 860.0
v 2903.8613795277943 3295.884249514048 860.0
v 2902.6128260151686 3299.7269021051393 860.0
v 2901.3642725025425 3303.569554696231 860.0
v 2900.1157189899163 3307.4122072873224 860.0
v 2898.86716547729 3311.254859878414 860.0
v 2897.618611964664 3315.0975124695055 860.0
v 2896.3700584520384 3318.940165060597 860.0
v 2895.1215049394123 3322.7828176516887 860.0
v 2893.872951426786 3326.62547024278 860.0
v 2892.62439791416 3330.468122833872 860.0
v 2891.375844401534 3334.310775424963 860.0
v 2890.1272908889077 3338.153428016055 860.0
v 2888.878737376282 3341.9960806071463 860.0
v 2887.630183863656 3345.8387331982376 860.0
v 2886.38163035103 3349.6813857893294 860.0
v 2885.1330768384037 3353.5240383804207 860.0
v 2883.8845233257775 3357.3666909715125 860.0
v 2882.635969813152 3361.209343562604 860.0
v 2881.3874163005257 3365.0519961536957 860.0
v 2880.1388627878996 3368.894648744787 860.0
v 2878.8903092752735 3372.7373013358783 860.0
v 2877.6417557626473 3376.57995392697 860.0
v 2876.3932022500217 3380.4226065180615 860.0
v 3000.0 3000.0 880.0
v 2996.731244467172 3002.3748899082525 880.0
v 2993.462488934344 3004.749779816505 880.0
v 2990.1937334015156 3007.124669724757 880.0
v 2986.9249778686876 3009.4995596330095 880.0
v 2983.6562223358596 3011.874449541262 880.0
v 2980.3874668030317 3014.2493394495145 880.0
v 2977.1187112702037 3016.624229357767 880.0
v 2973.8499557373752 3018.9991192660195 880.0
v 2970.5812002045473 3021.3740091742716 880.0
v 2967.3124446717193 3023.748899082524 880.0
v 2964.0436891388913 3026.1237889907766 880.0
v 2960.7749336060633 3028.498678899029 880.0
v 2957.5061780732353 3030.8735688072816 880.0
v 2954.237422540407 3033.248458715534 880.0
v 2950.968667007579 3035.623348623786 880.0
v 2947.699911474751 3037.9982385320386 880.0
v 2944.431155941923 3040.373128440291 880.0
v 2941.162400409095 3042.7480183485436 880.0
v 2937.8936448762665 3045.122908256796 880.0
v 2934.6248893434386 3047.4977981650486 880.0
v 2931.3561338106106 3049.8726880733007 880.0
v 2928.0873782777826 3052.247577981553 880.0
v 2924.8186227449546 3054.6224678898056 880.0
v 2921.549867212126 3056.997357798058 880.0
v 2918.281111679298 3059.3722477063106 880.0
v 2915.01235614647 3061.747137614563 880.0
v 2911.7436006136422 3064.122027522815 880.0
v 2908.4748450808142 3066.4969174310677 880.0
v 2905.206089547986 3068.87180733932 880.0
v 2901.937334015158 3071.2466972475727 880.0
v 2898.66857848233 3073.621587155825 880.0
v 2895.399822949502 3075.996477064077 880.0
v 2892.131067416674 3078.3713669723297 880.0
v 2888.862311883846 3080.746256880582 880.0
v 2885.5935563510175 3083.1211467888347 880.0
v 2882.3248008181895 3085.496036697087 880.0
v 2879.0560452853615 3087.8709266053397 880.0
v 2875.7872897525335 3090.2458165135918 880.0
v 2872.5185342197055 3092.6207064218443 880.0
v 2869.249778686877 3094.9955963300968 880.0
v 2865.981023154049 3097.3704862383493 880.0
v 2862.712267621221 3099.7453761466018 880.0
v 2859.443512088393 3102.1202660548543 880.0
v 2856.174756555565 3104.4951559631063 880.0
v 2852.9060010227367 3106.870045871359 880.0
v 2849.6372454899088 3109.2449357796113 880.0
v 2846.368489957081 3111.619825687864 880.0
v 2843.099734424253 3113.9947155961163 880.0
v 2839.830978891425 3116.369605504369 880.0
v 2836.5622233585964 3118.744495412621 880.0
v 2833.2934678257684 3121.1193853208733 880.0
v 2830.0247122929404 3123.494275229126 880.0
v 2826.7559567601124 3125.8691651373783 880.0
v 2823.4872012272845 3128.244055045631 880.0
v 2820.2184456944565 3130.6189449538833 880.0
v 2816.949690161628 3132.9938348621354 880.0
v 2813.6809346288 3135.368724770388 880.0
v 2810.412179095972 3137.7436146786404 880.0
v 2807.143423563144 3140.118504586893 880.0
v 2803.874668030316 3142.4933944951454 880.0
v 2800.6059124974877 3144.8682844033974 880.0
v 2797.3371569646597 3147.24317431165 880.0
v 2794.0684014318317 3149.6180642199024 880.0
v 2790.7996458990037 3151.992954128155 880.0
v 2787.5308903661758 3154.3678440364074 880.0
v 2784.262134833348 3156.74273394466 880.0
v 2780.9933793005193 3159.1176238529124 880.0
v 2777.7246237676914 3161.4925137611644 880.0
v 2774.4558682348634 3163.867403669417 880.0
v 2771.1871127020354 3166.2422935776694 880.0
v 2767.9183571692074 3168.617183485922 880.0
v 2764.649601636379 3170.9920733941744 880.0
v 2761.380846103551 3173.3669633024265 880.0
v 2758.112090570723 3175.741853210679 880.0
v 2754.843335037895 3178.1167431189315 880.0
v 2751.574579505067 3180.491633027184 880.0
v 2748.3058239722386 3182.8665229354365 880.0
v 2745.0370684394106 3185.241412843689 880.0
v 2741.7683129065827 3187.616302751941 880.0
v 2738.4995573737547 3189.9911926601935 880.0
v 2735.2308018409267 3192.366082568446 880.0
v 2731.9620463080983 3194.7409724766985 880.0
v 2728.6932907752703 3197.115862384951 880.0
v 2725.4245352424423 3199.4907522932035 880.0
v 2722.1557797096143 3201.8656422014556 880.0
v 2718.8870241767863 3204.240532109708 880.0
v 2715.618268643958 3206.6154220179606 880.0
v 2712.34951311113 3208.990311926213 880.0
v 2709.080757578302 3211.3652018344656 880.0
v 2705.812002045474 3213.7400917427176 880.0
v 2702.543246512646 3216.11498165097 880.0
v 2699.2744909798175 3218.4898715592226 880.0
v 2696.0057354469895 3220.864761467475 880.0
v 2692.7369799141616 3223.2396513757276 880.0
v 2689.4682243813336 3225.61454128398 880.0
v 2686.1994688485056 3227.9894311922326 880.0
v 2682.9307133156776 3230.3643211004846 880.0
v 2679.661957782849 3232.739211008737 880.0
v 2676.393202250021 3235.1141009169896 880.0
v 3000.0 3000.0 900.0
v 2995.959595959596 3000.0 900.0
v 2991.919191919192 3000.0 900.0
v 2987.878787878788 3000.0 900.0
v 2983.838383838384 3000.0 900.0
v 2979.7979797979797 3000.0 900.0
v 2975.757575757576 3000.0 900.0
v 2971.717171717172 3000.0 900.0
v 2967.6767676767677 3000.0 900.0
v 2963.6363636363635 3000.0 900.0
v 2959.59595959596 3000.0 900.0
v 2955.5555555555557 3000.0 900.0
v 2951.5151515151515 3000.0 900.0
v 2947.4747474747473 3000.0 900.0
v 2943.4343434343436 3000.0 900.0
v 2939.3939393939395 3000.0 900.0
v 2935.3535353535353 3000.0 900.0
v 2931.313131313131 3000.0 900.0
v 2927.2727272727275 3000.0 900.0
v 2923.2323232323233 3000.0 900.0
v 2919.191919191919 3000.0 900.0
v 2915.151515151515 3000.0 900.0
v 2911.1111111111113 3000.0 900.0
v 2907.070707070707 3000.0 900.0
v 2903.030303030303 3000.0 900.0
v 2898.989898989899 3000.0 900.0
v 2894.949494949495 3000.0 900.0
v 2890.909090909091 3000.0 900.0
v 2886.868686868687 3000.0 900.0
v 2882.8282828282827 3000.0 900.0
v 2878.787878787879 3000.0 900.0
v 2874.747474747475 3000.0 900.0
v 2870.7070707070707 3000.0 900.0
v 2866.6666666666665 3000.0 900.0
v 2862.626262626263 3000.0 900.0
v 2858.5858585858587 3000.0 900.0
v 2854.5454545454545 3000.0 900.0
v 2850.5050505050503 3000.0 900.0
v 2846.4646464646466 3000.0 900.0
v 2842.4242424242425 3000.0 900.0
v 2838.3838383838383 3000.0 900.0
v 2834.343434343434 3000.0 900.0
v 2830.3030303030305 3000.0 900.0
v 2826.2626262626263 3000.0 900.0
v 2822.222222222222 3000.0 900.0
v 2818.181818181818 3000.0 900.0
v 2814.1414141414143 3000.0 900.0
v 2810.10101010101 3000.0 900.0
v 2806.060606060606 3000.0 900.0
v 2802.020202020202 3000.0 900.0
v 2797.979797979798 3000.0 900.0
v 2793.939393939394 3000.0 900.0
v 2789.89898989899 3000.0000000000005 900.0
v 2785.8585858585857 3000.0000000000005 900.0
v 2781.818181818182 3000.0000000000005 900.0
v 2777.777777777778 3000.0000000000005 900.0
v 2773.7373737373737 3000.0000000000005 900.0
v 2769.6969696969695 3000.0000000000005 900.0
v 2765.656565656566 3000.0000000000005 900.0
v 2761.6161616161617 3000.0000000000005 900.0
v 2757.5757575757575 3000.0000000000005 900.0
v 2753.5353535353534 3000.0000000000005 900.0
v 2749.4949494949497 3000.0000000000005 900.0
v 2745.4545454545455 3000.0000000000005 900.0
v 2741.4141414141413 3000.0000000000005 900.0
v 2737.373737373737 3000.0000000000005 900.0
v 2733.3333333333335 3000.0000000000005 900.0
v 2729.2929292929293 3000.0000000000005 900.0
v 2725.252525252525 3000.0000000000005 900.0
v 2721.212121212121 3000.0000000000005 900.0
v 2717.1717171717173 3000.0000000000005 900.0
v 2713.131313131313 3000.0000000000005 900.0
v 2709.090909090909 3000.0000000000005 900.0
v 2705.0505050505053 3000.0000000000005 900.0
v 2701.010101010101 3000.0000000000005 900.0
v 2696.969696969697 3000.0000000000005 900.0
v 2692.929292929293 3000.0000000000005 900.0
v 2688.8888888888887 3000.0000000000005 900.0
v 2684.848484848485 3000.0000000000005 900.0
v 2680.808080808081 3000.0000000000005 900.0
v 2676.7676767676767 3000.0000000000005 900.0
v 2672.7272727272725 3000.0000000000005 900.0
v 2668.686868686869 3000.0000000000005 900.0
v 2664.6464646464647 3000.0000000000005 900.0
v 2660.6060606060605 3000.0000000000005 900.0
v 2656.5656565656564 3000.0000000000005 900.0
v 2652.5252525252527 3000.0000000000005 900.0
v 2648.4848484848485 3000.0000000000005 900.0
v 2644.4444444444443 3000.0000000000005 900.0
v 2640.4040404040406 3000.0000000000005 900.0
v 2636.3636363636365 3000.0000000000005 900.0
v 2632.3232323232323 3000.0000000000005 900.0
v 2628.282828282828 3000.0000000000005 900.0
v 2624.242424242424 3000.0000000000005 900.0
v 2620.2020202020203 3000.0000000000005 900.0
v 2616.161616161616 3000.0000000000005 900.0
v 2612.121212121212 3000.0000000000005 900.0
v 2608.0808080808083 3000.0000000000005 900.0
v 2604.040404040404 3000.0000000000005 900.0
v 2600.0 3000.0000000000005 900.0
v 3000.0 3000.0 920.0
v 2996.731244467172 2997.6251100917475 920.0
v 2993.462488934344 2995.250220183495 920.0
v 2990.1937334015156 2992.875330275243 920.0
v 2986.9249778686876 2990.5004403669905 920.0
v 2983.6562223358596 2988.125550458738 920.0
v 2980.3874668030317 2985.7506605504855 920.0
v 2977.1187112702037 2983.375770642233 920.0
v 2973.8499557373752 2981.000880733981 920.0
v 2970.5812002045473 2978.6259908257284 920.0
v 2967.3124446717193 2976.251100917476 920.0
v 2964.0436891388913 2973.8762110092234 920.0
v 2960.7749336060633 2971.501321100971 920.0
v 2957.506178073235 2969.1264311927184 920.0
v 2954.237422540407 2966.7515412844664 920.0
v 2950.968667007579 2964.376651376214 920.0
v 2947.699911474751 2962.0017614679614 920.0
v 2944.431155941923 2959.626871559709 920.0
v 2941.1624004090945 2957.2519816514564 920.0
v 2937.8936448762665 2954.8770917432043 920.0
v 2934.6248893434386 2952.502201834952 920.0
v 2931.3561338106106 2950.1273119266993 920.0
v 2928.0873782777826 2947.752422018447 920.0
v 2924.818622744954 2945.3775321101944 920.0
v 2921.549867212126 2943.0026422019423 920.0
v 2918.281111679298 2940.62775229369 920.0
v 2915.01235614647 2938.2528623854373 920.0
v 2911.7436006136422 2935.877972477185 920.0
v 2908.474845080814 2933.5030825689323 920.0
v 2905.206089547986 2931.12819266068 920.0
v 2901.937334015158 2928.7533027524278 920.0
v 2898.66857848233 2926.3784128441753 920.0
v 2895.399822949502 2924.003522935923 920.0
v 2892.1310674166734 2921.6286330276703 920.0
v 2888.8623118838455 2919.253743119418 920.0
v 2885.5935563510175 2916.8788532111657 920.0
v 2882.3248008181895 2914.5039633029132 920.0
v 2879.0560452853615 2912.1290733946607 920.0
v 2875.787289752533 2909.7541834864082 920.0
v 2872.518534219705 2907.3792935781557 920.0
v 2869.249778686877 2905.0044036699037 920.0
v 2865.981023154049 2902.629513761651 920.0
v 2862.712267621221 2900.2546238533987 920.0
v 2859.4435120883927 2897.879733945146 920.0
v 2856.1747565555647 2895.5048440368937 920.0
v 2852.9060010227367 2893.129954128641 920.0
v 2849.6372454899088 2890.755064220389 920.0
v 2846.368489957081 2888.3801743121367 920.0
v 2843.0997344242523 2886.005284403884 920.0
v 2839.8309788914244 2883.6303944956317 920.0
v 2836.5622233585964 2881.255504587379 920.0
v 2833.2934678257684 2878.880614679127 920.0
v 2830.02471229294 2876.5057247708746 920.0
v 2826.755956760112 2874.130834862622 920.0
v 2823.487201227284 2871.7559449543696 920.0
v 2820.218445694456 2869.381055046117 920.0
v 2816.949690161628 2867.006165137865 920.0
v 2813.6809346288 2864.6312752296126 920.0
v 2810.4121790959716 2862.25638532136 920.0
v 2807.1434235631436 2859.8814954131076 920.0
v 2803.8746680303157 2857.506605504855 920.0
v 2800.6059124974877 2855.1317155966026 920.0
v 2797.3371569646592 2852.7568256883505 920.0
v 2794.0684014318313 2850.381935780098 920.0
v 2790.7996458990033 2848.0070458718455 920.0
v 2787.5308903661753 2845.632155963593 920.0
v 2784.2621348333473 2843.2572660553406 920.0
v 2780.993379300519 2840.8823761470885 920.0
v 2777.724623767691 2838.507486238836 920.0
v 2774.455868234863 2836.1325963305835 920.0
v 2771.187112702035 2833.757706422331 920.0
v 2767.918357169207 2831.3828165140785 920.0
v 2764.6496016363785 2829.0079266058265 920.0
v 2761.3808461035505 2826.633036697574 920.0
v 2758.1120905707226 2824.2581467893215 920.0
v 2754.8433350378946 2821.883256881069 920.0
v 2751.5745795050666 2819.5083669728165 920.0
v 2748.305823972238 2817.133477064564 920.0
v 2745.03706843941 2814.758587156312 920.0
v 2741.768312906582 2812.3836972480594 920.0
v 2738.499557373754 2810.008807339807 920.0
v 2735.2308018409262 2807.6339174315544 920.0
v 2731.9620463080983 2805.259027523302 920.0
v 2728.69329077527 2802.88413761505 920.0
v 2725.424535242442 2800.5092477067974 920.0
v 2722.155779709614 2798.134357798545 920.0
v 2718.8870241767854 2795.7594678902924 920.0
v 2715.618268643958 2793.38457798204 920.0
v 2712.3495131111295 2791.009688073788 920.0
v 2709.0807575783015 2788.6347981655354 920.0
v 2705.8120020454735 2786.259908257283 920.0
v 2702.5432465126455 2783.8850183490304 920.0
v 2699.274490979817 2781.510128440778 920.0
v 2696.005735446989 2779.1352385325254 920.0
v 2692.736979914161 2776.7603486242733 920.0
v 2689.468224381333 2774.385458716021 920.0
v 2686.199468848505 2772.0105688077683 920.0
v 2682.9307133156767 2769.635678899516 920.0
v 2679.6619577828487 2767.2607889912633 920.0
v 2676.3932022500207 2764.8858990830113 920.0
v 3000.0 3000.0 940.0
v 2998.751446487374 2996.1573474089087 940.0
v 2997.5028929747477 2992.314694817817 940.0
v 2996.254339462122 2988.4720422267255 940.0
v 2995.005785949496 2984.6293896356337 940.0
v 2993.75723243687 2980.7867370445424 940.0
v 2992.5086789242437 2976.9440844534506 940.0
v 2991.2601254116175 2973.1014318623593 940.0
v 2990.0115718989914 2969.258779271268 940.0
v 2988.7630183863657 2965.416126680176 940.0
v 2987.5144648737396 2961.573474089085 940.0
v 2986.2659113611135 2957.730821497993 940.0
v 2985.0173578484873 2953.8881689069017 940.0
v 2983.768804335861 2950.0455163158103 940.0
v 2982.520250823235 2946.2028637247186 940.0
v 2981.2716973106094 2942.360211133627 940.0
v 2980.0231437979833 2938.5175585425354 940.0
v 2978.774590285357 2934.674905951444 940.0
v 2977.526036772731 2930.8322533603523 940.0
v 2976.277483260105 2926.989600769261 940.0
v 2975.0289297474787 2923.1469481781696 940.0
v 2973.780376234853 2919.304295587078 940.0
v 2972.531822722227 2915.4616429959865 940.0
v 2971.283269209601 2911.6189904048947 940.0
v 2970.0347156969747 2907.7763378138034 940.0
v 2968.7861621843485 2903.9336852227116 940.0
v 2967.5376086717224 2900.0910326316202 940.0
v 2966.2890551590967 2896.248380040529 940.0
v 2965.0405016464706 2892.405727449437 940.0
v 2963.7919481338445 2888.5630748583458 940.0
v 2962.5433946212183 2884.720422267254 940.0
v 2961.294841108592 2880.8777696761626 940.0
v 2960.046287595966 2877.0351170850713 940.0
v 2958.7977340833404 2873.1924644939795 940.0
v 2957.5491805707143 2869.349811902888 940.0
v 2956.300627058088 2865.5071593117964 940.0
v 2955.052073545462 2861.664506720705 940.0
v 2953.803520032836 2857.8218541296133 940.0
v 2952.5549665202097 2853.979201538522 940.0
v 2951.306413007584 2850.1365489474306 940.0
v 2950.057859494958 2846.293896356339 940.0
v 2948.809305982332 2842.4512437652475 940.0
v 2947.5607524697057 2838.6085911741557 940.0
v 2946.3121989570795 2834.7659385830643 940.0
v 2945.0636454444534 2830.923285991973 940.0
v 2943.8150919318277 2827.080633400881 940.0
v 2942.5665384192016 2823.23798080979 940.0
v 2941.3179849065755 2819.395328218698 940.0
v 2940.0694313939493 2815.5526756276067 940.0
v 2938.820877881323 2811.710023036515 940.0
v 2937.572324368697 2807.8673704454236 940.0
v 2936.3237708560714 2804.0247178543323 940.0
v 2935.0752173434453 2800.1820652632405 940.0
v 2933.826663830819 2796.339412672149 940.0
v 2932.578110318193 2792.4967600810573 940.0
v 2931.329556805567 2788.654107489966 940.0
v 2930.0810032929407 2784.811454898874 940.0
v 2928.832449780315 2780.968802307783 940.0
v 2927.583896267689 2777.1261497166915 940.0
v 2926.335342755063 2773.2834971255998 940.0
v 2925.0867892424367 2769.4408445345084 940.0
v 2923.8382357298105 2765.5981919434166 940.0
v 2922.5896822171844 2761.7555393523253 940.0
v 2921.3411287045587 2757.912886761234 940.0
v 2920.0925751919326 2754.070234170142 940.0
v 2918.8440216793065 2750.227581579051 940.0
v 2917.5954681666803 2746.384928987959 940.0
v 2916.346914654054 2742.5422763968677 940.0
v 2915.098361141428 2738.6996238057764 940.0
v 2913.8498076288024 2734.8569712146846 940.0
v 2912.6012541161763 2731.0143186235928 940.0
v 2911.35270060355 2727.1716660325014 940.0
v 2910.104147090924 2723.32901344141 940.0
v 2908.855593578298 2719.4863608503183 940.0
v 2907.6070400656718 2715.643708259227 940.0
v 2906.358486553046 2711.8010556681356 940.0
v 2905.10993304042 2707.958403077044 940.0
v 2903.861379527794 2704.1157504859525 940.0
v 2902.6128260151677 2700.2730978948607 940.0
v 2901.3642725025416 2696.4304453037694 940.0
v 2900.1157189899154 2692.5877927126776 940.0
v 2898.8671654772897 2688.7451401215862 940.0
v 2897.6186119646636 2684.902487530495 940.0
v 2896.3700584520375 2681.059834939403 940.0
v 2895.1215049394114 2677.217182348312 940.0
v 2893.872951426785 2673.37452975722 940.0
v 2892.624397914159 2669.5318771661287 940.0
v 2891.3758444015334 2665.689224575037 940.0
v 2890.1272908889073 2661.8465719839455 940.0
v 2888.878737376281 2658.003919392854 940.0
v 2887.630183863655 2654.1612668017624 940.0
v 2886.381630351029 2650.318614210671 940.0
v 2885.133076838403 2646.4759616195793 940.0
v 2883.884523325777 2642.633309028488 940.0
v 2882.635969813151 2638.790656437396 940.0
v 2881.387416300525 2634.948003846305 940.0
v 2880.1388627878987 2631.1053512552135 940.0
v 2878.8903092752726 2627.2626986641217 940.0
v 2877.6417557626464 2623.4200460730303 940.0
v 2876.3932022500207 2619.5773934819385 940.0
v 3000.0 3000.0 960.0
v 3001.248553512626 2996.1573474089087 960.0
v 3002.4971070252523 2992.314694817817 960.0
v 3003.745660537878 2988.4720422267255 960.0
v 3004.994214050504 2984.6293896356337 960.0
v 3006.24276756313 2980.7867370445424 960.0
v 3007.4913210757563 2976.9440844534506 960.0
v 3008.7398745883825 2973.1014318623593 960.0
v 3009.988428101008 2969.258779271268 960.0
v 3011.2369816136343 2965.416126680176 960.0
v 3012.4855351262604 2961.573474089085 960.0
v 3013.7340886388865 2957.730821497993 960.0
v 3014.9826421515127 2953.8881689069017 960.0
v 3016.231195664139 2950.04551631581 960.0
v 3017.4797491767645 2946.2028637247186 960.0
v 3018.7283026893906 2942.360211133627 960.0
v 3019.9768562020167 2938.5175585425354 960.0
v 3021.225409714643 2934.674905951444 960.0
v 3022.473963227269 2930.8322533603523 960.0
v 3023.7225167398947 2926.989600769261 960.0
v 3024.971070252521 2923.146948178169 960.0
v 3026.219623765147 2919.304295587078 960.0
v 3027.468177277773 2915.4616429959865 960.0
v 3028.716730790399 2911.6189904048947 960.0
v 3029.965284303025 2907.7763378138034 960.0
v 3031.213837815651 2903.9336852227116 960.0
v 3032.462391328277 2900.0910326316202 960.0
v 3033.7109448409033 2896.248380040529 960.0
v 3034.9594983535294 2892.405727449437 960.0
v 3036.2080518661555 2888.5630748583458 960.0
v 3037.456605378781 2884.720422267254 960.0
v 3038.7051588914073 2880.8777696761626 960.0
v 3039.9537124040335 2877.035117085071 960.0
v 3041.2022659166596 2873.1924644939795 960.0
v 3042.4508194292857 2869.349811902888 960.0
v 3043.6993729419114 2865.5071593117964 960.0
v 3044.9479264545375 2861.664506720705 960.0
v 3046.1964799671637 2857.8218541296133 960.0
v 3047.44503347979 2853.979201538522 960.0
v 3048.693586992416 2850.13654894743 960.0
v 3049.9421405050416 2846.293896356339 960.0
v 3051.1906940176677 2842.4512437652475 960.0
v 3052.439247530294 2838.6085911741557 960.0
v 3053.68780104292 2834.7659385830643 960.0
v 3054.936354555546 2830.9232859919725 960.0
v 3056.1849080681723 2827.080633400881 960.0
v 3057.433461580798 2823.2379808097894 960.0
v 3058.682015093424 2819.395328218698 960.0
v 3059.93056860605 2815.5526756276067 960.0
v 3061.1791221186763 2811.710023036515 960.0
v 3062.4276756313025 2807.8673704454236 960.0
v 3063.676229143928 2804.024717854332 960.0
v 3064.9247826565543 2800.1820652632405 960.0
v 3066.1733361691804 2796.3394126721487 960.0
v 3067.4218896818065 2792.4967600810573 960.0
v 3068.6704431944327 2788.654107489966 960.0
v 3069.9189967070583 2784.811454898874 960.0
v 3071.1675502196845 2780.968802307783 960.0
v 3072.4161037323106 2777.126149716691 960.0
v 3073.6646572449367 2773.2834971255998 960.0
v 3074.913210757563 2769.440844534508 960.0
v 3076.161764270189 2765.5981919434166 960.0
v 3077.4103177828147 2761.7555393523253 960.0
v 3078.658871295441 2757.9128867612335 960.0
v 3079.907424808067 2754.070234170142 960.0
v 3081.155978320693 2750.2275815790504 960.0
v 3082.404531833319 2746.384928987959 960.0
v 3083.653085345945 2742.5422763968672 960.0
v 3084.901638858571 2738.699623805776 960.0
v 3086.150192371197 2734.8569712146846 960.0
v 3087.3987458838233 2731.0143186235928 960.0
v 3088.6472993964494 2727.1716660325014 960.0
v 3089.895852909075 2723.3290134414096 960.0
v 3091.144406421701 2719.4863608503183 960.0
v 3092.3929599343273 2715.6437082592265 960.0
v 3093.6415134469535 2711.801055668135 960.0
v 3094.8900669595796 2707.958403077044 960.0
v 3096.1386204722057 2704.115750485952 960.0
v 3097.3871739848314 2700.2730978948607 960.0
v 3098.6357274974575 2696.430445303769 960.0
v 3099.8842810100837 2692.5877927126776 960.0
v 3101.13283452271 2688.745140121586 960.0
v 3102.381388035336 2684.9024875304945 960.0
v 3103.6299415479616 2681.059834939403 960.0
v 3104.8784950605877 2677.2171823483113 960.0
v 3106.127048573214 2673.37452975722 960.0
v 3107.37560208584 2669.531877166128 960.0
v 3108.624155598466 2665.689224575037 960.0
v 3109.872709111092 2661.846571983945 960.0
v 3111.121262623718 2658.0039193928537 960.0
v 3112.369816136344 2654.1612668017624 960.0
v 3113.61836964897 2650.3186142106706 960.0
v 3114.8669231615963 2646.4759616195793 960.0
v 3116.115476674222 2642.6333090284875 960.0
v 3117.364030186848 2638.790656437396 960.0
v 3118.6125836994743 2634.9480038463043 960.0
v 3119.8611372121004 2631.105351255213 960.0
v 3121.1096907247265 2627.2626986641217 960.0
v 3122.3582442373527 2623.42004607303 960.0
v 3123.6067977499783 2619.5773934819385 960.0
v 3000.0 3000.0 980.0
v 3003.268755532828 2997.6251100917475 980.0
v 3006.537511065656 2995.250220183495 980.0
v 3009.8062665984844 2992.875330275243 980.0
v 3013.0750221313124 2990.5004403669905 980.0
v 3016.3437776641404 2988.125550458738 980.0
v 3019.6125331969683 2985.7506605504855 980.0
v 3022.8812887297963 2983.375770642233 980.0
v 3026.1500442626248 2981.0008807339805 980.0
v 3029.4187997954527 2978.6259908257284 980.0
v 3032.6875553282807 2976.251100917476 980.0
v 3035.9563108611087 2973.8762110092234 980.0
v 3039.2250663939367 2971.501321100971 980.0
v 3042.4938219267647 2969.1264311927184 980.0
v 3045.762577459593 2966.751541284466 980.0
v 3049.031332992421 2964.376651376214 980.0
v 3052.300088525249 2962.0017614679614 980.0
v 3055.568844058077 2959.626871559709 980.0
v 3058.837599590905 2957.2519816514564 980.0
v 3062.1063551237335 2954.877091743204 980.0
v 3065.3751106565614 2952.5022018349514 980.0
v 3068.6438661893894 2950.1273119266993 980.0
v 3071.9126217222174 2947.752422018447 980.0
v 3075.1813772550454 2945.3775321101944 980.0
v 3078.450132787874 2943.002642201942 980.0
v 3081.718888320702 2940.6277522936894 980.0
v 3084.98764385353 2938.252862385437 980.0
v 3088.2563993863578 2935.877972477185 980.0
v 3091.5251549191858 2933.5030825689323 980.0
v 3094.7939104520137 2931.12819266068 980.0
v 3098.062665984842 2928.7533027524273 980.0
v 3101.33142151767 2926.378412844175 980.0
v 3104.600177050498 2924.0035229359223 980.0
v 3107.868932583326 2921.6286330276703 980.0
v 3111.137688116154 2919.253743119418 980.0
v 3114.4064436489825 2916.8788532111653 980.0
v 3117.6751991818105 2914.503963302913 980.0
v 3120.9439547146385 2912.1290733946603 980.0
v 3124.2127102474665 2909.7541834864082 980.0
v 3127.4814657802945 2907.3792935781557 980.0
v 3130.750221313123 2905.0044036699032 980.0
v 3134.018976845951 2902.6295137616507 980.0
v 3137.287732378779 2900.2546238533982 980.0
v 3140.556487911607 2897.8797339451457 980.0
v 3143.825243444435 2895.5048440368937 980.0
v 3147.0939989772633 2893.129954128641 980.0
v 3150.3627545100912 2890.7550642203887 980.0
v 3153.631510042919 2888.380174312136 980.0
v 3156.900265575747 2886.0052844038837 980.0
v 3160.169021108575 2883.630394495631 980.0
v 3163.437776641403 2881.255504587379 980.0
v 3166.7065321742316 2878.8806146791267 980.0
v 3169.9752877070596 2876.505724770874 980.0
v 3173.2440432398876 2874.1308348626217 980.0
v 3176.5127987727155 2871.755944954369 980.0
v 3179.7815543055435 2869.3810550461167 980.0
v 3183.050309838372 2867.0061651378646 980.0
v 3186.3190653712 2864.631275229612 980.0
v 3189.587820904028 2862.2563853213596 980.0
v 3192.856576436856 2859.881495413107 980.0
v 3196.125331969684 2857.5066055048546 980.0
v 3199.394087502512 2855.131715596602 980.0
v 3202.6628430353403 2852.75682568835 980.0
v 3205.9315985681683 2850.3819357800976 980.0
v 3209.2003541009963 2848.007045871845 980.0
v 3212.4691096338242 2845.6321559635926 980.0
v 3215.737865166652 2843.25726605534 980.0
v 3219.0066206994807 2840.8823761470876 980.0
v 3222.2753762323086 2838.5074862388356 980.0
v 3225.5441317651366 2836.132596330583 980.0
v 3228.8128872979646 2833.7577064223306 980.0
v 3232.0816428307926 2831.382816514078 980.0
v 3235.350398363621 2829.0079266058256 980.0
v 3238.619153896449 2826.6330366975735 980.0
v 3241.887909429277 2824.258146789321 980.0
v 3245.156664962105 2821.8832568810685 980.0
v 3248.425420494933 2819.508366972816 980.0
v 3251.6941760277614 2817.1334770645635 980.0
v 3254.9629315605894 2814.758587156311 980.0
v 3258.2316870934173 2812.3836972480585 980.0
v 3261.5004426262453 2810.0088073398065 980.0
v 3264.7691981590733 2807.633917431554 980.0
v 3268.0379536919017 2805.2590275233015 980.0
v 3271.3067092247297 2802.884137615049 980.0
v 3274.5754647575577 2800.5092477067965 980.0
v 3277.8442202903857 2798.1343577985444 980.0
v 3281.1129758232137 2795.759467890292 980.0
v 3284.3817313560417 2793.3845779820394 980.0
v 3287.65048688887 2791.009688073787 980.0
v 3290.919242421698 2788.6347981655344 980.0
v 3294.187997954526 2786.259908257282 980.0
v 3297.456753487354 2783.88501834903 980.0
v 3300.725509020182 2781.5101284407774 980.0
v 3303.9942645530105 2779.135238532525 980.0
v 3307.2630200858384 2776.7603486242724 980.0
v 3310.5317756186664 2774.38545871602 980.0
v 3313.8005311514944 2772.0105688077674 980.0
v 3317.0692866843224 2769.6356788995154 980.0
v 3320.3380422171504 2767.260788991263 980.0
v 3323.606797749979 2764.8858990830104 980.0
v 3000.0 3000.0 1000.0
v 3004.040404040404 3000.0 1000.0
v 3008.080808080808 3000.0 1000.0
v 3012.121212121212 3000.0 1000.0
v 3016.161616161616 3000.0 1000.0
v 3020.2020202020203 3000.0 1000.0
v 3024.242424242424 3000.0 1000.0
v 3028.282828282828 3000.0 1000.0
v 3032.3232323232323 3000.0 1000.0
v 3036.3636363636365 3000.0 1000.0
v 3040.40404040404 3000.0 1000.0
v 3044.4444444444443 3000.0 1000.0
v 3048.4848484848485 3000.0 1000.0
v 3052.5252525252527 3000.0 1000.0
v 3056.5656565656564 3000.0 1000.0
v 3060.6060606060605 3000.0 1000.0
v 3064.6464646464647 3000.0 1000.0
v 3068.686868686869 3000.0 1000.0
v 3072.7272727272725 3000.0 1000.0
v 3076.7676767676767 3000.0 1000.0
v 3080.808080808081 3000.0 1000.0
v 3084.848484848485 3000.0 1000.0
v 3088.8888888888887 3000.0 1000.0
v 3092.929292929293 3000.0 1000.0
v 3096.969696969697 3000.0 1000.0
v 3101.010101010101 3000.0 1000.0
v 3105.050505050505 3000.0 1000.0
v 3109.090909090909 3000.0 1000.0
v 3113.131313131313 3000.0 1000.0
v 3117.1717171717173 3000.0 1000.0
v 3121.212121212121 3000.0 1000.0
v 3125.252525252525 3000.0 1000.0
v 3129.2929292929293 3000.0 1000.0
v 3133.3333333333335 3000.0 1000.0
v 3137.373737373737 3000.0 1000.0
v 3141.4141414141413 3000.0 1000.0
v 3145.4545454545455 3000.0 1000.0
v 3149.4949494949497 3000.0 1000.0
v 3153.5353535353534 3000.0 1000.0
v 3157.5757575757575 3000.0 1000.0
v 3161.6161616161617 3000.0 1000.0
v 3165.656565656566 3000.0 1000.0
v 3169.6969696969695 3000.0 1000.0
v 3173.7373737373737 3000.0 1000.0
v 3177.777777777778 3000.0 1000.0
v 3181.818181818182 3000.0 1000.0
v 3185.8585858585857 2999.9999999999995 1000.0
v 3189.89898989899 2999.9999999999995 1000.0
v 3193.939393939394 2999.9999999999995 1000.0
v 3197.979797979798 2999.9999999999995 1000.0
v 3202.020202020202 2999.9999999999995 1000.0
v 3206.060606060606 2999.9999999999995 1000.0
v 3210.10101010101 2999.9999999999995 1000.0
v 3214.1414141414143 2999.9999999999995 1000.0
v 3218.181818181818 2999.9999999999995 1000.0
v 3222.222222222222 2999.9999999999995 1000.0
v 3226.2626262626263 2999.9999999999995 1000.0
v 3230.3030303030305 2999.9999999999995 1000.0
v 3234.343434343434 2999.9999999999995 1000.0
v 3238.3838383838383 2999.9999999999995 1000.0
v 3242.4242424242425 2999.9999999999995 1000.0
v 3246.4646464646466 2999.9999999999995 1000.0
v 3250.5050505050503 2999.9999999999995 1000.0
v 3254.5454545454545 2999.9999999999995 1000.0
v 3258.5858585858587 2999.9999999999995 1000.0
v 3262.626262626263 2999.9999999999995 1000.0
v 3266.6666666666665 2999.9999999999995 1000.0
v 3270.7070707070707 2999.9999999999995 1000.0
v 3274.747474747475 2999.9999999999995 1000.0
v 3278.787878787879 2999.9999999999995 1000.0
v 3282.8282828282827 2999.9999999999995 1000.0
v 3286.868686868687 2999.9999999999995 1000.0
v 3290.909090909091 2999.9999999999995 1000.0
v 3294.9494949494947 2999.9999999999995 1000.0
v 3298.989898989899 2999.9999999999995 1000.0
v 3303.030303030303 2999.9999999999995 1000.0
v 3307.070707070707 2999.9999999999995 1000.0
v 3311.1111111111113 2999.9999999999995 1000.0
v 3315.151515151515 2999.9999999999995 1000.0
v 3319.191919191919 2999.9999999999995 1000.0
v 3323.2323232323233 2999.9999999999995 1000.0
v 3327.2727272727275 2999.9999999999995 1000.0
v 3331.313131313131 2999.9999999999995 1000.0
v 3335.3535353535353 2999.9999999999995 1000.0
v 3339.3939393939395 2999.9999999999995 1000.0
v 3343.4343434343436 2999.9999999999995 1000.0
v 3347.4747474747473 2999.9999999999995 1000.0
v 3351.5151515151515 2999.9999999999995 1000.0
v 3355.5555555555557 2999.9999999999995 1000.0
v 3359.5959595959594 2999.9999999999995 1000.0
v 3363.6363636363635 2999.9999999999995 1000.0
v 3367.6767676767677 2999.9999999999995 1000.0
v 3371.717171717172 2999.9999999999995 1000.0
v 3375.757575757576 2999.9999999999995 1000.0
v 3379.7979797979797 2999.9999999999995 1000.0
v 3383.838383838384 2999.9999999999995 1000.0
v 3387.878787878788 2999.9999999999995 1000.0
v 3391.9191919191917 2999.9999999999995 1000.0
v 3395.959595959596 2999.9999999999995 1000.0
v 3400.0 2999.9999999999995 1000.0
vt 0.0 0.0
vt 0.010101010101010102 0.0
vt 0.020202020202020204 0.0
vt 0.030303030303030304 0.0
vt 0.04040404040404041 0.0
vt 0.050505050505050504 0.0
vt 0.06060606060606061 0.0
vt 0.0707070707070707 0.0
vt 0.08080808080808081 0.0
vt 0.09090909090909091 0.0
vt 0.10101010101010101 0.0
vt 0.1111111111111111 0.0
vt 0.12121212121212122 0.0
vt 0.13131313131313133 0.0
vt 0.1414141414141414 0.0
vt 0.15151515151515152 0.0
vt 0.16161616161616163 0.0
vt 0.1717171717171717 0.0
vt 0.18181818181818182 0.0
vt 0.1919191919191919 0.0
vt 0.20202020202020202 0.0
vt 0.21212121212121213 0.0
vt 0.2222222222222222 0.0
vt 0.23232323232323232 0.0
vt 0.24242424242424243 0.0
vt 0.25252525252525254 0.0
vt 0.26262626262626265 0.0
vt 0.2727272727272727 0.0
vt 0.2828282828282828 0.0
vt 0.29292929292929293 0.0
vt 0.30303030303030304 0.0
vt 0.31313131313131315 0.0
vt 0.32323232323232326 0.0
vt 0.3333333333333333 0.0
vt 0.3434343434343434 0.0
vt 0.35353535353535354 0.0
vt 0.36363636363636365 0.0
vt 0.37373737373737376 0.0
vt 0.3838383838383838 0.0
vt 0.3939393939393939 0.0
vt 0.40404040404040403 0.0
vt 0.41414141414141414 0.0
vt 0.42424242424242425 0.0
vt 0.43434343434343436 0.0
vt 0.4444444444444444 0.0
vt 0.45454545454545453 0.0
vt 0.46464646464646464 0.0
vt 0.47474747474747475 0.0
vt 0.48484848484848486 0.0
vt 0.494949494949495 0.0
vt 0.5050505050505051 0.0
vt 0.5151515151515151 0.0
vt 0.5252525252525253 0.0
vt 0.5353535353535354 0.0
vt 0.5454545454545454 0.0
vt 0.5555555555555556 0.0
vt 0.5656565656565656 0.0
vt 0.5757575757575758 0.0
vt 0.5858585858585859 0.0
vt 0.5959595959595959 0.0
vt 0.6060606060606061 0.0
vt 0.6161616161616161 0.0
vt 0.6262626262626263 0.0
vt 0.6363636363636364 0.0
vt 0.6464646464646465 0.0
vt 0.6565656565656566 0.0
vt 0.6666666666666666 0.0
vt 0.6767676767676768 0.0
vt 0.6868686868686869 0.0
vt 0.696969696969697 0.0
vt 0.7070707070707071 0.0
vt 0.7171717171717171 0.0
vt 0.7272727272727273 0.0
vt 0.7373737373737373 0.0
vt 0.7474747474747475 0.0
vt 0.7575757575757576 0.0
vt 0.7676767676767676 0.0
vt 0.7777777777777778 0.0
vt 0.7878787878787878 0.0
vt 0.797979797979798 0.0
vt 0.8080808080808081 0.0
vt 0.8181818181818182 0.0
vt 0.8282828282828283 0.0
vt 0.8383838383838383 0.0
vt 0.8484848484848485 0.0
vt 0.8585858585858586 0.0
vt 0.8686868686868687 0.0
vt 0.8787878787878788 0.0
vt 0.8888888888888888 0.0
vt 0.898989898989899 0.0
vt 0.9090909090909091 0.0
vt 0.9191919191919192 0.0
vt 0.9292929292929293 0.0
vt 0.9393939393939394 0.0
vt 0.9494949494949495 0.0
vt 0.9595959595959596 0.0
vt 0.9696969696969697 0.0
vt 0.9797979797979798 0.0
vt 0.98989898989899 0.0
vt 1.0 0.0
vt 0.0 0.02
vt 0.010101010101010102 0.02
vt 0.020202020202020204 0.02
vt 0.030303030303030304 0.02
vt 0.04040404040404041 0.02
vt 0.050505050505050504 0.02
vt 0.06060606060606061 0.02
vt 0.0707070707070707 0.02
vt 0.08080808080808081 0.02
vt 0.09090909090909091 0.02
vt 0.10101010101010101 0.02
vt 0.1111111111111111 0.02
vt 0.12121212121212122 0.02
vt 0.13131313131313133 0.02
vt 0.1414141414141414 0.02
vt 0.15151515151515152 0.02
vt 0.16161616161616163 0.02
vt 0.1717171717171717 0.02
vt 0.18181818181818182 0.02
vt 0.1919191919191919 0.02
vt 0.20202020202020202 0.02
vt 0.21212121212121213 0.02
vt 0.2222222222222222 0.02
vt 0.23232323232323232 0.02
vt 0.24242424242424243 0.02
vt 0.25252525252525254 0.02
vt 0.26262626262626265 0.02
vt 0.2727272727272727 0.02
vt 0.2828282828282828 0.02
vt 0.29292929292929293 0.02
vt 0.30303030303030304 0.02
vt 0.31313131313131315 0.02
vt 0.32323232323232326 0.02
vt 0.3333333333333333 0.02
vt 0.3434343434343434 0.02
vt 0.35353535353535354 0.02
vt 0.36363636363636365 0.02
vt 0.37373737373737376 0.02
vt 0.3838383838383838 0.02
vt 0.3939393939393939 0.02
vt 0.40404040404040403 0.02
vt 0.41414141414141414 0.02
vt 0.42424242424242425 0.02
vt 0.43434343434343436 0.02
vt 0.4444444444444444 0.02
vt 0.45454545454545453 0.02
vt 0.46464646464646464 0.02
vt 0.47474747474747475 0.02
vt 0.48484848484848486 0.02
vt 0.494949494949495 0.02
vt 0.5050505050505051 0.02
vt 0.5151515151515151 0.02
vt 0.5252525252525253 0.02
vt 0.5353535353535354 0.02
vt 0.5454545454545454 0.02
vt 0.5555555555555556 0.02
vt 0.5656565656565656 0.02
vt 0.5757575757575758 0.02
vt 0.5858585858585859 0.02
vt 0.5959595959595959 0.02
vt 0.6060606060606061 0.02
vt 0.6161616161616161 0.02
vt 0.6262626262626263 0.02
vt 0.6363636363636364 0.02
vt 0.6464646464646465 0.02
vt 0.6565656565656566 0.02
vt 0.6666666666666666 0.02
vt 0.6767676767676768 0.02
vt 0.6868686868686869 0.02
vt 0.696969696969697 0.02
vt 0.7070707070707071 0.02
vt 0.7171717171717171 0.02
vt 0.7272727272727273 0.02
vt 0.7373737373737373 0.02
vt 0.7474747474747475 0.02
vt 0.7575757575757576 0.02
vt 0.7676767676767676 0.02
vt 0.7777777777777778 0.02
vt 0.7878787878787878 0.02
vt 0.797979797979798 0.02
vt 0.8080808080808081 0.02
vt 0.8181818181818182 0.02
vt 0.8282828282828283 0.02
vt 0.8383838383838383 0.02
vt 0.8484848484848485 0.02
vt 0.8585858585858586 0.02
vt 0.8686868686868687 0.02
vt 0.8787878787878788 0.02
vt 0.8888888888888888 0.02
vt 0.898989898989899 0.02
vt 0.9090909090909091 0.02
vt 0.9191919191919192 0.02
vt 0.9292929292929293 0.02
vt 0.9393939393939394 0.02
vt 0.9494949494949495 0.02
vt 0.9595959595959596 0.02
vt 0.9696969696969697 0.02
vt 0.9797979797979798 0.02
vt 0.98989898989899 0.02
vt 1.0 0.02
vt 0.0 0.04
vt 0.010101010101010102 0.04
vt 0.020202020202020204 0.04
vt 0.030303030303030304 0.04
vt 0.04040404040404041 0.04
vt 0.050505050505050504 0.04
vt 0.06060606060606061 0.04
vt 0.0707070707070707 0.04
vt 0.08080808080808081 0.04
vt 0.09090909090909091 0.04
vt 0.10101010101010101 0.04
vt 0.1111111111111111 0.04
vt 0.12121212121212122 0.04
vt 0.13131313131313133 0.04
vt 0.1414141414141414 0.04
vt 0.15151515151515152 0.04
vt 0.16161616161616163 0.04
vt 0.1717171717171717 0.04
vt 0.18181818181818182 0.04
vt 0.1919191919191919 0.04
vt 0.20202020202020202 0.04
vt 0.21212121212121213 0.04
vt 0.2222222222222222 0.04
vt 0.23232323232323232 0.04
vt 0.24242424242424243 0.04
vt 0.25252525252525254 0.04
vt 0.26262626262626265 0.04
vt 0.2727272727272727 0.04
vt 0.2828282828282828 0.04
vt 0.29292929292929293 0.04
vt 0.30303030303030304 0.04
vt 0.31313131313131315 0.04
vt 0.32323232323232326 0.04
vt 0.3333333333333333 0.04
vt 0.3434343434343434 0.04
vt 0.35353535353535354 0.04
vt 0.36363636363636365 0.04
vt 0.37373737373737376 0.04
vt 0.3838383838383838 0.04
vt 0.3939393939393939 0.04
vt 0.40404040404040403 0.04
vt 0.41414141414141414 0.04
vt 0.42424242424242425 0.04
vt 0.43434343434343436 0.04
vt 0.4444444444444444 0.04
vt 0.45454545454545453 0.04
vt 0.46464646464646464 0.04
vt 0.47474747474747475 0.04
vt 0.48484848484848486 0.04
vt 0.494949494949495 0.04
vt 0.5050505050505051 0.04
vt 0.5151515151515151 0.04
vt 0.5252525252525253 0.04
vt 0.5353535353535354 0.04
vt 0.5454545454545454 0.04
vt 0.5555555555555556 0.04
vt 0.5656565656565656 0.04
vt 0.5757575757575758 0.04
vt 0.5858585858585859 0.04
vt 0.5959595959595959 0.04
vt 0.6060606060606061 0.04
vt 0.6161616161616161 0.04
vt 0.6262626262626263 0.04
vt 0.6363636363636364 0.04
vt 0.6464646464646465 0.04
vt 0.6565656565656566 0.04
vt 0.6666666666666666 0.04
vt 0.6767676767676768 0.04
vt 0.6868686868686869 0.04
vt 0.696969696969697 0.04
vt 0.7070707070707071 0.04
vt 0.7171717171717171 0.04
vt 0.7272727272727273 0.04
vt 0.7373737373737373 0.04
vt 0.7474747474747475 0.04
vt 0.7575757575757576 0.04
vt 0.7676767676767676 0.04
vt 0.7777777777777778 0.04
vt 0.7878787878787878 0.04
vt 0.797979797979798 0.04
vt 0.8080808080808081 0.04
vt 0.8181818181818182 0.04
vt 0.8282828282828283 0.04
vt 0.8383838383838383 0.04
vt 0.8484848484848485 0.04
vt 0.8585858585858586 0.04
vt 0.8686868686868687 0.04
vt 0.8787878787878788 0.04
vt 0.8888888888888888 0.04
vt 0.898989898989899 0.04
vt 0.9090909090909091 0.04
vt 0.9191919191919192 0.04
vt 0.9292929292929293 0.04
vt 0.9393939393939394 0.04
vt 0.9494949494949495 0.04
vt 0.9595959595959596 0.04
vt 0.9696969696969697 0.04
vt 0.9797979797979798 0.04
vt 0.98989898989899 0.04
vt 1.0 0.04
vt 0.0 0.06
vt 0.010101010101010102 0.06
vt 0.020202020202020204 0.06
vt 0.030303030303030304 0.06
vt 0.04040404040404041 0.06
vt 0.050505050505050504 0.06
vt 0.06060606060606061 0.06
vt 0.0707070707070707 0.06
vt 0.08080808080808081 0.06
vt 0.09090909090909091 0.06
vt 0.10101010101010101 0.06
vt 0.1111111111111111 0.06
vt 0.12121212121212122 0.06
vt 0.13131313131313133 0.06
vt 0.1414141414141414 0.06
vt 0.15151515151515152 0.06
vt 0.16161616161616163 0.06
vt 0.1717171717171717 0.06
vt 0.18181818181818182 0.06
vt 0.1919191919191919 0.06
vt 0.20202020202020202 0.06
vt 0.21212121212121213 0.06
vt 0.2222222222222222 0.06
vt 0.23232323232323232 0.06
vt 0.24242424242424243 0.06
vt 0.25252525252525254 0.06
vt 0.26262626262626265 0.06
vt 0.2727272727272727 0.06
vt 0.2828282828282828 0.06
vt 0.29292929292929293 0.06
vt 0.30303030303030304 0.06
vt 0.31313131313131315 0.06
vt 0.32323232323232326 0.06
vt 0.3333333333333333 0.06
vt 0.3434343434343434 0.06
vt 0.35353535353535354 0.06
vt 0.36363636363636365 0.06
vt 0.37373737373737376 0.06
vt 0.3838383838383838 0.06
vt 0.3939393939393939 0.06
vt 0.40404040404040403 0.06
vt 0.41414141414141414 0.06
vt 0.42424242424242425 0.06
vt 0.43434343434343436 0.06
vt 0.4444444444444444 0.06
vt 0.45454545454545453 0.06
vt 0.46464646464646464 0.06
vt 0.47474747474747475 0.06
vt 0.48484848484848486 0.06
vt 0.494949494949495 0.06
vt 0.5050505050505051 0.06
vt 0.5151515151515151 0.06
vt 0.5252525252525253 0.06
vt 0.5353535353535354 0.06
vt 0.5454545454545454 0.06
vt 0.5555555555555556 0.06
vt 0.5656565656565656 0.06
vt 0.5757575757575758 0.06
vt 0.5858585858585859 0.06
vt 0.5959595959595959 0.06
vt 0.6060606060606061 0.06
vt 0.6161616161616161 0.06
vt 0.6262626262626263 0.06
vt 0.6363636363636364 0.06
vt 0.6464646464646465 0.06
vt 0.6565656565656566 0.06
vt 0.6666666666666666 0.06
vt 0.6767676767676768 0.06
vt 0.6868686868686869 0.06
vt 0.696969696969697 0.06
vt 0.7070707070707071 0.06
vt 0.7171717171717171 0.06
vt 0.7272727272727273 0.06
vt 0.7373737373737373 0.06
vt 0.7474747474747475 0.06
vt 0.7575757575757576 0.06
vt 0.7676767676767676 0.06
vt 0.7777777777777778 0.06
vt 0.7878787878787878 0.06
vt 0.797979797979798 0.06
vt 0.8080808080808081 0.06
vt 0.8181818181818182 0.06
vt 0.8282828282828283 0.06
vt 0.8383838383838383 0.06
vt 0.8484848484848485 0.06
vt 0.8585858585858586 0.06
vt 0.8686868686868687 0.06
vt 0.8787878787878788 0.06
vt 0.8888888888888888 0.06
vt 0.898989898989899 0.06
vt 0.9090909090909091 0.06
vt 0.9191919191919192 0.06
vt 0.9292929292929293 0.06
vt 0.9393939393939394 0.06
vt 0.9494949494949495 0.06
vt 0.9595959595959596 0.06
vt 0.9696969696969697 0.06
vt 0.9797979797979798 0.06
vt 0.98989898989899 0.06
vt 1.0 0.06
vt 0.0 0.08
vt 0.010101010101010102 0.08
vt 0.020202020202020204 0.08
vt 0.030303030303030304 0.08
vt 0.04040404040404041 0.08
vt 0.050505050505050504 0.08
vt 0.06060606060606061 0.08
vt 0.0707070707070707 0.08
vt 0.08080808080808081 0.08
vt 0.09090909090909091 0.08
vt 0.10101010101010101 0.08
vt 0.1111111111111111 0.08
vt 0.12121212121212122 0.08
vt 0.13131313131313133 0.08
vt 0.1414141414141414 0.08
vt 0.15151515151515152 0.08
vt 0.16161616161616163 0.08
vt 0.1717171717171717 0.08
vt 0.18181818181818182 0.08
vt 0.1919191919191919 0.08
vt 0.20202020202020202 0.08
vt 0.21212121212121213 0.08
vt 0.2222222222222222 0.08
vt 0.23232323232323232 0.08
vt 0.24242424242424243 0.08
vt 0.25252525252525254 0.08
vt 0.26262626262626265 0.08
vt 0.2727272727272727 0.08
vt 0.2828282828282828 0.08
vt 0.29292929292929293 0.08
vt 0.30303030303030304 0.08
vt 0.31313131313131315 0.08
vt 0.32323232323232326 0.08
vt 0.3333333333333333 0.08
vt 0.3434343434343434 0.08
vt 0.35353535353535354 0.08
vt 0.36363636363636365 0.08
vt 0.37373737373737376 0.08
vt 0.3838383838383838 0.08
vt 0.3939393939393939 0.08
vt 0.40404040404040403 0.08
vt 0.41414141414141414 0.08
vt 0.42424242424242425 0.08
vt 0.43434343434343436 0.08
vt 0.4444444444444444 0.08
vt 0.45454545454545453 0.08
vt 0.46464646464646464 0.08
vt 0.47474747474747475 0.08
vt 0.48484848484848486 0.08
vt 0.494949494949495 0.08
vt 0.5050505050505051 0.08
vt 0.5151515151515151 0.08
vt 0.5252525252525253 0.08
vt 0.5353535353535354 0.08
vt 0.5454545454545454 0.08
vt 0.5555555555555556 0.08
vt 0.5656565656565656 0.08
vt 0.5757575757575758 0.08
vt 0.5858585858585859 0.08
vt 0.5959595959595959 0.08
vt 0.6060606060606061 0.08
vt 0.6161616161616161 0.08
vt 0.6262626262626263 0.08
vt 0.6363636363636364 0.08
vt 0.6464646464646465 0.08
vt 0.6565656565656566 0.08
vt 0.6666666666666666 0.08
vt 0.6767676767676768 0.08
vt 0.6868686868686869 0.08
vt 0.696969696969697 0.08
vt 0.7070707070707071 0.08
vt 0.7171717171717171 0.08
vt 0.7272727272727273 0.08
vt 0.7373737373737373 0.08
vt 0.7474747474747475 0.08
vt 0.7575757575757576 0.08
vt 0.7676767676767676 0.08
vt 0.7777777777777778 0.08
vt 0.7878787878787878 0.08
vt 0.797979797979798 0.08
vt 0.8080808080808081 0.08
vt 0.8181818181818182 0.08
vt 0.8282828282828283 0.08
vt 0.8383838383838383 0.08
vt 0.8484848484848485 0.08
vt 0.8585858585858586 0.08
vt 0.8686868686868687 0.08
vt 0.8787878787878788 0.08
vt 0.8888888888888888 0.08
vt 0.898989898989899 0.08
vt 0.9090909090909091 0.08
vt 0.9191919191919192 0.08
vt 0.9292929292929293 0.08
vt 0.9393939393939394 0.08
vt 0.9494949494949495 0.08
vt 0.9595959595959596 0.08
vt 0.9696969696969697 0.08
vt 0.9797979797979798 0.08
vt 0.98989898989899 0.08
vt 1.0 0.08
vt 0.0 0.1
vt 0.010101010101010102 0.1
vt 0.020202020202020204 0.1
vt 0.030303030303030304 0.1
vt 0.04040404040404041 0.1
vt 0.050505050505050504 0.1
vt 0.06060606060606061 0.1
vt 0.0707070707070707 0.1
vt 0.08080808080808081 0.1
vt 0.09090909090909091 0.1
vt 0.10101010101010101 0.1
vt 0.1111111111111111 0.1
vt 0.12121212121212122 0.1
vt 0.13131313131313133 0.1
vt 0.1414141414141414 0.1
vt 0.15151515151515152 0.1
vt 0.16161616161616163 0.1
vt 0.1717171717171717 0.1
vt 0.18181818181818182 0.1
vt 0.1919191919191919 0.1
vt 0.20202020202020202 0.1
vt 0.21212121212121213 0.1
vt 0.2222222222222222 0.1
vt 0.23232323232323232 0.1
vt 0.24242424242424243 0.1
vt 0.25252525252525254 0.1
vt 0.26262626262626265 0.1
vt 0.2727272727272727 0.1
vt 0.2828282828282828 0.1
vt 0.29292929292929293 0.1
vt 0.30303030303030304 0.1
vt 0.31313131313131315 0.1
vt 0.32323232323232326 0.1
vt 0.3333333333333333 0.1
vt 0.3434343434343434 0.1
vt 0.35353535353535354 0.1
vt 0.36363636363636365 0.1
vt 0.37373737373737376 0.1
vt 0.3838383838383838 0.1
vt 0.3939393939393939 0.1
vt 0.40404040404040403 0.1
vt 0.41414141414141414 0.1
vt 0.42424242424242425 0.1
vt 0.43434343434343436 0.1
vt 0.4444444444444444 0.1
vt 0.45454545454545453 0.1
vt 0.46464646464646464 0.1
vt 0.47474747474747475 0.1
vt 0.48484848484848486 0.1
vt 0.494949494949495 0.1
vt 0.5050505050505051 0.1
vt 0.5151515151515151 0.1
vt 0.5252525252525253 0.1
vt 0.5353535353535354 0.1
vt 0.5454545454545454 0.1
vt 0.5555555555555556 0.1
vt 0.5656565656565656 0.1
vt 0.5757575757575758 0.1
vt 0.5858585858585859 0.1
vt 0.5959595959595959 0.1
vt 0.6060606060606061 0.1
vt 0.6161616161616161 0.1
vt 0.6262626262626263 0.1
vt 0.6363636363636364 0.1
vt 0.6464646464646465 0.1
vt 0.6565656565656566 0.1
vt 0.6666666666666666 0.1
vt 0.6767676767676768 0.1
vt 0.6868686868686869 0.1
vt 0.696969696969697 0.1
vt 0.7070707070707071 0.1
vt 0.7171717171717171 0.1
vt 0.7272727272727273 0.1
vt 0.7373737373737373 0.1
vt 0.7474747474747475 0.1
vt 0.7575757575757576 0.1
vt 0.7676767676767676 0.1
vt 0.7777777777777778 0.1
vt 0.7878787878787878 0.1
vt 0.797979797979798 0.1
vt 0.8080808080808081 0.1
vt 0.8181818181818182 0.1
vt 0.8282828282828283 0.1
vt 0.8383838383838383 0.1
vt 0.8484848484848485 0.1
vt 0.8585858585858586 0.1
vt 0.8686868686868687 0.1
vt 0.8787878787878788 0.1
vt 0.8888888888888888 0.1
vt 0.898989898989899 0.1
vt 0.9090909090909091 0.1
vt 0.9191919191919192 0.1
vt 0.9292929292929293 0.1
vt 0.9393939393939394 0.1
vt 0.9494949494949495 0.1
vt 0.9595959595959596 0.1
vt 0.9696969696969697 0.1
vt 0.9797979797979798 0.1
vt 0.98989898989899 0.1
vt 1.0 0.1
vt 0.0 0.12
vt 0.010101010101010102 0.12
vt 0.020202020202020204 0.12
vt 0.030303030303030304 0.12
vt 0.04040404040404041 0.12
vt 0.050505050505050504 0.12
vt 0.06060606060606061 0.12
vt 0.0707070707070707 0.12
vt 0.08080808080808081 0.12
vt 0.09090909090909091 0.12
vt 0.10101010101010101 0.12
vt 0.1111111111111111 0.12
vt 0.12121212121212122 0.12
vt 0.13131313131313133 0.12
vt 0.1414141414141414 0.12
vt 0.15151515151515152 0.12
vt 0.16161616161616163 0.12
vt 0.1717171717171717 0.12
vt 0.18181818181818182 0.12
vt 0.1919191919191919 0.12
vt 0.20202020202020202 0.12
vt 0.21212121212121213 0.12
vt 0.2222222222222222 0.12
vt 0.23232323232323232 0.12
vt 0.24242424242424243 0.12
vt 0.25252525252525254 0.12
vt 0.26262626262626265 0.12
vt 0.2727272727272727 0.12
vt 0.2828282828282828 0.12
vt 0.29292929292929293 0.12
vt 0.30303030303030304 0.12
vt 0.31313131313131315 0.12
vt 0.32323232323232326 0.12
vt 0.3333333333333333 0.12
vt 0.3434343434343434 0.12
vt 0.35353535353535354 0.12
vt 0.36363636363636365 0.12
vt 0.37373737373737376 0.12
vt 0.3838383838383838 0.12
vt 0.3939393939393939 0.12
vt 0.40404040404040403 0.12
vt 0.41414141414141414 0.12
vt 0.42424242424242425 0.12
vt 0.43434343434343436 0.12
vt 0.4444444444444444 0.12
vt 0.45454545454545453 0.12
vt 0.46464646464646464 0.12
vt 0.47474747474747475 0.12
vt 0.48484848484848486 0.12
vt 0.494949494949495 0.12
vt 0.5050505050505051 0.12
vt 0.5151515151515151 0.12
vt 0.5252525252525253 0.12
vt 0.5353535353535354 0.12
vt 0.5454545454545454 0.12
vt 0.5555555555555556 0.12
vt 0.5656565656565656 0.12
vt 0.5757575757575758 0.12
vt 0.5858585858585859 0.12
vt 0.5959595959595959 0.12
vt 0.6060606060606061 0.12
vt 0.6161616161616161 0.12
vt 0.6262626262626263 0.12
vt 0.6363636363636364 0.12
vt 0.6464646464646465 0.12
vt 0.6565656565656566 0.12
vt 0.6666666666666666 0.12
vt 0.6767676767676768 0.12
vt 0.6868686868686869 0.12
vt 0.696969696969697 0.12
vt 0.7070707070707071 0.12
vt 0.7171717171717171 0.12
vt 0.7272727272727273 0.12
vt 0.7373737373737373 0.12
vt 0.7474747474747475 0.12
vt 0.7575757575757576 0.12
vt 0.7676767676767676 0.12
vt 0.7777777777777778 0.12
vt 0.7878787878787878 0.12
vt 0.797979797979798 0.12
vt 0.8080808080808081 0.12
vt 0.8181818181818182 0.12
vt 0.8282828282828283 0.12
vt 0.8383838383838383 0.12
vt 0.8484848484848485 0.12
vt 0.8585858585858586 0.12
vt 0.8686868686868687 0.12
vt 0.8787878787878788 0.12
vt 0.8888888888888888 0.12
vt 0.898989898989899 0.12
vt 0.9090909090909091 0.12
vt 0.9191919191919192 0.12
vt 0.9292929292929293 0.12
vt 0.9393939393939394 0.12
vt 0.9494949494949495 0.12
vt 0.9595959595959596 0.12
vt 0.9696969696969697 0.12
vt 0.9797979797979798 0.12
vt 0.98989898989899 0.12
vt 1.0 0.12
vt 0.0 0.14
vt 0.010101010101010102 0.14
vt 0.020202020202020204 0.14
vt 0.030303030303030304 0.14
vt 0.04040404040404041 0.14
vt 0.050505050505050504 0.14
vt 0.06060606060606061 0.14
vt 0.0707070707070707 0.14
vt 0.08080808080808081 0.14
vt 0.09090909090909091 0.14
vt 0.10101010101010101 0.14
vt 0.1111111111111111 0.14
vt 0.12121212121212122 0.14
vt 0.13131313131313133 0.14
vt 0.1414141414141414 0.14
vt 0.15151515151515152 0.14
vt 0.16161616161616163 0.14
vt 0.1717171717171717 0.14
vt 0.18181818181818182 0.14
vt 0.1919191919191919 0.14
vt 0.20202020202020202 0.14
vt 0.21212121212121213 0.14
vt 0.2222222222222222 0.14
vt 0.23232323232323232 0.14
vt 0.24242424242424243 0.14
vt 0.25252525252525254 0.14
vt 0.26262626262626265 0.14
vt 0.2727272727272727 0.14
vt 0.2828282828282828 0.14
vt 0.29292929292929293 0.14
vt 0.30303030303030304 0.14
vt 0.31313131313131315 0.14
vt 0.32323232323232326 0.14
vt 0.3333333333333333 0.14
vt 0.3434343434343434 0.14
vt 0.35353535353535354 0.14
vt 0.36363636363636365 0.14
vt 0.37373737373737376 0.14
vt 0.3838383838383838 0.14
vt 0.3939393939393939 0.14
vt 0.40404040404040403 0.14
vt 0.41414141414141414 0.14
vt 0.42424242424242425 0.14
vt 0.43434343434343436 0.14
vt 0.4444444444444444 0.14
vt 0.45454545454545453 0.14
vt 0.46464646464646464 0.14
vt 0.47474747474747475 0.14
vt 0.48484848484848486 0.14
vt 0.494949494949495 0.14
vt 0.5050505050505051 0.14
vt 0.5151515151515151 0.14
vt 0.5252525252525253 0.14
vt 0.5353535353535354 0.14
vt 0.5454545454545454 0.14
vt 0.5555555555555556 0.14
vt 0.5656565656565656 0.14
vt 0.5757575757575758 0.14
vt 0.5858585858585859 0.14
vt 0.5959595959595959 0.14
vt 0.6060606060606061 0.14
vt 0.6161616161616161 0.14
vt 0.6262626262626263 0.14
vt 0.6363636363636364 0.14
vt 0.6464646464646465 0.14
vt 0.6565656565656566 0.14
vt 0.6666666666666666 0.14
vt 0.6767676767676768 0.14
vt 0.6868686868686869 0.14
vt 0.696969696969697 0.14
vt 0.7070707070707071 0.14
vt 0.7171717171717171 0.14
vt 0.7272727272727273 0.14
vt 0.7373737373737373 0.14
vt 0.7474747474747475 0.14
vt 0.7575757575757576 0.14
vt 0.7676767676767676 0.14
vt 0.7777777777777778 0.14
vt 0.7878787878787878 0.14
vt 0.797979797979798 0.14
vt 0.8080808080808081 0.14
vt 0.8181818181818182 0.14
vt 0.8282828282828283 0.14
vt 0.8383838383838383 0.14
vt 0.8484848484848485 0.14
vt 0.8585858585858586 0.14
vt 0.8686868686868687 0.14
vt 0.8787878787878788 0.14
vt 0.8888888888888888 0.14
vt 0.898989898989899 0.14
vt 0.9090909090909091 0.14
vt 0.9191919191919192 0.14
vt 0.9292929292929293 0.14
vt 0.9393939393939394 0.14
vt 0.9494949494949495 0.14
vt 0.9595959595959596 0.14
vt 0.9696969696969697 0.14
vt 0.9797979797979798 0.14
vt 0.98989898989899 0.14
vt 1.0 0.14
vt 0.0 0.16
vt 0.010101010101010102 0.16
vt 0.020202020202020204 0.16
vt 0.030303030303030304 0.16
vt 0.04040404040404041 0.16
vt 0.050505050505050504 0.16
vt 0.06060606060606061 0.16
vt 0.0707070707070707 0.16
vt 0.08080808080808081 0.16
vt 0.09090909090909091 0.16
vt 0.10101010101010101 0.16
vt 0.1111111111111111 0.16
vt 0.12121212121212122 0.16
vt 0.13131313131313133 0.16
vt 0.1414141414141414 0.16
vt 0.15151515151515152 0.16
vt 0.16161616161616163 0.16
vt 0.1717171717171717 0.16
vt 0.18181818181818182 0.16
vt 0.1919191919191919 0.16
vt 0.20202020202020202 0.16
vt 0.21212121212121213 0.16
vt 0.2222222222222222 0.16
vt 0.23232323232323232 0.16
vt 0.24242424242424243 0.16
vt 0.25252525252525254 0.16
vt 0.26262626262626265 0.16
vt 0.2727272727272727 0.16
vt 0.2828282828282828 0.16
vt 0.29292929292929293 0.16
vt 0.30303030303030304 0.16
vt 0.31313131313131315 0.16
vt 0.32323232323232326 0.16
vt 0.3333333333333333 0.16
vt 0.3434343434343434 0.16
vt 0.35353535353535354 0.16
vt 0.36363636363636365 0.16
vt 0.37373737373737376 0.16
vt 0.3838383838383838 0.16
vt 0.3939393939393939 0.16
vt 0.40404040404040403 0.16
vt 0.41414141414141414 0.16
vt 0.42424242424242425 0.16
vt 0.43434343434343436 0.16
vt 0.4444444444444444 0.16
vt 0.45454545454545453 0.16
vt 0.46464646464646464 0.16
vt 0.47474747474747475 0.16
vt 0.48484848484848486 0.16
vt 0.494949494949495 0.16
vt 0.5050505050505051 0.16
vt 0.5151515151515151 0.16
vt 0.5252525252525253 0.16
vt 0.5353535353535354 0.16
vt 0.5454545454545454 0.16
vt 0.5555555555555556 0.16
vt 0.5656565656565656 0.16
vt 0.5757575757575758 0.16
vt 0.5858585858585859 0.16
vt 0.5959595959595959 0.16
vt 0.6060606060606061 0.16
vt 0.6161616161616161 0.16
vt 0.6262626262626263 0.16
vt 0.6363636363636364 0.16
vt 0.6464646464646465 0.16
vt 0.6565656565656566 0.16
vt 0.6666666666666666 0.16
vt 0.6767676767676768 0.16
vt 0.6868686868686869 0.16
vt 0.696969696969697 0.16
vt 0.7070707070707071 0.16
vt 0.7171717171717171 0.16
vt 0.7272727272727273 0.16
vt 0.7373737373737373 0.16
vt 0.7474747474747475 0.16
vt 0.7575757575757576 0.16
vt 0.7676767676767676 0.16
vt 0.7777777777777778 0.16
vt 0.7878787878787878 0.16
vt 0.797979797979798 0.16
vt 0.8080808080808081 0.16
vt 0.8181818181818182 0.16
vt 0.8282828282828283 0.16
vt 0.8383838383838383 0.16
vt 0.8484848484848485 0.16
vt 0.8585858585858586 0.16
vt 0.8686868686868687 0.16
vt 0.8787878787878788 0.16
vt 0.8888888888888888 0.16
vt 0.898989898989899 0.16
vt 0.9090909090909091 0.16
vt 0.9191919191919192 0.16
vt 0.9292929292929293 0.16
vt 0.9393939393939394 0.16
vt 0.9494949494949495 0.16
vt 0.9595959595959596 0.16
vt 0.9696969696969697 0.16
vt 0.9797979797979798 0.16
vt 0.98989898989899 0.16
vt 1.0 0.16
vt 0.0 0.18
vt 0.010101010101010102 0.18
vt 0.020202020202020204 0.18
vt 0.030303030303030304 0.18
vt 0.04040404040404041 0.18
vt 0.050505050505050504 0.18
vt 0.06060606060606061 0.18
vt 0.0707070707070707 0.18
vt 0.08080808080808081 0.18
vt 0.09090909090909091 0.18
vt 0.10101010101010101 0.18
vt 0.1111111111111111 0.18
vt 0.12121212121212122 0.18
vt 0.13131313131313133 0.18
vt 0.1414141414141414 0.18
vt 0.15151515151515152 0.18
vt 0.16161616161616163 0.18
vt 0.1717171717171717 0.18
vt 0.18181818181818182 0.18
vt 0.1919191919191919 0.18
vt 0.20202020202020202 0.18
vt 0.21212121212121213 0.18
vt 0.2222222222222222 0.18
vt 0.23232323232323232 0.18
vt 0.24242424242424243 0.18
vt 0.25252525252525254 0.18
vt 0.26262626262626265 0.18
vt 0.2727272727272727 0.18
vt 0.2828282828282828 0.18
vt 0.29292929292929293 0.18
vt 0.30303030303030304 0.18
vt 0.31313131313131315 0.18
vt 0.32323232323232326 0.18
vt 0.3333333333333333 0.18
vt 0.3434343434343434 0.18
vt 0.35353535353535354 0.18
vt 0.36363636363636365 0.18
vt 0.37373737373737376 0.18
vt 0.3838383838383838 0.18
vt 0.3939393939393939 0.18
vt 0.40404040404040403 0.18
vt 0.41414141414141414 0.18
vt 0.42424242424242425 0.18
vt 0.43434343434343436 0.18
vt 0.4444444444444444 0.18
vt 0.45454545454545453 0.18
vt 0.46464646464646464 0.18
vt 0.47474747474747475 0.18
vt 0.48484848484848486 0.18
vt 0.494949494949495 0.18
vt 0.5050505050505051 0.18
vt 0.5151515151515151 0.18
vt 0.5252525252525253 0.18
vt 0.5353535353535354 0.18
vt 0.5454545454545454 0.18
vt 0.5555555555555556 0.18
vt 0.5656565656565656 0.18
vt 0.5757575757575758 0.18
vt 0.5858585858585859 0.18
vt 0.5959595959595959 0.18
vt 0.6060606060606061 0.18
vt 0.6161616161616161 0.18
vt 0.6262626262626263 0.18
vt 0.6363636363636364 0.18
vt 0.6464646464646465 0.18
vt 0.6565656565656566 0.18
vt 0.6666666666666666 0.18
vt 0.6767676767676768 0.18
vt 0.6868686868686869 0.18
vt 0.696969696969697 0.18
vt 0.7070707070707071 0.18
vt 0.7171717171717171 0.18
vt 0.7272727272727273 0.18
vt 0.7373737373737373 0.18
vt 0.7474747474747475 0.18
vt 0.7575757575757576 0.18
vt 0.7676767676767676 0.18
vt 0.7777777777777778 0.18
vt 0.7878787878787878 0.18
vt 0.797979797979798 0.18
vt 0.8080808080808081 0.18
vt 0.8181818181818182 0.18
vt 0.8282828282828283 0.18
vt 0.8383838383838383 0.18
vt 0.8484848484848485 0.18
vt 0.8585858585858586 0.18
vt 0.8686868686868687 0.18
vt 0.8787878787878788 0.18
vt 0.8888888888888888 0.18
vt 0.898989898989899 0.18
vt 0.9090909090909091 0.18
vt 0.9191919191919192 0.18
vt 0.9292929292929293 0.18
vt 0.9393939393939394 0.18
vt 0.9494949494949495 0.18
vt 0.9595959595959596 0.18
vt 0.9696969696969697 0.18
vt 0.9797979797979798 0.18
vt 0.98989898989899 0.18
vt 1.0 0.18
vt 0.0 0.2
vt 0.010101010101010102 0.2
vt 0.020202020202020204 0.2
vt 0.030303030303030304 0.2
vt 0.04040404040404041 0.2
vt 0.050505050505050504 0.2
vt 0.06060606060606061 0.2
vt 0.0707070707070707 0.2
vt 0.08080808080808081 0.2
vt 0.09090909090909091 0.2
vt 0.10101010101010101 0.2
vt 0.1111111111111111 0.2
vt 0.12121212121212122 0.2
vt 0.13131313131313133 0.2
vt 0.1414141414141414 0.2
vt 0.15151515151515152 0.2
vt 0.16161616161616163 0.2
vt 0.1717171717171717 0.2
vt 0.18181818181818182 0.2
vt 0.1919191919191919 0.2
vt 0.20202020202020202 0.2
vt 0.21212121212121213 0.2
vt 0.2222222222222222 0.2
vt 0.23232323232323232 0.2
vt 0.24242424242424243 0.2
vt 0.25252525252525254 0.2
vt 0.26262626262626265 0.2
vt 0.2727272727272727 0.2
vt 0.2828282828282828 0.2
vt 0.29292929292929293 0.2
vt 0.30303030303030304 0.2
vt 0.31313131313131315 0.2
vt 0.32323232323232326 0.2
vt 0.3333333333333333 0.2
vt 0.3434343434343434 0.2
vt 0.35353535353535354 0.2
vt 0.36363636363636365 0.2
vt 0.37373737373737376 0.2
vt 0.3838383838383838 0.2
vt 0.3939393939393939 0.2
vt 0.40404040404040403 0.2
vt 0.41414141414141414 0.2
vt 0.42424242424242425 0.2
vt 0.43434343434343436 0.2
vt 0.4444444444444444 0.2
vt 0.45454545454545453 0.2
vt 0.46464646464646464 0.2
vt 0.47474747474747475 0.2
vt 0.48484848484848486 0.2
vt 0.494949494949495 0.2
vt 0.5050505050505051 0.2
vt 0.5151515151515151 0.2
vt 0.5252525252525253 0.2
vt 0.5353535353535354 0.2
vt 0.5454545454545454 0.2
vt 0.5555555555555556 0.2
vt 0.5656565656565656 0.2
vt 0.5757575757575758 0.2
vt 0.5858585858585859 0.2
vt 0.5959595959595959 0.2
vt 0.6060606060606061 0.2
vt 0.6161616161616161 0.2
vt 0.6262626262626263 0.2
vt 0.6363636363636364 0.2
vt 0.6464646464646465 0.2
vt 0.6565656565656566 0.2
vt 0.6666666666666666 0.2
vt 0.6767676767676768 0.2
vt 0.6868686868686869 0.2
vt 0.696969696969697 0.2
vt 0.7070707070707071 0.2
vt 0.7171717171717171 0.2
vt 0.7272727272727273 0.2
vt 0.7373737373737373 0.2
vt 0.7474747474747475 0.2
vt 0.7575757575757576 0.2
vt 0.7676767676767676 0.2
vt 0.7777777777777778 0.2
vt 0.7878787878787878 0.2
vt 0.797979797979798 0.2
vt 0.8080808080808081 0.2
vt 0.8181818181818182 0.2
vt 0.8282828282828283 0.2
vt 0.8383838383838383 0.2
vt 0.8484848484848485 0.2
vt 0.8585858585858586 0.2
vt 0.8686868686868687 0.2
vt 0.8787878787878788 0.2
vt 0.8888888888888888 0.2
vt 0.898989898989899 0.2
vt 0.9090909090909091 0.2
vt 0.9191919191919192 0.2
vt 0.9292929292929293 0.2
vt 0.9393939393939394 0.2
vt 0.9494949494949495 0.2
vt 0.9595959595959596 0.2
vt 0.9696969696969697 0.2
vt 0.9797979797979798 0.2
vt 0.98989898989899 0.2
vt 1.0 0.2
vt 0.0 0.22
vt 0.010101010101010102 0.22
vt 0.020202020202020204 0.22
vt 0.030303030303030304 0.22
vt 0.04040404040404041 0.22
vt 0.050505050505050504 0.22
vt 0.06060606060606061 0.22
vt 0.0707070707070707 0.22
vt 0.08080808080808081 0.22
vt 0.09090909090909091 0.22
vt 0.10101010101010101 0.22
vt 0.1111111111111111 0.22
vt 0.12121212121212122 0.22
vt 0.13131313131313133 0.22
vt 0.1414141414141414 0.22
vt 0.15151515151515152 0.22
vt 0.16161616161616163 0.22
vt 0.1717171717171717 0.22
vt 0.18181818181818182 0.22
vt 0.1919191919191919 0.22
vt 0.20202020202020202 0.22
vt 0.21212121212121213 0.22
vt 0.2222222222222222 0.22
vt 0.23232323232323232 0.22
vt 0.24242424242424243 0.22
vt 0.25252525252525254 0.22
vt 0.26262626262626265 0.22
vt 0.2727272727272727 0.22
vt 0.2828282828282828 0.22
vt 0.29292929292929293 0.22
vt 0.30303030303030304 0.22
vt 0.31313131313131315 0.22
vt 0.32323232323232326 0.22
vt 0.3333333333333333 0.22
vt 0.3434343434343434 0.22
vt 0.35353535353535354 0.22
vt 0.36363636363636365 0.22
vt 0.37373737373737376 0.22
vt 0.3838383838383838 0.22
vt 0.3939393939393939 0.22
vt 0.40404040404040403 0.22
vt 0.41414141414141414 0.22
vt 0.42424242424242425 0.22
vt 0.43434343434343436 0.22
vt 0.4444444444444444 0.22
vt 0.45454545454545453 0.22
vt 0.46464646464646464 0.22
vt 0.47474747474747475 0.22
vt 0.48484848484848486 0.22
vt 0.494949494949495 0.22
vt 0.5050505050505051 0.22
vt 0.5151515151515151 0.22
vt 0.5252525252525253 0.22
vt 0.5353535353535354 0.22
vt 0.5454545454545454 0.22
vt 0.5555555555555556 0.22
vt 0.5656565656565656 0.22
vt 0.5757575757575758 0.22
vt 0.5858585858585859 0.22
vt 0.5959595959595959 0.22
vt 0.6060606060606061 0.22
vt 0.6161616161616161 0.22
vt 0.6262626262626263 0.22
vt 0.6363636363636364 0.22
vt 0.6464646464646465 0.22
vt 0.6565656565656566 0.22
vt 0.6666666666666666 0.22
vt 0.6767676767676768 0.22
vt 0.6868686868686869 0.22
vt 0.696969696969697 0.22
vt 0.7070707070707071 0.22
vt 0.7171717171717171 0.22
vt 0.7272727272727273 0.22
vt 0.7373737373737373 0.22
vt 0.7474747474747475 0.22
vt 0.7575757575757576 0.22
vt 0.7676767676767676 0.22
vt 0.7777777777777778 0.22
vt 0.7878787878787878 0.22
vt 0.797979797979798 0.22
vt 0.8080808080808081 0.22
vt 0.8181818181818182 0.22
vt 0.8282828282828283 0.22
vt 0.8383838383838383 0.22
vt 0.8484848484848485 0.22
vt 0.8585858585858586 0.22
vt 0.8686868686868687 0.22
vt 0.8787878787878788 0.22
vt 0.8888888888888888 0.22
vt 0.898989898989899 0.22
vt 0.9090909090909091 0.22
vt 0.9191919191919192 0.22
vt 0.9292929292929293 0.22
vt 0.9393939393939394 0.22
vt 0.9494949494949495 0.22
vt 0.9595959595959596 0.22
vt 0.9696969696969697 0.22
vt 0.9797979797979798 0.22
vt 0.98989898989899 0.22
vt 1.0 0.22
vt 0.0 0.24
vt 0.010101010101010102 0.24
vt 0.020202020202020204 0.24
vt 0.030303030303030304 0.24
vt 0.04040404040404041 0.24
vt 0.050505050505050504 0.24
vt 0.06060606060606061 0.24
vt 0.0707070707070707 0.24
vt 0.08080808080808081 0.24
vt 0.09090909090909091 0.24
vt 0.10101010101010101 0.24
vt 0.1111111111111111 0.24
vt 0.12121212121212122 0.24
vt 0.13131313131313133 0.24
vt 0.1414141414141414 0.24
vt 0.15151515151515152 0.24
vt 0.16161616161616163 0.24
vt 0.1717171717171717 0.24
vt 0.18181818181818182 0.24
vt 0.1919191919191919 0.24
vt 0.20202020202020202 0.24
vt 0.21212121212121213 0.24
vt 0.2222222222222222 0.24
vt 0.23232323232323232 0.24
vt 0.24242424242424243 0.24
vt 0.25252525252525254 0.24
vt 0.26262626262626265 0.24
vt 0.2727272727272727 0.24
vt 0.2828282828282828 0.24
vt 0.29292929292929293 0.24
vt 0.30303030303030304 0.24
vt 0.31313131313131315 0.24
vt 0.32323232323232326 0.24
vt 0.3333333333333333 0.24
vt 0.3434343434343434 0.24
vt 0.35353535353535354 0.24
vt 0.36363636363636365 0.24
vt 0.37373737373737376 0.24
vt 0.3838383838383838 0.24
vt 0.3939393939393939 0.24
vt 0.40404040404040403 0.24
vt 0.41414141414141414 0.24
vt 0.42424242424242425 0.24
vt 0.43434343434343436 0.24
vt 0.4444444444444444 0.24
vt 0.45454545454545453 0.24
vt 0.46464646464646464 0.24
vt 0.47474747474747475 0.24
vt 0.48484848484848486 0.24
vt 0.494949494949495 0.24
vt 0.5050505050505051 0.24
vt 0.5151515151515151 0.24
vt 0.5252525252525253 0.24
vt 0.5353535353535354 0.24
vt 0.5454545454545454 0.24
vt 0.5555555555555556 0.24
vt 0.5656565656565656 0.24
vt 0.5757575757575758 0.24
vt 0.5858585858585859 0.24
vt 0.5959595959595959 0.24
vt 0.6060606060606061 0.24
vt 0.6161616161616161 0.24
vt 0.6262626262626263 0.24
vt 0.6363636363636364 0.24
vt 0.6464646464646465 0.24
vt 0.6565656565656566 0.24
vt 0.6666666666666666 0.24
vt 0.6767676767676768 0.24
vt 0.6868686868686869 0.24
vt 0.696969696969697 0.24
vt 0.7070707070707071 0.24
vt 0.7171717171717171 0.24
vt 0.7272727272727273 0.24
vt 0.7373737373737373 0.24
vt 0.7474747474747475 0.24
vt 0.7575757575757576 0.24
vt 0.7676767676767676 0.24
vt 0.7777777777777778 0.24
vt 0.7878787878787878 0.24
vt 0.797979797979798 0.24
vt 0.8080808080808081 0.24
vt 0.8181818181818182 0.24
vt 0.8282828282828283 0.24
vt 0.8383838383838383 0.24
vt 0.8484848484848485 0.24
vt 0.8585858585858586 0.24
vt 0.8686868686868687 0.24
vt 0.8787878787878788 0.24
vt 0.8888888888888888 0.24
vt 0.898989898989899 0.24
vt 0.9090909090909091 0.24
vt 0.9191919191919192 0.24
vt 0.9292929292929293 0.24
vt 0.9393939393939394 0.24
vt 0.9494949494949495 0.24
vt 0.9595959595959596 0.24
vt 0.9696969696969697 0.24
vt 0.9797979797979798 0.24
vt 0.98989898989899 0.24
vt 1.0 0.24
vt 0.0 0.26
vt 0.010101010101010102 0.26
vt 0.020202020202020204 0.26
vt 0.030303030303030304 0.26
vt 0.04040404040404041 0.26
vt 0.050505050505050504 0.26
vt 0.06060606060606061 0.26
vt 0.0707070707070707 0.26
vt 0.08080808080808081 0.26
vt 0.09090909090909091 0.26
vt 0.10101010101010101 0.26
vt 0.1111111111111111 0.26
vt 0.12121212121212122 0.26
vt 0.13131313131313133 0.26
vt 0.1414141414141414 0.26
vt 0.15151515151515152 0.26
vt 0.16161616161616163 0.26
vt 0.1717171717171717 0.26
vt 0.18181818181818182 0.26
vt 0.1919191919191919 0.26
vt 0.20202020202020202 0.26
vt 0.21212121212121213 0.26
vt 0.2222222222222222 0.26
vt 0.23232323232323232 0.26
vt 0.24242424242424243 0.26
vt 0.25252525252525254 0.26
vt 0.26262626262626265 0.26
vt 0.2727272727272727 0.26
vt 0.2828282828282828 0.26
vt 0.29292929292929293 0.26
vt 0.30303030303030304 0.26
vt 0.31313131313131315 0.26
vt 0.32323232323232326 0.26
vt 0.3333333333333333 0.26
vt 0.3434343434343434 0.26
vt 0.35353535353535354 0.26
vt 0.36363636363636365 0.26
vt 0.37373737373737376 0.26
vt 0.3838383838383838 0.26
vt 0.3939393939393939 0.26
vt 0.40404040404040403 0.26
vt 0.41414141414141414 0.26
vt 0.42424242424242425 0.26
vt 0.43434343434343436 0.26
vt 0.4444444444444444 0.26
vt 0.45454545454545453 0.26
vt 0.46464646464646464 0.26
vt 0.47474747474747475 0.26
vt 0.48484848484848486 0.26
vt 0.494949494949495 0.26
vt 0.5050505050505051 0.26
vt 0.5151515151515151 0.26
vt 0.5252525252525253 0.26
vt 0.5353535353535354 0.26
vt 0.5454545454545454 0.26
vt 0.5555555555555556 0.26
vt 0.5656565656565656 0.26
vt 0.5757575757575758 0.26
vt 0.5858585858585859 0.26
vt 0.5959595959595959 0.26
vt 0.6060606060606061 0.26
vt 0.6161616161616161 0.26
vt 0.6262626262626263 0.26
vt 0.6363636363636364 0.26
vt 0.6464646464646465 0.26
vt 0.6565656565656566 0.26
vt 0.6666666666666666 0.26
vt 0.6767676767676768 0.26
vt 0.6868686868686869 0.26
vt 0.696969696969697 0.26
vt 0.7070707070707071 0.26
vt 0.7171717171717171 0.26
vt 0.7272727272727273 0.26
vt 0.7373737373737373 0.26
vt 0.7474747474747475 0.26
vt 0.7575757575757576 0.26
vt 0.7676767676767676 0.26
vt 0.7777777777777778 0.26
vt 0.7878787878787878 0.26
vt 0.797979797979798 0.26
vt 0.8080808080808081 0.26
vt 0.8181818181818182 0.26
vt 0.8282828282828283 0.26
vt 0.8383838383838383 0.26
vt 0.8484848484848485 0.26
vt 0.8585858585858586 0.26
vt 0.8686868686868687 0.26
vt 0.8787878787878788 0.26
vt 0.8888888888888888 0.26
vt 0.898989898989899 0.26
vt 0.9090909090909091 0.26
vt 0.9191919191919192 0.26
vt 0.9292929292929293 0.26
vt 0.9393939393939394 0.26
vt 0.9494949494949495 0.26
vt 0.9595959595959596 0.26
vt 0.9696969696969697 0.26
vt 0.9797979797979798 0.26
vt 0.98989898989899 0.26
vt 1.0 0.26
vt 0.0 0.28
vt 0.010101010101010102 0.28
vt 0.020202020202020204 0.28
vt 0.030303030303030304 0.28
vt 0.04040404040404041 0.28
vt 0.050505050505050504 0.28
vt 0.06060606060606061 0.28
vt 0.0707070707070707 0.28
vt 0.08080808080808081 0.28
vt 0.09090909090909091 0.28
vt 0.10101010101010101 0.28
vt 0.1111111111111111 0.28
vt 0.12121212121212122 0.28
vt 0.13131313131313133 0.28
vt 0.1414141414141414 0.28
vt 0.15151515151515152 0.28
vt 0.16161616161616163 0.28
vt 0.1717171717171717 0.28
vt 0.18181818181818182 0.28
vt 0.1919191919191919 0.28
vt 0.20202020202020202 0.28
vt 0.21212121212121213 0.28
vt 0.2222222222222222 0.28
vt 0.23232323232323232 0.28
vt 0.24242424242424243 0.28
vt 0.25252525252525254 0.28
vt 0.26262626262626265 0.28
vt 0.2727272727272727 0.28
vt 0.2828282828282828 0.28
vt 0.29292929292929293 0.28
vt 0.30303030303030304 0.28
vt 0.31313131313131315 0.28
vt 0.32323232323232326 0.28
vt 0.3333333333333333 0.28
vt 0.3434343434343434 0.28
vt 0.35353535353535354 0.28
vt 0.36363636363636365 0.28
vt 0.37373737373737376 0.28
vt 0.3838383838383838 0.28
vt 0.3939393939393939 0.28
vt 0.40404040404040403 0.28
vt 0.41414141414141414 0.28
vt 0.42424242424242425 0.28
vt 0.43434343434343436 0.28
vt 0.4444444444444444 0.28
vt 0.45454545454545453 0.28
vt 0.46464646464646464 0.28
vt 0.47474747474747475 0.28
vt 0.48484848484848486 0.28
vt 0.494949494949495 0.28
vt 0.5050505050505051 0.28
vt 0.5151515151515151 0.28
vt 0.5252525252525253 0.28
vt 0.5353535353535354 0.28
vt 0.5454545454545454 0.28
vt 0.5555555555555556 0.28
vt 0.5656565656565656 0.28
vt 0.5757575757575758 0.28
vt 0.5858585858585859 0.28
vt 0.5959595959595959 0.28
vt 0.6060606060606061 0.28
vt 0.6161616161616161 0.28
vt 0.6262626262626263 0.28
vt 0.6363636363636364 0.28
vt 0.6464646464646465 0.28
vt 0.6565656565656566 0.28
vt 0.6666666666666666 0.28
vt 0.6767676767676768 0.28
vt 0.6868686868686869 0.28
vt 0.696969696969697 0.28
vt 0.7070707070707071 0.28
vt 0.7171717171717171 0.28
vt 0.7272727272727273 0.28
vt 0.7373737373737373 0.28
vt 0.7474747474747475 0.28
vt 0.7575757575757576 0.28
vt 0.7676767676767676 0.28
vt 0.7777777777777778 0.28
vt 0.7878787878787878 0.28
vt 0.797979797979798 0.28
vt 0.8080808080808081 0.28
vt 0.8181818181818182 0.28
vt 0.8282828282828283 0.28
vt 0.8383838383838383 0.28
vt 0.8484848484848485 0.28
vt 0.8585858585858586 0.28
vt 0.8686868686868687 0.28
vt 0.8787878787878788 0.28
vt 0.8888888888888888 0.28
vt 0.898989898989899 0.28
vt 0.9090909090909091 0.28
vt 0.9191919191919192 0.28
vt 0.9292929292929293 0.28
vt 0.9393939393939394 0.28
vt 0.9494949494949495 0.28
vt 0.9595959595959596 0.28
vt 0.9696969696969697 0.28
vt 0.9797979797979798 0.28
vt 0.98989898989899 0.28
vt 1.0 0.28
vt 0.0 0.3
vt 0.010101010101010102 0.3
vt 0.020202020202020204 0.3
vt 0.030303030303030304 0.3
vt 0.04040404040404041 0.3
vt 0.050505050505050504 0.3
vt 0.06060606060606061 0.3
vt 0.0707070707070707 0.3
vt 0.08080808080808081 0.3
vt 0.09090909090909091 0.3
vt 0.10101010101010101 0.3
vt 0.1111111111111111 0.3
vt 0.12121212121212122 0.3
vt 0.13131313131313133 0.3
vt 0.1414141414141414 0.3
vt 0.15151515151515152 0.3
vt 0.16161616161616163 0.3
vt 0.1717171717171717 0.3
vt 0.18181818181818182 0.3
vt 0.1919191919191919 0.3
vt 0.20202020202020202 0.3
vt 0.21212121212121213 0.3
vt 0.2222222222222222 0.3
vt 0.23232323232323232 0.3
vt 0.24242424242424243 0.3
vt 0.25252525252525254 0.3
vt 0.26262626262626265 0.3
vt 0.2727272727272727 0.3
vt 0.2828282828282828 0.3
vt 0.29292929292929293 0.3
vt 0.30303030303030304 0.3
vt 0.31313131313131315 0.3
vt 0.32323232323232326 0.3
vt 0.3333333333333333 0.3
vt 0.3434343434343434 0.3
vt 0.35353535353535354 0.3
vt 0.36363636363636365 0.3
vt 0.37373737373737376 0.3
vt 0.3838383838383838 0.3
vt 0.3939393939393939 0.3
vt 0.40404040404040403 0.3
vt 0.41414141414141414 0.3
vt 0.42424242424242425 0.3
vt 0.43434343434343436 0.3
vt 0.4444444444444444 0.3
vt 0.45454545454545453 0.3
vt 0.46464646464646464 0.3
vt 0.47474747474747475 0.3
vt 0.48484848484848486 0.3
vt 0.494949494949495 0.3
vt 0.5050505050505051 0.3
vt 0.5151515151515151 0.3
vt 0.5252525252525253 0.3
vt 0.5353535353535354 0.3
vt 0.5454545454545454 0.3
vt 0.5555555555555556 0.3
vt 0.5656565656565656 0.3
vt 0.5757575757575758 0.3
vt 0.5858585858585859 0.3
vt 0.5959595959595959 0.3
vt 0.6060606060606061 0.3
vt 0.6161616161616161 0.3
vt 0.6262626262626263 0.3
vt 0.6363636363636364 0.3
vt 0.6464646464646465 0.3
vt 0.6565656565656566 0.3
vt 0.6666666666666666 0.3
vt 0.6767676767676768 0.3
vt 0.6868686868686869 0.3
vt 0.696969696969697 0.3
vt 0.7070707070707071 0.3
vt 0.7171717171717171 0.3
vt 0.7272727272727273 0.3
vt 0.7373737373737373 0.3
vt 0.7474747474747475 0.3
vt 0.7575757575757576 0.3
vt 0.7676767676767676 0.3
vt 0.7777777777777778 0.3
vt 0.7878787878787878 0.3
vt 0.797979797979798 0.3
vt 0.8080808080808081 0.3
vt 0.8181818181818182 0.3
vt 0.8282828282828283 0.3
vt 0.8383838383838383 0.3
vt 0.8484848484848485 0.3
vt 0.8585858585858586 0.3
vt 0.8686868686868687 0.3
vt 0.8787878787878788 0.3
vt 0.8888888888888888 0.3
vt 0.898989898989899 0.3
vt 0.9090909090909091 0.3
vt 0.9191919191919192 0.3
vt 0.9292929292929293 0.3
vt 0.9393939393939394 0.3
vt 0.9494949494949495 0.3
vt 0.9595959595959596 0.3
vt 0.9696969696969697 0.3
vt 0.9797979797979798 0.3
vt 0.98989898989899 0.3
vt 1.0 0.3
vt 0.0 0.32
vt 0.010101010101010102 0.32
vt 0.020202020202020204 0.32
vt 0.030303030303030304 0.32
vt 0.04040404040404041 0.32
vt 0.050505050505050504 0.32
vt 0.06060606060606061 0.32
vt 0.0707070707070707 0.32
vt 0.08080808080808081 0.32
vt 0.09090909090909091 0.32
vt 0.10101010101010101 0.32
vt 0.1111111111111111 0.32
vt 0.12121212121212122 0.32
vt 0.13131313131313133 0.32
vt 0.1414141414141414 0.32
vt 0.15151515151515152 0.32
vt 0.16161616161616163 0.32
vt 0.1717171717171717 0.32
vt 0.18181818181818182 0.32
vt 0.1919191919191919 0.32
vt 0.20202020202020202 0.32
vt 0.21212121212121213 0.32
vt 0.2222222222222222 0.32
vt 0.23232323232323232 0.32
vt 0.24242424242424243 0.32
vt 0.25252525252525254 0.32
vt 0.26262626262626265 0.32
vt 0.2727272727272727 0.32
vt 0.2828282828282828 0.32
vt 0.29292929292929293 0.32
vt 0.30303030303030304 0.32
vt 0.31313131313131315 0.32
vt 0.32323232323232326 0.32
vt 0.3333333333333333 0.32
vt 0.3434343434343434 0.32
vt 0.35353535353535354 0.32
vt 0.36363636363636365 0.32
vt 0.37373737373737376 0.32
vt 0.3838383838383838 0.32
vt 0.3939393939393939 0.32
vt 0.40404040404040403 0.32
vt 0.41414141414141414 0.32
vt 0.42424242424242425 0.32
vt 0.43434343434343436 0.32
vt 0.4444444444444444 0.32
vt 0.45454545454545453 0.32
vt 0.46464646464646464 0.32
vt 0.47474747474747475 0.32
vt 0.48484848484848486 0.32
vt 0.494949494949495 0.32
vt 0.5050505050505051 0.32
vt 0.5151515151515151 0.32
vt 0.5252525252525253 0.32
vt 0.5353535353535354 0.32
vt 0.5454545454545454 0.32
vt 0.5555555555555556 0.32
vt 0.5656565656565656 0.32
vt 0.5757575757575758 0.32
vt 0.5858585858585859 0.32
vt 0.5959595959595959 0.32
vt 0.6060606060606061 0.32
vt 0.6161616161616161 0.32
vt 0.6262626262626263 0.32
vt 0.6363636363636364 0.32
vt 0.6464646464646465 0.32
vt 0.6565656565656566 0.32
vt 0.6666666666666666 0.32
vt 0.6767676767676768 0.32
vt 0.6868686868686869 0.32
vt 0.696969696969697 0.32
vt 0.7070707070707071 0.32
vt 0.7171717171717171 0.32
vt 0.7272727272727273 0.32
vt 0.7373737373737373 0.32
vt 0.7474747474747475 0.32
vt 0.7575757575757576 0.32
vt 0.7676767676767676 0.32
vt 0.7777777777777778 0.32
vt 0.7878787878787878 0.32
vt 0.797979797979798 0.32
vt 0.8080808080808081 0.32
vt 0.8181818181818182 0.32
vt 0.8282828282828283 0.32
vt 0.8383838383838383 0.32
vt 0.8484848484848485 0.32
vt 0.8585858585858586 0.32
vt 0.8686868686868687 0.32
vt 0.8787878787878788 0.32
vt 0.8888888888888888 0.32
vt 0.898989898989899 0.32
vt 0.9090909090909091 0.32
vt 0.9191919191919192 0.32
vt 0.9292929292929293 0.32
vt 0.9393939393939394 0.32
vt 0.9494949494949495 0.32
vt 0.9595959595959596 0.32
vt 0.9696969696969697 0.32
vt 0.9797979797979798 0.32
vt 0.98989898989899 0.32
vt 1.0 0.32
vt 0.0 0.34
vt 0.010101010101010102 0.34
vt 0.020202020202020204 0.34
vt 0.030303030303030304 0.34
vt 0.04040404040404041 0.34
vt 0.050505050505050504 0.34
vt 0.06060606060606061 0.34
vt 0.0707070707070707 0.34
vt 0.08080808080808081 0.34
vt 0.09090909090909091 0.34
vt 0.10101010101010101 0.34
vt 0.1111111111111111 0.34
vt 0.12121212121212122 0.34
vt 0.13131313131313133 0.34
vt 0.1414141414141414 0.34
vt 0.15151515151515152 0.34
vt 0.16161616161616163 0.34
vt 0.1717171717171717 0.34
vt 0.18181818181818182 0.34
vt 0.1919191919191919 0.34
vt 0.20202020202020202 0.34
vt 0.21212121212121213 0.34
vt 0.2222222222222222 0.34
vt 0.23232323232323232 0.34
vt 0.24242424242424243 0.34
vt 0.25252525252525254 0.34
vt 0.26262626262626265 0.34
vt 0.2727272727272727 0.34
vt 0.2828282828282828 0.34
vt 0.29292929292929293 0.34
vt 0.30303030303030304 0.34
vt 0.31313131313131315 0.34
vt 0.32323232323232326 0.34
vt 0.3333333333333333 0.34
vt 0.3434343434343434 0.34
vt 0.35353535353535354 0.34
vt 0.36363636363636365 0.34
vt 0.37373737373737376 0.34
vt 0.3838383838383838 0.34
vt 0.3939393939393939 0.34
vt 0.40404040404040403 0.34
vt 0.41414141414141414 0.34
vt 0.42424242424242425 0.34
vt 0.43434343434343436 0.34
vt 0.4444444444444444 0.34
vt 0.45454545454545453 0.34
vt 0.46464646464646464 0.34
vt 0.47474747474747475 0.34
vt 0.48484848484848486 0.34
vt 0.494949494949495 0.34
vt 0.5050505050505051 0.34
vt 0.5151515151515151 0.34
vt 0.5252525252525253 0.34
vt 0.5353535353535354 0.34
vt 0.5454545454545454 0.34
vt 0.5555555555555556 0.34
vt 0.5656565656565656 0.34
vt 0.5757575757575758 0.34
vt 0.5858585858585859 0.34
vt 0.5959595959595959 0.34
vt 0.6060606060606061 0.34
vt 0.6161616161616161 0.34
vt 0.6262626262626263 0.34
vt 0.6363636363636364 0.34
vt 0.6464646464646465 0.34
vt 0.6565656565656566 0.34
vt 0.6666666666666666 0.34
vt 0.6767676767676768 0.34
vt 0.6868686868686869 0.34
vt 0.696969696969697 0.34
vt 0.7070707070707071 0.34
vt 0.7171717171717171 0.34
vt 0.7272727272727273 0.34
vt 0.7373737373737373 0.34
vt 0.7474747474747475 0.34
vt 0.7575757575757576 0.34
vt 0.7676767676767676 0.34
vt 0.7777777777777778 0.34
vt 0.7878787878787878 0.34
vt 0.797979797979798 0.34
vt 0.8080808080808081 0.34
vt 0.8181818181818182 0.34
vt 0.8282828282828283 0.34
vt 0.8383838383838383 0.34
vt 0.8484848484848485 0.34
vt 0.8585858585858586 0.34
vt 0.8686868686868687 0.34
vt 0.8787878787878788 0.34
vt 0.8888888888888888 0.34
vt 0.898989898989899 0.34
vt 0.9090909090909091 0.34
vt 0.9191919191919192 0.34
vt 0.9292929292929293 0.34
vt 0.9393939393939394 0.34
vt 0.9494949494949495 0.34
vt 0.9595959595959596 0.34
vt 0.9696969696969697 0.34
vt 0.9797979797979798 0.34
vt 0.98989898989899 0.34
vt 1.0 0.34
vt 0.0 0.36
vt 0.010101010101010102 0.36
vt 0.020202020202020204 0.36
vt 0.030303030303030304 0.36
vt 0.04040404040404041 0.36
vt 0.050505050505050504 0.36
vt 0.06060606060606061 0.36
vt 0.0707070707070707 0.36
vt 0.08080808080808081 0.36
vt 0.09090909090909091 0.36
vt 0.10101010101010101 0.36
vt 0.1111111111111111 0.36
vt 0.12121212121212122 0.36
vt 0.13131313131313133 0.36
vt 0.1414141414141414 0.36
vt 0.15151515151515152 0.36
vt 0.16161616161616163 0.36
vt 0.1717171717171717 0.36
vt 0.18181818181818182 0.36
vt 0.1919191919191919 0.36
vt 0.20202020202020202 0.36
vt 0.21212121212121213 0.36
vt 0.2222222222222222 0.36
vt 0.23232323232323232 0.36
vt 0.24242424242424243 0.36
vt 0.25252525252525254 0.36
vt 0.26262626262626265 0.36
vt 0.2727272727272727 0.36
vt 0.2828282828282828 0.36
vt 0.29292929292929293 0.36
vt 0.30303030303030304 0.36
vt 0.31313131313131315 0.36
vt 0.32323232323232326 0.36
vt 0.3333333333333333 0.36
vt 0.3434343434343434 0.36
vt 0.35353535353535354 0.36
vt 0.36363636363636365 0.36
vt 0.37373737373737376 0.36
vt 0.3838383838383838 0.36
vt 0.3939393939393939 0.36
vt 0.40404040404040403 0.36
vt 0.41414141414141414 0.36
vt 0.42424242424242425 0.36
vt 0.43434343434343436 0.36
vt 0.4444444444444444 0.36
vt 0.45454545454545453 0.36
vt 0.46464646464646464 0.36
vt 0.47474747474747475 0.36
vt 0.48484848484848486 0.36
vt 0.494949494949495 0.36
vt 0.5050505050505051 0.36
vt 0.5151515151515151 0.36
vt 0.5252525252525253 0.36
vt 0.5353535353535354 0.36
vt 0.5454545454545454 0.36
vt 0.5555555555555556 0.36
vt 0.5656565656565656 0.36
vt 0.5757575757575758 0.36
vt 0.5858585858585859 0.36
vt 0.5959595959595959 0.36
vt 0.6060606060606061 0.36
vt 0.6161616161616161 0.36
vt 0.6262626262626263 0.36
vt 0.6363636363636364 0.36
vt 0.6464646464646465 0.36
vt 0.6565656565656566 0.36
vt 0.6666666666666666 0.36
vt 0.6767676767676768 0.36
vt 0.6868686868686869 0.36
vt 0.696969696969697 0.36
vt 0.7070707070707071 0.36
vt 0.7171717171717171 0.36
vt 0.7272727272727273 0.36
vt 0.7373737373737373 0.36
vt 0.7474747474747475 0.36
vt 0.7575757575757576 0.36
vt 0.7676767676767676 0.36
vt 0.7777777777777778 0.36
vt 0.7878787878787878 0.36
vt 0.797979797979798 0.36
vt 0.8080808080808081 0.36
vt 0.8181818181818182 0.36
vt 0.8282828282828283 0.36
vt 0.8383838383838383 0.36
vt 0.8484848484848485 0.36
vt 0.8585858585858586 0.36
vt 0.8686868686868687 0.36
vt 0.8787878787878788 0.36
vt 0.8888888888888888 0.36
vt 0.898989898989899 0.36
vt 0.9090909090909091 0.36
vt 0.9191919191919192 0.36
vt 0.9292929292929293 0.36
vt 0.9393939393939394 0.36
vt 0.9494949494949495 0.36
vt 0.9595959595959596 0.36
vt 0.9696969696969697 0.36
vt 0.9797979797979798 0.36
vt 0.98989898989899 0.36
vt 1.0 0.36
vt 0.0 0.38
vt 0.010101010101010102 0.38
vt 0.020202020202020204 0.38
vt 0.030303030303030304 0.38
vt 0.04040404040404041 0.38
vt 0.050505050505050504 0.38
vt 0.06060606060606061 0.38
vt 0.0707070707070707 0.38
vt 0.08080808080808081 0.38
vt 0.09090909090909091 0.38
vt 0.10101010101010101 0.38
vt 0.1111111111111111 0.38
vt 0.12121212121212122 0.38
vt 0.13131313131313133 0.38
vt 0.1414141414141414 0.38
vt 0.15151515151515152 0.38
vt 0.16161616161616163 0.38
vt 0.1717171717171717 0.38
vt 0.18181818181818182 0.38
vt 0.1919191919191919 0.38
vt 0.20202020202020202 0.38
vt 0.21212121212121213 0.38
vt 0.2222222222222222 0.38
vt 0.23232323232323232 0.38
vt 0.24242424242424243 0.38
vt 0.25252525252525254 0.38
vt 0.26262626262626265 0.38
vt 0.2727272727272727 0.38
vt 0.2828282828282828 0.38
vt 0.29292929292929293 0.38
vt 0.30303030303030304 0.38
vt 0.31313131313131315 0.38
vt 0.32323232323232326 0.38
vt 0.3333333333333333 0.38
vt 0.3434343434343434 0.38
vt 0.35353535353535354 0.38
vt 0.36363636363636365 0.38
vt 0.37373737373737376 0.38
vt 0.3838383838383838 0.38
vt 0.3939393939393939 0.38
vt 0.40404040404040403 0.38
vt 0.41414141414141414 0.38
vt 0.42424242424242425 0.38
vt 0.43434343434343436 0.38
vt 0.4444444444444444 0.38
vt 0.45454545454545453 0.38
vt 0.46464646464646464 0.38
vt 0.47474747474747475 0.38
vt 0.48484848484848486 0.38
vt 0.494949494949495 0.38
vt 0.5050505050505051 0.38
vt 0.5151515151515151 0.38
vt 0.5252525252525253 0.38
vt 0.5353535353535354 0.38
vt 0.5454545454545454 0.38
vt 0.5555555555555556 0.38
vt 0.5656565656565656 0.38
vt 0.5757575757575758 0.38
vt 0.5858585858585859 0.38
vt 0.5959595959595959 0.38
vt 0.6060606060606061 0.38
vt 0.6161616161616161 0.38
vt 0.6262626262626263 0.38
vt 0.6363636363636364 0.38
vt 0.6464646464646465 0.38
vt 0.6565656565656566 0.38
vt 0.6666666666666666 0.38
vt 0.6767676767676768 0.38
vt 0.6868686868686869 0.38
vt 0.696969696969697 0.38
vt 0.7070707070707071 0.38
vt 0.7171717171717171 0.38
vt 0.7272727272727273 0.38
vt 0.7373737373737373 0.38
vt 0.7474747474747475 0.38
vt 0.7575757575757576 0.38
vt 0.7676767676767676 0.38
vt 0.7777777777777778 0.38
vt 0.7878787878787878 0.38
vt 0.797979797979798 0.38
vt 0.8080808080808081 0.38
vt 0.8181818181818182 0.38
vt 0.8282828282828283 0.38
vt 0.8383838383838383 0.38
vt 0.8484848484848485 0.38
vt 0.8585858585858586 0.38
vt 0.8686868686868687 0.38
vt 0.8787878787878788 0.38
vt 0.8888888888888888 0.38
vt 0.898989898989899 0.38
vt 0.9090909090909091 0.38
vt 0.9191919191919192 0.38
vt 0.9292929292929293 0.38
vt 0.9393939393939394 0.38
vt 0.9494949494949495 0.38
vt 0.9595959595959596 0.38
vt 0.9696969696969697 0.38
vt 0.9797979797979798 0.38
vt 0.98989898989899 0.38
vt 1.0 0.38
vt 0.0 0.4
vt 0.010101010101010102 0.4
vt 0.020202020202020204 0.4
vt 0.030303030303030304 0.4
vt 0.04040404040404041 0.4
vt 0.050505050505050504 0.4
vt 0.06060606060606061 0.4
vt 0.0707070707070707 0.4
vt 0.08080808080808081 0.4
vt 0.09090909090909091 0.4
vt 0.10101010101010101 0.4
vt 0.1111111111111111 0.4
vt 0.12121212121212122 0.4
vt 0.13131313131313133 0.4
vt 0.1414141414141414 0.4
vt 0.15151515151515152 0.4
vt 0.16161616161616163 0.4
vt 0.1717171717171717 0.4
vt 0.18181818181818182 0.4
vt 0.1919191919191919 0.4
vt 0.20202020202020202 0.4
vt 0.21212121212121213 0.4
vt 0.2222222222222222 0.4
vt 0.23232323232323232 0.4
vt 0.24242424242424243 0.4
vt 0.25252525252525254 0.4
vt 0.26262626262626265 0.4
vt 0.2727272727272727 0.4
vt 0.2828282828282828 0.4
vt 0.29292929292929293 0.4
vt 0.30303030303030304 0.4
vt 0.31313131313131315 0.4
vt 0.32323232323232326 0.4
vt 0.3333333333333333 0.4
vt 0.3434343434343434 0.4
vt 0.35353535353535354 0.4
vt 0.36363636363636365 0.4
vt 0.37373737373737376 0.4
vt 0.3838383838383838 0.4
vt 0.3939393939393939 0.4
vt 0.40404040404040403 0.4
vt 0.41414141414141414 0.4
vt 0.42424242424242425 0.4
vt 0.43434343434343436 0.4
vt 0.4444444444444444 0.4
vt 0.45454545454545453 0.4
vt 0.46464646464646464 0.4
vt 0.47474747474747475 0.4
vt 0.48484848484848486 0.4
vt 0.494949494949495 0.4
vt 0.5050505050505051 0.4
vt 0.5151515151515151 0.4
vt 0.5252525252525253 0.4
vt 0.5353535353535354 0.4
vt 0.5454545454545454 0.4
vt 0.5555555555555556 0.4
vt 0.5656565656565656 0.4
vt 0.5757575757575758 0.4
vt 0.5858585858585859 0.4
vt 0.5959595959595959 0.4
vt 0.6060606060606061 0.4
vt 0.6161616161616161 0.4
vt 0.6262626262626263 0.4
vt 0.6363636363636364 0.4
vt 0.6464646464646465 0.4
vt 0.6565656565656566 0.4
vt 0.6666666666666666 0.4
vt 0.6767676767676768 0.4
vt 0.6868686868686869 0.4
vt 0.696969696969697 0.4
vt 0.7070707070707071 0.4
vt 0.7171717171717171 0.4
vt 0.7272727272727273 0.4
vt 0.7373737373737373 0.4
vt 0.7474747474747475 0.4
vt 0.7575757575757576 0.4
vt 0.7676767676767676 0.4
vt 0.7777777777777778 0.4
vt 0.7878787878787878 0.4
vt 0.797979797979798 0.4
vt 0.8080808080808081 0.4
vt 0.8181818181818182 0.4
vt 0.8282828282828283 0.4
vt 0.8383838383838383 0.4
vt 0.8484848484848485 0.4
vt 0.8585858585858586 0.4
vt 0.8686868686868687 0.4
vt 0.8787878787878788 0.4
vt 0.8888888888888888 0.4
vt 0.898989898989899 0.4
vt 0.9090909090909091 0.4
vt 0.9191919191919192 0.4
vt 0.9292929292929293 0.4
vt 0.9393939393939394 0.4
vt 0.9494949494949495 0.4
vt 0.9595959595959596 0.4
vt 0.9696969696969697 0.4
vt 0.9797979797979798 0.4
vt 0.98989898989899 0.4
vt 1.0 0.4
vt 0.0 0.42
vt 0.010101010101010102 0.42
vt 0.020202020202020204 0.42
vt 0.030303030303030304 0.42
vt 0.04040404040404041 0.42
vt 0.050505050505050504 0.42
vt 0.06060606060606061 0.42
vt 0.0707070707070707 0.42
vt 0.08080808080808081 0.42
vt 0.09090909090909091 0.42
vt 0.10101010101010101 0.42
vt 0.1111111111111111 0.42
vt 0.12121212121212122 0.42
vt 0.13131313131313133 0.42
vt 0.1414141414141414 0.42
vt 0.15151515151515152 0.42
vt 0.16161616161616163 0.42
vt 0.1717171717171717 0.42
vt 0.18181818181818182 0.42
vt 0.1919191919191919 0.42
vt 0.20202020202020202 0.42
vt 0.21212121212121213 0.42
vt 0.2222222222222222 0.42
vt 0.23232323232323232 0.42
vt 0.24242424242424243 0.42
vt 0.25252525252525254 0.42
vt 0.26262626262626265 0.42
vt 0.2727272727272727 0.42
vt 0.2828282828282828 0.42
vt 0.29292929292929293 0.42
vt 0.30303030303030304 0.42
vt 0.31313131313131315 0.42
vt 0.32323232323232326 0.42
vt 0.3333333333333333 0.42
vt 0.3434343434343434 0.42
vt 0.35353535353535354 0.42
vt 0.36363636363636365 0.42
vt 0.37373737373737376 0.42
vt 0.3838383838383838 0.42
vt 0.3939393939393939 0.42
vt 0.40404040404040403 0.42
vt 0.41414141414141414 0.42
vt 0.42424242424242425 0.42
vt 0.43434343434343436 0.42
vt 0.4444444444444444 0.42
vt 0.45454545454545453 0.42
vt 0.46464646464646464 0.42
vt 0.47474747474747475 0.42
vt 0.48484848484848486 0.42
vt 0.494949494949495 0.42
vt 0.5050505050505051 0.42
vt 0.5151515151515151 0.42
vt 0.5252525252525253 0.42
vt 0.5353535353535354 0.42
vt 0.5454545454545454 0.42
vt 0.5555555555555556 0.42
vt 0.5656565656565656 0.42
vt 0.5757575757575758 0.42
vt 0.5858585858585859 0.42
vt 0.5959595959595959 0.42
vt 0.6060606060606061 0.42
vt 0.6161616161616161 0.42
vt 0.6262626262626263 0.42
vt 0.6363636363636364 0.42
vt 0.6464646464646465 0.42
vt 0.6565656565656566 0.42
vt 0.6666666666666666 0.42
vt 0.6767676767676768 0.42
vt 0.6868686868686869 0.42
vt 0.696969696969697 0.42
vt 0.7070707070707071 0.42
vt 0.7171717171717171 0.42
vt 0.7272727272727273 0.42
vt 0.7373737373737373 0.42
vt 0.7474747474747475 0.42
vt 0.7575757575757576 0.42
vt 0.7676767676767676 0.42
vt 0.7777777777777778 0.42
vt 0.7878787878787878 0.42
vt 0.797979797979798 0.42
vt 0.8080808080808081 0.42
vt 0.8181818181818182 0.42
vt 0.8282828282828283 0.42
vt 0.8383838383838383 0.42
vt 0.8484848484848485 0.42
vt 0.8585858585858586 0.42
vt 0.8686868686868687 0.42
vt 0.8787878787878788 0.42
vt 0.8888888888888888 0.42
vt 0.898989898989899 0.42
vt 0.9090909090909091 0.42
vt 0.9191919191919192 0.42
vt 0.9292929292929293 0.42
vt 0.9393939393939394 0.42
vt 0.9494949494949495 0.42
vt 0.9595959595959596 0.42
vt 0.9696969696969697 0.42
vt 0.9797979797979798 0.42
vt 0.98989898989899 0.42
vt 1.0 0.42
vt 0.0 0.44
vt 0.010101010101010102 0.44
vt 0.020202020202020204 0.44
vt 0.030303030303030304 0.44
vt 0.04040404040404041 0.44
vt 0.050505050505050504 0.44
vt 0.06060606060606061 0.44
vt 0.0707070707070707 0.44
vt 0.08080808080808081 0.44
vt 0.09090909090909091 0.44
vt 0.10101010101010101 0.44
vt 0.1111111111111111 0.44
vt 0.12121212121212122 0.44
vt 0.13131313131313133 0.44
vt 0.1414141414141414 0.44
vt 0.15151515151515152 0.44
vt 0.16161616161616163 0.44
vt 0.1717171717171717 0.44
vt 0.18181818181818182 0.44
vt 0.1919191919191919 0.44
vt 0.20202020202020202 0.44
vt 0.21212121212121213 0.44
vt 0.2222222222222222 0.44
vt 0.23232323232323232 0.44
vt 0.24242424242424243 0.44
vt 0.25252525252525254 0.44
vt 0.26262626262626265 0.44
vt 0.2727272727272727 0.44
vt 0.2828282828282828 0.44
vt 0.29292929292929293 0.44
vt 0.30303030303030304 0.44
vt 0.31313131313131315 0.44
vt 0.32323232323232326 0.44
vt 0.3333333333333333 0.44
vt 0.3434343434343434 0.44
vt 0.35353535353535354 0.44
vt 0.36363636363636365 0.44
vt 0.37373737373737376 0.44
vt 0.3838383838383838 0.44
vt 0.3939393939393939 0.44
vt 0.40404040404040403 0.44
vt 0.41414141414141414 0.44
vt 0.42424242424242425 0.44
vt 0.43434343434343436 0.44
vt 0.4444444444444444 0.44
vt 0.45454545454545453 0.44
vt 0.46464646464646464 0.44
vt 0.47474747474747475 0.44
vt 0.48484848484848486 0.44
vt 0.494949494949495 0.44
vt 0.5050505050505051 0.44
vt 0.5151515151515151 0.44
vt 0.5252525252525253 0.44
vt 0.5353535353535354 0.44
vt 0.5454545454545454 0.44
vt 0.5555555555555556 0.44
vt 0.5656565656565656 0.44
vt 0.5757575757575758 0.44
vt 0.5858585858585859 0.44
vt 0.5959595959595959 0.44
vt 0.6060606060606061 0.44
vt 0.6161616161616161 0.44
vt 0.6262626262626263 0.44
vt 0.6363636363636364 0.44
vt 0.6464646464646465 0.44
vt 0.6565656565656566 0.44
vt 0.6666666666666666 0.44
vt 0.6767676767676768 0.44
vt 0.6868686868686869 0.44
vt 0.696969696969697 0.44
vt 0.7070707070707071 0.44
vt 0.7171717171717171 0.44
vt 0.7272727272727273 0.44
vt 0.7373737373737373 0.44
vt 0.7474747474747475 0.44
vt 0.7575757575757576 0.44
vt 0.7676767676767676 0.44
vt 0.7777777777777778 0.44
vt 0.7878787878787878 0.44
vt 0.797979797979798 0.44
vt 0.8080808080808081 0.44
vt 0.8181818181818182 0.44
vt 0.8282828282828283 0.44
vt 0.8383838383838383 0.44
vt 0.8484848484848485 0.44
vt 0.8585858585858586 0.44
vt 0.8686868686868687 0.44
vt 0.8787878787878788 0.44
vt 0.8888888888888888 0.44
vt 0.898989898989899 0.44
vt 0.9090909090909091 0.44
vt 0.9191919191919192 0.44
vt 0.9292929292929293 0.44
vt 0.9393939393939394 0.44
vt 0.9494949494949495 0.44
vt 0.9595959595959596 0.44
vt 0.9696969696969697 0.44
vt 0.9797979797979798 0.44
vt 0.98989898989899 0.44
vt 1.0 0.44
vt 0.0 0.46
vt 0.010101010101010102 0.46
vt 0.020202020202020204 0.46
vt 0.030303030303030304 0.46
vt 0.04040404040404041 0.46
vt 0.050505050505050504 0.46
vt 0.06060606060606061 0.46
vt 0.0707070707070707 0.46
vt 0.08080808080808081 0.46
vt 0.09090909090909091 0.46
vt 0.10101010101010101 0.46
vt 0.1111111111111111 0.46
vt 0.12121212121212122 0.46
vt 0.13131313131313133 0.46
vt 0.1414141414141414 0.46
vt 0.15151515151515152 0.46
vt 0.16161616161616163 0.46
vt 0.1717171717171717 0.46
vt 0.18181818181818182 0.46
vt 0.1919191919191919 0.46
vt 0.20202020202020202 0.46
vt 0.21212121212121213 0.46
vt 0.2222222222222222 0.46
vt 0.23232323232323232 0.46
vt 0.24242424242424243 0.46
vt 0.25252525252525254 0.46
vt 0.26262626262626265 0.46
vt 0.2727272727272727 0.46
vt 0.2828282828282828 0.46
vt 0.29292929292929293 0.46
vt 0.30303030303030304 0.46
vt 0.31313131313131315 0.46
vt 0.32323232323232326 0.46
vt 0.3333333333333333 0.46
vt 0.3434343434343434 0.46
vt 0.35353535353535354 0.46
vt 0.36363636363636365 0.46
vt 0.37373737373737376 0.46
vt 0.3838383838383838 0.46
vt 0.3939393939393939 0.46
vt 0.40404040404040403 0.46
vt 0.41414141414141414 0.46
vt 0.42424242424242425 0.46
vt 0.43434343434343436 0.46
vt 0.4444444444444444 0.46
vt 0.45454545454545453 0.46
vt 0.46464646464646464 0.46
vt 0.47474747474747475 0.46
vt 0.48484848484848486 0.46
vt 0.494949494949495 0.46
vt 0.5050505050505051 0.46
vt 0.5151515151515151 0.46
vt 0.5252525252525253 0.46
vt 0.5353535353535354 0.46
vt 0.5454545454545454 0.46
vt 0.5555555555555556 0.46
vt 0.5656565656565656 0.46
vt 0.5757575757575758 0.46
vt 0.5858585858585859 0.46
vt 0.5959595959595959 0.46
vt 0.6060606060606061 0.46
vt 0.6161616161616161 0.46
vt 0.6262626262626263 0.46
vt 0.6363636363636364 0.46
vt 0.6464646464646465 0.46
vt 0.6565656565656566 0.46
vt 0.6666666666666666 0.46
vt 0.6767676767676768 0.46
vt 0.6868686868686869 0.46
vt 0.696969696969697 0.46
vt 0.7070707070707071 0.46
vt 0.7171717171717171 0.46
vt 0.7272727272727273 0.46
vt 0.7373737373737373 0.46
vt 0.7474747474747475 0.46
vt 0.7575757575757576 0.46
vt 0.7676767676767676 0.46
vt 0.7777777777777778 0.46
vt 0.7878787878787878 0.46
vt 0.797979797979798 0.46
vt 0.8080808080808081 0.46
vt 0.8181818181818182 0.46
vt 0.8282828282828283 0.46
vt 0.8383838383838383 0.46
vt 0.8484848484848485 0.46
vt 0.8585858585858586 0.46
vt 0.8686868686868687 0.46
vt 0.8787878787878788 0.46
vt 0.8888888888888888 0.46
vt 0.898989898989899 0.46
vt 0.9090909090909091 0.46
vt 0.9191919191919192 0.46
vt 0.9292929292929293 0.46
vt 0.9393939393939394 0.46
vt 0.9494949494949495 0.46
vt 0.9595959595959596 0.46
vt 0.9696969696969697 0.46
vt 0.9797979797979798 0.46
vt 0.98989898989899 0.46
vt 1.0 0.46
vt 0.0 0.48
vt 0.010101010101010102 0.48
vt 0.020202020202020204 0.48
vt 0.030303030303030304 0.48
vt 0.04040404040404041 0.48
vt 0.050505050505050504 0.48
vt 0.06060606060606061 0.48
vt 0.0707070707070707 0.48
vt 0.08080808080808081 0.48
vt 0.09090909090909091 0.48
vt 0.10101010101010101 0.48
vt 0.1111111111111111 0.48
vt 0.12121212121212122 0.48
vt 0.13131313131313133 0.48
vt 0.1414141414141414 0.48
vt 0.15151515151515152 0.48
vt 0.16161616161616163 0.48
vt 0.1717171717171717 0.48
vt 0.18181818181818182 0.48
vt 0.1919191919191919 0.48
vt 0.20202020202020202 0.48
vt 0.21212121212121213 0.48
vt 0.2222222222222222 0.48
vt 0.23232323232323232 0.48
vt 0.24242424242424243 0.48
vt 0.25252525252525254 0.48
vt 0.26262626262626265 0.48
vt 0.2727272727272727 0.48
vt 0.2828282828282828 0.48
vt 0.29292929292929293 0.48
vt 0.30303030303030304 0.48
vt 0.31313131313131315 0.48
vt 0.32323232323232326 0.48
vt 0.3333333333333333 0.48
vt 0.3434343434343434 0.48
vt 0.35353535353535354 0.48
vt 0.36363636363636365 0.48
vt 0.37373737373737376 0.48
vt 0.3838383838383838 0.48
vt 0.3939393939393939 0.48
vt 0.40404040404040403 0.48
vt 0.41414141414141414 0.48
vt 0.42424242424242425 0.48
vt 0.43434343434343436 0.48
vt 0.4444444444444444 0.48
vt 0.45454545454545453 0.48
vt 0.46464646464646464 0.48
vt 0.47474747474747475 0.48
vt 0.48484848484848486 0.48
vt 0.494949494949495 0.48
vt 0.5050505050505051 0.48
vt 0.5151515151515151 0.48
vt 0.5252525252525253 0.48
vt 0.5353535353535354 0.48
vt 0.5454545454545454 0.48
vt 0.5555555555555556 0.48
vt 0.5656565656565656 0.48
vt 0.5757575757575758 0.48
vt 0.5858585858585859 0.48
vt 0.5959595959595959 0.48
vt 0.6060606060606061 0.48
vt 0.6161616161616161 0.48
vt 0.6262626262626263 0.48
vt 0.6363636363636364 0.48
vt 0.6464646464646465 0.48
vt 0.6565656565656566 0.48
vt 0.6666666666666666 0.48
vt 0.6767676767676768 0.48
vt 0.6868686868686869 0.48
vt 0.696969696969697 0.48
vt 0.7070707070707071 0.48
vt 0.7171717171717171 0.48
vt 0.7272727272727273 0.48
vt 0.7373737373737373 0.48
vt 0.7474747474747475 0.48
vt 0.7575757575757576 0.48
vt 0.7676767676767676 0.48
vt 0.7777777777777778 0.48
vt 0.7878787878787878 0.48
vt 0.797979797979798 0.48
vt 0.8080808080808081 0.48
vt 0.8181818181818182 0.48
vt 0.8282828282828283 0.48
vt 0.8383838383838383 0.48
vt 0.8484848484848485 0.48
vt 0.8585858585858586 0.48
vt 0.8686868686868687 0.48
vt 0.8787878787878788 0.48
vt 0.8888888888888888 0.48
vt 0.898989898989899 0.48
vt 0.9090909090909091 0.48
vt 0.9191919191919192 0.48
vt 0.9292929292929293 0.48
vt 0.9393939393939394 0.48
vt 0.9494949494949495 0.48
vt 0.9595959595959596 0.48
vt 0.9696969696969697 0.48
vt 0.9797979797979798 0.48
vt 0.98989898989899 0.48
vt 1.0 0.48
vt 0.0 0.5
vt 0.010101010101010102 0.5
vt 0.020202020202020204 0.5
vt 0.030303030303030304 0.5
vt 0.04040404040404041 0.5
vt 0.050505050505050504 0.5
vt 0.06060606060606061 0.5
vt 0.0707070707070707 0.5
vt 0.08080808080808081 0.5
vt 0.09090909090909091 0.5
vt 0.10101010101010101 0.5
vt 0.1111111111111111 0.5
vt 0.12121212121212122 0.5
vt 0.13131313131313133 0.5
vt 0.1414141414141414 0.5
vt 0.15151515151515152 0.5
vt 0.16161616161616163 0.5
vt 0.1717171717171717 0.5
vt 0.18181818181818182 0.5
vt 0.1919191919191919 0.5
vt 0.20202020202020202 0.5
vt 0.21212121212121213 0.5
vt 0.2222222222222222 0.5
vt 0.23232323232323232 0.5
vt 0.24242424242424243 0.5
vt 0.25252525252525254 0.5
vt 0.26262626262626265 0.5
vt 0.2727272727272727 0.5
vt 0.2828282828282828 0.5
vt 0.29292929292929293 0.5
vt 0.30303030303030304 0.5
vt 0.31313131313131315 0.5
vt 0.32323232323232326 0.5
vt 0.3333333333333333 0.5
vt 0.3434343434343434 0.5
vt 0.35353535353535354 0.5
vt 0.36363636363636365 0.5
vt 0.37373737373737376 0.5
vt 0.3838383838383838 0.5
vt 0.3939393939393939 0.5
vt 0.40404040404040403 0.5
vt 0.41414141414141414 0.5
vt 0.42424242424242425 0.5
vt 0.43434343434343436 0.5
vt 0.4444444444444444 0.5
vt 0.45454545454545453 0.5
vt 0.46464646464646464 0.5
vt 0.47474747474747475 0.5
vt 0.48484848484848486 0.5
vt 0.494949494949495 0.5
vt 0.5050505050505051 0.5
vt 0.5151515151515151 0.5
vt 0.5252525252525253 0.5
vt 0.5353535353535354 0.5
vt 0.5454545454545454 0.5
vt 0.5555555555555556 0.5
vt 0.5656565656565656 0.5
vt 0.5757575757575758 0.5
vt 0.5858585858585859 0.5
vt 0.5959595959595959 0.5
vt 0.6060606060606061 0.5
vt 0.6161616161616161 0.5
vt 0.6262626262626263 0.5
vt 0.6363636363636364 0.5
vt 0.6464646464646465 0.5
vt 0.6565656565656566 0.5
vt 0.6666666666666666 0.5
vt 0.6767676767676768 0.5
vt 0.6868686868686869 0.5
vt 0.696969696969697 0.5
vt 0.7070707070707071 0.5
vt 0.7171717171717171 0.5
vt 0.7272727272727273 0.5
vt 0.7373737373737373 0.5
vt 0.7474747474747475 0.5
vt 0.7575757575757576 0.5
vt 0.7676767676767676 0.5
vt 0.7777777777777778 0.5
vt 0.7878787878787878 0.5
vt 0.797979797979798 0.5
vt 0.8080808080808081 0.5
vt 0.8181818181818182 0.5
vt 0.8282828282828283 0.5
vt 0.8383838383838383 0.5
vt 0.8484848484848485 0.5
vt 0.8585858585858586 0.5
vt 0.8686868686868687 0.5
vt 0.8787878787878788 0.5
vt 0.8888888888888888 0.5
vt 0.898989898989899 0.5
vt 0.9090909090909091 0.5
vt 0.9191919191919192 0.5
vt 0.9292929292929293 0.5
vt 0.9393939393939394 0.5
vt 0.9494949494949495 0.5
vt 0.9595959595959596 0.5
vt 0.9696969696969697 0.5
vt 0.9797979797979798 0.5
vt 0.98989898989899 0.5
vt 1.0 0.5
vt 0.0 0.52
vt 0.010101010101010102 0.52
vt 0.020202020202020204 0.52
vt 0.030303030303030304 0.52
vt 0.04040404040404041 0.52
vt 0.050505050505050504 0.52
vt 0.06060606060606061 0.52
vt 0.0707070707070707 0.52
vt 0.08080808080808081 0.52
vt 0.09090909090909091 0.52
vt 0.10101010101010101 0.52
vt 0.1111111111111111 0.52
vt 0.12121212121212122 0.52
vt 0.13131313131313133 0.52
vt 0.1414141414141414 0.52
vt 0.15151515151515152 0.52
vt 0.16161616161616163 0.52
vt 0.1717171717171717 0.52
vt 0.18181818181818182 0.52
vt 0.1919191919191919 0.52
vt 0.20202020202020202 0.52
vt 0.21212121212121213 0.52
vt 0.2222222222222222 0.52
vt 0.23232323232323232 0.52
vt 0.24242424242424243 0.52
vt 0.25252525252525254 0.52
vt 0.26262626262626265 0.52
vt 0.2727272727272727 0.52
vt 0.2828282828282828 0.52
vt 0.29292929292929293 0.52
vt 0.30303030303030304 0.52
vt 0.31313131313131315 0.52
vt 0.32323232323232326 0.52
vt 0.3333333333333333 0.52
vt 0.3434343434343434 0.52
vt 0.35353535353535354 0.52
vt 0.36363636363636365 0.52
vt 0.37373737373737376 0.52
vt 0.3838383838383838 0.52
vt 0.3939393939393939 0.52
vt 0.40404040404040403 0.52
vt 0.41414141414141414 0.52
vt 0.42424242424242425 0.52
vt 0.43434343434343436 0.52
vt 0.4444444444444444 0.52
vt 0.45454545454545453 0.52
vt 0.46464646464646464 0.52
vt 0.47474747474747475 0.52
vt 0.48484848484848486 0.52
vt 0.494949494949495 0.52
vt 0.5050505050505051 0.52
vt 0.5151515151515151 0.52
vt 0.5252525252525253 0.52
vt 0.5353535353535354 0.52
vt 0.5454545454545454 0.52
vt 0.5555555555555556 0.52
vt 0.5656565656565656 0.52
vt 0.5757575757575758 0.52
vt 0.5858585858585859 0.52
vt 0.5959595959595959 0.52
vt 0.6060606060606061 0.52
vt 0.6161616161616161 0.52
vt 0.6262626262626263 0.52
vt 0.6363636363636364 0.52
vt 0.6464646464646465 0.52
vt 0.6565656565656566 0.52
vt 0.6666666666666666 0.52
vt 0.6767676767676768 0.52
vt 0.6868686868686869 0.52
vt 0.696969696969697 0.52
vt 0.7070707070707071 0.52
vt 0.7171717171717171 0.52
vt 0.7272727272727273 0.52
vt 0.7373737373737373 0.52
vt 0.7474747474747475 0.52
vt 0.7575757575757576 0.52
vt 0.7676767676767676 0.52
vt 0.7777777777777778 0.52
vt 0.7878787878787878 0.52
vt 0.797979797979798 0.52
vt 0.8080808080808081 0.52
vt 0.8181818181818182 0.52
vt 0.8282828282828283 0.52
vt 0.8383838383838383 0.52
vt 0.8484848484848485 0.52
vt 0.8585858585858586 0.52
vt 0.8686868686868687 0.52
vt 0.8787878787878788 0.52
vt 0.8888888888888888 0.52
vt 0.898989898989899 0.52
vt 0.9090909090909091 0.52
vt 0.9191919191919192 0.52
vt 0.9292929292929293 0.52
vt 0.9393939393939394 0.52
vt 0.9494949494949495 0.52
vt 0.9595959595959596 0.52
vt 0.9696969696969697 0.52
vt 0.9797979797979798 0.52
vt 0.98989898989899 0.52
vt 1.0 0.52
vt 0.0 0.54
vt 0.010101010101010102 0.54
vt 0.020202020202020204 0.54
vt 0.030303030303030304 0.54
vt 0.04040404040404041 0.54
vt 0.050505050505050504 0.54
vt 0.06060606060606061 0.54
vt 0.0707070707070707 0.54
vt 0.08080808080808081 0.54
vt 0.09090909090909091 0.54
vt 0.10101010101010101 0.54
vt 0.1111111111111111 0.54
vt 0.12121212121212122 0.54
vt 0.13131313131313133 0.54
vt 0.1414141414141414 0.54
vt 0.15151515151515152 0.54
vt 0.16161616161616163 0.54
vt 0.1717171717171717 0.54
vt 0.18181818181818182 0.54
vt 0.1919191919191919 0.54
vt 0.20202020202020202 0.54
vt 0.21212121212121213 0.54
vt 0.2222222222222222 0.54
vt 0.23232323232323232 0.54
vt 0.24242424242424243 0.54
vt 0.25252525252525254 0.54
vt 0.26262626262626265 0.54
vt 0.2727272727272727 0.54
vt 0.2828282828282828 0.54
vt 0.29292929292929293 0.54
vt 0.30303030303030304 0.54
vt 0.31313131313131315 0.54
vt 0.32323232323232326 0.54
vt 0.3333333333333333 0.54
vt 0.3434343434343434 0.54
vt 0.35353535353535354 0.54
vt 0.36363636363636365 0.54
vt 0.37373737373737376 0.54
vt 0.3838383838383838 0.54
vt 0.3939393939393939 0.54
vt 0.40404040404040403 0.54
vt 0.41414141414141414 0.54
vt 0.42424242424242425 0.54
vt 0.43434343434343436 0.54
vt 0.4444444444444444 0.54
vt 0.45454545454545453 0.54
vt 0.46464646464646464 0.54
vt 0.47474747474747475 0.54
vt 0.48484848484848486 0.54
vt 0.494949494949495 0.54
vt 0.5050505050505051 0.54
vt 0.5151515151515151 0.54
vt 0.5252525252525253 0.54
vt 0.5353535353535354 0.54
vt 0.5454545454545454 0.54
vt 0.5555555555555556 0.54
vt 0.5656565656565656 0.54
vt 0.5757575757575758 0.54
vt 0.5858585858585859 0.54
vt 0.5959595959595959 0.54
vt 0.6060606060606061 0.54
vt 0.6161616161616161 0.54
vt 0.6262626262626263 0.54
vt 0.6363636363636364 0.54
vt 0.6464646464646465 0.54
vt 0.6565656565656566 0.54
vt 0.6666666666666666 0.54
vt 0.6767676767676768 0.54
vt 0.6868686868686869 0.54
vt 0.696969696969697 0.54
vt 0.7070707070707071 0.54
vt 0.7171717171717171 0.54
vt 0.7272727272727273 0.54
vt 0.7373737373737373 0.54
vt 0.7474747474747475 0.54
vt 0.7575757575757576 0.54
vt 0.7676767676767676 0.54
vt 0.7777777777777778 0.54
vt 0.7878787878787878 0.54
vt 0.797979797979798 0.54
vt 0.8080808080808081 0.54
vt 0.8181818181818182 0.54
vt 0.8282828282828283 0.54
vt 0.8383838383838383 0.54
vt 0.8484848484848485 0.54
vt 0.8585858585858586 0.54
vt 0.8686868686868687 0.54
vt 0.8787878787878788 0.54
vt 0.8888888888888888 0.54
vt 0.898989898989899 0.54
vt 0.9090909090909091 0.54
vt 0.9191919191919192 0.54
vt 0.9292929292929293 0.54
vt 0.9393939393939394 0.54
vt 0.9494949494949495 0.54
vt 0.9595959595959596 0.54
vt 0.9696969696969697 0.54
vt 0.9797979797979798 0.54
vt 0.98989898989899 0.54
vt 1.0 0.54
vt 0.0 0.56
vt 0.010101010101010102 0.56
vt 0.020202020202020204 0.56
vt 0.030303030303030304 0.56
vt 0.04040404040404041 0.56
vt 0.050505050505050504 0.56
vt 0.06060606060606061 0.56
vt 0.0707070707070707 0.56
vt 0.08080808080808081 0.56
vt 0.09090909090909091 0.56
vt 0.10101010101010101 0.56
vt 0.1111111111111111 0.56
vt 0.12121212121212122 0.56
vt 0.13131313131313133 0.56
vt 0.1414141414141414 0.56
vt 0.15151515151515152 0.56
vt 0.16161616161616163 0.56
vt 0.1717171717171717 0.56
vt 0.18181818181818182 0.56
vt 0.1919191919191919 0.56
vt 0.20202020202020202 0.56
vt 0.21212121212121213 0.56
vt 0.2222222222222222 0.56
vt 0.23232323232323232 0.56
vt 0.24242424242424243 0.56
vt 0.25252525252525254 0.56
vt 0.26262626262626265 0.56
vt 0.2727272727272727 0.56
vt 0.2828282828282828 0.56
vt 0.29292929292929293 0.56
vt 0.30303030303030304 0.56
vt 0.31313131313131315 0.56
vt 0.32323232323232326 0.56
vt 0.3333333333333333 0.56
vt 0.3434343434343434 0.56
vt 0.35353535353535354 0.56
vt 0.36363636363636365 0.56
vt 0.37373737373737376 0.56
vt 0.3838383838383838 0.56
vt 0.3939393939393939 0.56
vt 0.40404040404040403 0.56
vt 0.41414141414141414 0.56
vt 0.42424242424242425 0.56
vt 0.43434343434343436 0.56
vt 0.4444444444444444 0.56
vt 0.45454545454545453 0.56
vt 0.46464646464646464 0.56
vt 0.47474747474747475 0.56
vt 0.48484848484848486 0.56
vt 0.494949494949495 0.56
vt 0.5050505050505051 0.56
vt 0.5151515151515151 0.56
vt 0.5252525252525253 0.56
vt 0.5353535353535354 0.56
vt 0.5454545454545454 0.56
vt 0.5555555555555556 0.56
vt 0.5656565656565656 0.56
vt 0.5757575757575758 0.56
vt 0.5858585858585859 0.56
vt 0.5959595959595959 0.56
vt 0.6060606060606061 0.56
vt 0.6161616161616161 0.56
vt 0.6262626262626263 0.56
vt 0.6363636363636364 0.56
vt 0.6464646464646465 0.56
vt 0.6565656565656566 0.56
vt 0.6666666666666666 0.56
vt 0.6767676767676768 0.56
vt 0.6868686868686869 0.56
vt 0.696969696969697 0.56
vt 0.7070707070707071 0.56
vt 0.7171717171717171 0.56
vt 0.7272727272727273 0.56
vt 0.7373737373737373 0.56
vt 0.7474747474747475 0.56
vt 0.7575757575757576 0.56
vt 0.7676767676767676 0.56
vt 0.7777777777777778 0.56
vt 0.7878787878787878 0.56
vt 0.797979797979798 0.56
vt 0.8080808080808081 0.56
vt 0.8181818181818182 0.56
vt 0.8282828282828283 0.56
vt 0.8383838383838383 0.56
vt 0.8484848484848485 0.56
vt 0.8585858585858586 0.56
vt 0.8686868686868687 0.56
vt 0.8787878787878788 0.56
vt 0.8888888888888888 0.56
vt 0.898989898989899 0.56
vt 0.9090909090909091 0.56
vt 0.9191919191919192 0.56
vt 0.9292929292929293 0.56
vt 0.9393939393939394 0.56
vt 0.9494949494949495 0.56
vt 0.9595959595959596 0.56
vt 0.9696969696969697 0.56
vt 0.9797979797979798 0.56
vt 0.98989898989899 0.56
vt 1.0 0.56
vt 0.0 0.58
vt 0.010101010101010102 0.58
vt 0.020202020202020204 0.58
vt 0.030303030303030304 0.58
vt 0.04040404040404041 0.58
vt 0.050505050505050504 0.58
vt 0.06060606060606061 0.58
vt 0.0707070707070707 0.58
vt 0.08080808080808081 0.58
vt 0.09090909090909091 0.58
vt 0.10101010101010101 0.58
vt 0.1111111111111111 0.58
vt 0.12121212121212122 0.58
vt 0.13131313131313133 0.58
vt 0.1414141414141414 0.58
vt 0.15151515151515152 0.58
vt 0.16161616161616163 0.58
vt 0.1717171717171717 0.58
vt 0.18181818181818182 0.58
vt 0.1919191919191919 0.58
vt 0.20202020202020202 0.58
vt 0.21212121212121213 0.58
vt 0.2222222222222222 0.58
vt 0.23232323232323232 0.58
vt 0.24242424242424243 0.58
vt 0.25252525252525254 0.58
vt 0.26262626262626265 0.58
vt 0.2727272727272727 0.58
vt 0.2828282828282828 0.58
vt 0.29292929292929293 0.58
vt 0.30303030303030304 0.58
vt 0.31313131313131315 0.58
vt 0.32323232323232326 0.58
vt 0.3333333333333333 0.58
vt 0.3434343434343434 0.58
vt 0.35353535353535354 0.58
vt 0.36363636363636365 0.58
vt 0.37373737373737376 0.58
vt 0.3838383838383838 0.58
vt 0.3939393939393939 0.58
vt 0.40404040404040403 0.58
vt 0.41414141414141414 0.58
vt 0.42424242424242425 0.58
vt 0.43434343434343436 0.58
vt 0.4444444444444444 0.58
vt 0.45454545454545453 0.58
vt 0.46464646464646464 0.58
vt 0.47474747474747475 0.58
vt 0.48484848484848486 0.58
vt 0.494949494949495 0.58
vt 0.5050505050505051 0.58
vt 0.5151515151515151 0.58
vt 0.5252525252525253 0.58
vt 0.5353535353535354 0.58
vt 0.5454545454545454 0.58
vt 0.5555555555555556 0.58
vt 0.5656565656565656 0.58
vt 0.5757575757575758 0.58
vt 0.5858585858585859 0.58
vt 0.5959595959595959 0.58
vt 0.6060606060606061 0.58
vt 0.6161616161616161 0.58
vt 0.6262626262626263 0.58
vt 0.6363636363636364 0.58
vt 0.6464646464646465 0.58
vt 0.6565656565656566 0.58
vt 0.6666666666666666 0.58
vt 0.6767676767676768 0.58
vt 0.6868686868686869 0.58
vt 0.696969696969697 0.58
vt 0.7070707070707071 0.58
vt 0.7171717171717171 0.58
vt 0.7272727272727273 0.58
vt 0.7373737373737373 0.58
vt 0.7474747474747475 0.58
vt 0.7575757575757576 0.58
vt 0.7676767676767676 0.58
vt 0.7777777777777778 0.58
vt 0.7878787878787878 0.58
vt 0.797979797979798 0.58
vt 0.8080808080808081 0.58
vt 0.8181818181818182 0.58
vt 0.8282828282828283 0.58
vt 0.8383838383838383 0.58
vt 0.8484848484848485 0.58
vt 0.8585858585858586 0.58
vt 0.8686868686868687 0.58
vt 0.8787878787878788 0.58
vt 0.8888888888888888 0.58
vt 0.898989898989899 0.58
vt 0.9090909090909091 0.58
vt 0.9191919191919192 0.58
vt 0.9292929292929293 0.58
vt 0.9393939393939394 0.58
vt 0.9494949494949495 0.58
vt 0.9595959595959596 0.58
vt 0.9696969696969697 0.58
vt 0.9797979797979798 0.58
vt 0.98989898989899 0.58
vt 1.0 0.58
vt 0.0 0.6
vt 0.010101010101010102 0.6
vt 0.020202020202020204 0.6
vt 0.030303030303030304 0.6
vt 0.04040404040404041 0.6
vt 0.050505050505050504 0.6
vt 0.06060606060606061 0.6
vt 0.0707070707070707 0.6
vt 0.08080808080808081 0.6
vt 0.09090909090909091 0.6
vt 0.10101010101010101 0.6
vt 0.1111111111111111 0.6
vt 0.12121212121212122 0.6
vt 0.13131313131313133 0.6
vt 0.1414141414141414 0.6
vt 0.15151515151515152 0.6
vt 0.16161616161616163 0.6
vt 0.1717171717171717 0.6
vt 0.18181818181818182 0.6
vt 0.1919191919191919 0.6
vt 0.20202020202020202 0.6
vt 0.21212121212121213 0.6
vt 0.2222222222222222 0.6
vt 0.23232323232323232 0.6
vt 0.24242424242424243 0.6
vt 0.25252525252525254 0.6
vt 0.26262626262626265 0.6
vt 0.2727272727272727 0.6
vt 0.2828282828282828 0.6
vt 0.29292929292929293 0.6
vt 0.30303030303030304 0.6
vt 0.31313131313131315 0.6
vt 0.32323232323232326 0.6
vt 0.3333333333333333 0.6
vt 0.3434343434343434 0.6
vt 0.35353535353535354 0.6
vt 0.36363636363636365 0.6
vt 0.37373737373737376 0.6
vt 0.3838383838383838 0.6
vt 0.3939393939393939 0.6
vt 0.40404040404040403 0.6
vt 0.41414141414141414 0.6
vt 0.42424242424242425 0.6
vt 0.43434343434343436 0.6
vt 0.4444444444444444 0.6
vt 0.45454545454545453 0.6
vt 0.46464646464646464 0.6
vt 0.47474747474747475 0.6
vt 0.48484848484848486 0.6
vt 0.494949494949495 0.6
vt 0.5050505050505051 0.6
vt 0.5151515151515151 0.6
vt 0.5252525252525253 0.6
vt 0.5353535353535354 0.6
vt 0.5454545454545454 0.6
vt 0.5555555555555556 0.6
vt 0.5656565656565656 0.6
vt 0.5757575757575758 0.6
vt 0.5858585858585859 0.6
vt 0.5959595959595959 0.6
vt 0.6060606060606061 0.6
vt 0.6161616161616161 0.6
vt 0.6262626262626263 0.6
vt 0.6363636363636364 0.6
vt 0.6464646464646465 0.6
vt 0.6565656565656566 0.6
vt 0.6666666666666666 0.6
vt 0.6767676767676768 0.6
vt 0.6868686868686869 0.6
vt 0.696969696969697 0.6
vt 0.7070707070707071 0.6
vt 0.7171717171717171 0.6
vt 0.7272727272727273 0.6
vt 0.7373737373737373 0.6
vt 0.7474747474747475 0.6
vt 0.7575757575757576 0.6
vt 0.7676767676767676 0.6
vt 0.7777777777777778 0.6
vt 0.7878787878787878 0.6
vt 0.797979797979798 0.6
vt 0.8080808080808081 0.6
vt 0.8181818181818182 0.6
vt 0.8282828282828283 0.6
vt 0.8383838383838383 0.6
vt 0.8484848484848485 0.6
vt 0.8585858585858586 0.6
vt 0.8686868686868687 0.6
vt 0.8787878787878788 0.6
vt 0.8888888888888888 0.6
vt 0.898989898989899 0.6
vt 0.9090909090909091 0.6
vt 0.9191919191919192 0.6
vt 0.9292929292929293 0.6
vt 0.9393939393939394 0.6
vt 0.9494949494949495 0.6
vt 0.9595959595959596 0.6
vt 0.9696969696969697 0.6
vt 0.9797979797979798 0.6
vt 0.98989898989899 0.6
vt 1.0 0.6
vt 0.0 0.62
vt 0.010101010101010102 0.62
vt 0.020202020202020204 0.62
vt 0.030303030303030304 0.62
vt 0.04040404040404041 0.62
vt 0.050505050505050504 0.62
vt 0.06060606060606061 0.62
vt 0.0707070707070707 0.62
vt 0.08080808080808081 0.62
vt 0.09090909090909091 0.62
vt 0.10101010101010101 0.62
vt 0.1111111111111111 0.62
vt 0.12121212121212122 0.62
vt 0.13131313131313133 0.62
vt 0.1414141414141414 0.62
vt 0.15151515151515152 0.62
vt 0.16161616161616163 0.62
vt 0.1717171717171717 0.62
vt 0.18181818181818182 0.62
vt 0.1919191919191919 0.62
vt 0.20202020202020202 0.62
vt 0.21212121212121213 0.62
vt 0.2222222222222222 0.62
vt 0.23232323232323232 0.62
vt 0.24242424242424243 0.62
vt 0.25252525252525254 0.62
vt 0.26262626262626265 0.62
vt 0.2727272727272727 0.62
vt 0.2828282828282828 0.62
vt 0.29292929292929293 0.62
vt 0.30303030303030304 0.62
vt 0.31313131313131315 0.62
vt 0.32323232323232326 0.62
vt 0.3333333333333333 0.62
vt 0.3434343434343434 0.62
vt 0.35353535353535354 0.62
vt 0.36363636363636365 0.62
vt 0.37373737373737376 0.62
vt 0.3838383838383838 0.62
vt 0.3939393939393939 0.62
vt 0.40404040404040403 0.62
vt 0.41414141414141414 0.62
vt 0.42424242424242425 0.62
vt 0.43434343434343436 0.62
vt 0.4444444444444444 0.62
vt 0.45454545454545453 0.62
vt 0.46464646464646464 0.62
vt 0.47474747474747475 0.62
vt 0.48484848484848486 0.62
vt 0.494949494949495 0.62
vt 0.5050505050505051 0.62
vt 0.5151515151515151 0.62
vt 0.5252525252525253 0.62
vt 0.5353535353535354 0.62
vt 0.5454545454545454 0.62
vt 0.5555555555555556 0.62
vt 0.5656565656565656 0.62
vt 0.5757575757575758 0.62
vt 0.5858585858585859 0.62
vt 0.5959595959595959 0.62
vt 0.6060606060606061 0.62
vt 0.6161616161616161 0.62
vt 0.6262626262626263 0.62
vt 0.6363636363636364 0.62
vt 0.6464646464646465 0.62
vt 0.6565656565656566 0.62
vt 0.6666666666666666 0.62
vt 0.6767676767676768 0.62
vt 0.6868686868686869 0.62
vt 0.696969696969697 0.62
vt 0.7070707070707071 0.62
vt 0.7171717171717171 0.62
vt 0.7272727272727273 0.62
vt 0.7373737373737373 0.62
vt 0.7474747474747475 0.62
vt 0.7575757575757576 0.62
vt 0.7676767676767676 0.62
vt 0.7777777777777778 0.62
vt 0.7878787878787878 0.62
vt 0.797979797979798 0.62
vt 0.8080808080808081 0.62
vt 0.8181818181818182 0.62
vt 0.8282828282828283 0.62
vt 0.8383838383838383 0.62
vt 0.8484848484848485 0.62
vt 0.8585858585858586 0.62
vt 0.8686868686868687 0.62
vt 0.8787878787878788 0.62
vt 0.8888888888888888 0.62
vt 0.898989898989899 0.62
vt 0.9090909090909091 0.62
vt 0.9191919191919192 0.62
vt 0.9292929292929293 0.62
vt 0.9393939393939394 0.62
vt 0.9494949494949495 0.62
vt 0.9595959595959596 0.62
vt 0.9696969696969697 0.62
vt 0.9797979797979798 0.62
vt 0.98989898989899 0.62
vt 1.0 0.62
vt 0.0 0.64
vt 0.010101010101010102 0.64
vt 0.020202020202020204 0.64
vt 0.030303030303030304 0.64
vt 0.04040404040404041 0.64
vt 0.050505050505050504 0.64
vt 0.06060606060606061 0.64
vt 0.0707070707070707 0.64
vt 0.08080808080808081 0.64
vt 0.09090909090909091 0.64
vt 0.10101010101010101 0.64
vt 0.1111111111111111 0.64
vt 0.12121212121212122 0.64
vt 0.13131313131313133 0.64
vt 0.1414141414141414 0.64
vt 0.15151515151515152 0.64
vt 0.16161616161616163 0.64
vt 0.1717171717171717 0.64
vt 0.18181818181818182 0.64
vt 0.1919191919191919 0.64
vt 0.20202020202020202 0.64
vt 0.21212121212121213 0.64
vt 0.2222222222222222 0.64
vt 0.23232323232323232 0.64
vt 0.24242424242424243 0.64
vt 0.25252525252525254 0.64
vt 0.26262626262626265 0.64
vt 0.2727272727272727 0.64
vt 0.2828282828282828 0.64
vt 0.29292929292929293 0.64
vt 0.30303030303030304 0.64
vt 0.31313131313131315 0.64
vt 0.32323232323232326 0.64
vt 0.3333333333333333 0.64
vt 0.3434343434343434 0.64
vt 0.35353535353535354 0.64
vt 0.36363636363636365 0.64
vt 0.37373737373737376 0.64
vt 0.3838383838383838 0.64
vt 0.3939393939393939 0.64
vt 0.40404040404040403 0.64
vt 0.41414141414141414 0.64
vt 0.42424242424242425 0.64
vt 0.43434343434343436 0.64
vt 0.4444444444444444 0.64
vt 0.45454545454545453 0.64
vt 0.46464646464646464 0.64
vt 0.47474747474747475 0.64
vt 0.48484848484848486 0.64
vt 0.494949494949495 0.64
vt 0.5050505050505051 0.64
vt 0.5151515151515151 0.64
vt 0.5252525252525253 0.64
vt 0.5353535353535354 0.64
vt 0.5454545454545454 0.64
vt 0.5555555555555556 0.64
vt 0.5656565656565656 0.64
vt 0.5757575757575758 0.64
vt 0.5858585858585859 0.64
vt 0.5959595959595959 0.64
vt 0.6060606060606061 0.64
vt 0.6161616161616161 0.64
vt 0.6262626262626263 0.64
vt 0.6363636363636364 0.64
vt 0.6464646464646465 0.64
vt 0.6565656565656566 0.64
vt 0.6666666666666666 0.64
vt 0.6767676767676768 0.64
vt 0.6868686868686869 0.64
vt 0.696969696969697 0.64
vt 0.7070707070707071 0.64
vt 0.7171717171717171 0.64
vt 0.7272727272727273 0.64
vt 0.7373737373737373 0.64
vt 0.7474747474747475 0.64
vt 0.7575757575757576 0.64
vt 0.7676767676767676 0.64
vt 0.7777777777777778 0.64
vt 0.7878787878787878 0.64
vt 0.797979797979798 0.64
vt 0.8080808080808081 0.64
vt 0.8181818181818182 0.64
vt 0.8282828282828283 0.64
vt 0.8383838383838383 0.64
vt 0.8484848484848485 0.64
vt 0.8585858585858586 0.64
vt 0.8686868686868687 0.64
vt 0.8787878787878788 0.64
vt 0.8888888888888888 0.64
vt 0.898989898989899 0.64
vt 0.9090909090909091 0.64
vt 0.9191919191919192 0.64
vt 0.9292929292929293 0.64
vt 0.9393939393939394 0.64
vt 0.9494949494949495 0.64
vt 0.9595959595959596 0.64
vt 0.9696969696969697 0.64
vt 0.9797979797979798 0.64
vt 0.98989898989899 0.64
vt 1.0 0.64
vt 0.0 0.66
vt 0.010101010101010102 0.66
vt 0.020202020202020204 0.66
vt 0.030303030303030304 0.66
vt 0.04040404040404041 0.66
vt 0.050505050505050504 0.66
vt 0.06060606060606061 0.66
vt 0.0707070707070707 0.66
vt 0.08080808080808081 0.66
vt 0.09090909090909091 0.66
vt 0.10101010101010101 0.66
vt 0.1111111111111111 0.66
vt 0.12121212121212122 0.66
vt 0.13131313131313133 0.66
vt 0.1414141414141414 0.66
vt 0.15151515151515152 0.66
vt 0.16161616161616163 0.66
vt 0.1717171717171717 0.66
vt 0.18181818181818182 0.66
vt 0.1919191919191919 0.66
vt 0.20202020202020202 0.66
vt 0.21212121212121213 0.66
vt 0.2222222222222222 0.66
vt 0.23232323232323232 0.66
vt 0.24242424242424243 0.66
vt 0.25252525252525254 0.66
vt 0.26262626262626265 0.66
vt 0.2727272727272727 0.66
vt 0.2828282828282828 0.66
vt 0.29292929292929293 0.66
vt 0.30303030303030304 0.66
vt 0.31313131313131315 0.66
vt 0.32323232323232326 0.66
vt 0.3333333333333333 0.66
vt 0.3434343434343434 0.66
vt 0.35353535353535354 0.66
vt 0.36363636363636365 0.66
vt 0.37373737373737376 0.66
vt 0.3838383838383838 0.66
vt 0.3939393939393939 0.66
vt 0.40404040404040403 0.66
vt 0.41414141414141414 0.66
vt 0.42424242424242425 0.66
vt 0.43434343434343436 0.66
vt 0.4444444444444444 0.66
vt 0.45454545454545453 0.66
vt 0.46464646464646464 0.66
vt 0.47474747474747475 0.66
vt 0.48484848484848486 0.66
vt 0.494949494949495 0.66
vt 0.5050505050505051 0.66
vt 0.5151515151515151 0.66
vt 0.5252525252525253 0.66
vt 0.5353535353535354 0.66
vt 0.5454545454545454 0.66
vt 0.5555555555555556 0.66
vt 0.5656565656565656 0.66
vt 0.5757575757575758 0.66
vt 0.5858585858585859 0.66
vt 0.5959595959595959 0.66
vt 0.6060606060606061 0.66
vt 0.6161616161616161 0.66
vt 0.6262626262626263 0.66
vt 0.6363636363636364 0.66
vt 0.6464646464646465 0.66
vt 0.6565656565656566 0.66
vt 0.6666666666666666 0.66
vt 0.6767676767676768 0.66
vt 0.6868686868686869 0.66
vt 0.696969696969697 0.66
vt 0.7070707070707071 0.66
vt 0.7171717171717171 0.66
vt 0.7272727272727273 0.66
vt 0.7373737373737373 0.66
vt 0.7474747474747475 0.66
vt 0.7575757575757576 0.66
vt 0.7676767676767676 0.66
vt 0.7777777777777778 0.66
vt 0.7878787878787878 0.66
vt 0.797979797979798 0.66
vt 0.8080808080808081 0.66
vt 0.8181818181818182 0.66
vt 0.8282828282828283 0.66
vt 0.8383838383838383 0.66
vt 0.8484848484848485 0.66
vt 0.8585858585858586 0.66
vt 0.8686868686868687 0.66
vt 0.8787878787878788 0.66
vt 0.8888888888888888 0.66
vt 0.898989898989899 0.66
vt 0.9090909090909091 0.66
vt 0.9191919191919192 0.66
vt 0.9292929292929293 0.66
vt 0.9393939393939394 0.66
vt 0.9494949494949495 0.66
vt 0.9595959595959596 0.66
vt 0.9696969696969697 0.66
vt 0.9797979797979798 0.66
vt 0.98989898989899 0.66
vt 1.0 0.66
vt 0.0 0.68
vt 0.010101010101010102 0.68
vt 0.020202020202020204 0.68
vt 0.030303030303030304 0.68
vt 0.04040404040404041 0.68
vt 0.050505050505050504 0.68
vt 0.06060606060606061 0.68
vt 0.0707070707070707 0.68
vt 0.08080808080808081 0.68
vt 0.09090909090909091 0.68
vt 0.10101010101010101 0.68
vt 0.1111111111111111 0.68
vt 0.12121212121212122 0.68
vt 0.13131313131313133 0.68
vt 0.1414141414141414 0.68
vt 0.15151515151515152 0.68
vt 0.16161616161616163 0.68
vt 0.1717171717171717 0.68
vt 0.18181818181818182 0.68
vt 0.1919191919191919 0.68
vt 0.20202020202020202 0.68
vt 0.21212121212121213 0.68
vt 0.2222222222222222 0.68
vt 0.23232323232323232 0.68
vt 0.24242424242424243 0.68
vt 0.25252525252525254 0.68
vt 0.26262626262626265 0.68
vt 0.2727272727272727 0.68
vt 0.2828282828282828 0.68
vt 0.29292929292929293 0.68
vt 0.30303030303030304 0.68
vt 0.31313131313131315 0.68
vt 0.32323232323232326 0.68
vt 0.3333333333333333 0.68
vt 0.3434343434343434 0.68
vt 0.35353535353535354 0.68
vt 0.36363636363636365 0.68
vt 0.37373737373737376 0.68
vt 0.3838383838383838 0.68
vt 0.3939393939393939 0.68
vt 0.40404040404040403 0.68
vt 0.41414141414141414 0.68
vt 0.42424242424242425 0.68
vt 0.43434343434343436 0.68
vt 0.4444444444444444 0.68
vt 0.45454545454545453 0.68
vt 0.46464646464646464 0.68
vt 0.47474747474747475 0.68
vt 0.48484848484848486 0.68
vt 0.494949494949495 0.68
vt 0.5050505050505051 0.68
vt 0.5151515151515151 0.68
vt 0.5252525252525253 0.68
vt 0.5353535353535354 0.68
vt 0.5454545454545454 0.68
vt 0.5555555555555556 0.68
vt 0.5656565656565656 0.68
vt 0.5757575757575758 0.68
vt 0.5858585858585859 0.68
vt 0.5959595959595959 0.68
vt 0.6060606060606061 0.68
vt 0.6161616161616161 0.68
vt 0.6262626262626263 0.68
vt 0.6363636363636364 0.68
vt 0.6464646464646465 0.68
vt 0.6565656565656566 0.68
vt 0.6666666666666666 0.68
vt 0.6767676767676768 0.68
vt 0.6868686868686869 0.68
vt 0.696969696969697 0.68
vt 0.7070707070707071 0.68
vt 0.7171717171717171 0.68
vt 0.7272727272727273 0.68
vt 0.7373737373737373 0.68
vt 0.7474747474747475 0.68
vt 0.7575757575757576 0.68
vt 0.7676767676767676 0.68
vt 0.7777777777777778 0.68
vt 0.7878787878787878 0.68
vt 0.797979797979798 0.68
vt 0.8080808080808081 0.68
vt 0.8181818181818182 0.68
vt 0.8282828282828283 0.68
vt 0.8383838383838383 0.68
vt 0.8484848484848485 0.68
vt 0.8585858585858586 0.68
vt 0.8686868686868687 0.68
vt 0.8787878787878788 0.68
vt 0.8888888888888888 0.68
vt 0.898989898989899 0.68
vt 0.9090909090909091 0.68
vt 0.9191919191919192 0.68
vt 0.9292929292929293 0.68
vt 0.9393939393939394 0.68
vt 0.9494949494949495 0.68
vt 0.9595959595959596 0.68
vt 0.9696969696969697 0.68
vt 0.9797979797979798 0.68
vt 0.98989898989899 0.68
vt 1.0 0.68
vt 0.0 0.7
vt 0.010101010101010102 0.7
vt 0.020202020202020204 0.7
vt 0.030303030303030304 0.7
vt 0.04040404040404041 0.7
vt 0.050505050505050504 0.7
vt 0.06060606060606061 0.7
vt 0.0707070707070707 0.7
vt 0.08080808080808081 0.7
vt 0.09090909090909091 0.7
vt 0.10101010101010101 0.7
vt 0.1111111111111111 0.7
vt 0.12121212121212122 0.7
vt 0.13131313131313133 0.7
vt 0.1414141414141414 0.7
vt 0.15151515151515152 0.7
vt 0.16161616161616163 0.7
vt 0.1717171717171717 0.7
vt 0.18181818181818182 0.7
vt 0.1919191919191919 0.7
vt 0.20202020202020202 0.7
vt 0.21212121212121213 0.7
vt 0.2222222222222222 0.7
vt 0.23232323232323232 0.7
vt 0.24242424242424243 0.7
vt 0.25252525252525254 0.7
vt 0.26262626262626265 0.7
vt 0.2727272727272727 0.7
vt 0.2828282828282828 0.7
vt 0.29292929292929293 0.7
vt 0.30303030303030304 0.7
vt 0.31313131313131315 0.7
vt 0.32323232323232326 0.7
vt 0.3333333333333333 0.7
vt 0.3434343434343434 0.7
vt 0.35353535353535354 0.7
vt 0.36363636363636365 0.7
vt 0.37373737373737376 0.7
vt 0.3838383838383838 0.7
vt 0.3939393939393939 0.7
vt 0.40404040404040403 0.7
vt 0.41414141414141414 0.7
vt 0.42424242424242425 0.7
vt 0.43434343434343436 0.7
vt 0.4444444444444444 0.7
vt 0.45454545454545453 0.7
vt 0.46464646464646464 0.7
vt 0.47474747474747475 0.7
vt 0.48484848484848486 0.7
vt 0.494949494949495 0.7
vt 0.5050505050505051 0.7
vt 0.5151515151515151 0.7
vt 0.5252525252525253 0.7
vt 0.5353535353535354 0.7
vt 0.5454545454545454 0.7
vt 0.5555555555555556 0.7
vt 0.5656565656565656 0.7
vt 0.5757575757575758 0.7
vt 0.5858585858585859 0.7
vt 0.5959595959595959 0.7
vt 0.6060606060606061 0.7
vt 0.6161616161616161 0.7
vt 0.6262626262626263 0.7
vt 0.6363636363636364 0.7
vt 0.6464646464646465 0.7
vt 0.6565656565656566 0.7
vt 0.6666666666666666 0.7
vt 0.6767676767676768 0.7
vt 0.6868686868686869 0.7
vt 0.696969696969697 0.7
vt 0.7070707070707071 0.7
vt 0.7171717171717171 0.7
vt 0.7272727272727273 0.7
vt 0.7373737373737373 0.7
vt 0.7474747474747475 0.7
vt 0.7575757575757576 0.7
vt 0.7676767676767676 0.7
vt 0.7777777777777778 0.7
vt 0.7878787878787878 0.7
vt 0.797979797979798 0.7
vt 0.8080808080808081 0.7
vt 0.8181818181818182 0.7
vt 0.8282828282828283 0.7
vt 0.8383838383838383 0.7
vt 0.8484848484848485 0.7
vt 0.8585858585858586 0.7
vt 0.8686868686868687 0.7
vt 0.8787878787878788 0.7
vt 0.8888888888888888 0.7
vt 0.898989898989899 0.7
vt 0.9090909090909091 0.7
vt 0.9191919191919192 0.7
vt 0.9292929292929293 0.7
vt 0.9393939393939394 0.7
vt 0.9494949494949495 0.7
vt 0.9595959595959596 0.7
vt 0.9696969696969697 0.7
vt 0.9797979797979798 0.7
vt 0.98989898989899 0.7
vt 1.0 0.7
vt 0.0 0.72
vt 0.010101010101010102 0.72
vt 0.020202020202020204 0.72
vt 0.030303030303030304 0.72
vt 0.04040404040404041 0.72
vt 0.050505050505050504 0.72
vt 0.06060606060606061 0.72
vt 0.0707070707070707 0.72
vt 0.08080808080808081 0.72
vt 0.09090909090909091 0.72
vt 0.10101010101010101 0.72
vt 0.1111111111111111 0.72
vt 0.12121212121212122 0.72
vt 0.13131313131313133 0.72
vt 0.1414141414141414 0.72
vt 0.15151515151515152 0.72
vt 0.16161616161616163 0.72
vt 0.1717171717171717 0.72
vt 0.18181818181818182 0.72
vt 0.1919191919191919 0.72
vt 0.20202020202020202 0.72
vt 0.21212121212121213 0.72
vt 0.2222222222222222 0.72
vt 0.23232323232323232 0.72
vt 0.24242424242424243 0.72
vt 0.25252525252525254 0.72
vt 0.26262626262626265 0.72
vt 0.2727272727272727 0.72
vt 0.2828282828282828 0.72
vt 0.29292929292929293 0.72
vt 0.30303030303030304 0.72
vt 0.31313131313131315 0.72
vt 0.32323232323232326 0.72
vt 0.3333333333333333 0.72
vt 0.3434343434343434 0.72
vt 0.35353535353535354 0.72
vt 0.36363636363636365 0.72
vt 0.37373737373737376 0.72
vt 0.3838383838383838 0.72
vt 0.3939393939393939 0.72
vt 0.40404040404040403 0.72
vt 0.41414141414141414 0.72
vt 0.42424242424242425 0.72
vt 0.43434343434343436 0.72
vt 0.4444444444444444 0.72
vt 0.45454545454545453 0.72
vt 0.46464646464646464 0.72
vt 0.47474747474747475 0.72
vt 0.48484848484848486 0.72
vt 0.494949494949495 0.72
vt 0.5050505050505051 0.72
vt 0.5151515151515151 0.72
vt 0.5252525252525253 0.72
vt 0.5353535353535354 0.72
vt 0.5454545454545454 0.72
vt 0.5555555555555556 0.72
vt 0.5656565656565656 0.72
vt 0.5757575757575758 0.72
vt 0.5858585858585859 0.72
vt 0.5959595959595959 0.72
vt 0.6060606060606061 0.72
vt 0.6161616161616161 0.72
vt 0.6262626262626263 0.72
vt 0.6363636363636364 0.72
vt 0.6464646464646465 0.72
vt 0.6565656565656566 0.72
vt 0.6666666666666666 0.72
vt 0.6767676767676768 0.72
vt 0.6868686868686869 0.72
vt 0.696969696969697 0.72
vt 0.7070707070707071 0.72
vt 0.7171717171717171 0.72
vt 0.7272727272727273 0.72
vt 0.7373737373737373 0.72
vt 0.7474747474747475 0.72
vt 0.7575757575757576 0.72
vt 0.7676767676767676 0.72
vt 0.7777777777777778 0.72
vt 0.7878787878787878 0.72
vt 0.797979797979798 0.72
vt 0.8080808080808081 0.72
vt 0.8181818181818182 0.72
vt 0.8282828282828283 0.72
vt 0.8383838383838383 0.72
vt 0.8484848484848485 0.72
vt 0.8585858585858586 0.72
vt 0.8686868686868687 0.72
vt 0.8787878787878788 0.72
vt 0.8888888888888888 0.72
vt 0.898989898989899 0.72
vt 0.9090909090909091 0.72
vt 0.9191919191919192 0.72
vt 0.9292929292929293 0.72
vt 0.9393939393939394 0.72
vt 0.9494949494949495 0.72
vt 0.9595959595959596 0.72
vt 0.9696969696969697 0.72
vt 0.9797979797979798 0.72
vt 0.98989898989899 0.72
vt 1.0 0.72
vt 0.0 0.74
vt 0.010101010101010102 0.74
vt 0.020202020202020204 0.74
vt 0.030303030303030304 0.74
vt 0.04040404040404041 0.74
vt 0.050505050505050504 0.74
vt 0.06060606060606061 0.74
vt 0.0707070707070707 0.74
vt 0.08080808080808081 0.74
vt 0.09090909090909091 0.74
vt 0.10101010101010101 0.74
vt 0.1111111111111111 0.74
vt 0.12121212121212122 0.74
vt 0.13131313131313133 0.74
vt 0.1414141414141414 0.74
vt 0.15151515151515152 0.74
vt 0.16161616161616163 0.74
vt 0.1717171717171717 0.74
vt 0.18181818181818182 0.74
vt 0.1919191919191919 0.74
vt 0.20202020202020202 0.74
vt 0.21212121212121213 0.74
vt 0.2222222222222222 0.74
vt 0.23232323232323232 0.74
vt 0.24242424242424243 0.74
vt 0.25252525252525254 0.74
vt 0.26262626262626265 0.74
vt 0.2727272727272727 0.74
vt 0.2828282828282828 0.74
vt 0.29292929292929293 0.74
vt 0.30303030303030304 0.74
vt 0.31313131313131315 0.74
vt 0.32323232323232326 0.74
vt 0.3333333333333333 0.74
vt 0.3434343434343434 0.74
vt 0.35353535353535354 0.74
vt 0.36363636363636365 0.74
vt 0.37373737373737376 0.74
vt 0.3838383838383838 0.74
vt 0.3939393939393939 0.74
vt 0.40404040404040403 0.74
vt 0.41414141414141414 0.74
vt 0.42424242424242425 0.74
vt 0.43434343434343436 0.74
vt 0.4444444444444444 0.74
vt 0.45454545454545453 0.74
vt 0.46464646464646464 0.74
vt 0.47474747474747475 0.74
vt 0.48484848484848486 0.74
vt 0.494949494949495 0.74
vt 0.5050505050505051 0.74
vt 0.5151515151515151 0.74
vt 0.5252525252525253 0.74
vt 0.5353535353535354 0.74
vt 0.5454545454545454 0.74
vt 0.5555555555555556 0.74
vt 0.5656565656565656 0.74
vt 0.5757575757575758 0.74
vt 0.5858585858585859 0.74
vt 0.5959595959595959 0.74
vt 0.6060606060606061 0.74
vt 0.6161616161616161 0.74
vt 0.6262626262626263 0.74
vt 0.6363636363636364 0.74
vt 0.6464646464646465 0.74
vt 0.6565656565656566 0.74
vt 0.6666666666666666 0.74
vt 0.6767676767676768 0.74
vt 0.6868686868686869 0.74
vt 0.696969696969697 0.74
vt 0.7070707070707071 0.74
vt 0.7171717171717171 0.74
vt 0.7272727272727273 0.74
vt 0.7373737373737373 0.74
vt 0.7474747474747475 0.74
vt 0.7575757575757576 0.74
vt 0.7676767676767676 0.74
vt 0.7777777777777778 0.74
vt 0.7878787878787878 0.74
vt 0.797979797979798 0.74
vt 0.8080808080808081 0.74
vt 0.8181818181818182 0.74
vt 0.8282828282828283 0.74
vt 0.8383838383838383 0.74
vt 0.8484848484848485 0.74
vt 0.8585858585858586 0.74
vt 0.8686868686868687 0.74
vt 0.8787878787878788 0.74
vt 0.8888888888888888 0.74
vt 0.898989898989899 0.74
vt 0.9090909090909091 0.74
vt 0.9191919191919192 0.74
vt 0.9292929292929293 0.74
vt 0.9393939393939394 0.74
vt 0.9494949494949495 0.74
vt 0.9595959595959596 0.74
vt 0.9696969696969697 0.74
vt 0.9797979797979798 0.74
vt 0.98989898989899 0.74
vt 1.0 0.74
vt 0.0 0.76
vt 0.010101010101010102 0.76
vt 0.020202020202020204 0.76
vt 0.030303030303030304 0.76
vt 0.04040404040404041 0.76
vt 0.050505050505050504 0.76
vt 0.06060606060606061 0.76
vt 0.0707070707070707 0.76
vt 0.08080808080808081 0.76
vt 0.09090909090909091 0.76
vt 0.10101010101010101 0.76
vt 0.1111111111111111 0.76
vt 0.12121212121212122 0.76
vt 0.13131313131313133 0.76
vt 0.1414141414141414 0.76
vt 0.15151515151515152 0.76
vt 0.16161616161616163 0.76
vt 0.1717171717171717 0.76
vt 0.18181818181818182 0.76
vt 0.1919191919191919 0.76
vt 0.20202020202020202 0.76
vt 0.21212121212121213 0.76
vt 0.2222222222222222 0.76
vt 0.23232323232323232 0.76
vt 0.24242424242424243 0.76
vt 0.25252525252525254 0.76
vt 0.26262626262626265 0.76
vt 0.2727272727272727 0.76
vt 0.2828282828282828 0.76
vt 0.29292929292929293 0.76
vt 0.30303030303030304 0.76
vt 0.31313131313131315 0.76
vt 0.32323232323232326 0.76
vt 0.3333333333333333 0.76
vt 0.3434343434343434 0.76
vt 0.35353535353535354 0.76
vt 0.36363636363636365 0.76
vt 0.37373737373737376 0.76
vt 0.3838383838383838 0.76
vt 0.3939393939393939 0.76
vt 0.40404040404040403 0.76
vt 0.41414141414141414 0.76
vt 0.42424242424242425 0.76
vt 0.43434343434343436 0.76
vt 0.4444444444444444 0.76
vt 0.45454545454545453 0.76
vt 0.46464646464646464 0.76
vt 0.47474747474747475 0.76
vt 0.48484848484848486 0.76
vt 0.494949494949495 0.76
vt 0.5050505050505051 0.76
vt 0.5151515151515151 0.76
vt 0.5252525252525253 0.76
vt 0.5353535353535354 0.76
vt 0.5454545454545454 0.76
vt 0.5555555555555556 0.76
vt 0.5656565656565656 0.76
vt 0.5757575757575758 0.76
vt 0.5858585858585859 0.76
vt 0.5959595959595959 0.76
vt 0.6060606060606061 0.76
vt 0.6161616161616161 0.76
vt 0.6262626262626263 0.76
vt 0.6363636363636364 0.76
vt 0.6464646464646465 0.76
vt 0.6565656565656566 0.76
vt 0.6666666666666666 0.76
vt 0.6767676767676768 0.76
vt 0.6868686868686869 0.76
vt 0.696969696969697 0.76
vt 0.7070707070707071 0.76
vt 0.7171717171717171 0.76
vt 0.7272727272727273 0.76
vt 0.7373737373737373 0.76
vt 0.7474747474747475 0.76
vt 0.7575757575757576 0.76
vt 0.7676767676767676 0.76
vt 0.7777777777777778 0.76
vt 0.7878787878787878 0.76
vt 0.797979797979798 0.76
vt 0.8080808080808081 0.76
vt 0.8181818181818182 0.76
vt 0.8282828282828283 0.76
vt 0.8383838383838383 0.76
vt 0.8484848484848485 0.76
vt 0.8585858585858586 0.76
vt 0.8686868686868687 0.76
vt 0.8787878787878788 0.76
vt 0.8888888888888888 0.76
vt 0.898989898989899 0.76
vt 0.9090909090909091 0.76
vt 0.9191919191919192 0.76
vt 0.9292929292929293 0.76
vt 0.9393939393939394 0.76
vt 0.9494949494949495 0.76
vt 0.9595959595959596 0.76
vt 0.9696969696969697 0.76
vt 0.9797979797979798 0.76
vt 0.98989898989899 0.76
vt 1.0 0.76
vt 0.0 0.78
vt 0.010101010101010102 0.78
vt 0.020202020202020204 0.78
vt 0.030303030303030304 0.78
vt 0.04040404040404041 0.78
vt 0.050505050505050504 0.78
vt 0.06060606060606061 0.78
vt 0.0707070707070707 0.78
vt 0.08080808080808081 0.78
vt 0.09090909090909091 0.78
vt 0.10101010101010101 0.78
vt 0.1111111111111111 0.78
vt 0.12121212121212122 0.78
vt 0.13131313131313133 0.78
vt 0.1414141414141414 0.78
vt 0.15151515151515152 0.78
vt 0.16161616161616163 0.78
vt 0.1717171717171717 0.78
vt 0.18181818181818182 0.78
vt 0.1919191919191919 0.78
vt 0.20202020202020202 0.78
vt 0.21212121212121213 0.78
vt 0.2222222222222222 0.78
vt 0.23232323232323232 0.78
vt 0.24242424242424243 0.78
vt 0.25252525252525254 0.78
vt 0.26262626262626265 0.78
vt 0.2727272727272727 0.78
vt 0.2828282828282828 0.78
vt 0.29292929292929293 0.78
vt 0.30303030303030304 0.78
vt 0.31313131313131315 0.78
vt 0.32323232323232326 0.78
vt 0.3333333333333333 0.78
vt 0.3434343434343434 0.78
vt 0.35353535353535354 0.78
vt 0.36363636363636365 0.78
vt 0.37373737373737376 0.78
vt 0.3838383838383838 0.78
vt 0.3939393939393939 0.78
vt 0.40404040404040403 0.78
vt 0.41414141414141414 0.78
vt 0.42424242424242425 0.78
vt 0.43434343434343436 0.78
vt 0.4444444444444444 0.78
vt 0.45454545454545453 0.78
vt 0.46464646464646464 0.78
vt 0.47474747474747475 0.78
vt 0.48484848484848486 0.78
vt 0.494949494949495 0.78
vt 0.5050505050505051 0.78
vt 0.5151515151515151 0.78
vt 0.5252525252525253 0.78
vt 0.5353535353535354 0.78
vt 0.5454545454545454 0.78
vt 0.5555555555555556 0.78
vt 0.5656565656565656 0.78
vt 0.5757575757575758 0.78
vt 0.5858585858585859 0.78
vt 0.5959595959595959 0.78
vt 0.6060606060606061 0.78
vt 0.6161616161616161 0.78
vt 0.6262626262626263 0.78
vt 0.6363636363636364 0.78
vt 0.6464646464646465 0.78
vt 0.6565656565656566 0.78
vt 0.6666666666666666 0.78
vt 0.6767676767676768 0.78
vt 0.6868686868686869 0.78
vt 0.696969696969697 0.78
vt 0.7070707070707071 0.78
vt 0.7171717171717171 0.78
vt 0.7272727272727273 0.78
vt 0.7373737373737373 0.78
vt 0.7474747474747475 0.78
vt 0.7575757575757576 0.78
vt 0.7676767676767676 0.78
vt 0.7777777777777778 0.78
vt 0.7878787878787878 0.78
vt 0.797979797979798 0.78
vt 0.8080808080808081 0.78
vt 0.8181818181818182 0.78
vt 0.8282828282828283 0.78
vt 0.8383838383838383 0.78
vt 0.8484848484848485 0.78
vt 0.8585858585858586 0.78
vt 0.8686868686868687 0.78
vt 0.8787878787878788 0.78
vt 0.8888888888888888 0.78
vt 0.898989898989899 0.78
vt 0.9090909090909091 0.78
vt 0.9191919191919192 0.78
vt 0.9292929292929293 0.78
vt 0.9393939393939394 0.78
vt 0.9494949494949495 0.78
vt 0.9595959595959596 0.78
vt 0.9696969696969697 0.78
vt 0.9797979797979798 0.78
vt 0.98989898989899 0.78
vt 1.0 0.78
vt 0.0 0.8
vt 0.010101010101010102 0.8
vt 0.020202020202020204 0.8
vt 0.030303030303030304 0.8
vt 0.04040404040404041 0.8
vt 0.050505050505050504 0.8
vt 0.06060606060606061 0.8
vt 0.0707070707070707 0.8
vt 0.08080808080808081 0.8
vt 0.09090909090909091 0.8
vt 0.10101010101010101 0.8
vt 0.1111111111111111 0.8
vt 0.12121212121212122 0.8
vt 0.13131313131313133 0.8
vt 0.1414141414141414 0.8
vt 0.15151515151515152 0.8
vt 0.16161616161616163 0.8
vt 0.1717171717171717 0.8
vt 0.18181818181818182 0.8
vt 0.1919191919191919 0.8
vt 0.20202020202020202 0.8
vt 0.21212121212121213 0.8
vt 0.2222222222222222 0.8
vt 0.23232323232323232 0.8
vt 0.24242424242424243 0.8
vt 0.25252525252525254 0.8
vt 0.26262626262626265 0.8
vt 0.2727272727272727 0.8
vt 0.2828282828282828 0.8
vt 0.29292929292929293 0.8
vt 0.30303030303030304 0.8
vt 0.31313131313131315 0.8
vt 0.32323232323232326 0.8
vt 0.3333333333333333 0.8
vt 0.3434343434343434 0.8
vt 0.35353535353535354 0.8
vt 0.36363636363636365 0.8
vt 0.37373737373737376 0.8
vt 0.3838383838383838 0.8
vt 0.3939393939393939 0.8
vt 0.40404040404040403 0.8
vt 0.41414141414141414 0.8
vt 0.42424242424242425 0.8
vt 0.43434343434343436 0.8
vt 0.4444444444444444 0.8
vt 0.45454545454545453 0.8
vt 0.46464646464646464 0.8
vt 0.47474747474747475 0.8
vt 0.48484848484848486 0.8
vt 0.494949494949495 0.8
vt 0.5050505050505051 0.8
vt 0.5151515151515151 0.8
vt 0.5252525252525253 0.8
vt 0.5353535353535354 0.8
vt 0.5454545454545454 0.8
vt 0.5555555555555556 0.8
vt 0.5656565656565656 0.8
vt 0.5757575757575758 0.8
vt 0.5858585858585859 0.8
vt 0.5959595959595959 0.8
vt 0.6060606060606061 0.8
vt 0.6161616161616161 0.8
vt 0.6262626262626263 0.8
vt 0.6363636363636364 0.8
vt 0.6464646464646465 0.8
vt 0.6565656565656566 0.8
vt 0.6666666666666666 0.8
vt 0.6767676767676768 0.8
vt 0.6868686868686869 0.8
vt 0.696969696969697 0.8
vt 0.7070707070707071 0.8
vt 0.7171717171717171 0.8
vt 0.7272727272727273 0.8
vt 0.7373737373737373 0.8
vt 0.7474747474747475 0.8
vt 0.7575757575757576 0.8
vt 0.7676767676767676 0.8
vt 0.7777777777777778 0.8
vt 0.7878787878787878 0.8
vt 0.797979797979798 0.8
vt 0.8080808080808081 0.8
vt 0.8181818181818182 0.8
vt 0.8282828282828283 0.8
vt 0.8383838383838383 0.8
vt 0.8484848484848485 0.8
vt 0.8585858585858586 0.8
vt 0.8686868686868687 0.8
vt 0.8787878787878788 0.8
vt 0.8888888888888888 0.8
vt 0.898989898989899 0.8
vt 0.9090909090909091 0.8
vt 0.9191919191919192 0.8
vt 0.9292929292929293 0.8
vt 0.9393939393939394 0.8
vt 0.9494949494949495 0.8
vt 0.9595959595959596 0.8
vt 0.9696969696969697 0.8
vt 0.9797979797979798 0.8
vt 0.98989898989899 0.8
vt 1.0 0.8
vt 0.0 0.82
vt 0.010101010101010102 0.82
vt 0.020202020202020204 0.82
vt 0.030303030303030304 0.82
vt 0.04040404040404041 0.82
vt 0.050505050505050504 0.82
vt 0.06060606060606061 0.82
vt 0.0707070707070707 0.82
vt 0.08080808080808081 0.82
vt 0.09090909090909091 0.82
vt 0.10101010101010101 0.82
vt 0.1111111111111111 0.82
vt 0.12121212121212122 0.82
vt 0.13131313131313133 0.82
vt 0.1414141414141414 0.82
vt 0.15151515151515152 0.82
vt 0.16161616161616163 0.82
vt 0.1717171717171717 0.82
vt 0.18181818181818182 0.82
vt 0.1919191919191919 0.82
vt 0.20202020202020202 0.82
vt 0.21212121212121213 0.82
vt 0.2222222222222222 0.82
vt 0.23232323232323232 0.82
vt 0.24242424242424243 0.82
vt 0.25252525252525254 0.82
vt 0.26262626262626265 0.82
vt 0.2727272727272727 0.82
vt 0.2828282828282828 0.82
vt 0.29292929292929293 0.82
vt 0.30303030303030304 0.82
vt 0.31313131313131315 0.82
vt 0.32323232323232326 0.82
vt 0.3333333333333333 0.82
vt 0.3434343434343434 0.82
vt 0.35353535353535354 0.82
vt 0.36363636363636365 0.82
vt 0.37373737373737376 0.82
vt 0.3838383838383838 0.82
vt 0.3939393939393939 0.82
vt 0.40404040404040403 0.82
vt 0.41414141414141414 0.82
vt 0.42424242424242425 0.82
vt 0.43434343434343436 0.82
vt 0.4444444444444444 0.82
vt 0.45454545454545453 0.82
vt 0.46464646464646464 0.82
vt 0.47474747474747475 0.82
vt 0.48484848484848486 0.82
vt 0.494949494949495 0.82
vt 0.5050505050505051 0.82
vt 0.5151515151515151 0.82
vt 0.5252525252525253 0.82
vt 0.5353535353535354 0.82
vt 0.5454545454545454 0.82
vt 0.5555555555555556 0.82
vt 0.5656565656565656 0.82
vt 0.5757575757575758 0.82
vt 0.5858585858585859 0.82
vt 0.5959595959595959 0.82
vt 0.6060606060606061 0.82
vt 0.6161616161616161 0.82
vt 0.6262626262626263 0.82
vt 0.6363636363636364 0.82
vt 0.6464646464646465 0.82
vt 0.6565656565656566 0.82
vt 0.6666666666666666 0.82
vt 0.6767676767676768 0.82
vt 0.6868686868686869 0.82
vt 0.696969696969697 0.82
vt 0.7070707070707071 0.82
vt 0.7171717171717171 0.82
vt 0.7272727272727273 0.82
vt 0.7373737373737373 0.82
vt 0.7474747474747475 0.82
vt 0.7575757575757576 0.82
vt 0.7676767676767676 0.82
vt 0.7777777777777778 0.82
vt 0.7878787878787878 0.82
vt 0.797979797979798 0.82
vt 0.8080808080808081 0.82
vt 0.8181818181818182 0.82
vt 0.8282828282828283 0.82
vt 0.8383838383838383 0.82
vt 0.8484848484848485 0.82
vt 0.8585858585858586 0.82
vt 0.8686868686868687 0.82
vt 0.8787878787878788 0.82
vt 0.8888888888888888 0.82
vt 0.898989898989899 0.82
vt 0.9090909090909091 0.82
vt 0.9191919191919192 0.82
vt 0.9292929292929293 0.82
vt 0.9393939393939394 0.82
vt 0.9494949494949495 0.82
vt 0.9595959595959596 0.82
vt 0.9696969696969697 0.82
vt 0.9797979797979798 0.82
vt 0.98989898989899 0.82
vt 1.0 0.82
vt 0.0 0.84
vt 0.010101010101010102 0.84
vt 0.020202020202020204 0.84
vt 0.030303030303030304 0.84
vt 0.04040404040404041 0.84
vt 0.050505050505050504 0.84
vt 0.06060606060606061 0.84
vt 0.0707070707070707 0.84
vt 0.08080808080808081 0.84
vt 0.09090909090909091 0.84
vt 0.10101010101010101 0.84
vt 0.1111111111111111 0.84
vt 0.12121212121212122 0.84
vt 0.13131313131313133 0.84
vt 0.1414141414141414 0.84
vt 0.15151515151515152 0.84
vt 0.16161616161616163 0.84
vt 0.1717171717171717 0.84
vt 0.18181818181818182 0.84
vt 0.1919191919191919 0.84
vt 0.20202020202020202 0.84
vt 0.21212121212121213 0.84
vt 0.2222222222222222 0.84
vt 0.23232323232323232 0.84
vt 0.24242424242424243 0.84
vt 0.25252525252525254 0.84
vt 0.26262626262626265 0.84
vt 0.2727272727272727 0.84
vt 0.2828282828282828 0.84
vt 0.29292929292929293 0.84
vt 0.30303030303030304 0.84
vt 0.31313131313131315 0.84
vt 0.32323232323232326 0.84
vt 0.3333333333333333 0.84
vt 0.3434343434343434 0.84
vt 0.35353535353535354 0.84
vt 0.36363636363636365 0.84
vt 0.37373737373737376 0.84
vt 0.3838383838383838 0.84
vt 0.3939393939393939 0.84
vt 0.40404040404040403 0.84
vt 0.41414141414141414 0.84
vt 0.42424242424242425 0.84
vt 0.43434343434343436 0.84
vt 0.4444444444444444 0.84
vt 0.45454545454545453 0.84
vt 0.46464646464646464 0.84
vt 0.47474747474747475 0.84
vt 0.48484848484848486 0.84
vt 0.494949494949495 0.84
vt 0.5050505050505051 0.84
vt 0.5151515151515151 0.84
vt 0.5252525252525253 0.84
vt 0.5353535353535354 0.84
vt 0.5454545454545454 0.84
vt 0.5555555555555556 0.84
vt 0.5656565656565656 0.84
vt 0.5757575757575758 0.84
vt 0.5858585858585859 0.84
vt 0.5959595959595959 0.84
vt 0.6060606060606061 0.84
vt 0.6161616161616161 0.84
vt 0.6262626262626263 0.84
vt 0.6363636363636364 0.84
vt 0.6464646464646465 0.84
vt 0.6565656565656566 0.84
vt 0.6666666666666666 0.84
vt 0.6767676767676768 0.84
vt 0.6868686868686869 0.84
vt 0.696969696969697 0.84
vt 0.7070707070707071 0.84
vt 0.7171717171717171 0.84
vt 0.7272727272727273 0.84
vt 0.7373737373737373 0.84
vt 0.7474747474747475 0.84
vt 0.7575757575757576 0.84
vt 0.7676767676767676 0.84
vt 0.7777777777777778 0.84
vt 0.7878787878787878 0.84
vt 0.797979797979798 0.84
vt 0.8080808080808081 0.84
vt 0.8181818181818182 0.84
vt 0.8282828282828283 0.84
vt 0.8383838383838383 0.84
vt 0.8484848484848485 0.84
vt 0.8585858585858586 0.84
vt 0.8686868686868687 0.84
vt 0.8787878787878788 0.84
vt 0.8888888888888888 0.84
vt 0.898989898989899 0.84
vt 0.9090909090909091 0.84
vt 0.9191919191919192 0.84
vt 0.9292929292929293 0.84
vt 0.9393939393939394 0.84
vt 0.9494949494949495 0.84
vt 0.9595959595959596 0.84
vt 0.9696969696969697 0.84
vt 0.9797979797979798 0.84
vt 0.98989898989899 0.84
vt 1.0 0.84
vt 0.0 0.86
vt 0.010101010101010102 0.86
vt 0.020202020202020204 0.86
vt 0.030303030303030304 0.86
vt 0.04040404040404041 0.86
vt 0.050505050505050504 0.86
vt 0.06060606060606061 0.86
vt 0.0707070707070707 0.86
vt 0.08080808080808081 0.86
vt 0.09090909090909091 0.86
vt 0.10101010101010101 0.86
vt 0.1111111111111111 0.86
vt 0.12121212121212122 0.86
vt 0.13131313131313133 0.86
vt 0.1414141414141414 0.86
vt 0.15151515151515152 0.86
vt 0.16161616161616163 0.86
vt 0.1717171717171717 0.86
vt 0.18181818181818182 0.86
vt 0.1919191919191919 0.86
vt 0.20202020202020202 0.86
vt 0.21212121212121213 0.86
vt 0.2222222222222222 0.86
vt 0.23232323232323232 0.86
vt 0.24242424242424243 0.86
vt 0.25252525252525254 0.86
vt 0.26262626262626265 0.86
vt 0.2727272727272727 0.86
vt 0.2828282828282828 0.86
vt 0.29292929292929293 0.86
vt 0.30303030303030304 0.86
vt 0.31313131313131315 0.86
vt 0.32323232323232326 0.86
vt 0.3333333333333333 0.86
vt 0.3434343434343434 0.86
vt 0.35353535353535354 0.86
vt 0.36363636363636365 0.86
vt 0.37373737373737376 0.86
vt 0.3838383838383838 0.86
vt 0.3939393939393939 0.86
vt 0.40404040404040403 0.86
vt 0.41414141414141414 0.86
vt 0.42424242424242425 0.86
vt 0.43434343434343436 0.86
vt 0.4444444444444444 0.86
vt 0.45454545454545453 0.86
vt 0.46464646464646464 0.86
vt 0.47474747474747475 0.86
vt 0.48484848484848486 0.86
vt 0.494949494949495 0.86
vt 0.5050505050505051 0.86
vt 0.5151515151515151 0.86
vt 0.5252525252525253 0.86
vt 0.5353535353535354 0.86
vt 0.5454545454545454 0.86
vt 0.5555555555555556 0.86
vt 0.5656565656565656 0.86
vt 0.5757575757575758 0.86
vt 0.5858585858585859 0.86
vt 0.5959595959595959 0.86
vt 0.6060606060606061 0.86
vt 0.6161616161616161 0.86
vt 0.6262626262626263 0.86
vt 0.6363636363636364 0.86
vt 0.6464646464646465 0.86
vt 0.6565656565656566 0.86
vt 0.6666666666666666 0.86
vt 0.6767676767676768 0.86
vt 0.6868686868686869 0.86
vt 0.696969696969697 0.86
vt 0.7070707070707071 0.86
vt 0.7171717171717171 0.86
vt 0.7272727272727273 0.86
vt 0.7373737373737373 0.86
vt 0.7474747474747475 0.86
vt 0.7575757575757576 0.86
vt 0.7676767676767676 0.86
vt 0.7777777777777778 0.86
vt 0.7878787878787878 0.86
vt 0.797979797979798 0.86
vt 0.8080808080808081 0.86
vt 0.8181818181818182 0.86
vt 0.8282828282828283 0.86
vt 0.8383838383838383 0.86
vt 0.8484848484848485 0.86
vt 0.8585858585858586 0.86
vt 0.8686868686868687 0.86
vt 0.8787878787878788 0.86
vt 0.8888888888888888 0.86
vt 0.898989898989899 0.86
vt 0.9090909090909091 0.86
vt 0.9191919191919192 0.86
vt 0.9292929292929293 0.86
vt 0.9393939393939394 0.86
vt 0.9494949494949495 0.86
vt 0.9595959595959596 0.86
vt 0.9696969696969697 0.86
vt 0.9797979797979798 0.86
vt 0.98989898989899 0.86
vt 1.0 0.86
vt 0.0 0.88
vt 0.010101010101010102 0.88
vt 0.020202020202020204 0.88
vt 0.030303030303030304 0.88
vt 0.04040404040404041 0.88
vt 0.050505050505050504 0.88
vt 0.06060606060606061 0.88
vt 0.0707070707070707 0.88
vt 0.08080808080808081 0.88
vt 0.09090909090909091 0.88
vt 0.10101010101010101 0.88
vt 0.1111111111111111 0.88
vt 0.12121212121212122 0.88
vt 0.13131313131313133 0.88
vt 0.1414141414141414 0.88
vt 0.15151515151515152 0.88
vt 0.16161616161616163 0.88
vt 0.1717171717171717 0.88
vt 0.18181818181818182 0.88
vt 0.1919191919191919 0.88
vt 0.20202020202020202 0.88
vt 0.21212121212121213 0.88
vt 0.2222222222222222 0.88
vt 0.23232323232323232 0.88
vt 0.24242424242424243 0.88
vt 0.25252525252525254 0.88
vt 0.26262626262626265 0.88
vt 0.2727272727272727 0.88
vt 0.2828282828282828 0.88
vt 0.29292929292929293 0.88
vt 0.30303030303030304 0.88
vt 0.31313131313131315 0.88
vt 0.32323232323232326 0.88
vt 0.3333333333333333 0.88
vt 0.3434343434343434 0.88
vt 0.35353535353535354 0.88
vt 0.36363636363636365 0.88
vt 0.37373737373737376 0.88
vt 0.3838383838383838 0.88
vt 0.3939393939393939 0.88
vt 0.40404040404040403 0.88
vt 0.41414141414141414 0.88
vt 0.42424242424242425 0.88
vt 0.43434343434343436 0.88
vt 0.4444444444444444 0.88
vt 0.45454545454545453 0.88
vt 0.46464646464646464 0.88
vt 0.47474747474747475 0.88
vt 0.48484848484848486 0.88
vt 0.494949494949495 0.88
vt 0.5050505050505051 0.88
vt 0.5151515151515151 0.88
vt 0.5252525252525253 0.88
vt 0.5353535353535354 0.88
vt 0.5454545454545454 0.88
vt 0.5555555555555556 0.88
vt 0.5656565656565656 0.88
vt 0.5757575757575758 0.88
vt 0.5858585858585859 0.88
vt 0.5959595959595959 0.88
vt 0.6060606060606061 0.88
vt 0.6161616161616161 0.88
vt 0.6262626262626263 0.88
vt 0.6363636363636364 0.88
vt 0.6464646464646465 0.88
vt 0.6565656565656566 0.88
vt 0.6666666666666666 0.88
vt 0.6767676767676768 0.88
vt 0.6868686868686869 0.88
vt 0.696969696969697 0.88
vt 0.7070707070707071 0.88
vt 0.7171717171717171 0.88
vt 0.7272727272727273 0.88
vt 0.7373737373737373 0.88
vt 0.7474747474747475 0.88
vt 0.7575757575757576 0.88
vt 0.7676767676767676 0.88
vt 0.7777777777777778 0.88
vt 0.7878787878787878 0.88
vt 0.797979797979798 0.88
vt 0.8080808080808081 0.88
vt 0.8181818181818182 0.88
vt 0.8282828282828283 0.88
vt 0.8383838383838383 0.88
vt 0.8484848484848485 0.88
vt 0.8585858585858586 0.88
vt 0.8686868686868687 0.88
vt 0.8787878787878788 0.88
vt 0.8888888888888888 0.88
vt 0.898989898989899 0.88
vt 0.9090909090909091 0.88
vt 0.9191919191919192 0.88
vt 0.9292929292929293 0.88
vt 0.9393939393939394 0.88
vt 0.9494949494949495 0.88
vt 0.9595959595959596 0.88
vt 0.9696969696969697 0.88
vt 0.9797979797979798 0.88
vt 0.98989898989899 0.88
vt 1.0 0.88
vt 0.0 0.9
vt 0.010101010101010102 0.9
vt 0.020202020202020204 0.9
vt 0.030303030303030304 0.9
vt 0.04040404040404041 0.9
vt 0.050505050505050504 0.9
vt 0.06060606060606061 0.9
vt 0.0707070707070707 0.9
vt 0.08080808080808081 0.9
vt 0.09090909090909091 0.9
vt 0.10101010101010101 0.9
vt 0.1111111111111111 0.9
vt 0.12121212121212122 0.9
vt 0.13131313131313133 0.9
vt 0.1414141414141414 0.9
vt 0.15151515151515152 0.9
vt 0.16161616161616163 0.9
vt 0.1717171717171717 0.9
vt 0.18181818181818182 0.9
vt 0.1919191919191919 0.9
vt 0.20202020202020202 0.9
vt 0.21212121212121213 0.9
vt 0.2222222222222222 0.9
vt 0.23232323232323232 0.9
vt 0.24242424242424243 0.9
vt 0.25252525252525254 0.9
vt 0.26262626262626265 0.9
vt 0.2727272727272727 0.9
vt 0.2828282828282828 0.9
vt 0.29292929292929293 0.9
vt 0.30303030303030304 0.9
vt 0.31313131313131315 0.9
vt 0.32323232323232326 0.9
vt 0.3333333333333333 0.9
vt 0.3434343434343434 0.9
vt 0.35353535353535354 0.9
vt 0.36363636363636365 0.9
vt 0.37373737373737376 0.9
vt 0.3838383838383838 0.9
vt 0.3939393939393939 0.9
vt 0.40404040404040403 0.9
vt 0.41414141414141414 0.9
vt 0.42424242424242425 0.9
vt 0.43434343434343436 0.9
vt 0.4444444444444444 0.9
vt 0.45454545454545453 0.9
vt 0.46464646464646464 0.9
vt 0.47474747474747475 0.9
vt 0.48484848484848486 0.9
vt 0.494949494949495 0.9
vt 0.5050505050505051 0.9
vt 0.5151515151515151 0.9
vt 0.5252525252525253 0.9
vt 0.5353535353535354 0.9
vt 0.5454545454545454 0.9
vt 0.5555555555555556 0.9
vt 0.5656565656565656 0.9
vt 0.5757575757575758 0.9
vt 0.5858585858585859 0.9
vt 0.5959595959595959 0.9
vt 0.6060606060606061 0.9
vt 0.6161616161616161 0.9
vt 0.6262626262626263 0.9
vt 0.6363636363636364 0.9
vt 0.6464646464646465 0.9
vt 0.6565656565656566 0.9
vt 0.6666666666666666 0.9
vt 0.6767676767676768 0.9
vt 0.6868686868686869 0.9
vt 0.696969696969697 0.9
vt 0.7070707070707071 0.9
vt 0.7171717171717171 0.9
vt 0.7272727272727273 0.9
vt 0.7373737373737373 0.9
vt 0.7474747474747475 0.9
vt 0.7575757575757576 0.9
vt 0.7676767676767676 0.9
vt 0.7777777777777778 0.9
vt 0.7878787878787878 0.9
vt 0.797979797979798 0.9
vt 0.8080808080808081 0.9
vt 0.8181818181818182 0.9
vt 0.8282828282828283 0.9
vt 0.8383838383838383 0.9
vt 0.8484848484848485 0.9
vt 0.8585858585858586 0.9
vt 0.8686868686868687 0.9
vt 0.8787878787878788 0.9
vt 0.8888888888888888 0.9
vt 0.898989898989899 0.9
vt 0.9090909090909091 0.9
vt 0.9191919191919192 0.9
vt 0.9292929292929293 0.9
vt 0.9393939393939394 0.9
vt 0.9494949494949495 0.9
vt 0.9595959595959596 0.9
vt 0.9696969696969697 0.9
vt 0.9797979797979798 0.9
vt 0.98989898989899 0.9
vt 1.0 0.9
vt 0.0 0.92
vt 0.010101010101010102 0.92
vt 0.020202020202020204 0.92
vt 0.030303030303030304 0.92
vt 0.04040404040404041 0.92
vt 0.050505050505050504 0.92
vt 0.06060606060606061 0.92
vt 0.0707070707070707 0.92
vt 0.08080808080808081 0.92
vt 0.09090909090909091 0.92
vt 0.10101010101010101 0.92
vt 0.1111111111111111 0.92
vt 0.12121212121212122 0.92
vt 0.13131313131313133 0.92
vt 0.1414141414141414 0.92
vt 0.15151515151515152 0.92
vt 0.16161616161616163 0.92
vt 0.1717171717171717 0.92
vt 0.18181818181818182 0.92
vt 0.1919191919191919 0.92
vt 0.20202020202020202 0.92
vt 0.21212121212121213 0.92
vt 0.2222222222222222 0.92
vt 0.23232323232323232 0.92
vt 0.24242424242424243 0.92
vt 0.25252525252525254 0.92
vt 0.26262626262626265 0.92
vt 0.2727272727272727 0.92
vt 0.2828282828282828 0.92
vt 0.29292929292929293 0.92
vt 0.30303030303030304 0.92
vt 0.31313131313131315 0.92
vt 0.32323232323232326 0.92
vt 0.3333333333333333 0.92
vt 0.3434343434343434 0.92
vt 0.35353535353535354 0.92
vt 0.36363636363636365 0.92
vt 0.37373737373737376 0.92
vt 0.3838383838383838 0.92
vt 0.3939393939393939 0.92
vt 0.40404040404040403 0.92
vt 0.41414141414141414 0.92
vt 0.42424242424242425 0.92
vt 0.43434343434343436 0.92
vt 0.4444444444444444 0.92
vt 0.45454545454545453 0.92
vt 0.46464646464646464 0.92
vt 0.47474747474747475 0.92
vt 0.48484848484848486 0.92
vt 0.494949494949495 0.92
vt 0.5050505050505051 0.92
vt 0.5151515151515151 0.92
vt 0.5252525252525253 0.92
vt 0.5353535353535354 0.92
vt 0.5454545454545454 0.92
vt 0.5555555555555556 0.92
vt 0.5656565656565656 0.92
vt 0.5757575757575758 0.92
vt 0.5858585858585859 0.92
vt 0.5959595959595959 0.92
vt 0.6060606060606061 0.92
vt 0.6161616161616161 0.92
vt 0.6262626262626263 0.92
vt 0.6363636363636364 0.92
vt 0.6464646464646465 0.92
vt 0.6565656565656566 0.92
vt 0.6666666666666666 0.92
vt 0.6767676767676768 0.92
vt 0.6868686868686869 0.92
vt 0.696969696969697 0.92
vt 0.7070707070707071 0.92
vt 0.7171717171717171 0.92
vt 0.7272727272727273 0.92
vt 0.7373737373737373 0.92
vt 0.7474747474747475 0.92
vt 0.7575757575757576 0.92
vt 0.7676767676767676 0.92
vt 0.7777777777777778 0.92
vt 0.7878787878787878 0.92
vt 0.797979797979798 0.92
vt 0.8080808080808081 0.92
vt 0.8181818181818182 0.92
vt 0.8282828282828283 0.92
vt 0.8383838383838383 0.92
vt 0.8484848484848485 0.92
vt 0.8585858585858586 0.92
vt 0.8686868686868687 0.92
vt 0.8787878787878788 0.92
vt 0.8888888888888888 0.92
vt 0.898989898989899 0.92
vt 0.9090909090909091 0.92
vt 0.9191919191919192 0.92
vt 0.9292929292929293 0.92
vt 0.9393939393939394 0.92
vt 0.9494949494949495 0.92
vt 0.9595959595959596 0.92
vt 0.9696969696969697 0.92
vt 0.9797979797979798 0.92
vt 0.98989898989899 0.92
vt 1.0 0.92
vt 0.0 0.94
vt 0.010101010101010102 0.94
vt 0.020202020202020204 0.94
vt 0.030303030303030304 0.94
vt 0.04040404040404041 0.94
vt 0.050505050505050504 0.94
vt 0.06060606060606061 0.94
vt 0.0707070707070707 0.94
vt 0.08080808080808081 0.94
vt 0.09090909090909091 0.94
vt 0.10101010101010101 0.94
vt 0.1111111111111111 0.94
vt 0.12121212121212122 0.94
vt 0.13131313131313133 0.94
vt 0.1414141414141414 0.94
vt 0.15151515151515152 0.94
vt 0.16161616161616163 0.94
vt 0.1717171717171717 0.94
vt 0.18181818181818182 0.94
vt 0.1919191919191919 0.94
vt 0.20202020202020202 0.94
vt 0.21212121212121213 0.94
vt 0.2222222222222222 0.94
vt 0.23232323232323232 0.94
vt 0.24242424242424243 0.94
vt 0.25252525252525254 0.94
vt 0.26262626262626265 0.94
vt 0.2727272727272727 0.94
vt 0.2828282828282828 0.94
vt 0.29292929292929293 0.94
vt 0.30303030303030304 0.94
vt 0.31313131313131315 0.94
vt 0.32323232323232326 0.94
vt 0.3333333333333333 0.94
vt 0.3434343434343434 0.94
vt 0.35353535353535354 0.94
vt 0.36363636363636365 0.94
vt 0.37373737373737376 0.94
vt 0.3838383838383838 0.94
vt 0.3939393939393939 0.94
vt 0.40404040404040403 0.94
vt 0.41414141414141414 0.94
vt 0.42424242424242425 0.94
vt 0.43434343434343436 0.94
vt 0.4444444444444444 0.94
vt 0.45454545454545453 0.94
vt 0.46464646464646464 0.94
vt 0.47474747474747475 0.94
vt 0.48484848484848486 0.94
vt 0.494949494949495 0.94
vt 0.5050505050505051 0.94
vt 0.5151515151515151 0.94
vt 0.5252525252525253 0.94
vt 0.5353535353535354 0.94
vt 0.5454545454545454 0.94
vt 0.5555555555555556 0.94
vt 0.5656565656565656 0.94
vt 0.5757575757575758 0.94
vt 0.5858585858585859 0.94
vt 0.5959595959595959 0.94
vt 0.6060606060606061 0.94
vt 0.6161616161616161 0.94
vt 0.6262626262626263 0.94
vt 0.6363636363636364 0.94
vt 0.6464646464646465 0.94
vt 0.6565656565656566 0.94
vt 0.6666666666666666 0.94
vt 0.6767676767676768 0.94
vt 0.6868686868686869 0.94
vt 0.696969696969697 0.94
vt 0.7070707070707071 0.94
vt 0.7171717171717171 0.94
vt 0.7272727272727273 0.94
vt 0.7373737373737373 0.94
vt 0.7474747474747475 0.94
vt 0.7575757575757576 0.94
vt 0.7676767676767676 0.94
vt 0.7777777777777778 0.94
vt 0.7878787878787878 0.94
vt 0.797979797979798 0.94
vt 0.8080808080808081 0.94
vt 0.8181818181818182 0.94
vt 0.8282828282828283 0.94
vt 0.8383838383838383 0.94
vt 0.8484848484848485 0.94
vt 0.8585858585858586 0.94
vt 0.8686868686868687 0.94
vt 0.8787878787878788 0.94
vt 0.8888888888888888 0.94
vt 0.898989898989899 0.94
vt 0.9090909090909091 0.94
vt 0.9191919191919192 0.94
vt 0.9292929292929293 0.94
vt 0.9393939393939394 0.94
vt 0.9494949494949495 0.94
vt 0.9595959595959596 0.94
vt 0.9696969696969697 0.94
vt 0.9797979797979798 0.94
vt 0.98989898989899 0.94
vt 1.0 0.94
vt 0.0 0.96
vt 0.010101010101010102 0.96
vt 0.020202020202020204 0.96
vt 0.030303030303030304 0.96
vt 0.04040404040404041 0.96
vt 0.050505050505050504 0.96
vt 0.06060606060606061 0.96
vt 0.0707070707070707 0.96
vt 0.08080808080808081 0.96
vt 0.09090909090909091 0.96
vt 0.10101010101010101 0.96
vt 0.1111111111111111 0.96
vt 0.12121212121212122 0.96
vt 0.13131313131313133 0.96
vt 0.1414141414141414 0.96
vt 0.15151515151515152 0.96
vt 0.16161616161616163 0.96
vt 0.1717171717171717 0.96
vt 0.18181818181818182 0.96
vt 0.1919191919191919 0.96
vt 0.20202020202020202 0.96
vt 0.21212121212121213 0.96
vt 0.2222222222222222 0.96
vt 0.23232323232323232 0.96
vt 0.24242424242424243 0.96
vt 0.25252525252525254 0.96
vt 0.26262626262626265 0.96
vt 0.2727272727272727 0.96
vt 0.2828282828282828 0.96
vt 0.29292929292929293 0.96
vt 0.30303030303030304 0.96
vt 0.31313131313131315 0.96
vt 0.32323232323232326 0.96
vt 0.3333333333333333 0.96
vt 0.3434343434343434 0.96
vt 0.35353535353535354 0.96
vt 0.36363636363636365 0.96
vt 0.37373737373737376 0.96
vt 0.3838383838383838 0.96
vt 0.3939393939393939 0.96
vt 0.40404040404040403 0.96
vt 0.41414141414141414 0.96
vt 0.42424242424242425 0.96
vt 0.43434343434343436 0.96
vt 0.4444444444444444 0.96
vt 0.45454545454545453 0.96
vt 0.46464646464646464 0.96
vt 0.47474747474747475 0.96
vt 0.48484848484848486 0.96
vt 0.494949494949495 0.96
vt 0.5050505050505051 0.96
vt 0.5151515151515151 0.96
vt 0.5252525252525253 0.96
vt 0.5353535353535354 0.96
vt 0.5454545454545454 0.96
vt 0.5555555555555556 0.96
vt 0.5656565656565656 0.96
vt 0.5757575757575758 0.96
vt 0.5858585858585859 0.96
vt 0.5959595959595959 0.96
vt 0.6060606060606061 0.96
vt 0.6161616161616161 0.96
vt 0.6262626262626263 0.96
vt 0.6363636363636364 0.96
vt 0.6464646464646465 0.96
vt 0.6565656565656566 0.96
vt 0.6666666666666666 0.96
vt 0.6767676767676768 0.96
vt 0.6868686868686869 0.96
vt 0.696969696969697 0.96
vt 0.7070707070707071 0.96
vt 0.7171717171717171 0.96
vt 0.7272727272727273 0.96
vt 0.7373737373737373 0.96
vt 0.7474747474747475 0.96
vt 0.7575757575757576 0.96
vt 0.7676767676767676 0.96
vt 0.7777777777777778 0.96
vt 0.7878787878787878 0.96
vt 0.797979797979798 0.96
vt 0.8080808080808081 0.96
vt 0.8181818181818182 0.96
vt 0.8282828282828283 0.96
vt 0.8383838383838383 0.96
vt 0.8484848484848485 0.96
vt 0.8585858585858586 0.96
vt 0.8686868686868687 0.96
vt 0.8787878787878788 0.96
vt 0.8888888888888888 0.96
vt 0.898989898989899 0.96
vt 0.9090909090909091 0.96
vt 0.9191919191919192 0.96
vt 0.9292929292929293 0.96
vt 0.9393939393939394 0.96
vt 0.9494949494949495 0.96
vt 0.9595959595959596 0.96
vt 0.9696969696969697 0.96
vt 0.9797979797979798 0.96
vt 0.98989898989899 0.96
vt 1.0 0.96
vt 0.0 0.98
vt 0.010101010101010102 0.98
vt 0.020202020202020204 0.98
vt 0.030303030303030304 0.98
vt 0.04040404040404041 0.98
vt 0.050505050505050504 0.98
vt 0.06060606060606061 0.98
vt 0.0707070707070707 0.98
vt 0.08080808080808081 0.98
vt 0.09090909090909091 0.98
vt 0.10101010101010101 0.98
vt 0.1111111111111111 0.98
vt 0.12121212121212122 0.98
vt 0.13131313131313133 0.98
vt 0.1414141414141414 0.98
vt 0.15151515151515152 0.98
vt 0.16161616161616163 0.98
vt 0.1717171717171717 0.98
vt 0.18181818181818182 0.98
vt 0.1919191919191919 0.98
vt 0.20202020202020202 0.98
vt 0.21212121212121213 0.98
vt 0.2222222222222222 0.98
vt 0.23232323232323232 0.98
vt 0.24242424242424243 0.98
vt 0.25252525252525254 0.98
vt 0.26262626262626265 0.98
vt 0.2727272727272727 0.98
vt 0.2828282828282828 0.98
vt 0.29292929292929293 0.98
vt 0.30303030303030304 0.98
vt 0.31313131313131315 0.98
vt 0.32323232323232326 0.98
vt 0.3333333333333333 0.98
vt 0.3434343434343434 0.98
vt 0.35353535353535354 0.98
vt 0.36363636363636365 0.98
vt 0.37373737373737376 0.98
vt 0.3838383838383838 0.98
vt 0.3939393939393939 0.98
vt 0.40404040404040403 0.98
vt 0.41414141414141414 0.98
vt 0.42424242424242425 0.98
vt 0.43434343434343436 0.98
vt 0.4444444444444444 0.98
vt 0.45454545454545453 0.98
vt 0.46464646464646464 0.98
vt 0.47474747474747475 0.98
vt 0.48484848484848486 0.98
vt 0.494949494949495 0.98
vt 0.5050505050505051 0.98
vt 0.5151515151515151 0.98
vt 0.5252525252525253 0.98
vt 0.5353535353535354 0.98
vt 0.5454545454545454 0.98
vt 0.5555555555555556 0.98
vt 0.5656565656565656 0.98
vt 0.5757575757575758 0.98
vt 0.5858585858585859 0.98
vt 0.5959595959595959 0.98
vt 0.6060606060606061 0.98
vt 0.6161616161616161 0.98
vt 0.6262626262626263 0.98
vt 0.6363636363636364 0.98
vt 0.6464646464646465 0.98
vt 0.6565656565656566 0.98
vt 0.6666666666666666 0.98
vt 0.6767676767676768 0.98
vt 0.6868686868686869 0.98
vt 0.696969696969697 0.98
vt 0.7070707070707071 0.98
vt 0.7171717171717171 0.98
vt 0.7272727272727273 0.98
vt 0.7373737373737373 0.98
vt 0.7474747474747475 0.98
vt 0.7575757575757576 0.98
vt 0.7676767676767676 0.98
vt 0.7777777777777778 0.98
vt 0.7878787878787878 0.98
vt 0.797979797979798 0.98
vt 0.8080808080808081 0.98
vt 0.8181818181818182 0.98
vt 0.8282828282828283 0.98
vt 0.8383838383838383 0.98
vt 0.8484848484848485 0.98
vt 0.8585858585858586 0.98
vt 0.8686868686868687 0.98
vt 0.8787878787878788 0.98
vt 0.8888888888888888 0.98
vt 0.898989898989899 0.98
vt 0.9090909090909091 0.98
vt 0.9191919191919192 0.98
vt 0.9292929292929293 0.98
vt 0.9393939393939394 0.98
vt 0.9494949494949495 0.98
vt 0.9595959595959596 0.98
vt 0.9696969696969697 0.98
vt 0.9797979797979798 0.98
vt 0.98989898989899 0.98
vt 1.0 0.98
vt 0.0 1.0
vt 0.010101010101010102 1.0
vt 0.020202020202020204 1.0
vt 0.030303030303030304 1.0
vt 0.04040404040404041 1.0
vt 0.050505050505050504 1.0
vt 0.06060606060606061 1.0
vt 0.0707070707070707 1.0
vt 0.08080808080808081 1.0
vt 0.09090909090909091 1.0
vt 0.10101010101010101 1.0
vt 0.1111111111111111 1.0
vt 0.12121212121212122 1.0
vt 0.13131313131313133 1.0
vt 0.1414141414141414 1.0
vt 0.15151515151515152 1.0
vt 0.16161616161616163 1.0
vt 0.1717171717171717 1.0
vt 0.18181818181818182 1.0
vt 0.1919191919191919 1.0
vt 0.20202020202020202 1.0
vt 0.21212121212121213 1.0
vt 0.2222222222222222 1.0
vt 0.23232323232323232 1.0
vt 0.24242424242424243 1.0
vt 0.25252525252525254 1.0
vt 0.26262626262626265 1.0
vt 0.2727272727272727 1.0
vt 0.2828282828282828 1.0
vt 0.29292929292929293 1.0
vt 0.30303030303030304 1.0
vt 0.31313131313131315 1.0
vt 0.32323232323232326 1.0
vt 0.3333333333333333 1.0
vt 0.3434343434343434 1.0
vt 0.35353535353535354 1.0
vt 0.36363636363636365 1.0
vt 0.37373737373737376 1.0
vt 0.3838383838383838 1.0
vt 0.3939393939393939 1.0
vt 0.40404040404040403 1.0
vt 0.41414141414141414 1.0
vt 0.42424242424242425 1.0
vt 0.43434343434343436 1.0
vt 0.4444444444444444 1.0
vt 0.45454545454545453 1.0
vt 0.46464646464646464 1.0
vt 0.47474747474747475 1.0
vt 0.48484848484848486 1.0
vt 0.494949494949495 1.0
vt 0.5050505050505051 1.0
vt 0.5151515151515151 1.0
vt 0.5252525252525253 1.0
vt 0.5353535353535354 1.0
vt 0.5454545454545454 1.0
vt 0.5555555555555556 1.0
vt 0.5656565656565656 1.0
vt 0.5757575757575758 1.0
vt 0.5858585858585859 1.0
vt 0.5959595959595959 1.0
vt 0.6060606060606061 1.0
vt 0.6161616161616161 1.0
vt 0.6262626262626263 1.0
vt 0.6363636363636364 1.0
vt 0.6464646464646465 1.0
vt 0.6565656565656566 1.0
vt 0.6666666666666666 1.0
vt 0.6767676767676768 1.0
vt 0.6868686868686869 1.0
vt 0.696969696969697 1.0
vt 0.7070707070707071 1.0
vt 0.7171717171717171 1.0
vt 0.7272727272727273 1.0
vt 0.7373737373737373 1.0
vt 0.7474747474747475 1.0
vt 0.7575757575757576 1.0
vt 0.7676767676767676 1.0
vt 0.7777777777777778 1.0
vt 0.7878787878787878 1.0
vt 0.797979797979798 1.0
vt 0.8080808080808081 1.0
vt 0.8181818181818182 1.0
vt 0.8282828282828283 1.0
vt 0.8383838383838383 1.0
vt 0.8484848484848485 1.0
vt 0.8585858585858586 1.0
vt 0.8686868686868687 1.0
vt 0.8787878787878788 1.0
vt 0.8888888888888888 1.0
vt 0.898989898989899 1.0
vt 0.9090909090909091 1.0
vt 0.9191919191919192 1.0
vt 0.9292929292929293 1.0
vt 0.9393939393939394 1.0
vt 0.9494949494949495 1.0
vt 0.9595959595959596 1.0
vt 0.9696969696969697 1.0
vt 0.9797979797979798 1.0
vt 0.98989898989899 1.0
vt 1.0 1.0
f 1/1 2/2 101/101
f 2/2 102/102 101/101
f 2/2 3/3 102/102
f 3/3 103/103 102/102
f 3/3 4/4 103/103
f 4/4 104/104 103/103
f 4/4 5/5 104/104
f 5/5 105/105 104/104
f 5/5 6/6 105/105
f 6/6 106/106 105/105
f 6/6 7/7 106/106
f 7/7 107/107 106/106
f 7/7 8/8 107/107
f 8/8 108/108 107/107
f 8/8 9/9 108/108
f 9/9 109/109 108/108
f 9/9 10/10 109/109
f 10/10 110/110 109/109
f 10/10 11/11 110/110
f 11/11 111/111 110/110
f 11/11 12/12 111/111
f 12/12 112/112 111/111
f 12/12 13/13 112/112
f 13/13 113/113 112/112
f 13/13 14/14 113/113
f 14/14 114/114 113/113
f 14/14 15/15 114/114
f 15/15 115/115 114/114
f 15/15 16/16 115/115
f 16/16 116/116 115/115
f 16/16 17/17 116/116
f 17/17 117/117 116/116
f 17/17 18/18 117/117
f 18/18 118/118 117/117
f 18/18 19/19 118/118
f 19/19 119/119 118/118
f 19/19 20/20 119/119
f 20/20 120/120 119/119
f 20/20 21/21 120/120
f 21/21 121/121 120/120
f 21/21 22/22 121/121
f 22/22 122/122 121/121
f 22/22 23/23 122/122
f 23/23 123/123 122/122
f 23/23 24/24 123/123
f 24/24 124/124 123/123
f 24/24 25/25 124/124
f 25/25 125/125 124/124
f 25/25 26/26 125/125
f 26/26 126/126 125/125
f 26/26 27/27 126/126
f 27/27 127/127 126/126
f 27/27 28/28 127/127
f 28/28 128/128 127/127
f 28/28 29/29 128/128
f 29/29 129/129 128/128
f 29/29 30/30 129/129
f 30/30 130/130 129/129
f 30/30 31/31 130/130
f 31/31 131/131 130/130
f 31/31 32/32 131/131
f 32/32 132/132 131/131
f 32/32 33/33 132/132
f 33/33 133/133 132/132
f 33/33 34/34 133/133
f 34/34 134/134 133/133
f 34/34 35/35 134/134
f 35/35 135/135 134/134
f 35/35 36/36 135/135
f 36/36 136/136 135/135
f 36/36 37/37 136/136
f 37/37 137/137 136/136
f 37/37 38/38 137/137
f 38/38 138/138 137/137
f 38/38 39/39 138/138
f 39/39 139/139 138/138
f 39/39 40/40 139/139
f 40/40 140/140 139/139
f 40/40 41/41 140/140
f 41/41 141/141 140/140
f 41/41 42/42 141/141
f 42/42 142/142 141/141
f 42/42 43/43 142/142
f 43/43 143/143 142/142
f 43/43 44/44 143/143
f 44/44 144/144 143/143
f 44/44 45/45 144/144
f 45/45 145/145 144/144
f 45/45 46/46 145/145
f 46/46 146/146 145/145
f 46/46 47/47 146/146
f 47/47 147/147 146/146
f 47/47 48/48 147/147
f 48/48 148/148 147/147
f 48/48 49/49 148/148
f 49/49 149/149 148/148
f 49/49 50/50 149/149
f 50/50 150/150 149/149
f 50/50 51/51 150/150
f 51/51 151/151 150/150
f 51/51 52/52 151/151
f 52/52 152/152 151/151
f 52/52 53/53 152/152
f 53/53 153/153 152/152
f 53/53 54/54 153/153
f 54/54 154/154 153/153
f 54/54 55/55 154/154
f 55/55 155/155 154/154
f 55/55 56/56 155/155
f 56/56 156/156 155/155
f 56/56 57/57 156/156
f 57/57 157/157 156/156
f 57/57 58/58 157/157
f 58/58 158/158 157/157
f 58/58 59/59 158/158
f 59/59 159/159 158/158
f 59/59 60/60 159/159
f 60/60 160/160 159/159
f 60/60 61/61 160/160
f 61/61 161/161 160/160
f 61/61 62/62 161/161
f 62/62 162/162 161/161
f 62/62 63/63 162/162
f 63/63 163/163 162/162
f 63/63 64/64 163/163
f 64/64 164/164 163/163
f 64/64 65/65 164/164
f 65/65 165/165 164/164
f 65/65 66/66 165/165
f 66/66 166/166 165/165
f 66/66 67/67 166/166
f 67/67 167/167 166/166
f 67/67 68/68 167/167
f 68/68 168/168 167/167
f 68/68 69/69 168/168
f 69/69 169/169 168/168
f 69/69 70/70 169/169
f 70/70 170/170 169/169
f 70/70 71/71 170/170
f 71/71 171/171 170/170
f 71/71 72/72 171/171
f 72/72 172/172 171/171
f 72/72 73/73 172/172
f 73/73 173/173 172/172
f 73/73 74/74 173/173
f 74/74 174/174 173/173
f 74/74 75/75 174/174
f 75/75 175/175 174/174
f 75/75 76/76 175/175
f 76/76 176/176 175/175
f 76/76 77/77 176/176
f 77/77 177/177 176/176
f 77/77 78/78 177/177
f 78/78 178/178 177/177
f 78/78 79/79 178/178
f 79/79 179/179 178/178
f 79/79 80/80 179/179
f 80/80 180/180 179/179
f 80/80 81/81 180/180
f 81/81 181/181 180/180
f 81/81 82/82 181/181
f 82/82 182/182 181/181
f 82/82 83/83 182/182
f 83/83 183/183 182/182
f 83/83 84/84 183/183
f 84/84 184/184 183/183
f 84/84 85/85 184/184
f 85/85 185/185 184/184
f 85/85 86/86 185/185
f 86/86 186/186 185/185
f 86/86 87/87 186/186
f 87/87 187/187 186/186
f 87/87 88/88 187/187
f 88/88 188/188 187/187
f 88/88 89/89 188/188
f 89/89 189/189 188/188
f 89/89 90/90 189/189
f 90/90 190/190 189/189
f 90/90 91/91 190/190
f 91/91 191/191 190/190
f 91/91 92/92 191/191
f 92/92 192/192 191/191
f 92/92 93/93 192/192
f 93/93 193/193 192/192
f 93/93 94/94 193/193
f 94/94 194/194 193/193
f 94/94 95/95 194/194
f 95/95 195/195 194/194
f 95/95 96/96 195/195
f 96/96 196/196 195/195
f 96/96 97/97 196/196
f 97/97 197/197 196/196
f 97/97 98/98 197/197
f 98/98 198/198 197/197
f 98/98 99/99 198/198
f 99/99 199/199 198/198
f 99/99 100/100 199/199
f 100/100 200/200 199/199
f 101/101 102/102 201/201
f 102/102 202/202 201/201
f 102/102 103/103 202/202
f 103/103 203/203 202/202
f 103/103 104/104 203/203
f 104/104 204/204 203/203
f 104/104 105/105 204/204
f 105/105 205/205 204/204
f 105/105 106/106 205/205
f 106/106 206/206 205/205
f 106/106 107/107 206/206
f 107/107 207/207 206/206
f 107/107 108/108 207/207
f 108/108 208/208 207/207
f 108/108 109/109 208/208
f 109/109 209/209 208/208
f 109/109 110/110 209/209
f 110/110 210/210 209/209
f 110/110 111/111 210/210
f 111/111 211/211 210/210
f 111/111 112/112 211/211
f 112/112 212/212 211/211
f 112/112 113/113 212/212
f 113/113 213/213 212/212
f 113/113 114/114 213/213
f 114/114 214/214 213/213
f 114/114 115/115 214/214
f 115/115 215/215 214/214
f 115/115 116/116 215/215
f 116/116 216/216 215/215
f 116/116 117/117 216/216
f 117/117 217/217 216/216
f 117/117 118/118 217/217
f 118/118 218/218 217/217
f 118/118 119/119 218/218
f 119/119 219/219 218/218
f 119/119 120/120 219/219
f 120/120 220/220 219/219
f 120/120 121/121 220/220
f 121/121 221/221 220/220
f 121/121 122/122 221/221
f 122/122 222/222 221/221
f 122/122 123/123 222/222
f 123/123 223/223 222/222
f 123/123 124/124 223/223
f 124/124 224/224 223/223
f 124/124 125/125 224/224
f 125/125 225/225 224/224
f 125/125 126/126 225/225
f 126/126 226/226 225/225
f 126/126 127/127 226/226
f 127/127 227/227 226/226
f 127/127 128/128 227/227
f 128/128 228/228 227/227
f 128/128 129/129 228/228
f 129/129 229/229 228/228
f 129/129 130/130 229/229
f 130/130 230/230 229/229
f 130/130 131/131 230/230
f 131/131 231/231 230/230
f 131/131 132/132 231/231
f 132/132 232/232 231/231
f 132/132 133/133 232/232
f 133/133 233/233 232/232
f 133/133 134/134 233/233
f 134/134 234/234 233/233
f 134/134 135/135 234/234
f 135/135 235/235 234/234
f 135/135 136/136 235/235
f 136/136 236/236 235/235
f 136/136 137/137 236/236
f 137/137 237/237 236/236
f 137/137 138/138 237/237
f 138/138 238/238 237/237
f 138/138 139/139 238/238
f 139/139 239/239 238/238
f 139/139 140/140 239/239
f 140/140 240/240 239/239
f 140/140 141/141 240/240
f 141/141 241/241 240/240
f 141/141 142/142 241/241
f 142/142 242/242 241/241
f 142/142 143/143 242/242
f 143/143 243/243 242/242
f 143/143 144/144 243/243
f 144/144 244/244 243/243
f 144/144 145/145 244/244
f 145/145 245/245 244/244
f 145/145 146/146 245/245
f 146/146 246/246 245/245
f 146/146 147/147 246/246
f 147/147 247/247 246/246
f 147/147 148/148 247/247
f 148/148 248/248 247/247
f 148/148 149/149 248/248
f 149/149 249/249 248/248
f 149/149 150/150 249/249
f 150/150 250/250 249/249
f 150/150 151/151 250/250
f 151/151 251/251 250/250
f 151/151 152/152 251/251
f 152/152 252/252 251/251
f 152/152 153/153 252/252
f 153/153 253/253 252/252
f 153/153 154/154 253/253
f 154/154 254/254 253/253
f 154/154 155/155 254/254
f 155/155 255/255 254/254
f 155/155 156/156 255/255
f 156/156 256/256 255/255
f 156/156 157/157 256/256
f 157/157 257/257 256/256
f 157/157 158/158 257/257
f 158/158 258/258 257/257
f 158/158 159/159 258/258
f 159/159 259/259 258/258
f 159/159 160/160 259/259
f 160/160 260/260 259/259
f 160/160 161/161 260/260
f 161/161 261/261 260/260
f 161/161 162/162 261/261
f 162/162 262/262 261/261
f 162/162 163/163 262/262
f 163/163 263/263 262/262
f 163/163 164/164 263/263
f 164/164 264/264 263/263
f 164/164 165/165 264/264
f 165/165 265/265 264/264
f 165/165 166/166 265/265
f 166/166 266/266 265/265
f 166/166 167/167 266/266
f 167/167 267/267 266/266
f 167/167 168/168 267/267
f 168/168 268/268 267/267
f 168/168 169/169 268/268
f 169/169 269/269 268/268
f 169/169 170/170 269/269
f 170/170 270/270 269/269
f 170/170 171/171 270/270
f 171/171 271/271 270/270
f 171/171 172/172 271/271
f 172/172 272/272 271/271
f 172/172 173/173 272/272
f 173/173 273/273 272/272
f 173/173 174/174 273/273
f 174/174 274/274 273/273
f 174/174 175/175 274/274
f 175/175 275/275 274/274
f 175/175 176/176 275/275
f 176/176 276/276 275/275
f 176/176 177/177 276/276
f 177/177 277/277 276/276
f 177/177 178/178 277/277
f 178/178 278/278 277/277
f 178/178 179/179 278/278
f 179/179 279/279 278/278
f 179/179 180/180 279/279
f 180/180 280/280 279/279
f 180/180 181/181 280/280
f 181/181 281/281 280/280
f 181/181 182/182 281/281
f 182/182 282/282 281/281
f 182/182 183/183 282/282
f 183/183 283/283 282/282
f 183/183 184/184 283/283
f 184/184 284/284 283/283
f 184/184 185/185 284/284
f 185/185 285/285 284/284
f 185/185 186/186 285/285
f 186/186 286/286 285/285
f 186/186 187/187 286/286
f 187/187 287/287 286/286
f 187/187 188/188 287/287
f 188/188 288/288 287/287
f 188/188 189/189 288/288
f 189/189 289/289 288/288
f 189/189 190/190 289/289
f 190/190 290/290 289/289
f 190/190 191/191 290/290
f 191/191 291/291 290/290
f 191/191 192/192 291/291
f 192/192 292/292 291/291
f 192/192 193/193 292/292
f 193/193 293/293 292/292
f 193/193 194/194 293/293
f 194/194 294/294 293/293
f 194/194 195/195 294/294
f 195/195 295/295 294/294
f 195/195 196/196 295/295
f 196/196 296/296 295/295
f 196/196 197/197 296/296
f 197/197 297/297 296/296
f 197/197 198/198 297/297
f 198/198 298/298 297/297
f 198/198 199/199 298/298
f 199/199 299/299 298/298
f 199/199 200/200 299/299
f 200/200 300/300 299/299
f 201/201 202/202 301/301
f 202/202 302/302 301/301
f 202/202 203/203 302/302
f 203/203 303/303 302/302
f 203/203 204/204 303/303
f 204/204 304/304 303/303
f 204/204 205/205 304/304
f 205/205 305/305 304/304
f 205/205 206/206 305/305
f 206/206 306/306 305/305
f 206/206 207/207 306/306
f 207/207 307/307 306/306
f 207/207 208/208 307/307
f 208/208 308/308 307/307
f 208/208 209/209 308/308
f 209/209 309/309 308/308
f 209/209 210/210 309/309
f 210/210 310/310 309/309
f 210/210 211/211 310/310
f 211/211 311/311 310/310
f 211/211 212/212 311/311
f 212/212 312/312 311/311
f 212/212 213/213 312/312
f 213/213 313/313 312/312
f 213/213 214/214 313/313
f 214/214 314/314 313/313
f 214/214 215/215 314/314
f 215/215 315/315 314/314
f 215/215 216/216 315/315
f 216/216 316/316 315/315
f 216/216 217/217 316/316
f 217/217 317/317 316/316
f 217/217 218/218 317/317
f 218/218 318/318 317/317
f 218/218 219/219 318/318
f 219/219 319/319 318/318
f 219/219 220/220 319/319
f 220/220 320/320 319/319
f 220/220 221/221 320/320
f 221/221 321/321 320/320
f 221/221 222/222 321/321
f 222/222 322/322 321/321
f 222/222 223/223 322/322
f 223/223 323/323 322/322
f 223/223 224/224 323/323
f 224/224 324/324 323/323
f 224/224 225/225 324/324
f 225/225 325/325 324/324
f 225/225 226/226 325/325
f 226/226 326/326 325/325
f 226/226 227/227 326/326
f 227/227 327/327 326/326
f 227/227 228/228 327/327
f 228/228 328/328 327/327
f 228/228 229/229 328/328
f 229/229 329/329 328/328
f 229/229 230/230 329/329
f 230/230 330/330 329/329
f 230/230 231/231 330/330
f 231/231 331/331 330/330
f 231/231 232/232 331/331
f 232/232 332/332 331/331
f 232/232 233/233 332/332
f 233/233 333/333 332/332
f 233/233 234/234 333/333
f 234/234 334/334 333/333
f 234/234 235/235 334/334
f 235/235 335/335 334/334
f 235/235 236/236 335/335
f 236/236 336/336 335/335
f 236/236 237/237 336/336
f 237/237 337/337 336/336
f 237/237 238/238 337/337
f 238/238 338/338 337/337
f 238/238 239/239 338/338
f 239/239 339/339 338/338
f 239/239 240/240 339/339
f 240/240 340/340 339/339
f 240/240 241/241 340/340
f 241/241 341/341 340/340
f 241/241 242/242 341/341
f 242/242 342/342 341/341
f 242/242 243/243 342/342
f 243/243 343/343 342/342
f 243/243 244/244 343/343
f 244/244 344/344 343/343
f 244/244 245/245 344/344
f 245/245 345/345 344/344
f 245/245 246/246 345/345
f 246/246 346/346 345/345
f 246/246 247/247 346/346
f 247/247 347/347 346/346
f 247/247 248/248 347/347
f 248/248 348/348 347/347
f 248/248 249/249 348/348
f 249/249 349/349 348/348
f 249/249 250/250 349/349
f 250/250 350/350 349/349
f 250/250 251/251 350/350
f 251/251 351/351 350/350
f 251/251 252/252 351/351
f 252/252 352/352 351/351
f 252/252 253/253 352/352
f 253/253 353/353 352/352
f 253/253 254/254 353/353
f 254/254 354/354 353/353
f 254/254 255/255 354/354
f 255/255 355/355 354/354
f 255/255 256/256 355/355
f 256/256 356/356 355/355
f 256/256 257/257 356/356
f 257/257 357/357 356/356
f 257/257 258/258 357/357
f 258/258 358/358 357/357
f 258/258 259/259 358/358
f 259/259 359/359 358/358
f 259/259 260/260 359/359
f 260/260 360/360 359/359
f 260/260 261/261 360/360
f 261/261 361/361 360/360
f 261/261 262/262 361/361
f 262/262 362/362 361/361
f 262/262 263/263 362/362
f 263/263 363/363 362/362
f 263/263 264/264 363/363
f 264/264 364/364 363/363
f 264/264 265/265 364/364
f 265/265 365/365 364/364
f 265/265 266/266 365/365
f 266/266 366/366 365/365
f 266/266 267/267 366/366
f 267/267 367/367 366/366
f 267/267 268/268 367/367
f 268/268 368/368 367/367
f 268/268 269/269 368/368
f 269/269 369/369 368/368
f 269/269 270/270 369/369
f 270/270 370/370 369/369
f 270/270 271/271 370/370
f 271/271 371/371 370/370
f 271/271 272/272 371/371
f 272/272 372/372 371/371
f 272/272 273/273 372/372
f 273/273 373/373 372/372
f 273/273 274/274 373/373
f 274/274 374/374 373/373
f 274/274 275/275 374/374
f 275/275 375/375 374/374
f 275/275 276/276 375/375
f 276/276 376/376 375/375
f 276/276 277/277 376/376
f 277/277 377/377 376/376
f 277/277 278/278 377/377
f 278/278 378/378 377/377
f 278/278 279/279 378/378
f 279/279 379/379 378/378
f 279/279 280/280 379/379
f 280/280 380/380 379/379
f 280/280 281/281 380/380
f 281/281 381/381 380/380
f 281/281 282/282 381/381
f 282/282 382/382 381/381
f 282/282 283/283 382/382
f 283/283 383/383 382/382
f 283/283 284/284 383/383
f 284/284 384/384 383/383
f 284/284 285/285 384/384
f 285/285 385/385 384/384
f 285/285 286/286 385/385
f 286/286 386/386 385/385
f 286/286 287/287 386/386
f 287/287 387/387 386/386
f 287/287 288/288 387/387
f 288/288 388/388 387/387
f 288/288 289/289 388/388
f 289/289 389/389 388/388
f 289/289 290/290 389/389
f 290/290 390/390 389/389
f 290/290 291/291 390/390
f 291/291 391/391 390/390
f 291/291 292/292 391/391
f 292/292 392/392 391/391
f 292/292 293/293 392/392
f 293/293 393/393 392/392
f 293/293 294/294 393/393
f 294/294 394/394 393/393
f 294/294 295/295 394/394
f 295/295 395/395 394/394
f 295/295 296/296 395/395
f 296/296 396/396 395/395
f 296/296 297/297 396/396
f 297/297 397/397 396/396
f 297/297 298/298 397/397
f 298/298 398/398 397/397
f 298/298 299/299 398/398
f 299/299 399/399 398/398
f 299/299 300/300 399/399
f 300/300 400/400 399/399
f 301/301 302/302 401/401
f 302/302 402/402 401/401
f 302/302 303/303 402/402
f 303/303 403/403 402/402
f 303/303 304/304 403/403
f 304/304 404/404 403/403
f 304/304 305/305 404/404
f 305/305 405/405 404/404
f 305/305 306/306 405/405
f 306/306 406/406 405/405
f 306/306 307/307 406/406
f 307/307 407/407 406/406
f 307/307 308/308 407/407
f 308/308 408/408 407/407
f 308/308 309/309 408/408
f 309/309 409/409 408/408
f 309/309 310/310 409/409
f 310/310 410/410 409/409
f 310/310 311/311 410/410
f 311/311 411/411 410/410
f 311/311 312/312 411/411
f 312/312 412/412 411/411
f 312/312 313/313 412/412
f 313/313 413/413 412/412
f 313/313 314/314 413/413
f 314/314 414/414 413/413
f 314/314 315/315 414/414
f 315/315 415/415 414/414
f 315/315 316/316 415/415
f 316/316 416/416 415/415
f 316/316 317/317 416/416
f 317/317 417/417 416/416
f 317/317 318/318 417/417
f 318/318 418/418 417/417
f 318/318 319/319 418/418
f 319/319 419/419 418/418
f 319/319 320/320 419/419
f 320/320 420/420 419/419
f 320/320 321/321 420/420
f 321/321 421/421 420/420
f 321/321 322/322 421/421
f 322/322 422/422 421/421
f 322/322 323/323 422/422
f 323/323 423/423 422/422
f 323/323 324/324 423/423
f 324/324 424/424 423/423
f 324/324 325/325 424/424
f 325/325 425/425 424/424
f 325/325 326/326 425/425
f 326/326 426/426 425/425
f 326/326 327/327 426/426
f 327/327 427/427 426/426
f 327/327 328/328 427/427
f 328/328 428/428 427/427
f 328/328 329/329 428/428
f 329/329 429/429 428/428
f 329/329 330/330 429/429
f 330/330 430/430 429/429
f 330/330 331/331 430/430
f 331/331 431/431 430/430
f 331/331 332/332 431/431
f 332/332 432/432 431/431
f 332/332 333/333 432/432
f 333/333 433/433 432/432
f 333/333 334/334 433/433
f 334/334 434/434 433/433
f 334/334 335/335 434/434
f 335/335 435/435 434/434
f 335/335 336/336 435/435
f 336/336 436/436 435/435
f 336/336 337/337 436/436
f 337/337 437/437 436/436
f 337/337 338/338 437/437
f 338/338 438/438 437/437
f 338/338 339/339 438/438
f 339/339 439/439 438/438
f 339/339 340/340 439/439
f 340/340 440/440 439/439
f 340/340 341/341 440/440
f 341/341 441/441 440/440
f 341/341 342/342 441/441
f 342/342 442/442 441/441
f 342/342 343/343 442/442
f 343/343 443/443 442/442
f 343/343 344/344 443/443
f 344/344 444/444 443/443
f 344/344 345/345 444/444
f 345/345 445/445 444/444
f 345/345 346/346 445/445
f 346/346 446/446 445/445
f 346/346 347/347 446/446
f 347/347 447/447 446/446
f 347/347 348/348 447/447
f 348/348 448/448 447/447
f 348/348 349/349 448/448
f 349/349 449/449 448/448
f 349/349 350/350 449/449
f 350/350 450/450 449/449
f 350/350 351/351 450/450
f 351/351 451/451 450/450
f 351/351 352/352 451/451
f 352/352 452/452 451/451
f 352/352 353/353 452/452
f 353/353 453/453 452/452
f 353/353 354/354 453/453
f 354/354 454/454 453/453
f 354/354 355/355 454/454
f 355/355 455/455 454/454
f 355/355 356/356 455/455
f 356/356 456/456 455/455
f 356/356 357/357 456/456
f 357/357 457/457 456/456
f 357/357 358/358 457/457
f 358/358 458/458 457/457
f 358/358 359/359 458/458
f 359/359 459/459 458/458
f 359/359 360/360 459/459
f 360/360 460/460 459/459
f 360/360 361/361 460/460
f 361/361 461/461 460/460
f 361/361 362/362 461/461
f 362/362 462/462 461/461
f 362/362 363/363 462/462
f 363/363 463/463 462/462
f 363/363 364/364 463/463
f 364/364 464/464 463/463
f 364/364 365/365 464/464
f 365/365 465/465 464/464
f 365/365 366/366 465/465
f 366/366 466/466 465/465
f 366/366 367/367 466/466
f 367/367 467/467 466/466
f 367/367 368/368 467/467
f 368/368 468/468 467/467
f 368/368 369/369 468/468
f 369/369 469/469 468/468
f 369/369 370/370 469/469
f 370/370 470/470 469/469
f 370/370 371/371 470/470
f 371/371 471/471 470/470
f 371/371 372/372 471/471
f 372/372 472/472 471/471
f 372/372 373/373 472/472
f 373/373 473/473 472/472
f 373/373 374/374 473/473
f 374/374 474/474 473/473
f 374/374 375/375 474/474
f 375/375 475/475 474/474
f 375/375 376/376 475/475
f 376/376 476/476 475/475
f 376/376 377/377 476/476
f 377/377 477/477 476/476
f 377/377 378/378 477/477
f 378/378 478/478 477/477
f 378/378 379/379 478/478
f 379/379 479/479 478/478
f 379/379 380/380 479/479
f 380/380 480/480 479/479
f 380/380 381/381 480/480
f 381/381 481/481 480/480
f 381/381 382/382 481/481
f 382/382 482/482 481/481
f 382/382 383/383 482/482
f 383/383 483/483 482/482
f 383/383 384/384 483/483
f 384/384 484/484 483/483
f 384/384 385/385 484/484
f 385/385 485/485 484/484
f 385/385 386/386 485/485
f 386/386 486/486 485/485
f 386/386 387/387 486/486
f 387/387 487/487 486/486
f 387/387 388/388 487/487
f 388/388 488/488 487/487
f 388/388 389/389 488/488
f 389/389 489/489 488/488
f 389/389 390/390 489/489
f 390/390 490/490 489/489
f 390/390 391/391 490/490
f 391/391 491/491 490/490
f 391/391 392/392 491/491
f 392/392 492/492 491/491
f 392/392 393/393 492/492
f 393/393 493/493 492/492
f 393/393 394/394 493/493
f 394/394 494/494 493/493
f 394/394 395/395 494/494
f 395/395 495/495 494/494
f 395/395 396/396 495/495
f 396/396 496/496 495/495
f 396/396 397/397 496/496
f 397/397 497/497 496/496
f 397/397 398/398 497/497
f 398/398 498/498 497/497
f 398/398 399/399 498/498
f 399/399 499/499 498/498
f 399/399 400/400 499/499
f 400/400 500/500 499/499
f 401/401 402/402 501/501
f 402/402 502/502 501/501
f 402/402 403/403 502/502
f 403/403 503/503 502/502
f 403/403 404/404 503/503
f 404/404 504/504 503/503
f 404/404 405/405 504/504
f 405/405 505/505 504/504
f 405/405 406/406 505/505
f 406/406 506/506 505/505
f 406/406 407/407 506/506
f 407/407 507/507 506/506
f 407/407 408/408 507/507
f 408/408 508/508 507/507
f 408/408 409/409 508/508
f 409/409 509/509 508/508
f 409/409 410/410 509/509
f 410/410 510/510 509/509
f 410/410 411/411 510/510
f 411/411 511/511 510/510
f 411/411 412/412 511/511
f 412/412 512/512 511/511
f 412/412 413/413 512/512
f 413/413 513/513 512/512
f 413/413 414/414 513/513
f 414/414 514/514 513/513
f 414/414 415/415 514/514
f 415/415 515/515 514/514
f 415/415 416/416 515/515
f 416/416 516/516 515/515
f 416/416 417/417 516/516
f 417/417 517/517 516/516
f 417/417 418/418 517/517
f 418/418 518/518 517/517
f 418/418 419/419 518/518
f 419/419 519/519 518/518
f 419/419 420/420 519/519
f 420/420 520/520 519/519
f 420/420 421/421 520/520
f 421/421 521/521 520/520
f 421/421 422/422 521/521
f 422/422 522/522 521/521
f 422/422 423/423 522/522
f 423/423 523/523 522/522
f 423/423 424/424 523/523
f 424/424 524/524 523/523
f 424/424 425/425 524/524
f 425/425 525/525 524/524
f 425/425 426/426 525/525
f 426/426 526/526 525/525
f 426/426 427/427 526/526
f 427/427 527/527 526/526
f 427/427 428/428 527/527
f 428/428 528/528 527/527
f 428/428 429/429 528/528
f 429/429 529/529 528/528
f 429/429 430/430 529/529
f 430/430 530/530 529/529
f 430/430 431/431 530/530
f 431/431 531/531 530/530
f 431/431 432/432 531/531
f 432/432 532/532 531/531
f 432/432 433/433 532/532
f 433/433 533/533 532/532
f 433/433 434/434 533/533
f 434/434 534/534 533/533
f 434/434 435/435 534/534
f 435/435 535/535 534/534
f 435/435 436/436 535/535
f 436/436 536/536 535/535
f 436/436 437/437 536/536
f 437/437 537/537 536/536
f 437/437 438/438 537/537
f 438/438 538/538 537/537
f 438/438 439/439 538/538
f 439/439 539/539 538/538
f 439/439 440/440 539/539
f 440/440 540/540 539/539
f 440/440 441/441 540/540
f 441/441 541/541 540/540
f 441/441 442/442 541/541
f 442/442 542/542 541/541
f 442/442 443/443 542/542
f 443/443 543/543 542/542
f 443/443 444/444 543/543
f 444/444 544/544 543/543
f 444/444 445/445 544/544
f 445/445 545/545 544/544
f 445/445 446/446 545/545
f 446/446 546/546 545/545
f 446/446 447/447 546/546
f 447/447 547/547 546/546
f 447/447 448/448 547/547
f 448/448 548/548 547/547
f 448/448 449/449 548/548
f 449/449 549/549 548/548
f 449/449 450/450 549/549
f 450/450 550/550 549/549
f 450/450 451/451 550/550
f 451/451 551/551 550/550
f 451/451 452/452 551/551
f 452/452 552/552 551/551
f 452/452 453/453 552/552
f 453/453 553/553 552/552
f 453/453 454/454 553/553
f 454/454 554/554 553/553
f 454/454 455/455 554/554
f 455/455 555/555 554/554
f 455/455 456/456 555/555
f 456/456 556/556 555/555
f 456/456 457/457 556/556
f 457/457 557/557 556/556
f 457/457 458/458 557/557
f 458/458 558/558 557/557
f 458/458 459/459 558/558
f 459/459 559/559 558/558
f 459/459 460/460 559/559
f 460/460 560/560 559/559
f 460/460 461/461 560/560
f 461/461 561/561 560/560
f 461/461 462/462 561/561
f 462/462 562/562 561/561
f 462/462 463/463 562/562
f 463/463 563/563 562/562
f 463/463 464/464 563/563
f 464/464 564/564 563/563
f 464/464 465/465 564/564
f 465/465 565/565 564/564
f 465/465 466/466 565/565
f 466/466 566/566 565/565
f 466/466 467/467 566/566
f 467/467 567/567 566/566
f 467/467 468/468 567/567
f 468/468 568/568 567/567
f 468/468 469/469 568/568
f 469/469 569/569 568/568
f 469/469 470/470 569/569
f 470/470 570/570 569/569
f 470/470 471/471 570/570
f 471/471 571/571 570/570
f 471/471 472/472 571/571
f 472/472 572/572 571/571
f 472/472 473/473 572/572
f 473/473 573/573 572/572
f 473/473 474/474 573/573
f 474/474 574/574 573/573
f 474/474 475/475 574/574
f 475/475 575/575 574/574
f 475/475 476/476 575/575
f 476/476 576/576 575/575
f 476/476 477/477 576/576
f 477/477 577/577 576/576
f 477/477 478/478 577/577
f 478/478 578/578 577/577
f 478/478 479/479 578/578
f 479/479 579/579 578/578
f 479/479 480/480 579/579
f 480/480 580/580 579/579
f 480/480 481/481 580/580
f 481/481 581/581 580/580
f 481/481 482/482 581/581
f 482/482 582/582 581/581
f 482/482 483/483 582/582
f 483/483 583/583 582/582
f 483/483 484/484 583/583
f 484/484 584/584 583/583
f 484/484 485/485 584/584
f 485/485 585/585 584/584
f 485/485 486/486 585/585
f 486/486 586/586 585/585
f 486/486 487/487 586/586
f 487/487 587/587 586/586
f 487/487 488/488 587/587
f 488/488 588/588 587/587
f 488/488 489/489 588/588
f 489/489 589/589 588/588
f 489/489 490/490 589/589
f 490/490 590/590 589/589
f 490/490 491/491 590/590
f 491/491 591/591 590/590
f 491/491 492/492 591/591
f 492/492 592/592 591/591
f 492/492 493/493 592/592
f 493/493 593/593 592/592
f 493/493 494/494 593/593
f 494/494 594/594 593/593
f 494/494 495/495 594/594
f 495/495 595/595 594/594
f 495/495 496/496 595/595
f 496/496 596/596 595/595
f 496/496 497/497 596/596
f 497/497 597/597 596/596
f 497/497 498/498 597/597
f 498/498 598/598 597/597
f 498/498 499/499 598/598
f 499/499 599/599 598/598
f 499/499 500/500 599/599
f 500/500 600/600 599/599
f 501/501 502/502 601/601
f 502/502 602/602 601/601
f 502/502 503/503 602/602
f 503/503 603/603 602/602
f 503/503 504/504 603/603
f 504/504 604/604 603/603
f 504/504 505/505 604/604
f 505/505 605/605 604/604
f 505/505 506/506 605/605
f 506/506 606/606 605/605
f 506/506 507/507 606/606
f 507/507 607/607 606/606
f 507/507 508/508 607/607
f 508/508 608/608 607/607
f 508/508 509/509 608/608
f 509/509 609/609 608/608
f 509/509 510/510 609/609
f 510/510 610/610 609/609
f 510/510 511/511 610/610
f 511/511 611/611 610/610
f 511/511 512/512 611/611
f 512/512 612/612 611/611
f 512/512 513/513 612/612
f 513/513 613/613 612/612
f 513/513 514/514 613/613
f 514/514 614/614 613/613
f 514/514 515/515 614/614
f 515/515 615/615 614/614
f 515/515 516/516 615/615
f 516/516 616/616 615/615
f 516/516 517/517 616/616
f 517/517 617/617 616/616
f 517/517 518/518 617/617
f 518/518 618/618 617/617
f 518/518 519/519 618/618
f 519/519 619/619 618/618
f 519/519 520/520 619/619
f 520/520 620/620 619/619
f 520/520 521/521 620/620
f 521/521 621/621 620/620
f 521/521 522/522 621/621
f 522/522 622/622 621/621
f 522/522 523/523 622/622
f 523/523 623/623 622/622
f 523/523 524/524 623/623
f 524/524 624/624 623/623
f 524/524 525/525 624/624
f 525/525 625/625 624/624
f 525/525 526/526 625/625
f 526/526 626/626 625/625
f 526/526 527/527 626/626
f 527/527 627/627 626/626
f 527/527 528/528 627/627
f 528/528 628/628 627/627
f 528/528 529/529 628/628
f 529/529 629/629 628/628
f 529/529 530/530 629/629
f 530/530 630/630 629/629
f 530/530 531/531 630/630
f 531/531 631/631 630/630
f 531/531 532/532 631/631
f 532/532 632/632 631/631
f 532/532 533/533 632/632
f 533/533 633/633 632/632
f 533/533 534/534 633/633
f 534/534 634/634 633/633
f 534/534 535/535 634/634
f 535/535 635/635 634/634
f 535/535 536/536 635/635
f 536/536 636/636 635/635
f 536/536 537/537 636/636
f 537/537 637/637 636/636
f 537/537 538/538 637/637
f 538/538 638/638 637/637
f 538/538 539/539 638/638
f 539/539 639/639 638/638
f 539/539 540/540 639/639
f 540/540 640/640 639/639
f 540/540 541/541 640/640
f 541/541 641/641 640/640
f 541/541 542/542 641/641
f 542/542 642/642 641/641
f 542/542 543/543 642/642
f 543/543 643/643 642/642
f 543/543 544/544 643/643
f 544/544 644/644 643/643
f 544/544 545/545 644/644
f 545/545 645/645 644/644
f 545/545 546/546 645/645
f 546/546 646/646 645/645
f 546/546 547/547 646/646
f 547/547 647/647 646/646
f 547/547 548/548 647/647
f 548/548 648/648 647/647
f 548/548 549/549 648/648
f 549/549 649/649 648/648
f 549/549 550/550 649/649
f 550/550 650/650 649/649
f 550/550 551/551 650/650
f 551/551 651/651 650/650
f 551/551 552/552 651/651
f 552/552 652/652 651/651
f 552/552 553/553 652/652
f 553/553 653/653 652/652
f 553/553 554/554 653/653
f 554/554 654/654 653/653
f 554/554 555/555 654/654
f 555/555 655/655 654/654
f 555/555 556/556 655/655
f 556/556 656/656 655/655
f 556/556 557/557 656/656
f 557/557 657/657 656/656
f 557/557 558/558 657/657
f 558/558 658/658 657/657
f 558/558 559/559 658/658
f 559/559 659/659 658/658
f 559/559 560/560 659/659
f 560/560 660/660 659/659
f 560/560 561/561 660/660
f 561/561 661/661 660/660
f 561/561 562/562 661/661
f 562/562 662/662 661/661
f 562/562 563/563 662/662
f 563/563 663/663 662/662
f 563/563 564/564 663/663
f 564/564 664/664 663/663
f 564/564 565/565 664/664
f 565/565 665/665 664/664
f 565/565 566/566 665/665
f 566/566 666/666 665/665
f 566/566 567/567 666/666
f 567/567 667/667 666/666
f 567/567 568/568 667/667
f 568/568 668/668 667/667
f 568/568 569/569 668/668
f 569/569 669/669 668/668
f 569/569 570/570 669/669
f 570/570 670/670 669/669
f 570/570 571/571 670/670
f 571/571 671/671 670/670
f 571/571 572/572 671/671
f 572/572 672/672 671/671
f 572/572 573/573 672/672
f 573/573 673/673 672/672
f 573/573 574/574 673/673
f 574/574 674/674 673/673
f 574/574 575/575 674/674
f 575/575 675/675 674/674
f 575/575 576/576 675/675
f 576/576 676/676 675/675
f 576/576 577/577 676/676
f 577/577 677/677 676/676
f 577/577 578/578 677/677
f 578/578 678/678 677/677
f 578/578 579/579 678/678
f 579/579 679/679 678/678
f 579/579 580/580 679/679
f 580/580 680/680 679/679
f 580/580 581/581 680/680
f 581/581 681/681 680/680
f 581/581 582/582 681/681
f 582/582 682/682 681/681
f 582/582 583/583 682/682
f 583/583 683/683 682/682
f 583/583 584/584 683/683
f 584/584 684/684 683/683
f 584/584 585/585 684/684
f 585/585 685/685 684/684
f 585/585 586/586 685/685
f 586/586 686/686 685/685
f 586/586 587/587 686/686
f 587/587 687/687 686/686
f 587/587 588/588 687/687
f 588/588 688/688 687/687
f 588/588 589/589 688/688
f 589/589 689/689 688/688
f 589/589 590/590 689/689
f 590/590 690/690 689/689
f 590/590 591/591 690/690
f 591/591 691/691 690/690
f 591/591 592/592 691/691
f 592/592 692/692 691/691
f 592/592 593/593 692/692
f 593/593 693/693 692/692
f 593/593 594/594 693/693
f 594/594 694/694 693/693
f 594/594 595/595 694/694
f 595/595 695/695 694/694
f 595/595 596/596 695/695
f 596/596 696/696 695/695
f 596/596 597/597 696/696
f 597/597 697/697 696/696
f 597/597 598/598 697/697
f 598/598 698/698 697/697
f 598/598 599/599 698/698
f 599/599 699/699 698/698
f 599/599 600/600 699/699
f 600/600 700/700 699/699
f 601/601 602/602 701/701
f 602/602 702/702 701/701
f 602/602 603/603 702/702
f 603/603 703/703 702/702
f 603/603 604/604 703/703
f 604/604 704/704 703/703
f 604/604 605/605 704/704
f 605/605 705/705 704/704
f 605/605 606/606 705/705
f 606/606 706/706 705/705
f 606/606 607/607 706/706
f 607/607 707/707 706/706
f 607/607 608/608 707/707
f 608/608 708/708 707/707
f 608/608 609/609 708/708
f 609/609 709/709 708/708
f 609/609 610/610 709/709
f 610/610 710/710 709/709
f 610/610 611/611 710/710
f 611/611 711/711 710/710
f 611/611 612/612 711/711
f 612/612 712/712 711/711
f 612/612 613/613 712/712
f 613/613 713/713 712/712
f 613/613 614/614 713/713
f 614/614 714/714 713/713
f 614/614 615/615 714/714
f 615/615 715/715 714/714
f 615/615 616/616 715/715
f 616/616 716/716 715/715
f 616/616 617/617 716/716
f 617/617 717/717 716/716
f 617/617 618/618 717/717
f 618/618 718/718 717/717
f 618/618 619/619 718/718
f 619/619 719/719 718/718
f 619/619 620/620 719/719
f 620/620 720/720 719/719
f 620/620 621/621 720/720
f 621/621 721/721 720/720
f 621/621 622/622 721/721
f 622/622 722/722 721/721
f 622/622 623/623 722/722
f 623/623 723/723 722/722
f 623/623 624/624 723/723
f 624/624 724/724 723/723
f 624/624 625/625 724/724
f 625/625 725/725 724/724
f 625/625 626/626 725/725
f 626/626 726/726 725/725
f 626/626 627/627 726/726
f 627/627 727/727 726/726
f 627/627 628/628 727/727
f 628/628 728/728 727/727
f 628/628 629/629 728/728
f 629/629 729/729 728/728
f 629/629 630/630 729/729
f 630/630 730/730 729/729
f 630/630 631/631 730/730
f 631/631 731/731 730/730
f 631/631 632/632 731/731
f 632/632 732/732 731/731
f 632/632 633/633 732/732
f 633/633 733/733 732/732
f 633/633 634/634 733/733
f 634/634 734/734 733/733
f 634/634 635/635 734/734
f 635/635 735/735 734/734
f 635/635 636/636 735/735
f 636/636 736/736 735/735
f 636/636 637/637 736/736
f 637/637 737/737 736/736
f 637/637 638/638 737/737
f 638/638 738/738 737/737
f 638/638 639/639 738/738
f 639/639 739/739 738/738
f 639/639 640/640 739/739
f 640/640 740/740 739/739
f 640/640 641/641 740/740
f 641/641 741/741 740/740
f 641/641 642/642 741/741
f 642/642 742/742 741/741
f 642/642 643/643 742/742
f 643/643 743/743 742/742
f 643/643 644/644 743/743
f 644/644 744/744 743/743
f 644/644 645/645 744/744
f 645/645 745/745 744/744
f 645/645 646/646 745/745
f 646/646 746/746 745/745
f 646/646 647/647 746/746
f 647/647 747/747 746/746
f 647/647 648/648 747/747
f 648/648 748/748 747/747
f 648/648 649/649 748/748
f 649/649 749/749 748/748
f 649/649 650/650 749/749
f 650/650 750/750 749/749
f 650/650 651/651 750/750
f 651/651 751/751 750/750
f 651/651 652/652 751/751
f 652/652 752/752 751/751
f 652/652 653/653 752/752
f 653/653 753/753 752/752
f 653/653 654/654 753/753
f 654/654 754/754 753/753
f 654/654 655/655 754/754
f 655/655 755/755 754/754
f 655/655 656/656 755/755
f 656/656 756/756 755/755
f 656/656 657/657 756/756
f 657/657 757/757 756/756
f 657/657 658/658 757/757
f 658/658 758/758 757/757
f 658/658 659/659 758/758
f 659/659 759/759 758/758
f 659/659 660/660 759/759
f 660/660 760/760 759/759
f 660/660 661/661 760/760
f 661/661 761/761 760/760
f 661/661 662/662 761/761
f 662/662 762/762 761/761
f 662/662 663/663 762/762
f 663/663 763/763 762/762
f 663/663 664/664 763/763
f 664/664 764/764 763/763
f 664/664 665/665 764/764
f 665/665 765/765 764/764
f 665/665 666/666 765/765
f 666/666 766/766 765/765
f 666/666 667/667 766/766
f 667/667 767/767 766/766
f 667/667 668/668 767/767
f 668/668 768/768 767/767
f 668/668 669/669 768/768
f 669/669 769/769 768/768
f 669/669 670/670 769/769
f 670/670 770/770 769/769
f 670/670 671/671 770/770
f 671/671 771/771 770/770
f 671/671 672/672 771/771
f 672/672 772/772 771/771
f 672/672 673/673 772/772
f 673/673 773/773 772/772
f 673/673 674/674 773/773
f 674/674 774/774 773/773
f 674/674 675/675 774/774
f 675/675 775/775 774/774
f 675/675 676/676 775/775
f 676/676 776/776 775/775
f 676/676 677/677 776/776
f 677/677 777/777 776/776
f 677/677 678/678 777/777
f 678/678 778/778 777/777
f 678/678 679/679 778/778
f 679/679 779/779 778/778
f 679/679 680/680 779/779
f 680/680 780/780 779/779
f 680/680 681/681 780/780
f 681/681 781/781 780/780
f 681/681 682/682 781/781
f 682/682 782/782 781/781
f 682/682 683/683 782/782
f 683/683 783/783 782/782
f 683/683 684/684 783/783
f 684/684 784/784 783/783
f 684/684 685/685 784/784
f 685/685 785/785 784/784
f 685/685 686/686 785/785
f 686/686 786/786 785/785
f 686/686 687/687 786/786
f 687/687 787/787 786/786
f 687/687 688/688 787/787
f 688/688 788/788 787/787
f 688/688 689/689 788/788
f 689/689 789/789 788/788
f 689/689 690/690 789/789
f 690/690 790/790 789/789
f 690/690 691/691 790/790
f 691/691 791/791 790/790
f 691/691 692/692 791/791
f 692/692 792/792 791/791
f 692/692 693/693 792/792
f 693/693 793/793 792/792
f 693/693 694/694 793/793
f 694/694 794/794 793/793
f 694/694 695/695 794/794
f 695/695 795/795 794/794
f 695/695 696/696 795/795
f 696/696 796/796 795/795
f 696/696 697/697 796/796
f 697/697 797/797 796/796
f 697/697 698/698 797/797
f 698/698 798/798 797/797
f 698/698 699/699 798/798
f 699/699 799/799 798/798
f 699/699 700/700 799/799
f 700/700 800/800 799/799
f 701/701 702/702 801/801
f 702/702 802/802 801/801
f 702/702 703/703 802/802
f 703/703 803/803 802/802
f 703/703 704/704 803/803
f 704/704 804/804 803/803
f 704/704 705/705 804/804
f 705/705 805/805 804/804
f 705/705 706/706 805/805
f 706/706 806/806 805/805
f 706/706 707/707 806/806
f 707/707 807/807 806/806
f 707/707 708/708 807/807
f 708/708 808/808 807/807
f 708/708 709/709 808/808
f 709/709 809/809 808/808
f 709/709 710/710 809/809
f 710/710 810/810 809/809
f 710/710 711/711 810/810
f 711/711 811/811 810/810
f 711/711 712/712 811/811
f 712/712 812/812 811/811
f 712/712 713/713 812/812
f 713/713 813/813 812/812
f 713/713 714/714 813/813
f 714/714 814/814 813/813
f 714/714 715/715 814/814
f 715/715 815/815 814/814
f 715/715 716/716 815/815
f 716/716 816/816 815/815
f 716/716 717/717 816/816
f 717/717 817/817 816/816
f 717/717 718/718 817/817
f 718/718 818/818 817/817
f 718/718 719/719 818/818
f 719/719 819/819 818/818
f 719/719 720/720 819/819
f 720/720 820/820 819/819
f 720/720 721/721 820/820
f 721/721 821/821 820/820
f 721/721 722/722 821/821
f 722/722 822/822 821/821
f 722/722 723/723 822/822
f 723/723 823/823 822/822
f 723/723 724/724 823/823
f 724/724 824/824 823/823
f 724/724 725/725 824/824
f 725/725 825/825 824/824
f 725/725 726/726 825/825
f 726/726 826/826 825/825
f 726/726 727/727 826/826
f 727/727 827/827 826/826
f 727/727 728/728 827/827
f 728/728 828/828 827/827
f 728/728 729/729 828/828
f 729/729 829/829 828/828
f 729/729 730/730 829/829
f 730/730 830/830 829/829
f 730/730 731/731 830/830
f 731/731 831/831 830/830
f 731/731 732/732 831/831
f 732/732 832/832 831/831
f 732/732 733/733 832/832
f 733/733 833/833 832/832
f 733/733 734/734 833/833
f 734/734 834/834 833/833
f 734/734 735/735 834/834
f 735/735 835/835 834/834
f 735/735 736/736 835/835
f 736/736 836/836 835/835
f 736/736 737/737 836/836
f 737/737 837/837 836/836
f 737/737 738/738 837/837
f 738/738 838/838 837/837
f 738/738 739/739 838/838
f 739/739 839/839 838/838
f 739/739 740/740 839/839
f 740/740 840/840 839/839
f 740/740 741/741 840/840
f 741/741 841/841 840/840
f 741/741 742/742 841/841
f 742/742 842/842 841/841
f 742/742 743/743 842/842
f 743/743 843/843 842/842
f 743/743 744/744 843/843
f 744/744 844/844 843/843
f 744/744 745/745 844/844
f 745/745 845/845 844/844
f 745/745 746/746 845/845
f 746/746 846/846 845/845
f 746/746 747/747 846/846
f 747/747 847/847 846/846
f 747/747 748/748 847/847
f 748/748 848/848 847/847
f 748/748 749/749 848/848
f 749/749 849/849 848/848
f 749/749 750/750 849/849
f 750/750 850/850 849/849
f 750/750 751/751 850/850
f 751/751 851/851 850/850
f 751/751 752/752 851/851
f 752/752 852/852 851/851
f 752/752 753/753 852/852
f 753/753 853/853 852/852
f 753/753 754/754 853/853
f 754/754 854/854 853/853
f 754/754 755/755 854/854
f 755/755 855/855 854/854
f 755/755 756/756 855/855
f 756/756 856/856 855/855
f 756/756 757/757 856/856
f 757/757 857/857 856/856
f 757/757 758/758 857/857
f 758/758 858/858 857/857
f 758/758 759/759 858/858
f 759/759 859/859 858/858
f 759/759 760/760 859/859
f 760/760 860/860 859/859
f 760/760 761/761 860/860
f 761/761 861/861 860/860
f 761/761 762/762 861/861
f 762/762 862/862 861/861
f 762/762 763/763 862/862
f 763/763 863/863 862/862
f 763/763 764/764 863/863
f 764/764 864/864 863/863
f 764/764 765/765 864/864
f 765/765 865/865 864/864
f 765/765 766/766 865/865
f 766/766 866/866 865/865
f 766/766 767/767 866/866
f 767/767 867/867 866/866
f 767/767 768/768 867/867
f 768/768 868/868 867/867
f 768/768 769/769 868/868
f 769/769 869/869 868/868
f 769/769 770/770 869/869
f 770/770 870/870 869/869
f 770/770 771/771 870/870
f 771/771 871/871 870/870
f 771/771 772/772 871/871
f 772/772 872/872 871/871
f 772/772 773/773 872/872
f 773/773 873/873 872/872
f 773/773 774/774 873/873
f 774/774 874/874 873/873
f 774/774 775/775 874/874
f 775/775 875/875 874/874
f 775/775 776/776 875/875
f 776/776 876/876 875/875
f 776/776 777/777 876/876
f 777/777 877/877 876/876
f 777/777 778/778 877/877
f 778/778 878/878 877/877
f 778/778 779/779 878/878
f 779/779 879/879 878/878
f 779/779 780/780 879/879
f 780/780 880/880 879/879
f 780/780 781/781 880/880
f 781/781 881/881 880/880
f 781/781 782/782 881/881
f 782/782 882/882 881/881
f 782/782 783/783 882/882
f 783/783 883/883 882/882
f 783/783 784/784 883/883
f 784/784 884/884 883/883
f 784/784 785/785 884/884
f 785/785 885/885 884/884
f 785/785 786/786 885/885
f 786/786 886/886 885/885
f 786/786 787/787 886/886
f 787/787 887/887 886/886
f 787/787 788/788 887/887
f 788/788 888/888 887/887
f 788/788 789/789 888/888
f 789/789 889/889 888/888
f 789/789 790/790 889/889
f 790/790 890/890 889/889
f 790/790 791/791 890/890
f 791/791 891/891 890/890
f 791/791 792/792 891/891
f 792/792 892/892 891/891
f 792/792 793/793 892/892
f 793/793 893/893 892/892
f 793/793 794/794 893/893
f 794/794 894/894 893/893
f 794/794 795/795 894/894
f 795/795 895/895 894/894
f 795/795 796/796 895/895
f 796/796 896/896 895/895
f 796/796 797/797 896/896
f 797/797 897/897 896/896
f 797/797 798/798 897/897
f 798/798 898/898 897/897
f 798/798 799/799 898/898
f 799/799 899/899 898/898
f 799/799 800/800 899/899
f 800/800 900/900 899/899
f 801/801 802/802 901/901
f 802/802 902/902 901/901
f 802/802 803/803 902/902
f 803/803 903/903 902/902
f 803/803 804/804 903/903
f 804/804 904/904 903/903
f 804/804 805/805 904/904
f 805/805 905/905 904/904
f 805/805 806/806 905/905
f 806/806 906/906 905/905
f 806/806 807/807 906/906
f 807/807 907/907 906/906
f 807/807 808/808 907/907
f 808/808 908/908 907/907
f 808/808 809/809 908/908
f 809/809 909/909 908/908
f 809/809 810/810 909/909
f 810/810 910/910 909/909
f 810/810 811/811 910/910
f 811/811 911/911 910/910
f 811/811 812/812 911/911
f 812/812 912/912 911/911
f 812/812 813/813 912/912
f 813/813 913/913 912/912
f 813/813 814/814 913/913
f 814/814 914/914 913/913
f 814/814 815/815 914/914
f 815/815 915/915 914/914
f 815/815 816/816 915/915
f 816/816 916/916 915/915
f 816/816 817/817 916/916
f 817/817 917/917 916/916
f 817/817 818/818 917/917
f 818/818 918/918 917/917
f 818/818 819/819 918/918
f 819/819 919/919 918/918
f 819/819 820/820 919/919
f 820/820 920/920 919/919
f 820/820 821/821 920/920
f 821/821 921/921 920/920
f 821/821 822/822 921/921
f 822/822 922/922 921/921
f 822/822 823/823 922/922
f 823/823 923/923 922/922
f 823/823 824/824 923/923
f 824/824 924/924 923/923
f 824/824 825/825 924/924
f 825/825 925/925 924/924
f 825/825 826/826 925/925
f 826/826 926/926 925/925
f 826/826 827/827 926/926
f 827/827 927/927 926/926
f 827/827 828/828 927/927
f 828/828 928/928 927/927
f 828/828 829/829 928/928
f 829/829 929/929 928/928
f 829/829 830/830 929/929
f 830/830 930/930 929/929
f 830/830 831/831 930/930
f 831/831 931/931 930/930
f 831/831 832/832 931/931
f 832/832 932/932 931/931
f 832/832 833/833 932/932
f 833/833 933/933 932/932
f 833/833 834/834 933/933
f 834/834 934/934 933/933
f 834/834 835/835 934/934
f 835/835 935/935 934/934
f 835/835 836/836 935/935
f 836/836 936/936 935/935
f 836/836 837/837 936/936
f 837/837 937/937 936/936
f 837/837 838/838 937/937
f 838/838 938/938 937/937
f 838/838 839/839 938/938
f 839/839 939/939 938/938
f 839/839 840/840 939/939
f 840/840 940/940 939/939
f 840/840 841/841 940/940
f 841/841 941/941 940/940
f 841/841 842/842 941/941
f 842/842 942/942 941/941
f 842/842 843/843 942/942
f 843/843 943/943 942/942
f 843/843 844/844 943/943
f 844/844 944/944 943/943
f 844/844 845/845 944/944
f 845/845 945/945 944/944
f 845/845 846/846 945/945
f 846/846 946/946 945/945
f 846/846 847/847 946/946
f 847/847 947/947 946/946
f 847/847 848/848 947/947
f 848/848 948/948 947/947
f 848/848 849/849 948/948
f 849/849 949/949 948/948
f 849/849 850/850 949/949
f 850/850 950/950 949/949
f 850/850 851/851 950/950
f 851/851 951/951 950/950
f 851/851 852/852 951/951
f 852/852 952/952 951/951
f 852/852 853/853 952/952
f 853/853 953/953 952/952
f 853/853 854/854 953/953
f 854/854 954/954 953/953
f 854/854 855/855 954/954
f 855/855 955/955 954/954
f 855/855 856/856 955/955
f 856/856 956/956 955/955
f 856/856 857/857 956/956
f 857/857 957/957 956/956
f 857/857 858/858 957/957
f 858/858 958/958 957/957
f 858/858 859/859 958/958
f 859/859 959/959 958/958
f 859/859 860/860 959/959
f 860/860 960/960 959/959
f 860/860 861/861 960/960
f 861/861 961/961 960/960
f 861/861 862/862 961/961
f 862/862 962/962 961/961
f 862/862 863/863 962/962
f 863/863 963/963 962/962
f 863/863 864/864 963/963
f 864/864 964/964 963/963
f 864/864 865/865 964/964
f 865/865 965/965 964/964
f 865/865 866/866 965/965
f 866/866 966/966 965/965
f 866/866 867/867 966/966
f 867/867 967/967 966/966
f 867/867 868/868 967/967
f 868/868 968/968 967/967
f 868/868 869/869 968/968
f 869/869 969/969 968/968
f 869/869 870/870 969/969
f 870/870 970/970 969/969
f 870/870 871/871 970/970
f 871/871 971/971 970/970
f 871/871 872/872 971/971
f 872/872 972/972 971/971
f 872/872 873/873 972/972
f 873/873 973/973 972/972
f 873/873 874/874 973/973
f 874/874 974/974 973/973
f 874/874 875/875 974/974
f 875/875 975/975 974/974
f 875/875 876/876 975/975
f 876/876 976/976 975/975
f 876/876 877/877 976/976
f 877/877 977/977 976/976
f 877/877 878/878 977/977
f 878/878 978/978 977/977
f 878/878 879/879 978/978
f 879/879 979/979 978/978
f 879/879 880/880 979/979
f 880/880 980/980 979/979
f 880/880 881/881 980/980
f 881/881 981/981 980/980
f 881/881 882/882 981/981
f 882/882 982/982 981/981
f 882/882 883/883 982/982
f 883/883 983/983 982/982
f 883/883 884/884 983/983
f 884/884 984/984 983/983
f 884/884 885/885 984/984
f 885/885 985/985 984/984
f 885/885 886/886 985/985
f 886/886 986/986 985/985
f 886/886 887/887 986/986
f 887/887 987/987 986/986
f 887/887 888/888 987/987
f 888/888 988/988 987/987
f 888/888 889/889 988/988
f 889/889 989/989 988/988
f 889/889 890/890 989/989
f 890/890 990/990 989/989
f 890/890 891/891 990/990
f 891/891 991/991 990/990
f 891/891 892/892 991/991
f 892/892 992/992 991/991
f 892/892 893/893 992/992
f 893/893 993/993 992/992
f 893/893 894/894 993/993
f 894/894 994/994 993/993
f 894/894 895/895 994/994
f 895/895 995/995 994/994
f 895/895 896/896 995/995
f 896/896 996/996 995/995
f 896/896 897/897 996/996
f 897/897 997/997 996/996
f 897/897 898/898 997/997
f 898/898 998/998 997/997
f 898/898 899/899 998/998
f 899/899 999/999 998/998
f 899/899 900/900 999/999
f 900/900 1000/1000 999/999
f 901/901 902/902 1001/1001
f 902/902 1002/1002 1001/1001
f 902/902 903/903 1002/1002
f 903/903 1003/1003 1002/1002
f 903/903 904/904 1003/1003
f 904/904 1004/1004 1003/1003
f 904/904 905/905 1004/1004
f 905/905 1005/1005 1004/1004
f 905/905 906/906 1005/1005
f 906/906 1006/1006 1005/1005
f 906/906 907/907 1006/1006
f 907/907 1007/1007 1006/1006
f 907/907 908/908 1007/1007
f 908/908 1008/1008 1007/1007
f 908/908 909/909 1008/1008
f 909/909 1009/1009 1008/1008
f 909/909 910/910 1009/1009
f 910/910 1010/1010 1009/1009
f 910/910 911/911 1010/1010
f 911/911 1011/1011 1010/1010
f 911/911 912/912 1011/1011
f 912/912 1012/1012 1011/1011
f 912/912 913/913 1012/1012
f 913/913 1013/1013 1012/1012
f 913/913 914/914 1013/1013
f 914/914 1014/1014 1013/1013
f 914/914 915/915 1014/1014
f 915/915 1015/1015 1014/1014
f 915/915 916/916 1015/1015
f 916/916 1016/1016 1015/1015
f 916/916 917/917 1016/1016
f 917/917 1017/1017 1016/1016
f 917/917 918/918 1017/1017
f 918/918 1018/1018 1017/1017
f 918/918 919/919 1018/1018
f 919/919 1019/1019 1018/1018
f 919/919 920/920 1019/1019
f 920/920 1020/1020 1019/1019
f 920/920 921/921 1020/1020
f 921/921 1021/1021 1020/1020
f 921/921 922/922 1021/1021
f 922/922 1022/1022 1021/1021
f 922/922 923/923 1022/1022
f 923/923 1023/1023 1022/1022
f 923/923 924/924 1023/1023
f 924/924 1024/1024 1023/1023
f 924/924 925/925 1024/1024
f 925/925 1025/1025 1024/1024
f 925/925 926/926 1025/1025
f 926/926 1026/1026 1025/1025
f 926/926 927/927 1026/1026
f 927/927 1027/1027 1026/1026
f 927/927 928/928 1027/1027
f 928/928 1028/1028 1027/1027
f 928/928 929/929 1028/1028
f 929/929 1029/1029 1028/1028
f 929/929 930/930 1029/1029
f 930/930 1030/1030 1029/1029
f 930/930 931/931 1030/1030
f 931/931 1031/1031 1030/1030
f 931/931 932/932 1031/1031
f 932/932 1032/1032 1031/1031
f 932/932 933/933 1032/1032
f 933/933 1033/1033 1032/1032
f 933/933 934/934 1033/1033
f 934/934 1034/1034 1033/1033
f 934/934 935/935 1034/1034
f 935/935 1035/1035 1034/1034
f 935/935 936/936 1035/1035
f 936/936 1036/1036 1035/1035
f 936/936 937/937 1036/1036
f 937/937 1037/1037 1036/1036
f 937/937 938/938 1037/1037
f 938/938 1038/1038 1037/1037
f 938/938 939/939 1038/1038
f 939/939 1039/1039 1038/1038
f 939/939 940/940 1039/1039
f 940/940 1040/1040 1039/1039
f 940/940 941/941 1040/1040
f 941/941 1041/1041 1040/1040
f 941/941 942/942 1041/1041
f 942/942 1042/1042 1041/1041
f 942/942 943/943 1042/1042
f 943/943 1043/1043 1042/1042
f 943/943 944/944 1043/1043
f 944/944 1044/1044 1043/1043
f 944/944 945/945 1044/1044
f 945/945 1045/1045 1044/1044
f 945/945 946/946 1045/1045
f 946/946 1046/1046 1045/1045
f 946/946 947/947 1046/1046
f 947/947 1047/1047 1046/1046
f 947/947 948/948 1047/1047
f 948/948 1048/1048 1047/1047
f 948/948 949/949 1048/1048
f 949/949 1049/1049 1048/1048
f 949/949 950/950 1049/1049
f 950/950 1050/1050 1049/1049
f 950/950 951/951 1050/1050
f 951/951 1051/1051 1050/1050
f 951/951 952/952 1051/1051
f 952/952 1052/1052 1051/1051
f 952/952 953/953 1052/1052
f 953/953 1053/1053 1052/1052
f 953/953 954/954 1053/1053
f 954/954 1054/1054 1053/1053
f 954/954 955/955 1054/1054
f 955/955 1055/1055 1054/1054
f 955/955 956/956 1055/1055
f 956/956 1056/1056 1055/1055
f 956/956 957/957 1056/1056
f 957/957 1057/1057 1056/1056
f 957/957 958/958 1057/1057
f 958/958 1058/1058 1057/1057
f 958/958 959/959 1058/1058
f 959/959 1059/1059 1058/1058
f 959/959 960/960 1059/1059
f 960/960 1060/1060 1059/1059
f 960/960 961/961 1060/1060
f 961/961 1061/1061 1060/1060
f 961/961 962/962 1061/1061
f 962/962 1062/1062 1061/1061
f 962/962 963/963 1062/1062
f 963/963 1063/1063 1062/1062
f 963/963 964/964 1063/1063
f 964/964 1064/1064 1063/1063
f 964/964 965/965 1064/1064
f 965/965 1065/1065 1064/1064
f 965/965 966/966 1065/1065
f 966/966 1066/1066 1065/1065
f 966/966 967/967 1066/1066
f 967/967 1067/1067 1066/1066
f 967/967 968/968 1067/1067
f 968/968 1068/1068 1067/1067
f 968/968 969/969 1068/1068
f 969/969 1069/1069 1068/1068
f 969/969 970/970 1069/1069
f 970/970 1070/1070 1069/1069
f 970/970 971/971 1070/1070
f 971/971 1071/1071 1070/1070
f 971/971 972/972 1071/1071
f 972/972 1072/1072 1071/1071
f 972/972 973/973 1072/1072
f 973/973 1073/1073 1072/1072
f 973/973 974/974 1073/1073
f 974/974 1074/1074 1073/1073
f 974/974 975/975 1074/1074
f 975/975 1075/1075 1074/1074
f 975/975 976/976 1075/1075
f 976/976 1076/1076 1075/1075
f 976/976 977/977 1076/1076
f 977/977 1077/1077 1076/1076
f 977/977 978/978 1077/1077
f 978/978 1078/1078 1077/1077
f 978/978 979/979 1078/1078
f 979/979 1079/1079 1078/1078
f 979/979 980/980 1079/1079
f 980/980 1080/1080 1079/1079
f 980/980 981/981 1080/1080
f 981/981 1081/1081 1080/1080
f 981/981 982/982 1081/1081
f 982/982 1082/1082 1081/1081
f 982/982 983/983 1082/1082
f 983/983 1083/1083 1082/1082
f 983/983 984/984 1083/1083
f 984/984 1084/1084 1083/1083
f 984/984 985/985 1084/1084
f 985/985 1085/1085 1084/1084
f 985/985 986/986 1085/1085
f 986/986 1086/1086 1085/1085
f 986/986 987/987 1086/1086
f 987/987 1087/1087 1086/1086
f 987/987 988/988 1087/1087
f 988/988 1088/1088 1087/1087
f 988/988 989/989 1088/1088
f 989/989 1089/1089 1088/1088
f 989/989 990/990 1089/1089
f 990/990 1090/1090 1089/1089
f 990/990 991/991 1090/1090
f 991/991 1091/1091 1090/1090
f 991/991 992/992 1091/1091
f 992/992 1092/1092 1091/1091
f 992/992 993/993 1092/1092
f 993/993 1093/1093 1092/1092
f 993/993 994/994 1093/1093
f 994/994 1094/1094 1093/1093
f 994/994 995/995 1094/1094
f 995/995 1095/1095 1094/1094
f 995/995 996/996 1095/1095
f 996/996 1096/1096 1095/1095
f 996/996 997/997 1096/1096
f 997/997 1097/1097 1096/1096
f 997/997 998/998 1097/1097
f 998/998 1098/1098 1097/1097
f 998/998 999/999 1098/1098
f 999/999 1099/1099 1098/1098
f 999/999 1000/1000 1099/1099
f 1000/1000 1100/1100 1099/1099
f 1001/1001 1002/1002 1101/1101
f 1002/1002 1102/1102 1101/1101
f 1002/1002 1003/1003 1102/1102
f 1003/1003 1103/1103 1102/1102
f 1003/1003 1004/1004 1103/1103
f 1004/1004 1104/1104 1103/1103
f 1004/1004 1005/1005 1104/1104
f 1005/1005 1105/1105 1104/1104
f 1005/1005 1006/1006 1105/1105
f 1006/1006 1106/1106 1105/1105
f 1006/1006 1007/1007 1106/1106
f 1007/1007 1107/1107 1106/1106
f 1007/1007 1008/1008 1107/1107
f 1008/1008 1108/1108 1107/1107
f 1008/1008 1009/1009 1108/1108
f 1009/1009 1109/1109 1108/1108
f 1009/1009 1010/1010 1109/1109
f 1010/1010 1110/1110 1109/1109
f 1010/1010 1011/1011 1110/1110
f 1011/1011 1111/1111 1110/1110
f 1011/1011 1012/1012 1111/1111
f 1012/1012 1112/1112 1111/1111
f 1012/1012 1013/1013 1112/1112
f 1013/1013 1113/1113 1112/1112
f 1013/1013 1014/1014 1113/1113
f 1014/1014 1114/1114 1113/1113
f 1014/1014 1015/1015 1114/1114
f 1015/1015 1115/1115 1114/1114
f 1015/1015 1016/1016 1115/1115
f 1016/1016 1116/1116 1115/1115
f 1016/1016 1017/1017 1116/1116
f 1017/1017 1117/1117 1116/1116
f 1017/1017 1018/1018 1117/1117
f 1018/1018 1118/1118 1117/1117
f 1018/1018 1019/1019 1118/1118
f 1019/1019 1119/1119 1118/1118
f 1019/1019 1020/1020 1119/1119
f 1020/1020 1120/1120 1119/1119
f 1020/1020 1021/1021 1120/1120
f 1021/1021 1121/1121 1120/1120
f 1021/1021 1022/1022 1121/1121
f 1022/1022 1122/1122 1121/1121
f 1022/1022 1023/1023 1122/1122
f 1023/1023 1123/1123 1122/1122
f 1023/1023 1024/1024 1123/1123
f 1024/1024 1124/1124 1123/1123
f 1024/1024 1025/1025 1124/1124
f 1025/1025 1125/1125 1124/1124
f 1025/1025 1026/1026 1125/1125
f 1026/1026 1126/1126 1125/1125
f 1026/1026 1027/1027 1126/1126
f 1027/1027 1127/1127 1126/1126
f 1027/1027 1028/1028 1127/1127
f 1028/1028 1128/1128 1127/1127
f 1028/1028 1029/1029 1128/1128
f 1029/1029 1129/1129 1128/1128
f 1029/1029 1030/1030 1129/1129
f 1030/1030 1130/1130 1129/1129
f 1030/1030 1031/1031 1130/1130
f 1031/1031 1131/1131 1130/1130
f 1031/1031 1032/1032 1131/1131
f 1032/1032 1132/1132 1131/1131
f 1032/1032 1033/1033 1132/1132
f 1033/1033 1133/1133 1132/1132
f 1033/1033 1034/1034 1133/1133
f 1034/1034 1134/1134 1133/1133
f 1034/1034 1035/1035 1134/1134
f 1035/1035 1135/1135 1134/1134
f 1035/1035 1036/1036 1135/1135
f 1036/1036 1136/1136 1135/1135
f 1036/1036 1037/1037 1136/1136
f 1037/1037 1137/1137 1136/1136
f 1037/1037 1038/1038 1137/1137
f 1038/1038 1138/1138 1137/1137
f 1038/1038 1039/1039 1138/1138
f 1039/1039 1139/1139 1138/1138
f 1039/1039 1040/1040 1139/1139
f 1040/1040 1140/1140 1139/1139
f 1040/1040 1041/1041 1140/1140
f 1041/1041 1141/1141 1140/1140
f 1041/1041 1042/1042 1141/1141
f 1042/1042 1142/1142 1141/1141
f 1042/1042 1043/1043 1142/1142
f 1043/1043 1143/1143 1142/1142
f 1043/1043 1044/1044 1143/1143
f 1044/1044 1144/1144 1143/1143
f 1044/1044 1045/1045 1144/1144
f 1045/1045 1145/1145 1144/1144
f 1045/1045 1046/1046 1145/1145
f 1046/1046 1146/1146 1145/1145
f 1046/1046 1047/1047 1146/1146
f 1047/1047 1147/1147 1146/1146
f 1047/1047 1048/1048 1147/1147
f 1048/1048 1148/1148 1147/1147
f 1048/1048 1049/1049 1148/1148
f 1049/1049 1149/1149 1148/1148
f 1049/1049 1050/1050 1149/1149
f 1050/1050 1150/1150 1149/1149
f 1050/1050 1051/1051 1150/1150
f 1051/1051 1151/1151 1150/1150
f 1051/1051 1052/1052 1151/1151
f 1052/1052 1152/1152 1151/1151
f 1052/1052 1053/1053 1152/1152
f 1053/1053 1153/1153 1152/1152
f 1053/1053 1054/1054 1153/1153
f 1054/1054 1154/1154 1153/1153
f 1054/1054 1055/1055 1154/1154
f 1055/1055 1155/1155 1154/1154
f 1055/1055 1056/1056 1155/1155
f 1056/1056 1156/1156 1155/1155
f 1056/1056 1057/1057 1156/1156
f 1057/1057 1157/1157 1156/1156
f 1057/1057 1058/1058 1157/1157
f 1058/1058 1158/1158 1157/1157
f 1058/1058 1059/1059 1158/1158
f 1059/1059 1159/1159 1158/1158
f 1059/1059 1060/1060 1159/1159
f 1060/1060 1160/1160 1159/1159
f 1060/1060 1061/1061 1160/1160
f 1061/1061 1161/1161 1160/1160
f 1061/1061 1062/1062 1161/1161
f 1062/1062 1162/1162 1161/1161
f 1062/1062 1063/1063 1162/1162
f 1063/1063 1163/1163 1162/1162
f 1063/1063 1064/1064 1163/1163
f 1064/1064 1164/1164 1163/1163
f 1064/1064 1065/1065 1164/1164
f 1065/1065 1165/1165 1164/1164
f 1065/1065 1066/1066 1165/1165
f 1066/1066 1166/1166 1165/1165
f 1066/1066 1067/1067 1166/1166
f 1067/1067 1167/1167 1166/1166
f 1067/1067 1068/1068 1167/1167
f 1068/1068 1168/1168 1167/1167
f 1068/1068 1069/1069 1168/1168
f 1069/1069 1169/1169 1168/1168
f 1069/1069 1070/1070 1169/1169
f 1070/1070 1170/1170 1169/1169
f 1070/1070 1071/1071 1170/1170
f 1071/1071 1171/1171 1170/1170
f 1071/1071 1072/1072 1171/1171
f 1072/1072 1172/1172 1171/1171
f 1072/1072 1073/1073 1172/1172
f 1073/1073 1173/1173 1172/1172
f 1073/1073 1074/1074 1173/1173
f 1074/1074 1174/1174 1173/1173
f 1074/1074 1075/1075 1174/1174
f 1075/1075 1175/1175 1174/1174
f 1075/1075 1076/1076 1175/1175
f 1076/1076 1176/1176 1175/1175
f 1076/1076 1077/1077 1176/1176
f 1077/1077 1177/1177 1176/1176
f 1077/1077 1078/1078 1177/1177
f 1078/1078 1178/1178 1177/1177
f 1078/1078 1079/1079 1178/1178
f 1079/1079 1179/1179 1178/1178
f 1079/1079 1080/1080 1179/1179
f 1080/1080 1180/1180 1179/1179
f 1080/1080 1081/1081 1180/1180
f 1081/1081 1181/1181 1180/1180
f 1081/1081 1082/1082 1181/1181
f 1082/1082 1182/1182 1181/1181
f 1082/1082 1083/1083 1182/1182
f 1083/1083 1183/1183 1182/1182
f 1083/1083 1084/1084 1183/1183
f 1084/1084 1184/1184 1183/1183
f 1084/1084 1085/1085 1184/1184
f 1085/1085 1185/1185 1184/1184
f 1085/1085 1086/1086 1185/1185
f 1086/1086 1186/1186 1185/1185
f 1086/1086 1087/1087 1186/1186
f 1087/1087 1187/1187 1186/1186
f 1087/1087 1088/1088 1187/1187
f 1088/1088 1188/1188 1187/1187
f 1088/1088 1089/1089 1188/1188
f 1089/1089 1189/1189 1188/1188
f 1089/1089 1090/1090 1189/1189
f 1090/1090 1190/1190 1189/1189
f 1090/1090 1091/1091 1190/1190
f 1091/1091 1191/1191 1190/1190
f 1091/1091 1092/1092 1191/1191
f 1092/1092 1192/1192 1191/1191
f 1092/1092 1093/1093 1192/1192
f 1093/1093 1193/1193 1192/1192
f 1093/1093 1094/1094 1193/1193
f 1094/1094 1194/1194 1193/1193
f 1094/1094 1095/1095 1194/1194
f 1095/1095 1195/1195 1194/1194
f 1095/1095 1096/1096 1195/1195
f 1096/1096 1196/1196 1195/1195
f 1096/1096 1097/1097 1196/1196
f 1097/1097 1197/1197 1196/1196
f 1097/1097 1098/1098 1197/1197
f 1098/1098 1198/1198 1197/1197
f 1098/1098 1099/1099 1198/1198
f 1099/1099 1199/1199 1198/1198
f 1099/1099 1100/1100 1199/1199
f 1100/1100 1200/1200 1199/1199
f 1101/1101 1102/1102 1201/1201
f 1102/1102 1202/1202 1201/1201
f 1102/1102 1103/1103 1202/1202
f 1103/1103 1203/1203 1202/1202
f 1103/1103 1104/1104 1203/1203
f 1104/1104 1204/1204 1203/1203
f 1104/1104 1105/1105 1204/1204
f 1105/1105 1205/1205 1204/1204
f 1105/1105 1106/1106 1205/1205
f 1106/1106 1206/1206 1205/1205
f 1106/1106 1107/1107 1206/1206
f 1107/1107 1207/1207 1206/1206
f 1107/1107 1108/1108 1207/1207
f 1108/1108 1208/1208 1207/1207
f 1108/1108 1109/1109 1208/1208
f 1109/1109 1209/1209 1208/1208
f 1109/1109 1110/1110 1209/1209
f 1110/1110 1210/1210 1209/1209
f 1110/1110 1111/1111 1210/1210
f 1111/1111 1211/1211 1210/1210
f 1111/1111 1112/1112 1211/1211
f 1112/1112 1212/1212 1211/1211
f 1112/1112 1113/1113 1212/1212
f 1113/1113 1213/1213 1212/1212
f 1113/1113 1114/1114 1213/1213
f 1114/1114 1214/1214 1213/1213
f 1114/1114 1115/1115 1214/1214
f 1115/1115 1215/1215 1214/1214
f 1115/1115 1116/1116 1215/1215
f 1116/1116 1216/1216 1215/1215
f 1116/1116 1117/1117 1216/1216
f 1117/1117 1217/1217 1216/1216
f 1117/1117 1118/1118 1217/1217
f 1118/1118 1218/1218 1217/1217
f 1118/1118 1119/1119 1218/1218
f 1119/1119 1219/1219 1218/1218
f 1119/1119 1120/1120 1219/1219
f 1120/1120 1220/1220 1219/1219
f 1120/1120 1121/1121 1220/1220
f 1121/1121 1221/1221 1220/1220
f 1121/1121 1122/1122 1221/1221
f 1122/1122 1222/1222 1221/1221
f 1122/1122 1123/1123 1222/1222
f 1123/1123 1223/1223 1222/1222
f 1123/1123 1124/1124 1223/1223
f 1124/1124 1224/1224 1223/1223
f 1124/1124 1125/1125 1224/1224
f 1125/1125 1225/1225 1224/1224
f 1125/1125 1126/1126 1225/1225
f 1126/1126 1226/1226 1225/1225
f 1126/1126 1127/1127 1226/1226
f 1127/1127 1227/1227 1226/1226
f 1127/1127 1128/1128 1227/1227
f 1128/1128 1228/1228 1227/1227
f 1128/1128 1129/1129 1228/1228
f 1129/1129 1229/1229 1228/1228
f 1129/1129 1130/1130 1229/1229
f 1130/1130 1230/1230 1229/1229
f 1130/1130 1131/1131 1230/1230
f 1131/1131 1231/1231 1230/1230
f 1131/1131 1132/1132 1231/1231
f 1132/1132 1232/1232 1231/1231
f 1132/1132 1133/1133 1232/1232
f 1133/1133 1233/1233 1232/1232
f 1133/1133 1134/1134 1233/1233
f 1134/1134 1234/1234 1233/1233
f 1134/1134 1135/1135 1234/1234
f 1135/1135 1235/1235 1234/1234
f 1135/1135 1136/1136 1235/1235
f 1136/1136 1236/1236 1235/1235
f 1136/1136 1137/1137 1236/1236
f 1137/1137 1237/1237 1236/1236
f 1137/1137 1138/1138 1237/1237
f 1138/1138 1238/1238 1237/1237
f 1138/1138 1139/1139 1238/1238
f 1139/1139 1239/1239 1238/1238
f 1139/1139 1140/1140 1239/1239
f 1140/1140 1240/1240 1239/1239
f 1140/1140 1141/1141 1240/1240
f 1141/1141 1241/1241 1240/1240
f 1141/1141 1142/1142 1241/1241
f 1142/1142 1242/1242 1241/1241
f 1142/1142 1143/1143 1242/1242
f 1143/1143 1243/1243 1242/1242
f 1143/1143 1144/1144 1243/1243
f 1144/1144 1244/1244 1243/1243
f 1144/1144 1145/1145 1244/1244
f 1145/1145 1245/1245 1244/1244
f 1145/1145 1146/1146 1245/1245
f 1146/1146 1246/1246 1245/1245
f 1146/1146 1147/1147 1246/1246
f 1147/1147 1247/1247 1246/1246
f 1147/1147 1148/1148 1247/1247
f 1148/1148 1248/1248 1247/1247
f 1148/1148 1149/1149 1248/1248
f 1149/1149 1249/1249 1248/1248
f 1149/1149 1150/1150 1249/1249
f 1150/1150 1250/1250 1249/1249
f 1150/1150 1151/1151 1250/1250
f 1151/1151 1251/1251 1250/1250
f 1151/1151 1152/1152 1251/1251
f 1152/1152 1252/1252 1251/1251
f 1152/1152 1153/1153 1252/1252
f 1153/1153 1253/1253 1252/1252
f 1153/1153 1154/1154 1253/1253
f 1154/1154 1254/1254 1253/1253
f 1154/1154 1155/1155 1254/1254
f 1155/1155 1255/1255 1254/1254
f 1155/1155 1156/1156 1255/1255
f 1156/1156 1256/1256 1255/1255
f 1156/1156 1157/1157 1256/1256
f 1157/1157 1257/1257 1256/1256
f 1157/1157 1158/1158 1257/1257
f 1158/1158 1258/1258 1257/1257
f 1158/1158 1159/1159 1258/1258
f 1159/1159 1259/1259 1258/1258
f 1159/1159 1160/1160 1259/1259
f 1160/1160 1260/1260 1259/1259
f 1160/1160 1161/1161 1260/1260
f 1161/1161 1261/1261 1260/1260
f 1161/1161 1162/1162 1261/1261
f 1162/1162 1262/1262 1261/1261
f 1162/1162 1163/1163 1262/1262
f 1163/1163 1263/1263 1262/1262
f 1163/1163 1164/1164 1263/1263
f 1164/1164 1264/1264 1263/1263
f 1164/1164 1165/1165 1264/1264
f 1165/1165 1265/1265 1264/1264
f 1165/1165 1166/1166 1265/1265
f 1166/1166 1266/1266 1265/1265
f 1166/1166 1167/1167 1266/1266
f 1167/1167 1267/1267 1266/1266
f 1167/1167 1168/1168 1267/1267
f 1168/1168 1268/1268 1267/1267
f 1168/1168 1169/1169 1268/1268
f 1169/1169 1269/1269 1268/1268
f 1169/1169 1170/1170 1269/1269
f 1170/1170 1270/1270 1269/1269
f 1170/1170 1171/1171 1270/1270
f 1171/1171 1271/1271 1270/1270
f 1171/1171 1172/1172 1271/1271
f 1172/1172 1272/1272 1271/1271
f 1172/1172 1173/1173 1272/1272
f 1173/1173 1273/1273 1272/1272
f 1173/1173 1174/1174 1273/1273
f 1174/1174 1274/1274 1273/1273
f 1174/1174 1175/1175 1274/1274
f 1175/1175 1275/1275 1274/1274
f 1175/1175 1176/1176 1275/1275
f 1176/1176 1276/1276 1275/1275
f 1176/1176 1177/1177 1276/1276
f 1177/1177 1277/1277 1276/1276
f 1177/1177 1178/1178 1277/1277
f 1178/1178 1278/1278 1277/1277
f 1178/1178 1179/1179 1278/1278
f 1179/1179 1279/1279 1278/1278
f 1179/1179 1180/1180 1279/1279
f 1180/1180 1280/1280 1279/1279
f 1180/1180 1181/1181 1280/1280
f 1181/1181 1281/1281 1280/1280
f 1181/1181 1182/1182 1281/1281
f 1182/1182 1282/1282 1281/1281
f 1182/1182 1183/1183 1282/1282
f 1183/1183 1283/1283 1282/1282
f 1183/1183 1184/1184 1283/1283
f 1184/1184 1284/1284 1283/1283
f 1184/1184 1185/1185 1284/1284
f 1185/1185 1285/1285 1284/1284
f 1185/1185 1186/1186 1285/1285
f 1186/1186 1286/1286 1285/1285
f 1186/1186 1187/1187 1286/1286
f 1187/1187 1287/1287 1286/1286
f 1187/1187 1188/1188 1287/1287
f 1188/1188 1288/1288 1287/1287
f 1188/1188 1189/1189 1288/1288
f 1189/1189 1289/1289 1288/1288
f 1189/1189 1190/1190 1289/1289
f 1190/1190 1290/1290 1289/1289
f 1190/1190 1191/1191 1290/1290
f 1191/1191 1291/1291 1290/1290
f 1191/1191 1192/1192 1291/1291
f 1192/1192 1292/1292 1291/1291
f 1192/1192 1193/1193 1292/1292
f 1193/1193 1293/1293 1292/1292
f 1193/1193 1194/1194 1293/1293
f 1194/1194 1294/1294 1293/1293
f 1194/1194 1195/1195 1294/1294
f 1195/1195 1295/1295 1294/1294
f 1195/1195 1196/1196 1295/1295
f 1196/1196 1296/1296 1295/1295
f 1196/1196 1197/1197 1296/1296
f 1197/1197 1297/1297 1296/1296
f 1197/1197 1198/1198 1297/1297
f 1198/1198 1298/1298 1297/1297
f 1198/1198 1199/1199 1298/1298
f 1199/1199 1299/1299 1298/1298
f 1199/1199 1200/1200 1299/1299
f 1200/1200 1300/1300 1299/1299
f 1201/1201 1202/1202 1301/1301
f 1202/1202 1302/1302 1301/1301
f 1202/1202 1203/1203 1302/1302
f 1203/1203 1303/1303 1302/1302
f 1203/1203 1204/1204 1303/1303
f 1204/1204 1304/1304 1303/1303
f 1204/1204 1205/1205 1304/1304
f 1205/1205 1305/1305 1304/1304
f 1205/1205 1206/1206 1305/1305
f 1206/1206 1306/1306 1305/1305
f 1206/1206 1207/1207 1306/1306
f 1207/1207 1307/1307 1306/1306
f 1207/1207 1208/1208 1307/1307
f 1208/1208 1308/1308 1307/1307
f 1208/1208 1209/1209 1308/1308
f 1209/1209 1309/1309 1308/1308
f 1209/1209 1210/1210 1309/1309
f 1210/1210 1310/1310 1309/1309
f 1210/1210 1211/1211 1310/1310
f 1211/1211 1311/1311 1310/1310
f 1211/1211 1212/1212 1311/1311
f 1212/1212 1312/1312 1311/1311
f 1212/1212 1213/1213 1312/1312
f 1213/1213 1313/1313 1312/1312
f 1213/1213 1214/1214 1313/1313
f 1214/1214 1314/1314 1313/1313
f 1214/1214 1215/1215 1314/1314
f 1215/1215 1315/1315 1314/1314
f 1215/1215 1216/1216 1315/1315
f 1216/1216 1316/1316 1315/1315
f 1216/1216 1217/1217 1316/1316
f 1217/1217 1317/1317 1316/1316
f 1217/1217 1218/1218 1317/1317
f 1218/1218 1318/1318 1317/1317
f 1218/1218 1219/1219 1318/1318
f 1219/1219 1319/1319 1318/1318
f 1219/1219 1220/1220 1319/1319
f 1220/1220 1320/1320 1319/1319
f 1220/1220 1221/1221 1320/1320
f 1221/1221 1321/1321 1320/1320
f 1221/1221 1222/1222 1321/1321
f 1222/1222 1322/1322 1321/1321
f 1222/1222 1223/1223 1322/1322
f 1223/1223 1323/1323 1322/1322
f 1223/1223 1224/1224 1323/1323
f 1224/1224 1324/1324 1323/1323
f 1224/1224 1225/1225 1324/1324
f 1225/1225 1325/1325 1324/1324
f 1225/1225 1226/1226 1325/1325
f 1226/1226 1326/1326 1325/1325
f 1226/1226 1227/1227 1326/1326
f 1227/1227 1327/1327 1326/1326
f 1227/1227 1228/1228 1327/1327
f 1228/1228 1328/1328 1327/1327
f 1228/1228 1229/1229 1328/1328
f 1229/1229 1329/1329 1328/1328
f 1229/1229 1230/1230 1329/1329
f 1230/1230 1330/1330 1329/1329
f 1230/1230 1231/1231 1330/1330
f 1231/1231 1331/1331 1330/1330
f 1231/1231 1232/1232 1331/1331
f 1232/1232 1332/1332 1331/1331
f 1232/1232 1233/1233 1332/1332
f 1233/1233 1333/1333 1332/1332
f 1233/1233 1234/1234 1333/1333
f 1234/1234 1334/1334 1333/1333
f 1234/1234 1235/1235 1334/1334
f 1235/1235 1335/1335 1334/1334
f 1235/1235 1236/1236 1335/1335
f 1236/1236 1336/1336 1335/1335
f 1236/1236 1237/1237 1336/1336
f 1237/1237 1337/1337 1336/1336
f 1237/1237 1238/1238 1337/1337
f 1238/1238 1338/1338 1337/1337
f 1238/1238 1239/1239 1338/1338
f 1239/1239 1339/1339 1338/1338
f 1239/1239 1240/1240 1339/1339
f 1240/1240 1340/1340 1339/1339
f 1240/1240 1241/1241 1340/1340
f 1241/1241 1341/1341 1340/1340
f 1241/1241 1242/1242 1341/1341
f 1242/1242 1342/1342 1341/1341
f 1242/1242 1243/1243 1342/1342
f 1243/1243 1343/1343 1342/1342
f 1243/1243 1244/1244 1343/1343
f 1244/1244 1344/1344 1343/1343
f 1244/1244 1245/1245 1344/1344
f 1245/1245 1345/1345 1344/1344
f 1245/1245 1246/1246 1345/1345
f 1246/1246 1346/1346 1345/1345
f 1246/1246 1247/1247 1346/1346
f 1247/1247 1347/1347 1346/1346
f 1247/1247 1248/1248 1347/1347
f 1248/1248 1348/1348 1347/1347
f 1248/1248 1249/1249 1348/1348
f 1249/1249 1349/1349 1348/1348
f 1249/1249 1250/1250 1349/1349
f 1250/1250 1350/1350 1349/1349
f 1250/1250 1251/1251 1350/1350
f 1251/1251 1351/1351 1350/1350
f 1251/1251 1252/1252 1351/1351
f 1252/1252 1352/1352 1351/1351
f 1252/1252 1253/1253 1352/1352
f 1253/1253 1353/1353 1352/1352
f 1253/1253 1254/1254 1353/1353
f 1254/1254 1354/1354 1353/1353
f 1254/1254 1255/1255 1354/1354
f 1255/1255 1355/1355 1354/1354
f 1255/1255 1256/1256 1355/1355
f 1256/1256 1356/1356 1355/1355
f 1256/1256 1257/1257 1356/1356
f 1257/1257 1357/1357 1356/1356
f 1257/1257 1258/1258 1357/1357
f 1258/1258 1358/1358 1357/1357
f 1258/1258 1259/1259 1358/1358
f 1259/1259 1359/1359 1358/1358
f 1259/1259 1260/1260 1359/1359
f 1260/1260 1360/1360 1359/1359
f 1260/1260 1261/1261 1360/1360
f 1261/1261 1361/1361 1360/1360
f 1261/1261 1262/1262 1361/1361
f 1262/1262 1362/1362 1361/1361
f 1262/1262 1263/1263 1362/1362
f 1263/1263 1363/1363 1362/1362
f 1263/1263 1264/1264 1363/1363
f 1264/1264 1364/1364 1363/1363
f 1264/1264 1265/1265 1364/1364
f 1265/1265 1365/1365 1364/1364
f 1265/1265 1266/1266 1365/1365
f 1266/1266 1366/1366 1365/1365
f 1266/1266 1267/1267 1366/1366
f 1267/1267 1367/1367 1366/1366
f 1267/1267 1268/1268 1367/1367
f 1268/1268 1368/1368 1367/1367
f 1268/1268 1269/1269 1368/1368
f 1269/1269 1369/1369 1368/1368
f 1269/1269 1270/1270 1369/1369
f 1270/1270 1370/1370 1369/1369
f 1270/1270 1271/1271 1370/1370
f 1271/1271 1371/1371 1370/1370
f 1271/1271 1272/1272 1371/1371
f 1272/1272 1372/1372 1371/1371
f 1272/1272 1273/1273 1372/1372
f 1273/1273 1373/1373 1372/1372
f 1273/1273 1274/1274 1373/1373
f 1274/1274 1374/1374 1373/1373
f 1274/1274 1275/1275 1374/1374
f 1275/1275 1375/1375 1374/1374
f 1275/1275 1276/1276 1375/1375
f 1276/1276 1376/1376 1375/1375
f 1276/1276 1277/1277 1376/1376
f 1277/1277 1377/1377 1376/1376
f 1277/1277 1278/1278 1377/1377
f 1278/1278 1378/1378 1377/1377
f 1278/1278 1279/1279 1378/1378
f 1279/1279 1379/1379 1378/1378
f 1279/1279 1280/1280 1379/1379
f 1280/1280 1380/1380 1379/1379
f 1280/1280 1281/1281 1380/1380
f 1281/1281 1381/1381 1380/1380
f 1281/1281 1282/1282 1381/1381
f 1282/1282 1382/1382 1381/1381
f 1282/1282 1283/1283 1382/1382
f 1283/1283 1383/1383 1382/1382
f 1283/1283 1284/1284 1383/1383
f 1284/1284 1384/1384 1383/1383
f 1284/1284 1285/1285 1384/1384
f 1285/1285 1385/1385 1384/1384
f 1285/1285 1286/1286 1385/1385
f 1286/1286 1386/1386 1385/1385
f 1286/1286 1287/1287 1386/1386
f 1287/1287 1387/1387 1386/1386
f 1287/1287 1288/1288 1387/1387
f 1288/1288 1388/1388 1387/1387
f 1288/1288 1289/1289 1388/1388
f 1289/1289 1389/1389 1388/1388
f 1289/1289 1290/1290 1389/1389
f 1290/1290 1390/1390 1389/1389
f 1290/1290 1291/1291 1390/1390
f 1291/1291 1391/1391 1390/1390
f 1291/1291 1292/1292 1391/1391
f 1292/1292 1392/1392 1391/1391
f 1292/1292 1293/1293 1392/1392
f 1293/1293 1393/1393 1392/1392
f 1293/1293 1294/1294 1393/1393
f 1294/1294 1394/1394 1393/1393
f 1294/1294 1295/1295 1394/1394
f 1295/1295 1395/1395 1394/1394
f 1295/1295 1296/1296 1395/1395
f 1296/1296 1396/1396 1395/1395
f 1296/1296 1297/1297 1396/1396
f 1297/1297 1397/1397 1396/1396
f 1297/1297 1298/1298 1397/1397
f 1298/1298 1398/1398 1397/1397
f 1298/1298 1299/1299 1398/1398
f 1299/1299 1399/1399 1398/1398
f 1299/1299 1300/1300 1399/1399
f 1300/1300 1400/1400 1399/1399
f 1301/1301 1302/1302 1401/1401
f 1302/1302 1402/1402 1401/1401
f 1302/1302 1303/1303 1402/1402
f 1303/1303 1403/1403 1402/1402
f 1303/1303 1304/1304 1403/1403
f 1304/1304 1404/1404 1403/1403
f 1304/1304 1305/1305 1404/1404
f 1305/1305 1405/1405 1404/1404
f 1305/1305 1306/1306 1405/1405
f 1306/1306 1406/1406 1405/1405
f 1306/1306 1307/1307 1406/1406
f 1307/1307 1407/1407 1406/1406
f 1307/1307 1308/1308 1407/1407
f 1308/1308 1408/1408 1407/1407
f 1308/1308 1309/1309 1408/1408
f 1309/1309 1409/1409 1408/1408
f 1309/1309 1310/1310 1409/1409
f 1310/1310 1410/1410 1409/1409
f 1310/1310 1311/1311 1410/1410
f 1311/1311 1411/1411 1410/1410
f 1311/1311 1312/1312 1411/1411
f 1312/1312 1412/1412 1411/1411
f 1312/1312 1313/1313 1412/1412
f 1313/1313 1413/1413 1412/1412
f 1313/1313 1314/1314 1413/1413
f 1314/1314 1414/1414 1413/1413
f 1314/1314 1315/1315 1414/1414
f 1315/1315 1415/1415 1414/1414
f 1315/1315 1316/1316 1415/1415
f 1316/1316 1416/1416 1415/1415
f 1316/1316 1317/1317 1416/1416
f 1317/1317 1417/1417 1416/1416
f 1317/1317 1318/1318 1417/1417
f 1318/1318 1418/1418 1417/1417
f 1318/1318 1319/1319 1418/1418
f 1319/1319 1419/1419 1418/1418
f 1319/1319 1320/1320 1419/1419
f 1320/1320 1420/1420 1419/1419
f 1320/1320 1321/1321 1420/1420
f 1321/1321 1421/1421 1420/1420
f 1321/1321 1322/1322 1421/1421
f 1322/1322 1422/1422 1421/1421
f 1322/1322 1323/1323 1422/1422
f 1323/1323 1423/1423 1422/1422
f 1323/1323 1324/1324 1423/1423
f 1324/1324 1424/1424 1423/1423
f 1324/1324 1325/1325 1424/1424
f 1325/1325 1425/1425 1424/1424
f 1325/1325 1326/1326 1425/1425
f 1326/1326 1426/1426 1425/1425
f 1326/1326 1327/1327 1426/1426
f 1327/1327 1427/1427 1426/1426
f 1327/1327 1328/1328 1427/1427
f 1328/1328 1428/1428 1427/1427
f 1328/1328 1329/1329 1428/1428
f 1329/1329 1429/1429 1428/1428
f 1329/1329 1330/1330 1429/1429
f 1330/1330 1430/1430 1429/1429
f 1330/1330 1331/1331 1430/1430
f 1331/1331 1431/1431 1430/1430
f 1331/1331 1332/1332 1431/1431
f 1332/1332 1432/1432 1431/1431
f 1332/1332 1333/1333 1432/1432
f 1333/1333 1433/1433 1432/1432
f 1333/1333 1334/1334 1433/1433
f 1334/1334 1434/1434 1433/1433
f 1334/1334 1335/1335 1434/1434
f 1335/1335 1435/1435 1434/1434
f 1335/1335 1336/1336 1435/1435
f 1336/1336 1436/1436 1435/1435
f 1336/1336 1337/1337 1436/1436
f 1337/1337 1437/1437 1436/1436
f 1337/1337 1338/1338 1437/1437
f 1338/1338 1438/1438 1437/1437
f 1338/1338 1339/1339 1438/1438
f 1339/1339 1439/1439 1438/1438
f 1339/1339 1340/1340 1439/1439
f 1340/1340 1440/1440 1439/1439
f 1340/1340 1341/1341 1440/1440
f 1341/1341 1441/1441 1440/1440
f 1341/1341 1342/1342 1441/1441
f 1342/1342 1442/1442 1441/1441
f 1342/1342 1343/1343 1442/1442
f 1343/1343 1443/1443 1442/1442
f 1343/1343 1344/1344 1443/1443
f 1344/1344 1444/1444 1443/1443
f 1344/1344 1345/1345 1444/1444
f 1345/1345 1445/1445 1444/1444
f 1345/1345 1346/1346 1445/1445
f 1346/1346 1446/1446 1445/1445
f 1346/1346 1347/1347 1446/1446
f 1347/1347 1447/1447 1446/1446
f 1347/1347 1348/1348 1447/1447
f 1348/1348 1448/1448 1447/1447
f 1348/1348 1349/1349 1448/1448
f 1349/1349 1449/1449 1448/1448
f 1349/1349 1350/1350 1449/1449
f 1350/1350 1450/1450 1449/1449
f 1350/1350 1351/1351 1450/1450
f 1351/1351 1451/1451 1450/1450
f 1351/1351 1352/1352 1451/1451
f 1352/1352 1452/1452 1451/1451
f 1352/1352 1353/1353 1452/1452
f 1353/1353 1453/1453 1452/1452
f 1353/1353 1354/1354 1453/1453
f 1354/1354 1454/1454 1453/1453
f 1354/1354 1355/1355 1454/1454
f 1355/1355 1455/1455 1454/1454
f 1355/1355 1356/1356 1455/1455
f 1356/1356 1456/1456 1455/1455
f 1356/1356 1357/1357 1456/1456
f 1357/1357 1457/1457 1456/1456
f 1357/1357 1358/1358 1457/1457
f 1358/1358 1458/1458 1457/1457
f 1358/1358 1359/1359 1458/1458
f 1359/1359 1459/1459 1458/1458
f 1359/1359 1360/1360 1459/1459
f 1360/1360 1460/1460 1459/1459
f 1360/1360 1361/1361 1460/1460
f 1361/1361 1461/1461 1460/1460
f 1361/1361 1362/1362 1461/1461
f 1362/1362 1462/1462 1461/1461
f 1362/1362 1363/1363 1462/1462
f 1363/1363 1463/1463 1462/1462
f 1363/1363 1364/1364 1463/1463
f 1364/1364 1464/1464 1463/1463
f 1364/1364 1365/1365 1464/1464
f 1365/1365 1465/1465 1464/1464
f 1365/1365 1366/1366 1465/1465
f 1366/1366 1466/1466 1465/1465
f 1366/1366 1367/1367 1466/1466
f 1367/1367 1467/1467 1466/1466
f 1367/1367 1368/1368 1467/1467
f 1368/1368 1468/1468 1467/1467
f 1368/1368 1369/1369 1468/1468
f 1369/1369 1469/1469 1468/1468
f 1369/1369 1370/1370 1469/1469
f 1370/1370 1470/1470 1469/1469
f 1370/1370 1371/1371 1470/1470
f 1371/1371 1471/1471 1470/1470
f 1371/1371 1372/1372 1471/1471
f 1372/1372 1472/1472 1471/1471
f 1372/1372 1373/1373 1472/1472
f 1373/1373 1473/1473 1472/1472
f 1373/1373 1374/1374 1473/1473
f 1374/1374 1474/1474 1473/1473
f 1374/1374 1375/1375 1474/1474
f 1375/1375 1475/1475 1474/1474
f 1375/1375 1376/1376 1475/1475
f 1376/1376 1476/1476 1475/1475
f 1376/1376 1377/1377 1476/1476
f 1377/1377 1477/1477 1476/1476
f 1377/1377 1378/1378 1477/1477
f 1378/1378 1478/1478 1477/1477
f 1378/1378 1379/1379 1478/1478
f 1379/1379 1479/1479 1478/1478
f 1379/1379 1380/1380 1479/1479
f 1380/1380 1480/1480 1479/1479
f 1380/1380 1381/1381 1480/1480
f 1381/1381 1481/1481 1480/1480
f 1381/1381 1382/1382 1481/1481
f 1382/1382 1482/1482 1481/1481
f 1382/1382 1383/1383 1482/1482
f 1383/1383 1483/1483 1482/1482
f 1383/1383 1384/1384 1483/1483
f 1384/1384 1484/1484 1483/1483
f 1384/1384 1385/1385 1484/1484
f 1385/1385 1485/1485 1484/1484
f 1385/1385 1386/1386 1485/1485
f 1386/1386 1486/1486 1485/1485
f 1386/1386 1387/1387 1486/1486
f 1387/1387 1487/1487 1486/1486
f 1387/1387 1388/1388 1487/1487
f 1388/1388 1488/1488 1487/1487
f 1388/1388 1389/1389 1488/1488
f 1389/1389 1489/1489 1488/1488
f 1389/1389 1390/1390 1489/1489
f 1390/1390 1490/1490 1489/1489
f 1390/1390 1391/1391 1490/1490
f 1391/1391 1491/1491 1490/1490
f 1391/1391 1392/1392 1491/1491
f 1392/1392 1492/1492 1491/1491
f 1392/1392 1393/1393 1492/1492
f 1393/1393 1493/1493 1492/1492
f 1393/1393 1394/1394 1493/1493
f 1394/1394 1494/1494 1493/1493
f 1394/1394 1395/1395 1494/1494
f 1395/1395 1495/1495 1494/1494
f 1395/1395 1396/1396 1495/1495
f 1396/1396 1496/1496 1495/1495
f 1396/1396 1397/1397 1496/1496
f 1397/1397 1497/1497 1496/1496
f 1397/1397 1398/1398 1497/1497
f 1398/1398 1498/1498 1497/1497
f 1398/1398 1399/1399 1498/1498
f 1399/1399 1499/1499 1498/1498
f 1399/1399 1400/1400 1499/1499
f 1400/1400 1500/1500 1499/1499
f 1401/1401 1402/1402 1501/1501
f 1402/1402 1502/1502 1501/1501
f 1402/1402 1403/1403 1502/1502
f 1403/1403 1503/1503 1502/1502
f 1403/1403 1404/1404 1503/1503
f 1404/1404 1504/1504 1503/1503
f 1404/1404 1405/1405 1504/1504
f 1405/1405 1505/1505 1504/1504
f 1405/1405 1406/1406 1505/1505
f 1406/1406 1506/1506 1505/1505
f 1406/1406 1407/1407 1506/1506
f 1407/1407 1507/1507 1506/1506
f 1407/1407 1408/1408 1507/1507
f 1408/1408 1508/1508 1507/1507
f 1408/1408 1409/1409 1508/1508
f 1409/1409 1509/1509 1508/1508
f 1409/1409 1410/1410 1509/1509
f 1410/1410 1510/1510 1509/1509
f 1410/1410 1411/1411 1510/1510
f 1411/1411 1511/1511 1510/1510
f 1411/1411 1412/1412 1511/1511
f 1412/1412 1512/1512 1511/1511
f 1412/1412 1413/1413 1512/1512
f 1413/1413 1513/1513 1512/1512
f 1413/1413 1414/1414 1513/1513
f 1414/1414 1514/1514 1513/1513
f 1414/1414 1415/1415 1514/1514
f 1415/1415 1515/1515 1514/1514
f 1415/1415 1416/1416 1515/1515
f 1416/1416 1516/1516 1515/1515
f 1416/1416 1417/1417 1516/1516
f 1417/1417 1517/1517 1516/1516
f 1417/1417 1418/1418 1517/1517
f 1418/1418 1518/1518 1517/1517
f 1418/1418 1419/1419 1518/1518
f 1419/1419 1519/1519 1518/1518
f 1419/1419 1420/1420 1519/1519
f 1420/1420 1520/1520 1519/1519
f 1420/1420 1421/1421 1520/1520
f 1421/1421 1521/1521 1520/1520
f 1421/1421 1422/1422 1521/1521
f 1422/1422 1522/1522 1521/1521
f 1422/1422 1423/1423 1522/1522
f 1423/1423 1523/1523 1522/1522
f 1423/1423 1424/1424 1523/1523
f 1424/1424 1524/1524 1523/1523
f 1424/1424 1425/1425 1524/1524
f 1425/1425 1525/1525 1524/1524
f 1425/1425 1426/1426 1525/1525
f 1426/1426 1526/1526 1525/1525
f 1426/1426 1427/1427 1526/1526
f 1427/1427 1527/1527 1526/1526
f 1427/1427 1428/1428 1527/1527
f 1428/1428 1528/1528 1527/1527
f 1428/1428 1429/1429 1528/1528
f 1429/1429 1529/1529 1528/1528
f 1429/1429 1430/1430 1529/1529
f 1430/1430 1530/1530 1529/1529
f 1430/1430 1431/1431 1530/1530
f 1431/1431 1531/1531 1530/1530
f 1431/1431 1432/1432 1531/1531
f 1432/1432 1532/1532 1531/1531
f 1432/1432 1433/1433 1532/1532
f 1433/1433 1533/1533 1532/1532
f 1433/1433 1434/1434 1533/1533
f 1434/1434 1534/1534 1533/1533
f 1434/1434 1435/1435 1534/1534
f 1435/1435 1535/1535 1534/1534
f 1435/1435 1436/1436 1535/1535
f 1436/1436 1536/1536 1535/1535
f 1436/1436 1437/1437 1536/1536
f 1437/1437 1537/1537 1536/1536
f 1437/1437 1438/1438 1537/1537
f 1438/1438 1538/1538 1537/1537
f 1438/1438 1439/1439 1538/1538
f 1439/1439 1539/1539 1538/1538
f 1439/1439 1440/1440 1539/1539
f 1440/1440 1540/1540 1539/1539
f 1440/1440 1441/1441 1540/1540
f 1441/1441 1541/1541 1540/1540
f 1441/1441 1442/1442 1541/1541
f 1442/1442 1542/1542 1541/1541
f 1442/1442 1443/1443 1542/1542
f 1443/1443 1543/1543 1542/1542
f 1443/1443 1444/1444 1543/1543
f 1444/1444 1544/1544 1543/1543
f 1444/1444 1445/1445 1544/1544
f 1445/1445 1545/1545 1544/1544
f 1445/1445 1446/1446 1545/1545
f 1446/1446 1546/1546 1545/1545
f 1446/1446 1447/1447 1546/1546
f 1447/1447 1547/1547 1546/1546
f 1447/1447 1448/1448 1547/1547
f 1448/1448 1548/1548 1547/1547
f 1448/1448 1449/1449 1548/1548
f 1449/1449 1549/1549 1548/1548
f 1449/1449 1450/1450 1549/1549
f 1450/1450 1550/1550 1549/1549
f 1450/1450 1451/1451 1550/1550
f 1451/1451 1551/1551 1550/1550
f 1451/1451 1452/1452 1551/1551
f 1452/1452 1552/1552 1551/1551
f 1452/1452 1453/1453 1552/1552
f 1453/1453 1553/1553 1552/1552
f 1453/1453 1454/1454 1553/1553
f 1454/1454 1554/1554 1553/1553
f 1454/1454 1455/1455 1554/1554
f 1455/1455 1555/1555 1554/1554
f 1455/1455 1456/1456 1555/1555
f 1456/1456 1556/1556 1555/1555
f 1456/1456 1457/1457 1556/1556
f 1457/1457 1557/1557 1556/1556
f 1457/1457 1458/1458 1557/1557
f 1458/1458 1558/1558 1557/1557
f 1458/1458 1459/1459 1558/1558
f 1459/1459 1559/1559 1558/1558
f 1459/1459 1460/1460 1559/1559
f 1460/1460 1560/1560 1559/1559
f 1460/1460 1461/1461 1560/1560
f 1461/1461 1561/1561 1560/1560
f 1461/1461 1462/1462 1561/1561
f 1462/1462 1562/1562 1561/1561
f 1462/1462 1463/1463 1562/1562
f 1463/1463 1563/1563 1562/1562
f 1463/1463 1464/1464 1563/1563
f 1464/1464 1564/1564 1563/1563
f 1464/1464 1465/1465 1564/1564
f 1465/1465 1565/1565 1564/1564
f 1465/1465 1466/1466 1565/1565
f 1466/1466 1566/1566 1565/1565
f 1466/1466 1467/1467 1566/1566
f 1467/1467 1567/1567 1566/1566
f 1467/1467 1468/1468 1567/1567
f 1468/1468 1568/1568 1567/1567
f 1468/1468 1469/1469 1568/1568
f 1469/1469 1569/1569 1568/1568
f 1469/1469 1470/1470 1569/1569
f 1470/1470 1570/1570 1569/1569
f 1470/1470 1471/1471 1570/1570
f 1471/1471 1571/1571 1570/1570
f 1471/1471 1472/1472 1571/1571
f 1472/1472 1572/1572 1571/1571
f 1472/1472 1473/1473 1572/1572
f 1473/1473 1573/1573 1572/1572
f 1473/1473 1474/1474 1573/1573
f 1474/1474 1574/1574 1573/1573
f 1474/1474 1475/1475 1574/1574
f 1475/1475 1575/1575 1574/1574
f 1475/1475 1476/1476 1575/1575
f 1476/1476 1576/1576 1575/1575
f 1476/1476 1477/1477 1576/1576
f 1477/1477 1577/1577 1576/1576
f 1477/1477 1478/1478 1577/1577
f 1478/1478 1578/1578 1577/1577
f 1478/1478 1479/1479 1578/1578
f 1479/1479 1579/1579 1578/1578
f 1479/1479 1480/1480 1579/1579
f 1480/1480 1580/1580 1579/1579
f 1480/1480 1481/1481 1580/1580
f 1481/1481 1581/1581 1580/1580
f 1481/1481 1482/1482 1581/1581
f 1482/1482 1582/1582 1581/1581
f 1482/1482 1483/1483 1582/1582
f 1483/1483 1583/1583 1582/1582
f 1483/1483 1484/1484 1583/1583
f 1484/1484 1584/1584 1583/1583
f 1484/1484 1485/1485 1584/1584
f 1485/1485 1585/1585 1584/1584
f 1485/1485 1486/1486 1585/1585
f 1486/1486 1586/1586 1585/1585
f 1486/1486 1487/1487 1586/1586
f 1487/1487 1587/1587 1586/1586
f 1487/1487 1488/1488 1587/1587
f 1488/1488 1588/1588 1587/1587
f 1488/1488 1489/1489 1588/1588
f 1489/1489 1589/1589 1588/1588
f 1489/1489 1490/1490 1589/1589
f 1490/1490 1590/1590 1589/1589
f 1490/1490 1491/1491 1590/1590
f 1491/1491 1591/1591 1590/1590
f 1491/1491 1492/1492 1591/1591
f 1492/1492 1592/1592 1591/1591
f 1492/1492 1493/1493 1592/1592
f 1493/1493 1593/1593 1592/1592
f 1493/1493 1494/1494 1593/1593
f 1494/1494 1594/1594 1593/1593
f 1494/1494 1495/1495 1594/1594
f 1495/1495 1595/1595 1594/1594
f 1495/1495 1496/1496 1595/1595
f 1496/1496 1596/1596 1595/1595
f 1496/1496 1497/1497 1596/1596
f 1497/1497 1597/1597 1596/1596
f 1497/1497 1498/1498 1597/1597
f 1498/1498 1598/1598 1597/1597
f 1498/1498 1499/1499 1598/1598
f 1499/1499 1599/1599 1598/1598
f 1499/1499 1500/1500 1599/1599
f 1500/1500 1600/1600 1599/1599
f 1501/1501 1502/1502 1601/1601
f 1502/1502 1602/1602 1601/1601
f 1502/1502 1503/1503 1602/1602
f 1503/1503 1603/1603 1602/1602
f 1503/1503 1504/1504 1603/1603
f 1504/1504 1604/1604 1603/1603
f 1504/1504 1505/1505 1604/1604
f 1505/1505 1605/1605 1604/1604
f 1505/1505 1506/1506 1605/1605
f 1506/1506 1606/1606 1605/1605
f 1506/1506 1507/1507 1606/1606
f 1507/1507 1607/1607 1606/1606
f 1507/1507 1508/1508 1607/1607
f 1508/1508 1608/1608 1607/1607
f 1508/1508 1509/1509 1608/1608
f 1509/1509 1609/1609 1608/1608
f 1509/1509 1510/1510 1609/1609
f 1510/1510 1610/1610 1609/1609
f 1510/1510 1511/1511 1610/1610
f 1511/1511 1611/1611 1610/1610
f 1511/1511 1512/1512 1611/1611
f 1512/1512 1612/1612 1611/1611
f 1512/1512 1513/1513 1612/1612
f 1513/1513 1613/1613 1612/1612
f 1513/1513 1514/1514 1613/1613
f 1514/1514 1614/1614 1613/1613
f 1514/1514 1515/1515 1614/1614
f 1515/1515 1615/1615 1614/1614
f 1515/1515 1516/1516 1615/1615
f 1516/1516 1616/1616 1615/1615
f 1516/1516 1517/1517 1616/1616
f 1517/1517 1617/1617 1616/1616
f 1517/1517 1518/1518 1617/1617
f 1518/1518 1618/1618 1617/1617
f 1518/1518 1519/1519 1618/1618
f 1519/1519 1619/1619 1618/1618
f 1519/1519 1520/1520 1619/1619
f 1520/1520 1620/1620 1619/1619
f 1520/1520 1521/1521 1620/1620
f 1521/1521 1621/1621 1620/1620
f 1521/1521 1522/1522 1621/1621
f 1522/1522 1622/1622 1621/1621
f 1522/1522 1523/1523 1622/1622
f 1523/1523 1623/1623 1622/1622
f 1523/1523 1524/1524 1623/1623
f 1524/1524 1624/1624 1623/1623
f 1524/1524 1525/1525 1624/1624
f 1525/1525 1625/1625 1624/1624
f 1525/1525 1526/1526 1625/1625
f 1526/1526 1626/1626 1625/1625
f 1526/1526 1527/1527 1626/1626
f 1527/1527 1627/1627 1626/1626
f 1527/1527 1528/1528 1627/1627
f 1528/1528 1628/1628 1627/1627
f 1528/1528 1529/1529 1628/1628
f 1529/1529 1629/1629 1628/1628
f 1529/1529 1530/1530 1629/1629
f 1530/1530 1630/1630 1629/1629
f 1530/1530 1531/1531 1630/1630
f 1531/1531 1631/1631 1630/1630
f 1531/1531 1532/1532 1631/1631
f 1532/1532 1632/1632 1631/1631
f 1532/1532 1533/1533 1632/1632
f 1533/1533 1633/1633 1632/1632
f 1533/1533 1534/1534 1633/1633
f 1534/1534 1634/1634 1633/1633
f 1534/1534 1535/1535 1634/1634
f 1535/1535 1635/1635 1634/1634
f 1535/1535 1536/1536 1635/1635
f 1536/1536 1636/1636 1635/1635
f 1536/1536 1537/1537 1636/1636
f 1537/1537 1637/1637 1636/1636
f 1537/1537 1538/1538 1637/1637
f 1538/1538 1638/1638 1637/1637
f 1538/1538 1539/1539 1638/1638
f 1539/1539 1639/1639 1638/1638
f 1539/1539 1540/1540 1639/1639
f 1540/1540 1640/1640 1639/1639
f 1540/1540 1541/1541 1640/1640
f 1541/1541 1641/1641 1640/1640
f 1541/1541 1542/1542 1641/1641
f 1542/1542 1642/1642 1641/1641
f 1542/1542 1543/1543 1642/1642
f 1543/1543 1643/1643 1642/1642
f 1543/1543 1544/1544 1643/1643
f 1544/1544 1644/1644 1643/1643
f 1544/1544 1545/1545 1644/1644
f 1545/1545 1645/1645 1644/1644
f 1545/1545 1546/1546 1645/1645
f 1546/1546 1646/1646 1645/1645
f 1546/1546 1547/1547 1646/1646
f 1547/1547 1647/1647 1646/1646
f 1547/1547 1548/1548 1647/1647
f 1548/1548 1648/1648 1647/1647
f 1548/1548 1549/1549 1648/1648
f 1549/1549 1649/1649 1648/1648
f 1549/1549 1550/1550 1649/1649
f 1550/1550 1650/1650 1649/1649
f 1550/1550 1551/1551 1650/1650
f 1551/1551 1651/1651 1650/1650
f 1551/1551 1552/1552 1651/1651
f 1552/1552 1652/1652 1651/1651
f 1552/1552 1553/1553 1652/1652
f 1553/1553 1653/1653 1652/1652
f 1553/1553 1554/1554 1653/1653
f 1554/1554 1654/1654 1653/1653
f 1554/1554 1555/1555 1654/1654
f 1555/1555 1655/1655 1654/1654
f 1555/1555 1556/1556 1655/1655
f 1556/1556 1656/1656 1655/1655
f 1556/1556 1557/1557 1656/1656
f 1557/1557 1657/1657 1656/1656
f 1557/1557 1558/1558 1657/1657
f 1558/1558 1658/1658 1657/1657
f 1558/1558 1559/1559 1658/1658
f 1559/1559 1659/1659 1658/1658
f 1559/1559 1560/1560 1659/1659
f 1560/1560 1660/1660 1659/1659
f 1560/1560 1561/1561 1660/1660
f 1561/1561 1661/1661 1660/1660
f 1561/1561 1562/1562 1661/1661
f 1562/1562 1662/1662 1661/1661
f 1562/1562 1563/1563 1662/1662
f 1563/1563 1663/1663 1662/1662
f 1563/1563 1564/1564 1663/1663
f 1564/1564 1664/1664 1663/1663
f 1564/1564 1565/1565 1664/1664
f 1565/1565 1665/1665 1664/1664
f 1565/1565 1566/1566 1665/1665
f 1566/1566 1666/1666 1665/1665
f 1566/1566 1567/1567 1666/1666
f 1567/1567 1667/1667 1666/1666
f 1567/1567 1568/1568 1667/1667
f 1568/1568 1668/1668 1667/1667
f 1568/1568 1569/1569 1668/1668
f 1569/1569 1669/1669 1668/1668
f 1569/1569 1570/1570 1669/1669
f 1570/1570 1670/1670 1669/1669
f 1570/1570 1571/1571 1670/1670
f 1571/1571 1671/1671 1670/1670
f 1571/1571 1572/1572 1671/1671
f 1572/1572 1672/1672 1671/1671
f 1572/1572 1573/1573 1672/1672
f 1573/1573 1673/1673 1672/1672
f 1573/1573 1574/1574 1673/1673
f 1574/1574 1674/1674 1673/1673
f 1574/1574 1575/1575 1674/1674
f 1575/1575 1675/1675 1674/1674
f 1575/1575 1576/1576 1675/1675
f 1576/1576 1676/1676 1675/1675
f 1576/1576 1577/1577 1676/1676
f 1577/1577 1677/1677 1676/1676
f 1577/1577 1578/1578 1677/1677
f 1578/1578 1678/1678 1677/1677
f 1578/1578 1579/1579 1678/1678
f 1579/1579 1679/1679 1678/1678
f 1579/1579 1580/1580 1679/1679
f 1580/1580 1680/1680 1679/1679
f 1580/1580 1581/1581 1680/1680
f 1581/1581 1681/1681 1680/1680
f 1581/1581 1582/1582 1681/1681
f 1582/1582 1682/1682 1681/1681
f 1582/1582 1583/1583 1682/1682
f 1583/1583 1683/1683 1682/1682
f 1583/1583 1584/1584 1683/1683
f 1584/1584 1684/1684 1683/1683
f 1584/1584 1585/1585 1684/1684
f 1585/1585 1685/1685 1684/1684
f 1585/1585 1586/1586 1685/1685
f 1586/1586 1686/1686 1685/1685
f 1586/1586 1587/1587 1686/1686
f 1587/1587 1687/1687 1686/1686
f 1587/1587 1588/1588 1687/1687
f 1588/1588 1688/1688 1687/1687
f 1588/1588 1589/1589 1688/1688
f 1589/1589 1689/1689 1688/1688
f 1589/1589 1590/1590 1689/1689
f 1590/1590 1690/1690 1689/1689
f 1590/1590 1591/1591 1690/1690
f 1591/1591 1691/1691 1690/1690
f 1591/1591 1592/1592 1691/1691
f 1592/1592 1692/1692 1691/1691
f 1592/1592 1593/1593 1692/1692
f 1593/1593 1693/1693 1692/1692
f 1593/1593 1594/1594 1693/1693
f 1594/1594 1694/1694 1693/1693
f 1594/1594 1595/1595 1694/1694
f 1595/1595 1695/1695 1694/1694
f 1595/1595 1596/1596 1695/1695
f 1596/1596 1696/1696 1695/1695
f 1596/1596 1597/1597 1696/1696
f 1597/1597 1697/1697 1696/1696
f 1597/1597 1598/1598 1697/1697
f 1598/1598 1698/1698 1697/1697
f 1598/1598 1599/1599 1698/1698
f 1599/1599 1699/1699 1698/1698
f 1599/1599 1600/1600 1699/1699
f 1600/1600 1700/1700 1699/1699
f 1601/1601 1602/1602 1701/1701
f 1602/1602 1702/1702 1701/1701
f 1602/1602 1603/1603 1702/1702
f 1603/1603 1703/1703 1702/1702
f 1603/1603 1604/1604 1703/1703
f 1604/1604 1704/1704 1703/1703
f 1604/1604 1605/1605 1704/1704
f 1605/1605 1705/1705 1704/1704
f 1605/1605 1606/1606 1705/1705
f 1606/1606 1706/1706 1705/1705
f 1606/1606 1607/1607 1706/1706
f 1607/1607 1707/1707 1706/1706
f 1607/1607 1608/1608 1707/1707
f 1608/1608 1708/1708 1707/1707
f 1608/1608 1609/1609 1708/1708
f 1609/1609 1709/1709 1708/1708
f 1609/1609 1610/1610 1709/1709
f 1610/1610 1710/1710 1709/1709
f 1610/1610 1611/1611 1710/1710
f 1611/1611 1711/1711 1710/1710
f 1611/1611 1612/1612 1711/1711
f 1612/1612 1712/1712 1711/1711
f 1612/1612 1613/1613 1712/1712
f 1613/1613 1713/1713 1712/1712
f 1613/1613 1614/1614 1713/1713
f 1614/1614 1714/1714 1713/1713
f 1614/1614 1615/1615 1714/1714
f 1615/1615 1715/1715 1714/1714
f 1615/1615 1616/1616 1715/1715
f 1616/1616 1716/1716 1715/1715
f 1616/1616 1617/1617 1716/1716
f 1617/1617 1717/1717 1716/1716
f 1617/1617 1618/1618 1717/1717
f 1618/1618 1718/1718 1717/1717
f 1618/1618 1619/1619 1718/1718
f 1619/1619 1719/1719 1718/1718
f 1619/1619 1620/1620 1719/1719
f 1620/1620 1720/1720 1719/1719
f 1620/1620 1621/1621 1720/1720
f 1621/1621 1721/1721 1720/1720
f 1621/1621 1622/1622 1721/1721
f 1622/1622 1722/1722 1721/1721
f 1622/1622 1623/1623 1722/1722
f 1623/1623 1723/1723 1722/1722
f 1623/1623 1624/1624 1723/1723
f 1624/1624 1724/1724 1723/1723
f 1624/1624 1625/1625 1724/1724
f 1625/1625 1725/1725 1724/1724
f 1625/1625 1626/1626 1725/1725
f 1626/1626 1726/1726 1725/1725
f 1626/1626 1627/1627 1726/1726
f 1627/1627 1727/1727 1726/1726
f 1627/1627 1628/1628 1727/1727
f 1628/1628 1728/1728 1727/1727
f 1628/1628 1629/1629 1728/1728
f 1629/1629 1729/1729 1728/1728
f 1629/1629 1630/1630 1729/1729
f 1630/1630 1730/1730 1729/1729
f 1630/1630 1631/1631 1730/1730
f 1631/1631 1731/1731 1730/1730
f 1631/1631 1632/1632 1731/1731
f 1632/1632 1732/1732 1731/1731
f 1632/1632 1633/1633 1732/1732
f 1633/1633 1733/1733 1732/1732
f 1633/1633 1634/1634 1733/1733
f 1634/1634 1734/1734 1733/1733
f 1634/1634 1635/1635 1734/1734
f 1635/1635 1735/1735 1734/1734
f 1635/1635 1636/1636 1735/1735
f 1636/1636 1736/1736 1735/1735
f 1636/1636 1637/1637 1736/1736
f 1637/1637 1737/1737 1736/1736
f 1637/1637 1638/1638 1737/1737
f 1638/1638 1738/1738 1737/1737
f 1638/1638 1639/1639 1738/1738
f 1639/1639 1739/1739 1738/1738
f 1639/1639 1640/1640 1739/1739
f 1640/1640 1740/1740 1739/1739
f 1640/1640 1641/1641 1740/1740
f 1641/1641 1741/1741 1740/1740
f 1641/1641 1642/1642 1741/1741
f 1642/1642 1742/1742 1741/1741
f 1642/1642 1643/1643 1742/1742
f 1643/1643 1743/1743 1742/1742
f 1643/1643 1644/1644 1743/1743
f 1644/1644 1744/1744 1743/1743
f 1644/1644 1645/1645 1744/1744
f 1645/1645 1745/1745 1744/1744
f 1645/1645 1646/1646 1745/1745
f 1646/1646 1746/1746 1745/1745
f 1646/1646 1647/1647 1746/1746
f 1647/1647 1747/1747 1746/1746
f 1647/1647 1648/1648 1747/1747
f 1648/1648 1748/1748 1747/1747
f 1648/1648 1649/1649 1748/1748
f 1649/1649 1749/1749 1748/1748
f 1649/1649 1650/1650 1749/1749
f 1650/1650 1750/1750 1749/1749
f 1650/1650 1651/1651 1750/1750
f 1651/1651 1751/1751 1750/1750
f 1651/1651 1652/1652 1751/1751
f 1652/1652 1752/1752 1751/1751
f 1652/1652 1653/1653 1752/1752
f 1653/1653 1753/1753 1752/1752
f 1653/1653 1654/1654 1753/1753
f 1654/1654 1754/1754 1753/1753
f 1654/1654 1655/1655 1754/1754
f 1655/1655 1755/1755 1754/1754
f 1655/1655 1656/1656 1755/1755
f 1656/1656 1756/1756 1755/1755
f 1656/1656 1657/1657 1756/1756
f 1657/1657 1757/1757 1756/1756
f 1657/1657 1658/1658 1757/1757
f 1658/1658 1758/1758 1757/1757
f 1658/1658 1659/1659 1758/1758
f 1659/1659 1759/1759 1758/1758
f 1659/1659 1660/1660 1759/1759
f 1660/1660 1760/1760 1759/1759
f 1660/1660 1661/1661 1760/1760
f 1661/1661 1761/1761 1760/1760
f 1661/1661 1662/1662 1761/1761
f 1662/1662 1762/1762 1761/1761
f 1662/1662 1663/1663 1762/1762
f 1663/1663 1763/1763 1762/1762
f 1663/1663 1664/1664 1763/1763
f 1664/1664 1764/1764 1763/1763
f 1664/1664 1665/1665 1764/1764
f 1665/1665 1765/1765 1764/1764
f 1665/1665 1666/1666 1765/1765
f 1666/1666 1766/1766 1765/1765
f 1666/1666 1667/1667 1766/1766
f 1667/1667 1767/1767 1766/1766
f 1667/1667 1668/1668 1767/1767
f 1668/1668 1768/1768 1767/1767
f 1668/1668 1669/1669 1768/1768
f 1669/1669 1769/1769 1768/1768
f 1669/1669 1670/1670 1769/1769
f 1670/1670 1770/1770 1769/1769
f 1670/1670 1671/1671 1770/1770
f 1671/1671 1771/1771 1770/1770
f 1671/1671 1672/1672 1771/1771
f 1672/1672 1772/1772 1771/1771
f 1672/1672 1673/1673 1772/1772
f 1673/1673 1773/1773 1772/1772
f 1673/1673 1674/1674 1773/1773
f 1674/1674 1774/1774 1773/1773
f 1674/1674 1675/1675 1774/1774
f 1675/1675 1775/1775 1774/1774
f 1675/1675 1676/1676 1775/1775
f 1676/1676 1776/1776 1775/1775
f 1676/1676 1677/1677 1776/1776
f 1677/1677 1777/1777 1776/1776
f 1677/1677 1678/1678 1777/1777
f 1678/1678 1778/1778 1777/1777
f 1678/1678 1679/1679 1778/1778
f 1679/1679 1779/1779 1778/1778
f 1679/1679 1680/1680 1779/1779
f 1680/1680 1780/1780 1779/1779
f 1680/1680 1681/1681 1780/1780
f 1681/1681 1781/1781 1780/1780
f 1681/1681 1682/1682 1781/1781
f 1682/1682 1782/1782 1781/1781
f 1682/1682 1683/1683 1782/1782
f 1683/1683 1783/1783 1782/1782
f 1683/1683 1684/1684 1783/1783
f 1684/1684 1784/1784 1783/1783
f 1684/1684 1685/1685 1784/1784
f 1685/1685 1785/1785 1784/1784
f 1685/1685 1686/1686 1785/1785
f 1686/1686 1786/1786 1785/1785
f 1686/1686 1687/1687 1786/1786
f 1687/1687 1787/1787 1786/1786
f 1687/1687 1688/1688 1787/1787
f 1688/1688 1788/1788 1787/1787
f 1688/1688 1689/1689 1788/1788
f 1689/1689 1789/1789 1788/1788
f 1689/1689 1690/1690 1789/1789
f 1690/1690 1790/1790 1789/1789
f 1690/1690 1691/1691 1790/1790
f 1691/1691 1791/1791 1790/1790
f 1691/1691 1692/1692 1791/1791
f 1692/1692 1792/1792 1791/1791
f 1692/1692 1693/1693 1792/1792
f 1693/1693 1793/1793 1792/1792
f 1693/1693 1694/1694 1793/1793
f 1694/1694 1794/1794 1793/1793
f 1694/1694 1695/1695 1794/1794
f 1695/1695 1795/1795 1794/1794
f 1695/1695 1696/1696 1795/1795
f 1696/1696 1796/1796 1795/1795
f 1696/1696 1697/1697 1796/1796
f 1697/1697 1797/1797 1796/1796
f 1697/1697 1698/1698 1797/1797
f 1698/1698 1798/1798 1797/1797
f 1698/1698 1699/1699 1798/1798
f 1699/1699 1799/1799 1798/1798
f 1699/1699 1700/1700 1799/1799
f 1700/1700 1800/1800 1799/1799
f 1701/1701 1702/1702 1801/1801
f 1702/1702 1802/1802 1801/1801
f 1702/1702 1703/1703 1802/1802
f 1703/1703 1803/1803 1802/1802
f 1703/1703 1704/1704 1803/1803
f 1704/1704 1804/1804 1803/1803
f 1704/1704 1705/1705 1804/1804
f 1705/1705 1805/1805 1804/1804
f 1705/1705 1706/1706 1805/1805
f 1706/1706 1806/1806 1805/1805
f 1706/1706 1707/1707 1806/1806
f 1707/1707 1807/1807 1806/1806
f 1707/1707 1708/1708 1807/1807
f 1708/1708 1808/1808 1807/1807
f 1708/1708 1709/1709 1808/1808
f 1709/1709 1809/1809 1808/1808
f 1709/1709 1710/1710 1809/1809
f 1710/1710 1810/1810 1809/1809
f 1710/1710 1711/1711 1810/1810
f 1711/1711 1811/1811 1810/1810
f 1711/1711 1712/1712 1811/1811
f 1712/1712 1812/1812 1811/1811
f 1712/1712 1713/1713 1812/1812
f 1713/1713 1813/1813 1812/1812
f 1713/1713 1714/1714 1813/1813
f 1714/1714 1814/1814 1813/1813
f 1714/1714 1715/1715 1814/1814
f 1715/1715 1815/1815 1814/1814
f 1715/1715 1716/1716 1815/1815
f 1716/1716 1816/1816 1815/1815
f 1716/1716 1717/1717 1816/1816
f 1717/1717 1817/1817 1816/1816
f 1717/1717 1718/1718 1817/1817
f 1718/1718 1818/1818 1817/1817
f 1718/1718 1719/1719 1818/1818
f 1719/1719 1819/1819 1818/1818
f 1719/1719 1720/1720 1819/1819
f 1720/1720 1820/1820 1819/1819
f 1720/1720 1721/1721 1820/1820
f 1721/1721 1821/1821 1820/1820
f 1721/1721 1722/1722 1821/1821
f 1722/1722 1822/1822 1821/1821
f 1722/1722 1723/1723 1822/1822
f 1723/1723 1823/1823 1822/1822
f 1723/1723 1724/1724 1823/1823
f 1724/1724 1824/1824 1823/1823
f 1724/1724 1725/1725 1824/1824
f 1725/1725 1825/1825 1824/1824
f 1725/1725 1726/1726 1825/1825
f 1726/1726 1826/1826 1825/1825
f 1726/1726 1727/1727 1826/1826
f 1727/1727 1827/1827 1826/1826
f 1727/1727 1728/1728 1827/1827
f 1728/1728 1828/1828 1827/1827
f 1728/1728 1729/1729 1828/1828
f 1729/1729 1829/1829 1828/1828
f 1729/1729 1730/1730 1829/1829
f 1730/1730 1830/1830 1829/1829
f 1730/1730 1731/1731 1830/1830
f 1731/1731 1831/1831 1830/1830
f 1731/1731 1732/1732 1831/1831
f 1732/1732 1832/1832 1831/1831
f 1732/1732 1733/1733 1832/1832
f 1733/1733 1833/1833 1832/1832
f 1733/1733 1734/1734 1833/1833
f 1734/1734 1834/1834 1833/1833
f 1734/1734 1735/1735 1834/1834
f 1735/1735 1835/1835 1834/1834
f 1735/1735 1736/1736 1835/1835
f 1736/1736 1836/1836 1835/1835
f 1736/1736 1737/1737 1836/1836
f 1737/1737 1837/1837 1836/1836
f 1737/1737 1738/1738 1837/1837
f 1738/1738 1838/1838 1837/1837
f 1738/1738 1739/1739 1838/1838
f 1739/1739 1839/1839 1838/1838
f 1739/1739 1740/1740 1839/1839
f 1740/1740 1840/1840 1839/1839
f 1740/1740 1741/1741 1840/1840
f 1741/1741 1841/1841 1840/1840
f 1741/1741 1742/1742 1841/1841
f 1742/1742 1842/1842 1841/1841
f 1742/1742 1743/1743 1842/1842
f 1743/1743 1843/1843 1842/1842
f 1743/1743 1744/1744 1843/1843
f 1744/1744 1844/1844 1843/1843
f 1744/1744 1745/1745 1844/1844
f 1745/1745 1845/1845 1844/1844
f 1745/1745 1746/1746 1845/1845
f 1746/1746 1846/1846 1845/1845
f 1746/1746 1747/1747 1846/1846
f 1747/1747 1847/1847 1846/1846
f 1747/1747 1748/1748 1847/1847
f 1748/1748 1848/1848 1847/1847
f 1748/1748 1749/1749 1848/1848
f 1749/1749 1849/1849 1848/1848
f 1749/1749 1750/1750 1849/1849
f 1750/1750 1850/1850 1849/1849
f 1750/1750 1751/1751 1850/1850
f 1751/1751 1851/1851 1850/1850
f 1751/1751 1752/1752 1851/1851
f 1752/1752 1852/1852 1851/1851
f 1752/1752 1753/1753 1852/1852
f 1753/1753 1853/1853 1852/1852
f 1753/1753 1754/1754 1853/1853
f 1754/1754 1854/1854 1853/1853
f 1754/1754 1755/1755 1854/1854
f 1755/1755 1855/1855 1854/1854
f 1755/1755 1756/1756 1855/1855
f 1756/1756 1856/1856 1855/1855
f 1756/1756 1757/1757 1856/1856
f 1757/1757 1857/1857 1856/1856
f 1757/1757 1758/1758 1857/1857
f 1758/1758 1858/1858 1857/1857
f 1758/1758 1759/1759 1858/1858
f 1759/1759 1859/1859 1858/1858
f 1759/1759 1760/1760 1859/1859
f 1760/1760 1860/1860 1859/1859
f 1760/1760 1761/1761 1860/1860
f 1761/1761 1861/1861 1860/1860
f 1761/1761 1762/1762 1861/1861
f 1762/1762 1862/1862 1861/1861
f 1762/1762 1763/1763 1862/1862
f 1763/1763 1863/1863 1862/1862
f 1763/1763 1764/1764 1863/1863
f 1764/1764 1864/1864 1863/1863
f 1764/1764 1765/1765 1864/1864
f 1765/1765 1865/1865 1864/1864
f 1765/1765 1766/1766 1865/1865
f 1766/1766 1866/1866 1865/1865
f 1766/1766 1767/1767 1866/1866
f 1767/1767 1867/1867 1866/1866
f 1767/1767 1768/1768 1867/1867
f 1768/1768 1868/1868 1867/1867
f 1768/1768 1769/1769 1868/1868
f 1769/1769 1869/1869 1868/1868
f 1769/1769 1770/1770 1869/1869
f 1770/1770 1870/1870 1869/1869
f 1770/1770 1771/1771 1870/1870
f 1771/1771 1871/1871 1870/1870
f 1771/1771 1772/1772 1871/1871
f 1772/1772 1872/1872 1871/1871
f 1772/1772 1773/1773 1872/1872
f 1773/1773 1873/1873 1872/1872
f 1773/1773 1774/1774 1873/1873
f 1774/1774 1874/1874 1873/1873
f 1774/1774 1775/1775 1874/1874
f 1775/1775 1875/1875 1874/1874
f 1775/1775 1776/1776 1875/1875
f 1776/1776 1876/1876 1875/1875
f 1776/1776 1777/1777 1876/1876
f 1777/1777 1877/1877 1876/1876
f 1777/1777 1778/1778 1877/1877
f 1778/1778 1878/1878 1877/1877
f 1778/1778 1779/1779 1878/1878
f 1779/1779 1879/1879 1878/1878
f 1779/1779 1780/1780 1879/1879
f 1780/1780 1880/1880 1879/1879
f 1780/1780 1781/1781 1880/1880
f 1781/1781 1881/1881 1880/1880
f 1781/1781 1782/1782 1881/1881
f 1782/1782 1882/1882 1881/1881
f 1782/1782 1783/1783 1882/1882
f 1783/1783 1883/1883 1882/1882
f 1783/1783 1784/1784 1883/1883
f 1784/1784 1884/1884 1883/1883
f 1784/1784 1785/1785 1884/1884
f 1785/1785 1885/1885 1884/1884
f 1785/1785 1786/1786 1885/1885
f 1786/1786 1886/1886 1885/1885
f 1786/1786 1787/1787 1886/1886
f 1787/1787 1887/1887 1886/1886
f 1787/1787 1788/1788 1887/1887
f 1788/1788 1888/1888 1887/1887
f 1788/1788 1789/1789 1888/1888
f 1789/1789 1889/1889 1888/1888
f 1789/1789 1790/1790 1889/1889
f 1790/1790 1890/1890 1889/1889
f 1790/1790 1791/1791 1890/1890
f 1791/1791 1891/1891 1890/1890
f 1791/1791 1792/1792 1891/1891
f 1792/1792 1892/1892 1891/1891
f 1792/1792 1793/1793 1892/1892
f 1793/1793 1893/1893 1892/1892
f 1793/1793 1794/1794 1893/1893
f 1794/1794 1894/1894 1893/1893
f 1794/1794 1795/1795 1894/1894
f 1795/1795 1895/1895 1894/1894
f 1795/1795 1796/1796 1895/1895
f 1796/1796 1896/1896 1895/1895
f 1796/1796 1797/1797 1896/1896
f 1797/1797 1897/1897 1896/1896
f 1797/1797 1798/1798 1897/1897
f 1798/1798 1898/1898 1897/1897
f 1798/1798 1799/1799 1898/1898
f 1799/1799 1899/1899 1898/1898
f 1799/1799 1800/1800 1899/1899
f 1800/1800 1900/1900 1899/1899
f 1801/1801 1802/1802 1901/1901
f 1802/1802 1902/1902 1901/1901
f 1802/1802 1803/1803 1902/1902
f 1803/1803 1903/1903 1902/1902
f 1803/1803 1804/1804 1903/1903
f 1804/1804 1904/1904 1903/1903
f 1804/1804 1805/1805 1904/1904
f 1805/1805 1905/1905 1904/1904
f 1805/1805 1806/1806 1905/1905
f 1806/1806 1906/1906 1905/1905
f 1806/1806 1807/1807 1906/1906
f 1807/1807 1907/1907 1906/1906
f 1807/1807 1808/1808 1907/1907
f 1808/1808 1908/1908 1907/1907
f 1808/1808 1809/1809 1908/1908
f 1809/1809 1909/1909 1908/1908
f 1809/1809 1810/1810 1909/1909
f 1810/1810 1910/1910 1909/1909
f 1810/1810 1811/1811 1910/1910
f 1811/1811 1911/1911 1910/1910
f 1811/1811 1812/1812 1911/1911
f 1812/1812 1912/1912 1911/1911
f 1812/1812 1813/1813 1912/1912
f 1813/1813 1913/1913 1912/1912
f 1813/1813 1814/1814 1913/1913
f 1814/1814 1914/1914 1913/1913
f 1814/1814 1815/1815 1914/1914
f 1815/1815 1915/1915 1914/1914
f 1815/1815 1816/1816 1915/1915
f 1816/1816 1916/1916 1915/1915
f 1816/1816 1817/1817 1916/1916
f 1817/1817 1917/1917 1916/1916
f 1817/1817 1818/1818 1917/1917
f 1818/1818 1918/1918 1917/1917
f 1818/1818 1819/1819 1918/1918
f 1819/1819 1919/1919 1918/1918
f 1819/1819 1820/1820 1919/1919
f 1820/1820 1920/1920 1919/1919
f 1820/1820 1821/1821 1920/1920
f 1821/1821 1921/1921 1920/1920
f 1821/1821 1822/1822 1921/1921
f 1822/1822 1922/1922 1921/1921
f 1822/1822 1823/1823 1922/1922
f 1823/1823 1923/1923 1922/1922
f 1823/1823 1824/1824 1923/1923
f 1824/1824 1924/1924 1923/1923
f 1824/1824 1825/1825 1924/1924
f 1825/1825 1925/1925 1924/1924
f 1825/1825 1826/1826 1925/1925
f 1826/1826 1926/1926 1925/1925
f 1826/1826 1827/1827 1926/1926
f 1827/1827 1927/1927 1926/1926
f 1827/1827 1828/1828 1927/1927
f 1828/1828 1928/1928 1927/1927
f 1828/1828 1829/1829 1928/1928
f 1829/1829 1929/1929 1928/1928
f 1829/1829 1830/1830 1929/1929
f 1830/1830 1930/1930 1929/1929
f 1830/1830 1831/1831 1930/1930
f 1831/1831 1931/1931 1930/1930
f 1831/1831 1832/1832 1931/1931
f 1832/1832 1932/1932 1931/1931
f 1832/1832 1833/1833 1932/1932
f 1833/1833 1933/1933 1932/1932
f 1833/1833 1834/1834 1933/1933
f 1834/1834 1934/1934 1933/1933
f 1834/1834 1835/1835 1934/1934
f 1835/1835 1935/1935 1934/1934
f 1835/1835 1836/1836 1935/1935
f 1836/1836 1936/1936 1935/1935
f 1836/1836 1837/1837 1936/1936
f 1837/1837 1937/1937 1936/1936
f 1837/1837 1838/1838 1937/1937
f 1838/1838 1938/1938 1937/1937
f 1838/1838 1839/1839 1938/1938
f 1839/1839 1939/1939 1938/1938
f 1839/1839 1840/1840 1939/1939
f 1840/1840 1940/1940 1939/1939
f 1840/1840 1841/1841 1940/1940
f 1841/1841 1941/1941 1940/1940
f 1841/1841 1842/1842 1941/1941
f 1842/1842 1942/1942 1941/1941
f 1842/1842 1843/1843 1942/1942
f 1843/1843 1943/1943 1942/1942
f 1843/1843 1844/1844 1943/1943
f 1844/1844 1944/1944 1943/1943
f 1844/1844 1845/1845 1944/1944
f 1845/1845 1945/1945 1944/1944
f 1845/1845 1846/1846 1945/1945
f 1846/1846 1946/1946 1945/1945
f 1846/1846 1847/1847 1946/1946
f 1847/1847 1947/1947 1946/1946
f 1847/1847 1848/1848 1947/1947
f 1848/1848 1948/1948 1947/1947
f 1848/1848 1849/1849 1948/1948
f 1849/1849 1949/1949 1948/1948
f 1849/1849 1850/1850 1949/1949
f 1850/1850 1950/1950 1949/1949
f 1850/1850 1851/1851 1950/1950
f 1851/1851 1951/1951 1950/1950
f 1851/1851 1852/1852 1951/1951
f 1852/1852 1952/1952 1951/1951
f 1852/1852 1853/1853 1952/1952
f 1853/1853 1953/1953 1952/1952
f 1853/1853 1854/1854 1953/1953
f 1854/1854 1954/1954 1953/1953
f 1854/1854 1855/1855 1954/1954
f 1855/1855 1955/1955 1954/1954
f 1855/1855 1856/1856 1955/1955
f 1856/1856 1956/1956 1955/1955
f 1856/1856 1857/1857 1956/1956
f 1857/1857 1957/1957 1956/1956
f 1857/1857 1858/1858 1957/1957
f 1858/1858 1958/1958 1957/1957
f 1858/1858 1859/1859 1958/1958
f 1859/1859 1959/1959 1958/1958
f 1859/1859 1860/1860 1959/1959
f 1860/1860 1960/1960 1959/1959
f 1860/1860 1861/1861 1960/1960
f 1861/1861 1961/1961 1960/1960
f 1861/1861 1862/1862 1961/1961
f 1862/1862 1962/1962 1961/1961
f 1862/1862 1863/1863 1962/1962
f 1863/1863 1963/1963 1962/1962
f 1863/1863 1864/1864 1963/1963
f 1864/1864 1964/1964 1963/1963
f 1864/1864 1865/1865 1964/1964
f 1865/1865 1965/1965 1964/1964
f 1865/1865 1866/1866 1965/1965
f 1866/1866 1966/1966 1965/1965
f 1866/1866 1867/1867 1966/1966
f 1867/1867 1967/1967 1966/1966
f 1867/1867 1868/1868 1967/1967
f 1868/1868 1968/1968 1967/1967
f 1868/1868 1869/1869 1968/1968
f 1869/1869 1969/1969 1968/1968
f 1869/1869 1870/1870 1969/1969
f 1870/1870 1970/1970 1969/1969
f 1870/1870 1871/1871 1970/1970
f 1871/1871 1971/1971 1970/1970
f 1871/1871 1872/1872 1971/1971
f 1872/1872 1972/1972 1971/1971
f 1872/1872 1873/1873 1972/1972
f 1873/1873 1973/1973 1972/1972
f 1873/1873 1874/1874 1973/1973
f 1874/1874 1974/1974 1973/1973
f 1874/1874 1875/1875 1974/1974
f 1875/1875 1975/1975 1974/1974
f 1875/1875 1876/1876 1975/1975
f 1876/1876 1976/1976 1975/1975
f 1876/1876 1877/1877 1976/1976
f 1877/1877 1977/1977 1976/1976
f 1877/1877 1878/1878 1977/1977
f 1878/1878 1978/1978 1977/1977
f 1878/1878 1879/1879 1978/1978
f 1879/1879 1979/1979 1978/1978
f 1879/1879 1880/1880 1979/1979
f 1880/1880 1980/1980 1979/1979
f 1880/1880 1881/1881 1980/1980
f 1881/1881 1981/1981 1980/1980
f 1881/1881 1882/1882 1981/1981
f 1882/1882 1982/1982 1981/1981
f 1882/1882 1883/1883 1982/1982
f 1883/1883 1983/1983 1982/1982
f 1883/1883 1884/1884 1983/1983
f 1884/1884 1984/1984 1983/1983
f 1884/1884 1885/1885 1984/1984
f 1885/1885 1985/1985 1984/1984
f 1885/1885 1886/1886 1985/1985
f 1886/1886 1986/1986 1985/1985
f 1886/1886 1887/1887 1986/1986
f 1887/1887 1987/1987 1986/1986
f 1887/1887 1888/1888 1987/1987
f 1888/1888 1988/1988 1987/1987
f 1888/1888 1889/1889 1988/1988
f 1889/1889 1989/1989 1988/1988
f 1889/1889 1890/1890 1989/1989
f 1890/1890 1990/1990 1989/1989
f 1890/1890 1891/1891 1990/1990
f 1891/1891 1991/1991 1990/1990
f 1891/1891 1892/1892 1991/1991
f 1892/1892 1992/1992 1991/1991
f 1892/1892 1893/1893 1992/1992
f 1893/1893 1993/1993 1992/1992
f 1893/1893 1894/1894 1993/1993
f 1894/1894 1994/1994 1993/1993
f 1894/1894 1895/1895 1994/1994
f 1895/1895 1995/1995 1994/1994
f 1895/1895 1896/1896 1995/1995
f 1896/1896 1996/1996 1995/1995
f 1896/1896 1897/1897 1996/1996
f 1897/1897 1997/1997 1996/1996
f 1897/1897 1898/1898 1997/1997
f 1898/1898 1998/1998 1997/1997
f 1898/1898 1899/1899 1998/1998
f 1899/1899 1999/1999 1998/1998
f 1899/1899 1900/1900 1999/1999
f 1900/1900 2000/2000 1999/1999
f 1901/1901 1902/1902 2001/2001
f 1902/1902 2002/2002 2001/2001
f 1902/1902 1903/1903 2002/2002
f 1903/1903 2003/2003 2002/2002
f 1903/1903 1904/1904 2003/2003
f 1904/1904 2004/2004 2003/2003
f 1904/1904 1905/1905 2004/2004
f 1905/1905 2005/2005 2004/2004
f 1905/1905 1906/1906 2005/2005
f 1906/1906 2006/2006 2005/2005
f 1906/1906 1907/1907 2006/2006
f 1907/1907 2007/2007 2006/2006
f 1907/1907 1908/1908 2007/2007
f 1908/1908 2008/2008 2007/2007
f 1908/1908 1909/1909 2008/2008
f 1909/1909 2009/2009 2008/2008
f 1909/1909 1910/1910 2009/2009
f 1910/1910 2010/2010 2009/2009
f 1910/1910 1911/1911 2010/2010
f 1911/1911 2011/2011 2010/2010
f 1911/1911 1912/1912 2011/2011
f 1912/1912 2012/2012 2011/2011
f 1912/1912 1913/1913 2012/2012
f 1913/1913 2013/2013 2012/2012
f 1913/1913 1914/1914 2013/2013
f 1914/1914 2014/2014 2013/2013
f 1914/1914 1915/1915 2014/2014
f 1915/1915 2015/2015 2014/2014
f 1915/1915 1916/1916 2015/2015
f 1916/1916 2016/2016 2015/2015
f 1916/1916 1917/1917 2016/2016
f 1917/1917 2017/2017 2016/2016
f 1917/1917 1918/1918 2017/2017
f 1918/1918 2018/2018 2017/2017
f 1918/1918 1919/1919 2018/2018
f 1919/1919 2019/2019 2018/2018
f 1919/1919 1920/1920 2019/2019
f 1920/1920 2020/2020 2019/2019
f 1920/1920 1921/1921 2020/2020
f 1921/1921 2021/2021 2020/2020
f 1921/1921 1922/1922 2021/2021
f 1922/1922 2022/2022 2021/2021
f 1922/1922 1923/1923 2022/2022
f 1923/1923 2023/2023 2022/2022
f 1923/1923 1924/1924 2023/2023
f 1924/1924 2024/2024 2023/2023
f 1924/1924 1925/1925 2024/2024
f 1925/1925 2025/2025 2024/2024
f 1925/1925 1926/1926 2025/2025
f 1926/1926 2026/2026 2025/2025
f 1926/1926 1927/1927 2026/2026
f 1927/1927 2027/2027 2026/2026
f 1927/1927 1928/1928 2027/2027
f 1928/1928 2028/2028 2027/2027
f 1928/1928 1929/1929 2028/2028
f 1929/1929 2029/2029 2028/2028
f 1929/1929 1930/1930 2029/2029
f 1930/1930 2030/2030 2029/2029
f 1930/1930 1931/1931 2030/2030
f 1931/1931 2031/2031 2030/2030
f 1931/1931 1932/1932 2031/2031
f 1932/1932 2032/2032 2031/2031
f 1932/1932 1933/1933 2032/2032
f 1933/1933 2033/2033 2032/2032
f 1933/1933 1934/1934 2033/2033
f 1934/1934 2034/2034 2033/2033
f 1934/1934 1935/1935 2034/2034
f 1935/1935 2035/2035 2034/2034
f 1935/1935 1936/1936 2035/2035
f 1936/1936 2036/2036 2035/2035
f 1936/1936 1937/1937 2036/2036
f 1937/1937 2037/2037 2036/2036
f 1937/1937 1938/1938 2037/2037
f 1938/1938 2038/2038 2037/2037
f 1938/1938 1939/1939 2038/2038
f 1939/1939 2039/2039 2038/2038
f 1939/1939 1940/1940 2039/2039
f 1940/1940 2040/2040 2039/2039
f 1940/1940 1941/1941 2040/2040
f 1941/1941 2041/2041 2040/2040
f 1941/1941 1942/1942 2041/2041
f 1942/1942 2042/2042 2041/2041
f 1942/1942 1943/1943 2042/2042
f 1943/1943 2043/2043 2042/2042
f 1943/1943 1944/1944 2043/2043
f 1944/1944 2044/2044 2043/2043
f 1944/1944 1945/1945 2044/2044
f 1945/1945 2045/2045 2044/2044
f 1945/1945 1946/1946 2045/2045
f 1946/1946 2046/2046 2045/2045
f 1946/1946 1947/1947 2046/2046
f 1947/1947 2047/2047 2046/2046
f 1947/1947 1948/1948 2047/2047
f 1948/1948 2048/2048 2047/2047
f 1948/1948 1949/1949 2048/2048
f 1949/1949 2049/2049 2048/2048
f 1949/1949 1950/1950 2049/2049
f 1950/1950 2050/2050 2049/2049
f 1950/1950 1951/1951 2050/2050
f 1951/1951 2051/2051 2050/2050
f 1951/1951 1952/1952 2051/2051
f 1952/1952 2052/2052 2051/2051
f 1952/1952 1953/1953 2052/2052
f 1953/1953 2053/2053 2052/2052
f 1953/1953 1954/1954 2053/2053
f 1954/1954 2054/2054 2053/2053
f 1954/1954 1955/1955 2054/2054
f 1955/1955 2055/2055 2054/2054
f 1955/1955 1956/1956 2055/2055
f 1956/1956 2056/2056 2055/2055
f 1956/1956 1957/1957 2056/2056
f 1957/1957 2057/2057 2056/2056
f 1957/1957 1958/1958 2057/2057
f 1958/1958 2058/2058 2057/2057
f 1958/1958 1959/1959 2058/2058
f 1959/1959 2059/2059 2058/2058
f 1959/1959 1960/1960 2059/2059
f 1960/1960 2060/2060 2059/2059
f 1960/1960 1961/1961 2060/2060
f 1961/1961 2061/2061 2060/2060
f 1961/1961 1962/1962 2061/2061
f 1962/1962 2062/2062 2061/2061
f 1962/1962 1963/1963 2062/2062
f 1963/1963 2063/2063 2062/2062
f 1963/1963 1964/1964 2063/2063
f 1964/1964 2064/2064 2063/2063
f 1964/1964 1965/1965 2064/2064
f 1965/1965 2065/2065 2064/2064
f 1965/1965 1966/1966 2065/2065
f 1966/1966 2066/2066 2065/2065
f 1966/1966 1967/1967 2066/2066
f 1967/1967 2067/2067 2066/2066
f 1967/1967 1968/1968 2067/2067
f 1968/1968 2068/2068 2067/2067
f 1968/1968 1969/1969 2068/2068
f 1969/1969 2069/2069 2068/2068
f 1969/1969 1970/1970 2069/2069
f 1970/1970 2070/2070 2069/2069
f 1970/1970 1971/1971 2070/2070
f 1971/1971 2071/2071 2070/2070
f 1971/1971 1972/1972 2071/2071
f 1972/1972 2072/2072 2071/2071
f 1972/1972 1973/1973 2072/2072
f 1973/1973 2073/2073 2072/2072
f 1973/1973 1974/1974 2073/2073
f 1974/1974 2074/2074 2073/2073
f 1974/1974 1975/1975 2074/2074
f 1975/1975 2075/2075 2074/2074
f 1975/1975 1976/1976 2075/2075
f 1976/1976 2076/2076 2075/2075
f 1976/1976 1977/1977 2076/2076
f 1977/1977 2077/2077 2076/2076
f 1977/1977 1978/1978 2077/2077
f 1978/1978 2078/2078 2077/2077
f 1978/1978 1979/1979 2078/2078
f 1979/1979 2079/2079 2078/2078
f 1979/1979 1980/1980 2079/2079
f 1980/1980 2080/2080 2079/2079
f 1980/1980 1981/1981 2080/2080
f 1981/1981 2081/2081 2080/2080
f 1981/1981 1982/1982 2081/2081
f 1982/1982 2082/2082 2081/2081
f 1982/1982 1983/1983 2082/2082
f 1983/1983 2083/2083 2082/2082
f 1983/1983 1984/1984 2083/2083
f 1984/1984 2084/2084 2083/2083
f 1984/1984 1985/1985 2084/2084
f 1985/1985 2085/2085 2084/2084
f 1985/1985 1986/1986 2085/2085
f 1986/1986 2086/2086 2085/2085
f 1986/1986 1987/1987 2086/2086
f 1987/1987 2087/2087 2086/2086
f 1987/1987 1988/1988 2087/2087
f 1988/1988 2088/2088 2087/2087
f 1988/1988 1989/1989 2088/2088
f 1989/1989 2089/2089 2088/2088
f 1989/1989 1990/1990 2089/2089
f 1990/1990 2090/2090 2089/2089
f 1990/1990 1991/1991 2090/2090
f 1991/1991 2091/2091 2090/2090
f 1991/1991 1992/1992 2091/2091
f 1992/1992 2092/2092 2091/2091
f 1992/1992 1993/1993 2092/2092
f 1993/1993 2093/2093 2092/2092
f 1993/1993 1994/1994 2093/2093
f 1994/1994 2094/2094 2093/2093
f 1994/1994 1995/1995 2094/2094
f 1995/1995 2095/2095 2094/2094
f 1995/1995 1996/1996 2095/2095
f 1996/1996 2096/2096 2095/2095
f 1996/1996 1997/1997 2096/2096
f 1997/1997 2097/2097 2096/2096
f 1997/1997 1998/1998 2097/2097
f 1998/1998 2098/2098 2097/2097
f 1998/1998 1999/1999 2098/2098
f 1999/1999 2099/2099 2098/2098
f 1999/1999 2000/2000 2099/2099
f 2000/2000 2100/2100 2099/2099
f 2001/2001 2002/2002 2101/2101
f 2002/2002 2102/2102 2101/2101
f 2002/2002 2003/2003 2102/2102
f 2003/2003 2103/2103 2102/2102
f 2003/2003 2004/2004 2103/2103
f 2004/2004 2104/2104 2103/2103
f 2004/2004 2005/2005 2104/2104
f 2005/2005 2105/2105 2104/2104
f 2005/2005 2006/2006 2105/2105
f 2006/2006 2106/2106 2105/2105
f 2006/2006 2007/2007 2106/2106
f 2007/2007 2107/2107 2106/2106
f 2007/2007 2008/2008 2107/2107
f 2008/2008 2108/2108 2107/2107
f 2008/2008 2009/2009 2108/2108
f 2009/2009 2109/2109 2108/2108
f 2009/2009 2010/2010 2109/2109
f 2010/2010 2110/2110 2109/2109
f 2010/2010 2011/2011 2110/2110
f 2011/2011 2111/2111 2110/2110
f 2011/2011 2012/2012 2111/2111
f 2012/2012 2112/2112 2111/2111
f 2012/2012 2013/2013 2112/2112
f 2013/2013 2113/2113 2112/2112
f 2013/2013 2014/2014 2113/2113
f 2014/2014 2114/2114 2113/2113
f 2014/2014 2015/2015 2114/2114
f 2015/2015 2115/2115 2114/2114
f 2015/2015 2016/2016 2115/2115
f 2016/2016 2116/2116 2115/2115
f 2016/2016 2017/2017 2116/2116
f 2017/2017 2117/2117 2116/2116
f 2017/2017 2018/2018 2117/2117
f 2018/2018 2118/2118 2117/2117
f 2018/2018 2019/2019 2118/2118
f 2019/2019 2119/2119 2118/2118
f 2019/2019 2020/2020 2119/2119
f 2020/2020 2120/2120 2119/2119
f 2020/2020 2021/2021 2120/2120
f 2021/2021 2121/2121 2120/2120
f 2021/2021 2022/2022 2121/2121
f 2022/2022 2122/2122 2121/2121
f 2022/2022 2023/2023 2122/2122
f 2023/2023 2123/2123 2122/2122
f 2023/2023 2024/2024 2123/2123
f 2024/2024 2124/2124 2123/2123
f 2024/2024 2025/2025 2124/2124
f 2025/2025 2125/2125 2124/2124
f 2025/2025 2026/2026 2125/2125
f 2026/2026 2126/2126 2125/2125
f 2026/2026 2027/2027 2126/2126
f 2027/2027 2127/2127 2126/2126
f 2027/2027 2028/2028 2127/2127
f 2028/2028 2128/2128 2127/2127
f 2028/2028 2029/2029 2128/2128
f 2029/2029 2129/2129 2128/2128
f 2029/2029 2030/2030 2129/2129
f 2030/2030 2130/2130 2129/2129
f 2030/2030 2031/2031 2130/2130
f 2031/2031 2131/2131 2130/2130
f 2031/2031 2032/2032 2131/2131
f 2032/2032 2132/2132 2131/2131
f 2032/2032 2033/2033 2132/2132
f 2033/2033 2133/2133 2132/2132
f 2033/2033 2034/2034 2133/2133
f 2034/2034 2134/2134 2133/2133
f 2034/2034 2035/2035 2134/2134
f 2035/2035 2135/2135 2134/2134
f 2035/2035 2036/2036 2135/2135
f 2036/2036 2136/2136 2135/2135
f 2036/2036 2037/2037 2136/2136
f 2037/2037 2137/2137 2136/2136
f 2037/2037 2038/2038 2137/2137
f 2038/2038 2138/2138 2137/2137
f 2038/2038 2039/2039 2138/2138
f 2039/2039 2139/2139 2138/2138
f 2039/2039 2040/2040 2139/2139
f 2040/2040 2140/2140 2139/2139
f 2040/2040 2041/2041 2140/2140
f 2041/2041 2141/2141 2140/2140
f 2041/2041 2042/2042 2141/2141
f 2042/2042 2142/2142 2141/2141
f 2042/2042 2043/2043 2142/2142
f 2043/2043 2143/2143 2142/2142
f 2043/2043 2044/2044 2143/2143
f 2044/2044 2144/2144 2143/2143
f 2044/2044 2045/2045 2144/2144
f 2045/2045 2145/2145 2144/2144
f 2045/2045 2046/2046 2145/2145
f 2046/2046 2146/2146 2145/2145
f 2046/2046 2047/2047 2146/2146
f 2047/2047 2147/2147 2146/2146
f 2047/2047 2048/2048 2147/2147
f 2048/2048 2148/2148 2147/2147
f 2048/2048 2049/2049 2148/2148
f 2049/2049 2149/2149 2148/2148
f 2049/2049 2050/2050 2149/2149
f 2050/2050 2150/2150 2149/2149
f 2050/2050 2051/2051 2150/2150
f 2051/2051 2151/2151 2150/2150
f 2051/2051 2052/2052 2151/2151
f 2052/2052 2152/2152 2151/2151
f 2052/2052 2053/2053 2152/2152
f 2053/2053 2153/2153 2152/2152
f 2053/2053 2054/2054 2153/2153
f 2054/2054 2154/2154 2153/2153
f 2054/2054 2055/2055 2154/2154
f 2055/2055 2155/2155 2154/2154
f 2055/2055 2056/2056 2155/2155
f 2056/2056 2156/2156 2155/2155
f 2056/2056 2057/2057 2156/2156
f 2057/2057 2157/2157 2156/2156
f 2057/2057 2058/2058 2157/2157
f 2058/2058 2158/2158 2157/2157
f 2058/2058 2059/2059 2158/2158
f 2059/2059 2159/2159 2158/2158
f 2059/2059 2060/2060 2159/2159
f 2060/2060 2160/2160 2159/2159
f 2060/2060 2061/2061 2160/2160
f 2061/2061 2161/2161 2160/2160
f 2061/2061 2062/2062 2161/2161
f 2062/2062 2162/2162 2161/2161
f 2062/2062 2063/2063 2162/2162
f 2063/2063 2163/2163 2162/2162
f 2063/2063 2064/2064 2163/2163
f 2064/2064 2164/2164 2163/2163
f 2064/2064 2065/2065 2164/2164
f 2065/2065 2165/2165 2164/2164
f 2065/2065 2066/2066 2165/2165
f 2066/2066 2166/2166 2165/2165
f 2066/2066 2067/2067 2166/2166
f 2067/2067 2167/2167 2166/2166
f 2067/2067 2068/2068 2167/2167
f 2068/2068 2168/2168 2167/2167
f 2068/2068 2069/2069 2168/2168
f 2069/2069 2169/2169 2168/2168
f 2069/2069 2070/2070 2169/2169
f 2070/2070 2170/2170 2169/2169
f 2070/2070 2071/2071 2170/2170
f 2071/2071 2171/2171 2170/2170
f 2071/2071 2072/2072 2171/2171
f 2072/2072 2172/2172 2171/2171
f 2072/2072 2073/2073 2172/2172
f 2073/2073 2173/2173 2172/2172
f 2073/2073 2074/2074 2173/2173
f 2074/2074 2174/2174 2173/2173
f 2074/2074 2075/2075 2174/2174
f 2075/2075 2175/2175 2174/2174
f 2075/2075 2076/2076 2175/2175
f 2076/2076 2176/2176 2175/2175
f 2076/2076 2077/2077 2176/2176
f 2077/2077 2177/2177 2176/2176
f 2077/2077 2078/2078 2177/2177
f 2078/2078 2178/2178 2177/2177
f 2078/2078 2079/2079 2178/2178
f 2079/2079 2179/2179 2178/2178
f 2079/2079 2080/2080 2179/2179
f 2080/2080 2180/2180 2179/2179
f 2080/2080 2081/2081 2180/2180
f 2081/2081 2181/2181 2180/2180
f 2081/2081 2082/2082 2181/2181
f 2082/2082 2182/2182 2181/2181
f 2082/2082 2083/2083 2182/2182
f 2083/2083 2183/2183 2182/2182
f 2083/2083 2084/2084 2183/2183
f 2084/2084 2184/2184 2183/2183
f 2084/2084 2085/2085 2184/2184
f 2085/2085 2185/2185 2184/2184
f 2085/2085 2086/2086 2185/2185
f 2086/2086 2186/2186 2185/2185
f 2086/2086 2087/2087 2186/2186
f 2087/2087 2187/2187 2186/2186
f 2087/2087 2088/2088 2187/2187
f 2088/2088 2188/2188 2187/2187
f 2088/2088 2089/2089 2188/2188
f 2089/2089 2189/2189 2188/2188
f 2089/2089 2090/2090 2189/2189
f 2090/2090 2190/2190 2189/2189
f 2090/2090 2091/2091 2190/2190
f 2091/2091 2191/2191 2190/2190
f 2091/2091 2092/2092 2191/2191
f 2092/2092 2192/2192 2191/2191
f 2092/2092 2093/2093 2192/2192
f 2093/2093 2193/2193 2192/2192
f 2093/2093 2094/2094 2193/2193
f 2094/2094 2194/2194 2193/2193
f 2094/2094 2095/2095 2194/2194
f 2095/2095 2195/2195 2194/2194
f 2095/2095 2096/2096 2195/2195
f 2096/2096 2196/2196 2195/2195
f 2096/2096 2097/2097 2196/2196
f 2097/2097 2197/2197 2196/2196
f 2097/2097 2098/2098 2197/2197
f 2098/2098 2198/2198 2197/2197
f 2098/2098 2099/2099 2198/2198
f 2099/2099 2199/2199 2198/2198
f 2099/2099 2100/2100 2199/2199
f 2100/2100 2200/2200 2199/2199
f 2101/2101 2102/2102 2201/2201
f 2102/2102 2202/2202 2201/2201
f 2102/2102 2103/2103 2202/2202
f 2103/2103 2203/2203 2202/2202
f 2103/2103 2104/2104 2203/2203
f 2104/2104 2204/2204 2203/2203
f 2104/2104 2105/2105 2204/2204
f 2105/2105 2205/2205 2204/2204
f 2105/2105 2106/2106 2205/2205
f 2106/2106 2206/2206 2205/2205
f 2106/2106 2107/2107 2206/2206
f 2107/2107 2207/2207 2206/2206
f 2107/2107 2108/2108 2207/2207
f 2108/2108 2208/2208 2207/2207
f 2108/2108 2109/2109 2208/2208
f 2109/2109 2209/2209 2208/2208
f 2109/2109 2110/2110 2209/2209
f 2110/2110 2210/2210 2209/2209
f 2110/2110 2111/2111 2210/2210
f 2111/2111 2211/2211 2210/2210
f 2111/2111 2112/2112 2211/2211
f 2112/2112 2212/2212 2211/2211
f 2112/2112 2113/2113 2212/2212
f 2113/2113 2213/2213 2212/2212
f 2113/2113 2114/2114 2213/2213
f 2114/2114 2214/2214 2213/2213
f 2114/2114 2115/2115 2214/2214
f 2115/2115 2215/2215 2214/2214
f 2115/2115 2116/2116 2215/2215
f 2116/2116 2216/2216 2215/2215
f 2116/2116 2117/2117 2216/2216
f 2117/2117 2217/2217 2216/2216
f 2117/2117 2118/2118 2217/2217
f 2118/2118 2218/2218 2217/2217
f 2118/2118 2119/2119 2218/2218
f 2119/2119 2219/2219 2218/2218
f 2119/2119 2120/2120 2219/2219
f 2120/2120 2220/2220 2219/2219
f 2120/2120 2121/2121 2220/2220
f 2121/2121 2221/2221 2220/2220
f 2121/2121 2122/2122 2221/2221
f 2122/2122 2222/2222 2221/2221
f 2122/2122 2123/2123 2222/2222
f 2123/2123 2223/2223 2222/2222
f 2123/2123 2124/2124 2223/2223
f 2124/2124 2224/2224 2223/2223
f 2124/2124 2125/2125 2224/2224
f 2125/2125 2225/2225 2224/2224
f 2125/2125 2126/2126 2225/2225
f 2126/2126 2226/2226 2225/2225
f 2126/2126 2127/2127 2226/2226
f 2127/2127 2227/2227 2226/2226
f 2127/2127 2128/2128 2227/2227
f 2128/2128 2228/2228 2227/2227
f 2128/2128 2129/2129 2228/2228
f 2129/2129 2229/2229 2228/2228
f 2129/2129 2130/2130 2229/2229
f 2130/2130 2230/2230 2229/2229
f 2130/2130 2131/2131 2230/2230
f 2131/2131 2231/2231 2230/2230
f 2131/2131 2132/2132 2231/2231
f 2132/2132 2232/2232 2231/2231
f 2132/2132 2133/2133 2232/2232
f 2133/2133 2233/2233 2232/2232
f 2133/2133 2134/2134 2233/2233
f 2134/2134 2234/2234 2233/2233
f 2134/2134 2135/2135 2234/2234
f 2135/2135 2235/2235 2234/2234
f 2135/2135 2136/2136 2235/2235
f 2136/2136 2236/2236 2235/2235
f 2136/2136 2137/2137 2236/2236
f 2137/2137 2237/2237 2236/2236
f 2137/2137 2138/2138 2237/2237
f 2138/2138 2238/2238 2237/2237
f 2138/2138 2139/2139 2238/2238
f 2139/2139 2239/2239 2238/2238
f 2139/2139 2140/2140 2239/2239
f 2140/2140 2240/2240 2239/2239
f 2140/2140 2141/2141 2240/2240
f 2141/2141 2241/2241 2240/2240
f 2141/2141 2142/2142 2241/2241
f 2142/2142 2242/2242 2241/2241
f 2142/2142 2143/2143 2242/2242
f 2143/2143 2243/2243 2242/2242
f 2143/2143 2144/2144 2243/2243
f 2144/2144 2244/2244 2243/2243
f 2144/2144 2145/2145 2244/2244
f 2145/2145 2245/2245 2244/2244
f 2145/2145 2146/2146 2245/2245
f 2146/2146 2246/2246 2245/2245
f 2146/2146 2147/2147 2246/2246
f 2147/2147 2247/2247 2246/2246
f 2147/2147 2148/2148 2247/2247
f 2148/2148 2248/2248 2247/2247
f 2148/2148 2149/2149 2248/2248
f 2149/2149 2249/2249 2248/2248
f 2149/2149 2150/2150 2249/2249
f 2150/2150 2250/2250 2249/2249
f 2150/2150 2151/2151 2250/2250
f 2151/2151 2251/2251 2250/2250
f 2151/2151 2152/2152 2251/2251
f 2152/2152 2252/2252 2251/2251
f 2152/2152 2153/2153 2252/2252
f 2153/2153 2253/2253 2252/2252
f 2153/2153 2154/2154 2253/2253
f 2154/2154 2254/2254 2253/2253
f 2154/2154 2155/2155 2254/2254
f 2155/2155 2255/2255 2254/2254
f 2155/2155 2156/2156 2255/2255
f 2156/2156 2256/2256 2255/2255
f 2156/2156 2157/2157 2256/2256
f 2157/2157 2257/2257 2256/2256
f 2157/2157 2158/2158 2257/2257
f 2158/2158 2258/2258 2257/2257
f 2158/2158 2159/2159 2258/2258
f 2159/2159 2259/2259 2258/2258
f 2159/2159 2160/2160 2259/2259
f 2160/2160 2260/2260 2259/2259
f 2160/2160 2161/2161 2260/2260
f 2161/2161 2261/2261 2260/2260
f 2161/2161 2162/2162 2261/2261
f 2162/2162 2262/2262 2261/2261
f 2162/2162 2163/2163 2262/2262
f 2163/2163 2263/2263 2262/2262
f 2163/2163 2164/2164 2263/2263
f 2164/2164 2264/2264 2263/2263
f 2164/2164 2165/2165 2264/2264
f 2165/2165 2265/2265 2264/2264
f 2165/2165 2166/2166 2265/2265
f 2166/2166 2266/2266 2265/2265
f 2166/2166 2167/2167 2266/2266
f 2167/2167 2267/2267 2266/2266
f 2167/2167 2168/2168 2267/2267
f 2168/2168 2268/2268 2267/2267
f 2168/2168 2169/2169 2268/2268
f 2169/2169 2269/2269 2268/2268
f 2169/2169 2170/2170 2269/2269
f 2170/2170 2270/2270 2269/2269
f 2170/2170 2171/2171 2270/2270
f 2171/2171 2271/2271 2270/2270
f 2171/2171 2172/2172 2271/2271
f 2172/2172 2272/2272 2271/2271
f 2172/2172 2173/2173 2272/2272
f 2173/2173 2273/2273 2272/2272
f 2173/2173 2174/2174 2273/2273
f 2174/2174 2274/2274 2273/2273
f 2174/2174 2175/2175 2274/2274
f 2175/2175 2275/2275 2274/2274
f 2175/2175 2176/2176 2275/2275
f 2176/2176 2276/2276 2275/2275
f 2176/2176 2177/2177 2276/2276
f 2177/2177 2277/2277 2276/2276
f 2177/2177 2178/2178 2277/2277
f 2178/2178 2278/2278 2277/2277
f 2178/2178 2179/2179 2278/2278
f 2179/2179 2279/2279 2278/2278
f 2179/2179 2180/2180 2279/2279
f 2180/2180 2280/2280 2279/2279
f 2180/2180 2181/2181 2280/2280
f 2181/2181 2281/2281 2280/2280
f 2181/2181 2182/2182 2281/2281
f 2182/2182 2282/2282 2281/2281
f 2182/2182 2183/2183 2282/2282
f 2183/2183 2283/2283 2282/2282
f 2183/2183 2184/2184 2283/2283
f 2184/2184 2284/2284 2283/2283
f 2184/2184 2185/2185 2284/2284
f 2185/2185 2285/2285 2284/2284
f 2185/2185 2186/2186 2285/2285
f 2186/2186 2286/2286 2285/2285
f 2186/2186 2187/2187 2286/2286
f 2187/2187 2287/2287 2286/2286
f 2187/2187 2188/2188 2287/2287
f 2188/2188 2288/2288 2287/2287
f 2188/2188 2189/2189 2288/2288
f 2189/2189 2289/2289 2288/2288
f 2189/2189 2190/2190 2289/2289
f 2190/2190 2290/2290 2289/2289
f 2190/2190 2191/2191 2290/2290
f 2191/2191 2291/2291 2290/2290
f 2191/2191 2192/2192 2291/2291
f 2192/2192 2292/2292 2291/2291
f 2192/2192 2193/2193 2292/2292
f 2193/2193 2293/2293 2292/2292
f 2193/2193 2194/2194 2293/2293
f 2194/2194 2294/2294 2293/2293
f 2194/2194 2195/2195 2294/2294
f 2195/2195 2295/2295 2294/2294
f 2195/2195 2196/2196 2295/2295
f 2196/2196 2296/2296 2295/2295
f 2196/2196 2197/2197 2296/2296
f 2197/2197 2297/2297 2296/2296
f 2197/2197 2198/2198 2297/2297
f 2198/2198 2298/2298 2297/2297
f 2198/2198 2199/2199 2298/2298
f 2199/2199 2299/2299 2298/2298
f 2199/2199 2200/2200 2299/2299
f 2200/2200 2300/2300 2299/2299
f 2201/2201 2202/2202 2301/2301
f 2202/2202 2302/2302 2301/2301
f 2202/2202 2203/2203 2302/2302
f 2203/2203 2303/2303 2302/2302
f 2203/2203 2204/2204 2303/2303
f 2204/2204 2304/2304 2303/2303
f 2204/2204 2205/2205 2304/2304
f 2205/2205 2305/2305 2304/2304
f 2205/2205 2206/2206 2305/2305
f 2206/2206 2306/2306 2305/2305
f 2206/2206 2207/2207 2306/2306
f 2207/2207 2307/2307 2306/2306
f 2207/2207 2208/2208 2307/2307
f 2208/2208 2308/2308 2307/2307
f 2208/2208 2209/2209 2308/2308
f 2209/2209 2309/2309 2308/2308
f 2209/2209 2210/2210 2309/2309
f 2210/2210 2310/2310 2309/2309
f 2210/2210 2211/2211 2310/2310
f 2211/2211 2311/2311 2310/2310
f 2211/2211 2212/2212 2311/2311
f 2212/2212 2312/2312 2311/2311
f 2212/2212 2213/2213 2312/2312
f 2213/2213 2313/2313 2312/2312
f 2213/2213 2214/2214 2313/2313
f 2214/2214 2314/2314 2313/2313
f 2214/2214 2215/2215 2314/2314
f 2215/2215 2315/2315 2314/2314
f 2215/2215 2216/2216 2315/2315
f 2216/2216 2316/2316 2315/2315
f 2216/2216 2217/2217 2316/2316
f 2217/2217 2317/2317 2316/2316
f 2217/2217 2218/2218 2317/2317
f 2218/2218 2318/2318 2317/2317
f 2218/2218 2219/2219 2318/2318
f 2219/2219 2319/2319 2318/2318
f 2219/2219 2220/2220 2319/2319
f 2220/2220 2320/2320 2319/2319
f 2220/2220 2221/2221 2320/2320
f 2221/2221 2321/2321 2320/2320
f 2221/2221 2222/2222 2321/2321
f 2222/2222 2322/2322 2321/2321
f 2222/2222 2223/2223 2322/2322
f 2223/2223 2323/2323 2322/2322
f 2223/2223 2224/2224 2323/2323
f 2224/2224 2324/2324 2323/2323
f 2224/2224 2225/2225 2324/2324
f 2225/2225 2325/2325 2324/2324
f 2225/2225 2226/2226 2325/2325
f 2226/2226 2326/2326 2325/2325
f 2226/2226 2227/2227 2326/2326
f 2227/2227 2327/2327 2326/2326
f 2227/2227 2228/2228 2327/2327
f 2228/2228 2328/2328 2327/2327
f 2228/2228 2229/2229 2328/2328
f 2229/2229 2329/2329 2328/2328
f 2229/2229 2230/2230 2329/2329
f 2230/2230 2330/2330 2329/2329
f 2230/2230 2231/2231 2330/2330
f 2231/2231 2331/2331 2330/2330
f 2231/2231 2232/2232 2331/2331
f 2232/2232 2332/2332 2331/2331
f 2232/2232 2233/2233 2332/2332
f 2233/2233 2333/2333 2332/2332
f 2233/2233 2234/2234 2333/2333
f 2234/2234 2334/2334 2333/2333
f 2234/2234 2235/2235 2334/2334
f 2235/2235 2335/2335 2334/2334
f 2235/2235 2236/2236 2335/2335
f 2236/2236 2336/2336 2335/2335
f 2236/2236 2237/2237 2336/2336
f 2237/2237 2337/2337 2336/2336
f 2237/2237 2238/2238 2337/2337
f 2238/2238 2338/2338 2337/2337
f 2238/2238 2239/2239 2338/2338
f 2239/2239 2339/2339 2338/2338
f 2239/2239 2240/2240 2339/2339
f 2240/2240 2340/2340 2339/2339
f 2240/2240 2241/2241 2340/2340
f 2241/2241 2341/2341 2340/2340
f 2241/2241 2242/2242 2341/2341
f 2242/2242 2342/2342 2341/2341
f 2242/2242 2243/2243 2342/2342
f 2243/2243 2343/2343 2342/2342
f 2243/2243 2244/2244 2343/2343
f 2244/2244 2344/2344 2343/2343
f 2244/2244 2245/2245 2344/2344
f 2245/2245 2345/2345 2344/2344
f 2245/2245 2246/2246 2345/2345
f 2246/2246 2346/2346 2345/2345
f 2246/2246 2247/2247 2346/2346
f 2247/2247 2347/2347 2346/2346
f 2247/2247 2248/2248 2347/2347
f 2248/2248 2348/2348 2347/2347
f 2248/2248 2249/2249 2348/2348
f 2249/2249 2349/2349 2348/2348
f 2249/2249 2250/2250 2349/2349
f 2250/2250 2350/2350 2349/2349
f 2250/2250 2251/2251 2350/2350
f 2251/2251 2351/2351 2350/2350
f 2251/2251 2252/2252 2351/2351
f 2252/2252 2352/2352 2351/2351
f 2252/2252 2253/2253 2352/2352
f 2253/2253 2353/2353 2352/2352
f 2253/2253 2254/2254 2353/2353
f 2254/2254 2354/2354 2353/2353
f 2254/2254 2255/2255 2354/2354
f 2255/2255 2355/2355 2354/2354
f 2255/2255 2256/2256 2355/2355
f 2256/2256 2356/2356 2355/2355
f 2256/2256 2257/2257 2356/2356
f 2257/2257 2357/2357 2356/2356
f 2257/2257 2258/2258 2357/2357
f 2258/2258 2358/2358 2357/2357
f 2258/2258 2259/2259 2358/2358
f 2259/2259 2359/2359 2358/2358
f 2259/2259 2260/2260 2359/2359
f 2260/2260 2360/2360 2359/2359
f 2260/2260 2261/2261 2360/2360
f 2261/2261 2361/2361 2360/2360
f 2261/2261 2262/2262 2361/2361
f 2262/2262 2362/2362 2361/2361
f 2262/2262 2263/2263 2362/2362
f 2263/2263 2363/2363 2362/2362
f 2263/2263 2264/2264 2363/2363
f 2264/2264 2364/2364 2363/2363
f 2264/2264 2265/2265 2364/2364
f 2265/2265 2365/2365 2364/2364
f 2265/2265 2266/2266 2365/2365
f 2266/2266 2366/2366 2365/2365
f 2266/2266 2267/2267 2366/2366
f 2267/2267 2367/2367 2366/2366
f 2267/2267 2268/2268 2367/2367
f 2268/2268 2368/2368 2367/2367
f 2268/2268 2269/2269 2368/2368
f 2269/2269 2369/2369 2368/2368
f 2269/2269 2270/2270 2369/2369
f 2270/2270 2370/2370 2369/2369
f 2270/2270 2271/2271 2370/2370
f 2271/2271 2371/2371 2370/2370
f 2271/2271 2272/2272 2371/2371
f 2272/2272 2372/2372 2371/2371
f 2272/2272 2273/2273 2372/2372
f 2273/2273 2373/2373 2372/2372
f 2273/2273 2274/2274 2373/2373
f 2274/2274 2374/2374 2373/2373
f 2274/2274 2275/2275 2374/2374
f 2275/2275 2375/2375 2374/2374
f 2275/2275 2276/2276 2375/2375
f 2276/2276 2376/2376 2375/2375
f 2276/2276 2277/2277 2376/2376
f 2277/2277 2377/2377 2376/2376
f 2277/2277 2278/2278 2377/2377
f 2278/2278 2378/2378 2377/2377
f 2278/2278 2279/2279 2378/2378
f 2279/2279 2379/2379 2378/2378
f 2279/2279 2280/2280 2379/2379
f 2280/2280 2380/2380 2379/2379
f 2280/2280 2281/2281 2380/2380
f 2281/2281 2381/2381 2380/2380
f 2281/2281 2282/2282 2381/2381
f 2282/2282 2382/2382 2381/2381
f 2282/2282 2283/2283 2382/2382
f 2283/2283 2383/2383 2382/2382
f 2283/2283 2284/2284 2383/2383
f 2284/2284 2384/2384 2383/2383
f 2284/2284 2285/2285 2384/2384
f 2285/2285 2385/2385 2384/2384
f 2285/2285 2286/2286 2385/2385
f 2286/2286 2386/2386 2385/2385
f 2286/2286 2287/2287 2386/2386
f 2287/2287 2387/2387 2386/2386
f 2287/2287 2288/2288 2387/2387
f 2288/2288 2388/2388 2387/2387
f 2288/2288 2289/2289 2388/2388
f 2289/2289 2389/2389 2388/2388
f 2289/2289 2290/2290 2389/2389
f 2290/2290 2390/2390 2389/2389
f 2290/2290 2291/2291 2390/2390
f 2291/2291 2391/2391 2390/2390
f 2291/2291 2292/2292 2391/2391
f 2292/2292 2392/2392 2391/2391
f 2292/2292 2293/2293 2392/2392
f 2293/2293 2393/2393 2392/2392
f 2293/2293 2294/2294 2393/2393
f 2294/2294 2394/2394 2393/2393
f 2294/2294 2295/2295 2394/2394
f 2295/2295 2395/2395 2394/2394
f 2295/2295 2296/2296 2395/2395
f 2296/2296 2396/2396 2395/2395
f 2296/2296 2297/2297 2396/2396
f 2297/2297 2397/2397 2396/2396
f 2297/2297 2298/2298 2397/2397
f 2298/2298 2398/2398 2397/2397
f 2298/2298 2299/2299 2398/2398
f 2299/2299 2399/2399 2398/2398
f 2299/2299 2300/2300 2399/2399
f 2300/2300 2400/2400 2399/2399
f 2301/2301 2302/2302 2401/2401
f 2302/2302 2402/2402 2401/2401
f 2302/2302 2303/2303 2402/2402
f 2303/2303 2403/2403 2402/2402
f 2303/2303 2304/2304 2403/2403
f 2304/2304 2404/2404 2403/2403
f 2304/2304 2305/2305 2404/2404
f 2305/2305 2405/2405 2404/2404
f 2305/2305 2306/2306 2405/2405
f 2306/2306 2406/2406 2405/2405
f 2306/2306 2307/2307 2406/2406
f 2307/2307 2407/2407 2406/2406
f 2307/2307 2308/2308 2407/2407
f 2308/2308 2408/2408 2407/2407
f 2308/2308 2309/2309 2408/2408
f 2309/2309 2409/2409 2408/2408
f 2309/2309 2310/2310 2409/2409
f 2310/2310 2410/2410 2409/2409
f 2310/2310 2311/2311 2410/2410
f 2311/2311 2411/2411 2410/2410
f 2311/2311 2312/2312 2411/2411
f 2312/2312 2412/2412 2411/2411
f 2312/2312 2313/2313 2412/2412
f 2313/2313 2413/2413 2412/2412
f 2313/2313 2314/2314 2413/2413
f 2314/2314 2414/2414 2413/2413
f 2314/2314 2315/2315 2414/2414
f 2315/2315 2415/2415 2414/2414
f 2315/2315 2316/2316 2415/2415
f 2316/2316 2416/2416 2415/2415
f 2316/2316 2317/2317 2416/2416
f 2317/2317 2417/2417 2416/2416
f 2317/2317 2318/2318 2417/2417
f 2318/2318 2418/2418 2417/2417
f 2318/2318 2319/2319 2418/2418
f 2319/2319 2419/2419 2418/2418
f 2319/2319 2320/2320 2419/2419
f 2320/2320 2420/2420 2419/2419
f 2320/2320 2321/2321 2420/2420
f 2321/2321 2421/2421 2420/2420
f 2321/2321 2322/2322 2421/2421
f 2322/2322 2422/2422 2421/2421
f 2322/2322 2323/2323 2422/2422
f 2323/2323 2423/2423 2422/2422
f 2323/2323 2324/2324 2423/2423
f 2324/2324 2424/2424 2423/2423
f 2324/2324 2325/2325 2424/2424
f 2325/2325 2425/2425 2424/2424
f 2325/2325 2326/2326 2425/2425
f 2326/2326 2426/2426 2425/2425
f 2326/2326 2327/2327 2426/2426
f 2327/2327 2427/2427 2426/2426
f 2327/2327 2328/2328 2427/2427
f 2328/2328 2428/2428 2427/2427
f 2328/2328 2329/2329 2428/2428
f 2329/2329 2429/2429 2428/2428
f 2329/2329 2330/2330 2429/2429
f 2330/2330 2430/2430 2429/2429
f 2330/2330 2331/2331 2430/2430
f 2331/2331 2431/2431 2430/2430
f 2331/2331 2332/2332 2431/2431
f 2332/2332 2432/2432 2431/2431
f 2332/2332 2333/2333 2432/2432
f 2333/2333 2433/2433 2432/2432
f 2333/2333 2334/2334 2433/2433
f 2334/2334 2434/2434 2433/2433
f 2334/2334 2335/2335 2434/2434
f 2335/2335 2435/2435 2434/2434
f 2335/2335 2336/2336 2435/2435
f 2336/2336 2436/2436 2435/2435
f 2336/2336 2337/2337 2436/2436
f 2337/2337 2437/2437 2436/2436
f 2337/2337 2338/2338 2437/2437
f 2338/2338 2438/2438 2437/2437
f 2338/2338 2339/2339 2438/2438
f 2339/2339 2439/2439 2438/2438
f 2339/2339 2340/2340 2439/2439
f 2340/2340 2440/2440 2439/2439
f 2340/2340 2341/2341 2440/2440
f 2341/2341 2441/2441 2440/2440
f 2341/2341 2342/2342 2441/2441
f 2342/2342 2442/2442 2441/2441
f 2342/2342 2343/2343 2442/2442
f 2343/2343 2443/2443 2442/2442
f 2343/2343 2344/2344 2443/2443
f 2344/2344 2444/2444 2443/2443
f 2344/2344 2345/2345 2444/2444
f 2345/2345 2445/2445 2444/2444
f 2345/2345 2346/2346 2445/2445
f 2346/2346 2446/2446 2445/2445
f 2346/2346 2347/2347 2446/2446
f 2347/2347 2447/2447 2446/2446
f 2347/2347 2348/2348 2447/2447
f 2348/2348 2448/2448 2447/2447
f 2348/2348 2349/2349 2448/2448
f 2349/2349 2449/2449 2448/2448
f 2349/2349 2350/2350 2449/2449
f 2350/2350 2450/2450 2449/2449
f 2350/2350 2351/2351 2450/2450
f 2351/2351 2451/2451 2450/2450
f 2351/2351 2352/2352 2451/2451
f 2352/2352 2452/2452 2451/2451
f 2352/2352 2353/2353 2452/2452
f 2353/2353 2453/2453 2452/2452
f 2353/2353 2354/2354 2453/2453
f 2354/2354 2454/2454 2453/2453
f 2354/2354 2355/2355 2454/2454
f 2355/2355 2455/2455 2454/2454
f 2355/2355 2356/2356 2455/2455
f 2356/2356 2456/2456 2455/2455
f 2356/2356 2357/2357 2456/2456
f 2357/2357 2457/2457 2456/2456
f 2357/2357 2358/2358 2457/2457
f 2358/2358 2458/2458 2457/2457
f 2358/2358 2359/2359 2458/2458
f 2359/2359 2459/2459 2458/2458
f 2359/2359 2360/2360 2459/2459
f 2360/2360 2460/2460 2459/2459
f 2360/2360 2361/2361 2460/2460
f 2361/2361 2461/2461 2460/2460
f 2361/2361 2362/2362 2461/2461
f 2362/2362 2462/2462 2461/2461
f 2362/2362 2363/2363 2462/2462
f 2363/2363 2463/2463 2462/2462
f 2363/2363 2364/2364 2463/2463
f 2364/2364 2464/2464 2463/2463
f 2364/2364 2365/2365 2464/2464
f 2365/2365 2465/2465 2464/2464
f 2365/2365 2366/2366 2465/2465
f 2366/2366 2466/2466 2465/2465
f 2366/2366 2367/2367 2466/2466
f 2367/2367 2467/2467 2466/2466
f 2367/2367 2368/2368 2467/2467
f 2368/2368 2468/2468 2467/2467
f 2368/2368 2369/2369 2468/2468
f 2369/2369 2469/2469 2468/2468
f 2369/2369 2370/2370 2469/2469
f 2370/2370 2470/2470 2469/2469
f 2370/2370 2371/2371 2470/2470
f 2371/2371 2471/2471 2470/2470
f 2371/2371 2372/2372 2471/2471
f 2372/2372 2472/2472 2471/2471
f 2372/2372 2373/2373 2472/2472
f 2373/2373 2473/2473 2472/2472
f 2373/2373 2374/2374 2473/2473
f 2374/2374 2474/2474 2473/2473
f 2374/2374 2375/2375 2474/2474
f 2375/2375 2475/2475 2474/2474
f 2375/2375 2376/2376 2475/2475
f 2376/2376 2476/2476 2475/2475
f 2376/2376 2377/2377 2476/2476
f 2377/2377 2477/2477 2476/2476
f 2377/2377 2378/2378 2477/2477
f 2378/2378 2478/2478 2477/2477
f 2378/2378 2379/2379 2478/2478
f 2379/2379 2479/2479 2478/2478
f 2379/2379 2380/2380 2479/2479
f 2380/2380 2480/2480 2479/2479
f 2380/2380 2381/2381 2480/2480
f 2381/2381 2481/2481 2480/2480
f 2381/2381 2382/2382 2481/2481
f 2382/2382 2482/2482 2481/2481
f 2382/2382 2383/2383 2482/2482
f 2383/2383 2483/2483 2482/2482
f 2383/2383 2384/2384 2483/2483
f 2384/2384 2484/2484 2483/2483
f 2384/2384 2385/2385 2484/2484
f 2385/2385 2485/2485 2484/2484
f 2385/2385 2386/2386 2485/2485
f 2386/2386 2486/2486 2485/2485
f 2386/2386 2387/2387 2486/2486
f 2387/2387 2487/2487 2486/2486
f 2387/2387 2388/2388 2487/2487
f 2388/2388 2488/2488 2487/2487
f 2388/2388 2389/2389 2488/2488
f 2389/2389 2489/2489 2488/2488
f 2389/2389 2390/2390 2489/2489
f 2390/2390 2490/2490 2489/2489
f 2390/2390 2391/2391 2490/2490
f 2391/2391 2491/2491 2490/2490
f 2391/2391 2392/2392 2491/2491
f 2392/2392 2492/2492 2491/2491
f 2392/2392 2393/2393 2492/2492
f 2393/2393 2493/2493 2492/2492
f 2393/2393 2394/2394 2493/2493
f 2394/2394 2494/2494 2493/2493
f 2394/2394 2395/2395 2494/2494
f 2395/2395 2495/2495 2494/2494
f 2395/2395 2396/2396 2495/2495
f 2396/2396 2496/2496 2495/2495
f 2396/2396 2397/2397 2496/2496
f 2397/2397 2497/2497 2496/2496
f 2397/2397 2398/2398 2497/2497
f 2398/2398 2498/2498 2497/2497
f 2398/2398 2399/2399 2498/2498
f 2399/2399 2499/2499 2498/2498
f 2399/2399 2400/2400 2499/2499
f 2400/2400 2500/2500 2499/2499
f 2401/2401 2402/2402 2501/2501
f 2402/2402 2502/2502 2501/2501
f 2402/2402 2403/2403 2502/2502
f 2403/2403 2503/2503 2502/2502
f 2403/2403 2404/2404 2503/2503
f 2404/2404 2504/2504 2503/2503
f 2404/2404 2405/2405 2504/2504
f 2405/2405 2505/2505 2504/2504
f 2405/2405 2406/2406 2505/2505
f 2406/2406 2506/2506 2505/2505
f 2406/2406 2407/2407 2506/2506
f 2407/2407 2507/2507 2506/2506
f 2407/2407 2408/2408 2507/2507
f 2408/2408 2508/2508 2507/2507
f 2408/2408 2409/2409 2508/2508
f 2409/2409 2509/2509 2508/2508
f 2409/2409 2410/2410 2509/2509
f 2410/2410 2510/2510 2509/2509
f 2410/2410 2411/2411 2510/2510
f 2411/2411 2511/2511 2510/2510
f 2411/2411 2412/2412 2511/2511
f 2412/2412 2512/2512 2511/2511
f 2412/2412 2413/2413 2512/2512
f 2413/2413 2513/2513 2512/2512
f 2413/2413 2414/2414 2513/2513
f 2414/2414 2514/2514 2513/2513
f 2414/2414 2415/2415 2514/2514
f 2415/2415 2515/2515 2514/2514
f 2415/2415 2416/2416 2515/2515
f 2416/2416 2516/2516 2515/2515
f 2416/2416 2417/2417 2516/2516
f 2417/2417 2517/2517 2516/2516
f 2417/2417 2418/2418 2517/2517
f 2418/2418 2518/2518 2517/2517
f 2418/2418 2419/2419 2518/2518
f 2419/2419 2519/2519 2518/2518
f 2419/2419 2420/2420 2519/2519
f 2420/2420 2520/2520 2519/2519
f 2420/2420 2421/2421 2520/2520
f 2421/2421 2521/2521 2520/2520
f 2421/2421 2422/2422 2521/2521
f 2422/2422 2522/2522 2521/2521
f 2422/2422 2423/2423 2522/2522
f 2423/2423 2523/2523 2522/2522
f 2423/2423 2424/2424 2523/2523
f 2424/2424 2524/2524 2523/2523
f 2424/2424 2425/2425 2524/2524
f 2425/2425 2525/2525 2524/2524
f 2425/2425 2426/2426 2525/2525
f 2426/2426 2526/2526 2525/2525
f 2426/2426 2427/2427 2526/2526
f 2427/2427 2527/2527 2526/2526
f 2427/2427 2428/2428 2527/2527
f 2428/2428 2528/2528 2527/2527
f 2428/2428 2429/2429 2528/2528
f 2429/2429 2529/2529 2528/2528
f 2429/2429 2430/2430 2529/2529
f 2430/2430 2530/2530 2529/2529
f 2430/2430 2431/2431 2530/2530
f 2431/2431 2531/2531 2530/2530
f 2431/2431 2432/2432 2531/2531
f 2432/2432 2532/2532 2531/2531
f 2432/2432 2433/2433 2532/2532
f 2433/2433 2533/2533 2532/2532
f 2433/2433 2434/2434 2533/2533
f 2434/2434 2534/2534 2533/2533
f 2434/2434 2435/2435 2534/2534
f 2435/2435 2535/2535 2534/2534
f 2435/2435 2436/2436 2535/2535
f 2436/2436 2536/2536 2535/2535
f 2436/2436 2437/2437 2536/2536
f 2437/2437 2537/2537 2536/2536
f 2437/2437 2438/2438 2537/2537
f 2438/2438 2538/2538 2537/2537
f 2438/2438 2439/2439 2538/2538
f 2439/2439 2539/2539 2538/2538
f 2439/2439 2440/2440 2539/2539
f 2440/2440 2540/2540 2539/2539
f 2440/2440 2441/2441 2540/2540
f 2441/2441 2541/2541 2540/2540
f 2441/2441 2442/2442 2541/2541
f 2442/2442 2542/2542 2541/2541
f 2442/2442 2443/2443 2542/2542
f 2443/2443 2543/2543 2542/2542
f 2443/2443 2444/2444 2543/2543
f 2444/2444 2544/2544 2543/2543
f 2444/2444 2445/2445 2544/2544
f 2445/2445 2545/2545 2544/2544
f 2445/2445 2446/2446 2545/2545
f 2446/2446 2546/2546 2545/2545
f 2446/2446 2447/2447 2546/2546
f 2447/2447 2547/2547 2546/2546
f 2447/2447 2448/2448 2547/2547
f 2448/2448 2548/2548 2547/2547
f 2448/2448 2449/2449 2548/2548
f 2449/2449 2549/2549 2548/2548
f 2449/2449 2450/2450 2549/2549
f 2450/2450 2550/2550 2549/2549
f 2450/2450 2451/2451 2550/2550
f 2451/2451 2551/2551 2550/2550
f 2451/2451 2452/2452 2551/2551
f 2452/2452 2552/2552 2551/2551
f 2452/2452 2453/2453 2552/2552
f 2453/2453 2553/2553 2552/2552
f 2453/2453 2454/2454 2553/2553
f 2454/2454 2554/2554 2553/2553
f 2454/2454 2455/2455 2554/2554
f 2455/2455 2555/2555 2554/2554
f 2455/2455 2456/2456 2555/2555
f 2456/2456 2556/2556 2555/2555
f 2456/2456 2457/2457 2556/2556
f 2457/2457 2557/2557 2556/2556
f 2457/2457 2458/2458 2557/2557
f 2458/2458 2558/2558 2557/2557
f 2458/2458 2459/2459 2558/2558
f 2459/2459 2559/2559 2558/2558
f 2459/2459 2460/2460 2559/2559
f 2460/2460 2560/2560 2559/2559
f 2460/2460 2461/2461 2560/2560
f 2461/2461 2561/2561 2560/2560
f 2461/2461 2462/2462 2561/2561
f 2462/2462 2562/2562 2561/2561
f 2462/2462 2463/2463 2562/2562
f 2463/2463 2563/2563 2562/2562
f 2463/2463 2464/2464 2563/2563
f 2464/2464 2564/2564 2563/2563
f 2464/2464 2465/2465 2564/2564
f 2465/2465 2565/2565 2564/2564
f 2465/2465 2466/2466 2565/2565
f 2466/2466 2566/2566 2565/2565
f 2466/2466 2467/2467 2566/2566
f 2467/2467 2567/2567 2566/2566
f 2467/2467 2468/2468 2567/2567
f 2468/2468 2568/2568 2567/2567
f 2468/2468 2469/2469 2568/2568
f 2469/2469 2569/2569 2568/2568
f 2469/2469 2470/2470 2569/2569
f 2470/2470 2570/2570 2569/2569
f 2470/2470 2471/2471 2570/2570
f 2471/2471 2571/2571 2570/2570
f 2471/2471 2472/2472 2571/2571
f 2472/2472 2572/2572 2571/2571
f 2472/2472 2473/2473 2572/2572
f 2473/2473 2573/2573 2572/2572
f 2473/2473 2474/2474 2573/2573
f 2474/2474 2574/2574 2573/2573
f 2474/2474 2475/2475 2574/2574
f 2475/2475 2575/2575 2574/2574
f 2475/2475 2476/2476 2575/2575
f 2476/2476 2576/2576 2575/2575
f 2476/2476 2477/2477 2576/2576
f 2477/2477 2577/2577 2576/2576
f 2477/2477 2478/2478 2577/2577
f 2478/2478 2578/2578 2577/2577
f 2478/2478 2479/2479 2578/2578
f 2479/2479 2579/2579 2578/2578
f 2479/2479 2480/2480 2579/2579
f 2480/2480 2580/2580 2579/2579
f 2480/2480 2481/2481 2580/2580
f 2481/2481 2581/2581 2580/2580
f 2481/2481 2482/2482 2581/2581
f 2482/2482 2582/2582 2581/2581
f 2482/2482 2483/2483 2582/2582
f 2483/2483 2583/2583 2582/2582
f 2483/2483 2484/2484 2583/2583
f 2484/2484 2584/2584 2583/2583
f 2484/2484 2485/2485 2584/2584
f 2485/2485 2585/2585 2584/2584
f 2485/2485 2486/2486 2585/2585
f 2486/2486 2586/2586 2585/2585
f 2486/2486 2487/2487 2586/2586
f 2487/2487 2587/2587 2586/2586
f 2487/2487 2488/2488 2587/2587
f 2488/2488 2588/2588 2587/2587
f 2488/2488 2489/2489 2588/2588
f 2489/2489 2589/2589 2588/2588
f 2489/2489 2490/2490 2589/2589
f 2490/2490 2590/2590 2589/2589
f 2490/2490 2491/2491 2590/2590
f 2491/2491 2591/2591 2590/2590
f 2491/2491 2492/2492 2591/2591
f 2492/2492 2592/2592 2591/2591
f 2492/2492 2493/2493 2592/2592
f 2493/2493 2593/2593 2592/2592
f 2493/2493 2494/2494 2593/2593
f 2494/2494 2594/2594 2593/2593
f 2494/2494 2495/2495 2594/2594
f 2495/2495 2595/2595 2594/2594
f 2495/2495 2496/2496 2595/2595
f 2496/2496 2596/2596 2595/2595
f 2496/2496 2497/2497 2596/2596
f 2497/2497 2597/2597 2596/2596
f 2497/2497 2498/2498 2597/2597
f 2498/2498 2598/2598 2597/2597
f 2498/2498 2499/2499 2598/2598
f 2499/2499 2599/2599 2598/2598
f 2499/2499 2500/2500 2599/2599
f 2500/2500 2600/2600 2599/2599
f 2501/2501 2502/2502 2601/2601
f 2502/2502 2602/2602 2601/2601
f 2502/2502 2503/2503 2602/2602
f 2503/2503 2603/2603 2602/2602
f 2503/2503 2504/2504 2603/2603
f 2504/2504 2604/2604 2603/2603
f 2504/2504 2505/2505 2604/2604
f 2505/2505 2605/2605 2604/2604
f 2505/2505 2506/2506 2605/2605
f 2506/2506 2606/2606 2605/2605
f 2506/2506 2507/2507 2606/2606
f 2507/2507 2607/2607 2606/2606
f 2507/2507 2508/2508 2607/2607
f 2508/2508 2608/2608 2607/2607
f 2508/2508 2509/2509 2608/2608
f 2509/2509 2609/2609 2608/2608
f 2509/2509 2510/2510 2609/2609
f 2510/2510 2610/2610 2609/2609
f 2510/2510 2511/2511 2610/2610
f 2511/2511 2611/2611 2610/2610
f 2511/2511 2512/2512 2611/2611
f 2512/2512 2612/2612 2611/2611
f 2512/2512 2513/2513 2612/2612
f 2513/2513 2613/2613 2612/2612
f 2513/2513 2514/2514 2613/2613
f 2514/2514 2614/2614 2613/2613
f 2514/2514 2515/2515 2614/2614
f 2515/2515 2615/2615 2614/2614
f 2515/2515 2516/2516 2615/2615
f 2516/2516 2616/2616 2615/2615
f 2516/2516 2517/2517 2616/2616
f 2517/2517 2617/2617 2616/2616
f 2517/2517 2518/2518 2617/2617
f 2518/2518 2618/2618 2617/2617
f 2518/2518 2519/2519 2618/2618
f 2519/2519 2619/2619 2618/2618
f 2519/2519 2520/2520 2619/2619
f 2520/2520 2620/2620 2619/2619
f 2520/2520 2521/2521 2620/2620
f 2521/2521 2621/2621 2620/2620
f 2521/2521 2522/2522 2621/2621
f 2522/2522 2622/2622 2621/2621
f 2522/2522 2523/2523 2622/2622
f 2523/2523 2623/2623 2622/2622
f 2523/2523 2524/2524 2623/2623
f 2524/2524 2624/2624 2623/2623
f 2524/2524 2525/2525 2624/2624
f 2525/2525 2625/2625 2624/2624
f 2525/2525 2526/2526 2625/2625
f 2526/2526 2626/2626 2625/2625
f 2526/2526 2527/2527 2626/2626
f 2527/2527 2627/2627 2626/2626
f 2527/2527 2528/2528 2627/2627
f 2528/2528 2628/2628 2627/2627
f 2528/2528 2529/2529 2628/2628
f 2529/2529 2629/2629 2628/2628
f 2529/2529 2530/2530 2629/2629
f 2530/2530 2630/2630 2629/2629
f 2530/2530 2531/2531 2630/2630
f 2531/2531 2631/2631 2630/2630
f 2531/2531 2532/2532 2631/2631
f 2532/2532 2632/2632 2631/2631
f 2532/2532 2533/2533 2632/2632
f 2533/2533 2633/2633 2632/2632
f 2533/2533 2534/2534 2633/2633
f 2534/2534 2634/2634 2633/2633
f 2534/2534 2535/2535 2634/2634
f 2535/2535 2635/2635 2634/2634
f 2535/2535 2536/2536 2635/2635
f 2536/2536 2636/2636 2635/2635
f 2536/2536 2537/2537 2636/2636
f 2537/2537 2637/2637 2636/2636
f 2537/2537 2538/2538 2637/2637
f 2538/2538 2638/2638 2637/2637
f 2538/2538 2539/2539 2638/2638
f 2539/2539 2639/2639 2638/2638
f 2539/2539 2540/2540 2639/2639
f 2540/2540 2640/2640 2639/2639
f 2540/2540 2541/2541 2640/2640
f 2541/2541 2641/2641 2640/2640
f 2541/2541 2542/2542 2641/2641
f 2542/2542 2642/2642 2641/2641
f 2542/2542 2543/2543 2642/2642
f 2543/2543 2643/2643 2642/2642
f 2543/2543 2544/2544 2643/2643
f 2544/2544 2644/2644 2643/2643
f 2544/2544 2545/2545 2644/2644
f 2545/2545 2645/2645 2644/2644
f 2545/2545 2546/2546 2645/2645
f 2546/2546 2646/2646 2645/2645
f 2546/2546 2547/2547 2646/2646
f 2547/2547 2647/2647 2646/2646
f 2547/2547 2548/2548 2647/2647
f 2548/2548 2648/2648 2647/2647
f 2548/2548 2549/2549 2648/2648
f 2549/2549 2649/2649 2648/2648
f 2549/2549 2550/2550 2649/2649
f 2550/2550 2650/2650 2649/2649
f 2550/2550 2551/2551 2650/2650
f 2551/2551 2651/2651 2650/2650
f 2551/2551 2552/2552 2651/2651
f 2552/2552 2652/2652 2651/2651
f 2552/2552 2553/2553 2652/2652
f 2553/2553 2653/2653 2652/2652
f 2553/2553 2554/2554 2653/2653
f 2554/2554 2654/2654 2653/2653
f 2554/2554 2555/2555 2654/2654
f 2555/2555 2655/2655 2654/2654
f 2555/2555 2556/2556 2655/2655
f 2556/2556 2656/2656 2655/2655
f 2556/2556 2557/2557 2656/2656
f 2557/2557 2657/2657 2656/2656
f 2557/2557 2558/2558 2657/2657
f 2558/2558 2658/2658 2657/2657
f 2558/2558 2559/2559 2658/2658
f 2559/2559 2659/2659 2658/2658
f 2559/2559 2560/2560 2659/2659
f 2560/2560 2660/2660 2659/2659
f 2560/2560 2561/2561 2660/2660
f 2561/2561 2661/2661 2660/2660
f 2561/2561 2562/2562 2661/2661
f 2562/2562 2662/2662 2661/2661
f 2562/2562 2563/2563 2662/2662
f 2563/2563 2663/2663 2662/2662
f 2563/2563 2564/2564 2663/2663
f 2564/2564 2664/2664 2663/2663
f 2564/2564 2565/2565 2664/2664
f 2565/2565 2665/2665 2664/2664
f 2565/2565 2566/2566 2665/2665
f 2566/2566 2666/2666 2665/2665
f 2566/2566 2567/2567 2666/2666
f 2567/2567 2667/2667 2666/2666
f 2567/2567 2568/2568 2667/2667
f 2568/2568 2668/2668 2667/2667
f 2568/2568 2569/2569 2668/2668
f 2569/2569 2669/2669 2668/2668
f 2569/2569 2570/2570 2669/2669
f 2570/2570 2670/2670 2669/2669
f 2570/2570 2571/2571 2670/2670
f 2571/2571 2671/2671 2670/2670
f 2571/2571 2572/2572 2671/2671
f 2572/2572 2672/2672 2671/2671
f 2572/2572 2573/2573 2672/2672
f 2573/2573 2673/2673 2672/2672
f 2573/2573 2574/2574 2673/2673
f 2574/2574 2674/2674 2673/2673
f 2574/2574 2575/2575 2674/2674
f 2575/2575 2675/2675 2674/2674
f 2575/2575 2576/2576 2675/2675
f 2576/2576 2676/2676 2675/2675
f 2576/2576 2577/2577 2676/2676
f 2577/2577 2677/2677 2676/2676
f 2577/2577 2578/2578 2677/2677
f 2578/2578 2678/2678 2677/2677
f 2578/2578 2579/2579 2678/2678
f 2579/2579 2679/2679 2678/2678
f 2579/2579 2580/2580 2679/2679
f 2580/2580 2680/2680 2679/2679
f 2580/2580 2581/2581 2680/2680
f 2581/2581 2681/2681 2680/2680
f 2581/2581 2582/2582 2681/2681
f 2582/2582 2682/2682 2681/2681
f 2582/2582 2583/2583 2682/2682
f 2583/2583 2683/2683 2682/2682
f 2583/2583 2584/2584 2683/2683
f 2584/2584 2684/2684 2683/2683
f 2584/2584 2585/2585 2684/2684
f 2585/2585 2685/2685 2684/2684
f 2585/2585 2586/2586 2685/2685
f 2586/2586 2686/2686 2685/2685
f 2586/2586 2587/2587 2686/2686
f 2587/2587 2687/2687 2686/2686
f 2587/2587 2588/2588 2687/2687
f 2588/2588 2688/2688 2687/2687
f 2588/2588 2589/2589 2688/2688
f 2589/2589 2689/2689 2688/2688
f 2589/2589 2590/2590 2689/2689
f 2590/2590 2690/2690 2689/2689
f 2590/2590 2591/2591 2690/2690
f 2591/2591 2691/2691 2690/2690
f 2591/2591 2592/2592 2691/2691
f 2592/2592 2692/2692 2691/2691
f 2592/2592 2593/2593 2692/2692
f 2593/2593 2693/2693 2692/2692
f 2593/2593 2594/2594 2693/2693
f 2594/2594 2694/2694 2693/2693
f 2594/2594 2595/2595 2694/2694
f 2595/2595 2695/2695 2694/2694
f 2595/2595 2596/2596 2695/2695
f 2596/2596 2696/2696 2695/2695
f 2596/2596 2597/2597 2696/2696
f 2597/2597 2697/2697 2696/2696
f 2597/2597 2598/2598 2697/2697
f 2598/2598 2698/2698 2697/2697
f 2598/2598 2599/2599 2698/2698
f 2599/2599 2699/2699 2698/2698
f 2599/2599 2600/2600 2699/2699
f 2600/2600 2700/2700 2699/2699
f 2601/2601 2602/2602 2701/2701
f 2602/2602 2702/2702 2701/2701
f 2602/2602 2603/2603 2702/2702
f 2603/2603 2703/2703 2702/2702
f 2603/2603 2604/2604 2703/2703
f 2604/2604 2704/2704 2703/2703
f 2604/2604 2605/2605 2704/2704
f 2605/2605 2705/2705 2704/2704
f 2605/2605 2606/2606 2705/2705
f 2606/2606 2706/2706 2705/2705
f 2606/2606 2607/2607 2706/2706
f 2607/2607 2707/2707 2706/2706
f 2607/2607 2608/2608 2707/2707
f 2608/2608 2708/2708 2707/2707
f 2608/2608 2609/2609 2708/2708
f 2609/2609 2709/2709 2708/2708
f 2609/2609 2610/2610 2709/2709
f 2610/2610 2710/2710 2709/2709
f 2610/2610 2611/2611 2710/2710
f 2611/2611 2711/2711 2710/2710
f 2611/2611 2612/2612 2711/2711
f 2612/2612 2712/2712 2711/2711
f 2612/2612 2613/2613 2712/2712
f 2613/2613 2713/2713 2712/2712
f 2613/2613 2614/2614 2713/2713
f 2614/2614 2714/2714 2713/2713
f 2614/2614 2615/2615 2714/2714
f 2615/2615 2715/2715 2714/2714
f 2615/2615 2616/2616 2715/2715
f 2616/2616 2716/2716 2715/2715
f 2616/2616 2617/2617 2716/2716
f 2617/2617 2717/2717 2716/2716
f 2617/2617 2618/2618 2717/2717
f 2618/2618 2718/2718 2717/2717
f 2618/2618 2619/2619 2718/2718
f 2619/2619 2719/2719 2718/2718
f 2619/2619 2620/2620 2719/2719
f 2620/2620 2720/2720 2719/2719
f 2620/2620 2621/2621 2720/2720
f 2621/2621 2721/2721 2720/2720
f 2621/2621 2622/2622 2721/2721
f 2622/2622 2722/2722 2721/2721
f 2622/2622 2623/2623 2722/2722
f 2623/2623 2723/2723 2722/2722
f 2623/2623 2624/2624 2723/2723
f 2624/2624 2724/2724 2723/2723
f 2624/2624 2625/2625 2724/2724
f 2625/2625 2725/2725 2724/2724
f 2625/2625 2626/2626 2725/2725
f 2626/2626 2726/2726 2725/2725
f 2626/2626 2627/2627 2726/2726
f 2627/2627 2727/2727 2726/2726
f 2627/2627 2628/2628 2727/2727
f 2628/2628 2728/2728 2727/2727
f 2628/2628 2629/2629 2728/2728
f 2629/2629 2729/2729 2728/2728
f 2629/2629 2630/2630 2729/2729
f 2630/2630 2730/2730 2729/2729
f 2630/2630 2631/2631 2730/2730
f 2631/2631 2731/2731 2730/2730
f 2631/2631 2632/2632 2731/2731
f 2632/2632 2732/2732 2731/2731
f 2632/2632 2633/2633 2732/2732
f 2633/2633 2733/2733 2732/2732
f 2633/2633 2634/2634 2733/2733
f 2634/2634 2734/2734 2733/2733
f 2634/2634 2635/2635 2734/2734
f 2635/2635 2735/2735 2734/2734
f 2635/2635 2636/2636 2735/2735
f 2636/2636 2736/2736 2735/2735
f 2636/2636 2637/2637 2736/2736
f 2637/2637 2737/2737 2736/2736
f 2637/2637 2638/2638 2737/2737
f 2638/2638 2738/2738 2737/2737
f 2638/2638 2639/2639 2738/2738
f 2639/2639 2739/2739 2738/2738
f 2639/2639 2640/2640 2739/2739
f 2640/2640 2740/2740 2739/2739
f 2640/2640 2641/2641 2740/2740
f 2641/2641 2741/2741 2740/2740
f 2641/2641 2642/2642 2741/2741
f 2642/2642 2742/2742 2741/2741
f 2642/2642 2643/2643 2742/2742
f 2643/2643 2743/2743 2742/2742
f 2643/2643 2644/2644 2743/2743
f 2644/2644 2744/2744 2743/2743
f 2644/2644 2645/2645 2744/2744
f 2645/2645 2745/2745 2744/2744
f 2645/2645 2646/2646 2745/2745
f 2646/2646 2746/2746 2745/2745
f 2646/2646 2647/2647 2746/2746
f 2647/2647 2747/2747 2746/2746
f 2647/2647 2648/2648 2747/2747
f 2648/2648 2748/2748 2747/2747
f 2648/2648 2649/2649 2748/2748
f 2649/2649 2749/2749 2748/2748
f 2649/2649 2650/2650 2749/2749
f 2650/2650 2750/2750 2749/2749
f 2650/2650 2651/2651 2750/2750
f 2651/2651 2751/2751 2750/2750
f 2651/2651 2652/2652 2751/2751
f 2652/2652 2752/2752 2751/2751
f 2652/2652 2653/2653 2752/2752
f 2653/2653 2753/2753 2752/2752
f 2653/2653 2654/2654 2753/2753
f 2654/2654 2754/2754 2753/2753
f 2654/2654 2655/2655 2754/2754
f 2655/2655 2755/2755 2754/2754
f 2655/2655 2656/2656 2755/2755
f 2656/2656 2756/2756 2755/2755
f 2656/2656 2657/2657 2756/2756
f 2657/2657 2757/2757 2756/2756
f 2657/2657 2658/2658 2757/2757
f 2658/2658 2758/2758 2757/2757
f 2658/2658 2659/2659 2758/2758
f 2659/2659 2759/2759 2758/2758
f 2659/2659 2660/2660 2759/2759
f 2660/2660 2760/2760 2759/2759
f 2660/2660 2661/2661 2760/2760
f 2661/2661 2761/2761 2760/2760
f 2661/2661 2662/2662 2761/2761
f 2662/2662 2762/2762 2761/2761
f 2662/2662 2663/2663 2762/2762
f 2663/2663 2763/2763 2762/2762
f 2663/2663 2664/2664 2763/2763
f 2664/2664 2764/2764 2763/2763
f 2664/2664 2665/2665 2764/2764
f 2665/2665 2765/2765 2764/2764
f 2665/2665 2666/2666 2765/2765
f 2666/2666 2766/2766 2765/2765
f 2666/2666 2667/2667 2766/2766
f 2667/2667 2767/2767 2766/2766
f 2667/2667 2668/2668 2767/2767
f 2668/2668 2768/2768 2767/2767
f 2668/2668 2669/2669 2768/2768
f 2669/2669 2769/2769 2768/2768
f 2669/2669 2670/2670 2769/2769
f 2670/2670 2770/2770 2769/2769
f 2670/2670 2671/2671 2770/2770
f 2671/2671 2771/2771 2770/2770
f 2671/2671 2672/2672 2771/2771
f 2672/2672 2772/2772 2771/2771
f 2672/2672 2673/2673 2772/2772
f 2673/2673 2773/2773 2772/2772
f 2673/2673 2674/2674 2773/2773
f 2674/2674 2774/2774 2773/2773
f 2674/2674 2675/2675 2774/2774
f 2675/2675 2775/2775 2774/2774
f 2675/2675 2676/2676 2775/2775
f 2676/2676 2776/2776 2775/2775
f 2676/2676 2677/2677 2776/2776
f 2677/2677 2777/2777 2776/2776
f 2677/2677 2678/2678 2777/2777
f 2678/2678 2778/2778 2777/2777
f 2678/2678 2679/2679 2778/2778
f 2679/2679 2779/2779 2778/2778
f 2679/2679 2680/2680 2779/2779
f 2680/2680 2780/2780 2779/2779
f 2680/2680 2681/2681 2780/2780
f 2681/2681 2781/2781 2780/2780
f 2681/2681 2682/2682 2781/2781
f 2682/2682 2782/2782 2781/2781
f 2682/2682 2683/2683 2782/2782
f 2683/2683 2783/2783 2782/2782
f 2683/2683 2684/2684 2783/2783
f 2684/2684 2784/2784 2783/2783
f 2684/2684 2685/2685 2784/2784
f 2685/2685 2785/2785 2784/2784
f 2685/2685 2686/2686 2785/2785
f 2686/2686 2786/2786 2785/2785
f 2686/2686 2687/2687 2786/2786
f 2687/2687 2787/2787 2786/2786
f 2687/2687 2688/2688 2787/2787
f 2688/2688 2788/2788 2787/2787
f 2688/2688 2689/2689 2788/2788
f 2689/2689 2789/2789 2788/2788
f 2689/2689 2690/2690 2789/2789
f 2690/2690 2790/2790 2789/2789
f 2690/2690 2691/2691 2790/2790
f 2691/2691 2791/2791 2790/2790
f 2691/2691 2692/2692 2791/2791
f 2692/2692 2792/2792 2791/2791
f 2692/2692 2693/2693 2792/2792
f 2693/2693 2793/2793 2792/2792
f 2693/2693 2694/2694 2793/2793
f 2694/2694 2794/2794 2793/2793
f 2694/2694 2695/2695 2794/2794
f 2695/2695 2795/2795 2794/2794
f 2695/2695 2696/2696 2795/2795
f 2696/2696 2796/2796 2795/2795
f 2696/2696 2697/2697 2796/2796
f 2697/2697 2797/2797 2796/2796
f 2697/2697 2698/2698 2797/2797
f 2698/2698 2798/2798 2797/2797
f 2698/2698 2699/2699 2798/2798
f 2699/2699 2799/2799 2798/2798
f 2699/2699 2700/2700 2799/2799
f 2700/2700 2800/2800 2799/2799
f 2701/2701 2702/2702 2801/2801
f 2702/2702 2802/2802 2801/2801
f 2702/2702 2703/2703 2802/2802
f 2703/2703 2803/2803 2802/2802
f 2703/2703 2704/2704 2803/2803
f 2704/2704 2804/2804 2803/2803
f 2704/2704 2705/2705 2804/2804
f 2705/2705 2805/2805 2804/2804
f 2705/2705 2706/2706 2805/2805
f 2706/2706 2806/2806 2805/2805
f 2706/2706 2707/2707 2806/2806
f 2707/2707 2807/2807 2806/2806
f 2707/2707 2708/2708 2807/2807
f 2708/2708 2808/2808 2807/2807
f 2708/2708 2709/2709 2808/2808
f 2709/2709 2809/2809 2808/2808
f 2709/2709 2710/2710 2809/2809
f 2710/2710 2810/2810 2809/2809
f 2710/2710 2711/2711 2810/2810
f 2711/2711 2811/2811 2810/2810
f 2711/2711 2712/2712 2811/2811
f 2712/2712 2812/2812 2811/2811
f 2712/2712 2713/2713 2812/2812
f 2713/2713 2813/2813 2812/2812
f 2713/2713 2714/2714 2813/2813
f 2714/2714 2814/2814 2813/2813
f 2714/2714 2715/2715 2814/2814
f 2715/2715 2815/2815 2814/2814
f 2715/2715 2716/2716 2815/2815
f 2716/2716 2816/2816 2815/2815
f 2716/2716 2717/2717 2816/2816
f 2717/2717 2817/2817 2816/2816
f 2717/2717 2718/2718 2817/2817
f 2718/2718 2818/2818 2817/2817
f 2718/2718 2719/2719 2818/2818
f 2719/2719 2819/2819 2818/2818
f 2719/2719 2720/2720 2819/2819
f 2720/2720 2820/2820 2819/2819
f 2720/2720 2721/2721 2820/2820
f 2721/2721 2821/2821 2820/2820
f 2721/2721 2722/2722 2821/2821
f 2722/2722 2822/2822 2821/2821
f 2722/2722 2723/2723 2822/2822
f 2723/2723 2823/2823 2822/2822
f 2723/2723 2724/2724 2823/2823
f 2724/2724 2824/2824 2823/2823
f 2724/2724 2725/2725 2824/2824
f 2725/2725 2825/2825 2824/2824
f 2725/2725 2726/2726 2825/2825
f 2726/2726 2826/2826 2825/2825
f 2726/2726 2727/2727 2826/2826
f 2727/2727 2827/2827 2826/2826
f 2727/2727 2728/2728 2827/2827
f 2728/2728 2828/2828 2827/2827
f 2728/2728 2729/2729 2828/2828
f 2729/2729 2829/2829 2828/2828
f 2729/2729 2730/2730 2829/2829
f 2730/2730 2830/2830 2829/2829
f 2730/2730 2731/2731 2830/2830
f 2731/2731 2831/2831 2830/2830
f 2731/2731 2732/2732 2831/2831
f 2732/2732 2832/2832 2831/2831
f 2732/2732 2733/2733 2832/2832
f 2733/2733 2833/2833 2832/2832
f 2733/2733 2734/2734 2833/2833
f 2734/2734 2834/2834 2833/2833
f 2734/2734 2735/2735 2834/2834
f 2735/2735 2835/2835 2834/2834
f 2735/2735 2736/2736 2835/2835
f 2736/2736 2836/2836 2835/2835
f 2736/2736 2737/2737 2836/2836
f 2737/2737 2837/2837 2836/2836
f 2737/2737 2738/2738 2837/2837
f 2738/2738 2838/2838 2837/2837
f 2738/2738 2739/2739 2838/2838
f 2739/2739 2839/2839 2838/2838
f 2739/2739 2740/2740 2839/2839
f 2740/2740 2840/2840 2839/2839
f 2740/2740 2741/2741 2840/2840
f 2741/2741 2841/2841 2840/2840
f 2741/2741 2742/2742 2841/2841
f 2742/2742 2842/2842 2841/2841
f 2742/2742 2743/2743 2842/2842
f 2743/2743 2843/2843 2842/2842
f 2743/2743 2744/2744 2843/2843
f 2744/2744 2844/2844 2843/2843
f 2744/2744 2745/2745 2844/2844
f 2745/2745 2845/2845 2844/2844
f 2745/2745 2746/2746 2845/2845
f 2746/2746 2846/2846 2845/2845
f 2746/2746 2747/2747 2846/2846
f 2747/2747 2847/2847 2846/2846
f 2747/2747 2748/2748 2847/2847
f 2748/2748 2848/2848 2847/2847
f 2748/2748 2749/2749 2848/2848
f 2749/2749 2849/2849 2848/2848
f 2749/2749 2750/2750 2849/2849
f 2750/2750 2850/2850 2849/2849
f 2750/2750 2751/2751 2850/2850
f 2751/2751 2851/2851 2850/2850
f 2751/2751 2752/2752 2851/2851
f 2752/2752 2852/2852 2851/2851
f 2752/2752 2753/2753 2852/2852
f 2753/2753 2853/2853 2852/2852
f 2753/2753 2754/2754 2853/2853
f 2754/2754 2854/2854 2853/2853
f 2754/2754 2755/2755 2854/2854
f 2755/2755 2855/2855 2854/2854
f 2755/2755 2756/2756 2855/2855
f 2756/2756 2856/2856 2855/2855
f 2756/2756 2757/2757 2856/2856
f 2757/2757 2857/2857 2856/2856
f 2757/2757 2758/2758 2857/2857
f 2758/2758 2858/2858 2857/2857
f 2758/2758 2759/2759 2858/2858
f 2759/2759 2859/2859 2858/2858
f 2759/2759 2760/2760 2859/2859
f 2760/2760 2860/2860 2859/2859
f 2760/2760 2761/2761 2860/2860
f 2761/2761 2861/2861 2860/2860
f 2761/2761 2762/2762 2861/2861
f 2762/2762 2862/2862 2861/2861
f 2762/2762 2763/2763 2862/2862
f 2763/2763 2863/2863 2862/2862
f 2763/2763 2764/2764 2863/2863
f 2764/2764 2864/2864 2863/2863
f 2764/2764 2765/2765 2864/2864
f 2765/2765 2865/2865 2864/2864
f 2765/2765 2766/2766 2865/2865
f 2766/2766 2866/2866 2865/2865
f 2766/2766 2767/2767 2866/2866
f 2767/2767 2867/2867 2866/2866
f 2767/2767 2768/2768 2867/2867
f 2768/2768 2868/2868 2867/2867
f 2768/2768 2769/2769 2868/2868
f 2769/2769 2869/2869 2868/2868
f 2769/2769 2770/2770 2869/2869
f 2770/2770 2870/2870 2869/2869
f 2770/2770 2771/2771 2870/2870
f 2771/2771 2871/2871 2870/2870
f 2771/2771 2772/2772 2871/2871
f 2772/2772 2872/2872 2871/2871
f 2772/2772 2773/2773 2872/2872
f 2773/2773 2873/2873 2872/2872
f 2773/2773 2774/2774 2873/2873
f 2774/2774 2874/2874 2873/2873
f 2774/2774 2775/2775 2874/2874
f 2775/2775 2875/2875 2874/2874
f 2775/2775 2776/2776 2875/2875
f 2776/2776 2876/2876 2875/2875
f 2776/2776 2777/2777 2876/2876
f 2777/2777 2877/2877 2876/2876
f 2777/2777 2778/2778 2877/2877
f 2778/2778 2878/2878 2877/2877
f 2778/2778 2779/2779 2878/2878
f 2779/2779 2879/2879 2878/2878
f 2779/2779 2780/2780 2879/2879
f 2780/2780 2880/2880 2879/2879
f 2780/2780 2781/2781 2880/2880
f 2781/2781 2881/2881 2880/2880
f 2781/2781 2782/2782 2881/2881
f 2782/2782 2882/2882 2881/2881
f 2782/2782 2783/2783 2882/2882
f 2783/2783 2883/2883 2882/2882
f 2783/2783 2784/2784 2883/2883
f 2784/2784 2884/2884 2883/2883
f 2784/2784 2785/2785 2884/2884
f 2785/2785 2885/2885 2884/2884
f 2785/2785 2786/2786 2885/2885
f 2786/2786 2886/2886 2885/2885
f 2786/2786 2787/2787 2886/2886
f 2787/2787 2887/2887 2886/2886
f 2787/2787 2788/2788 2887/2887
f 2788/2788 2888/2888 2887/2887
f 2788/2788 2789/2789 2888/2888
f 2789/2789 2889/2889 2888/2888
f 2789/2789 2790/2790 2889/2889
f 2790/2790 2890/2890 2889/2889
f 2790/2790 2791/2791 2890/2890
f 2791/2791 2891/2891 2890/2890
f 2791/2791 2792/2792 2891/2891
f 2792/2792 2892/2892 2891/2891
f 2792/2792 2793/2793 2892/2892
f 2793/2793 2893/2893 2892/2892
f 2793/2793 2794/2794 2893/2893
f 2794/2794 2894/2894 2893/2893
f 2794/2794 2795/2795 2894/2894
f 2795/2795 2895/2895 2894/2894
f 2795/2795 2796/2796 2895/2895
f 2796/2796 2896/2896 2895/2895
f 2796/2796 2797/2797 2896/2896
f 2797/2797 2897/2897 2896/2896
f 2797/2797 2798/2798 2897/2897
f 2798/2798 2898/2898 2897/2897
f 2798/2798 2799/2799 2898/2898
f 2799/2799 2899/2899 2898/2898
f 2799/2799 2800/2800 2899/2899
f 2800/2800 2900/2900 2899/2899
f 2801/2801 2802/2802 2901/2901
f 2802/2802 2902/2902 2901/2901
f 2802/2802 2803/2803 2902/2902
f 2803/2803 2903/2903 2902/2902
f 2803/2803 2804/2804 2903/2903
f 2804/2804 2904/2904 2903/2903
f 2804/2804 2805/2805 2904/2904
f 2805/2805 2905/2905 2904/2904
f 2805/2805 2806/2806 2905/2905
f 2806/2806 2906/2906 2905/2905
f 2806/2806 2807/2807 2906/2906
f 2807/2807 2907/2907 2906/2906
f 2807/2807 2808/2808 2907/2907
f 2808/2808 2908/2908 2907/2907
f 2808/2808 2809/2809 2908/2908
f 2809/2809 2909/2909 2908/2908
f 2809/2809 2810/2810 2909/2909
f 2810/2810 2910/2910 2909/2909
f 2810/2810 2811/2811 2910/2910
f 2811/2811 2911/2911 2910/2910
f 2811/2811 2812/2812 2911/2911
f 2812/2812 2912/2912 2911/2911
f 2812/2812 2813/2813 2912/2912
f 2813/2813 2913/2913 2912/2912
f 2813/2813 2814/2814 2913/2913
f 2814/2814 2914/2914 2913/2913
f 2814/2814 2815/2815 2914/2914
f 2815/2815 2915/2915 2914/2914
f 2815/2815 2816/2816 2915/2915
f 2816/2816 2916/2916 2915/2915
f 2816/2816 2817/2817 2916/2916
f 2817/2817 2917/2917 2916/2916
f 2817/2817 2818/2818 2917/2917
f 2818/2818 2918/2918 2917/2917
f 2818/2818 2819/2819 2918/2918
f 2819/2819 2919/2919 2918/2918
f 2819/2819 2820/2820 2919/2919
f 2820/2820 2920/2920 2919/2919
f 2820/2820 2821/2821 2920/2920
f 2821/2821 2921/2921 2920/2920
f 2821/2821 2822/2822 2921/2921
f 2822/2822 2922/2922 2921/2921
f 2822/2822 2823/2823 2922/2922
f 2823/2823 2923/2923 2922/2922
f 2823/2823 2824/2824 2923/2923
f 2824/2824 2924/2924 2923/2923
f 2824/2824 2825/2825 2924/2924
f 2825/2825 2925/2925 2924/2924
f 2825/2825 2826/2826 2925/2925
f 2826/2826 2926/2926 2925/2925
f 2826/2826 2827/2827 2926/2926
f 2827/2827 2927/2927 2926/2926
f 2827/2827 2828/2828 2927/2927
f 2828/2828 2928/2928 2927/2927
f 2828/2828 2829/2829 2928/2928
f 2829/2829 2929/2929 2928/2928
f 2829/2829 2830/2830 2929/2929
f 2830/2830 2930/2930 2929/2929
f 2830/2830 2831/2831 2930/2930
f 2831/2831 2931/2931 2930/2930
f 2831/2831 2832/2832 2931/2931
f 2832/2832 2932/2932 2931/2931
f 2832/2832 2833/2833 2932/2932
f 2833/2833 2933/2933 2932/2932
f 2833/2833 2834/2834 2933/2933
f 2834/2834 2934/2934 2933/2933
f 2834/2834 2835/2835 2934/2934
f 2835/2835 2935/2935 2934/2934
f 2835/2835 2836/2836 2935/2935
f 2836/2836 2936/2936 2935/2935
f 2836/2836 2837/2837 2936/2936
f 2837/2837 2937/2937 2936/2936
f 2837/2837 2838/2838 2937/2937
f 2838/2838 2938/2938 2937/2937
f 2838/2838 2839/2839 2938/2938
f 2839/2839 2939/2939 2938/2938
f 2839/2839 2840/2840 2939/2939
f 2840/2840 2940/2940 2939/2939
f 2840/2840 2841/2841 2940/2940
f 2841/2841 2941/2941 2940/2940
f 2841/2841 2842/2842 2941/2941
f 2842/2842 2942/2942 2941/2941
f 2842/2842 2843/2843 2942/2942
f 2843/2843 2943/2943 2942/2942
f 2843/2843 2844/2844 2943/2943
f 2844/2844 2944/2944 2943/2943
f 2844/2844 2845/2845 2944/2944
f 2845/2845 2945/2945 2944/2944
f 2845/2845 2846/2846 2945/2945
f 2846/2846 2946/2946 2945/2945
f 2846/2846 2847/2847 2946/2946
f 2847/2847 2947/2947 2946/2946
f 2847/2847 2848/2848 2947/2947
f 2848/2848 2948/2948 2947/2947
f 2848/2848 2849/2849 2948/2948
f 2849/2849 2949/2949 2948/2948
f 2849/2849 2850/2850 2949/2949
f 2850/2850 2950/2950 2949/2949
f 2850/2850 2851/2851 2950/2950
f 2851/2851 2951/2951 2950/2950
f 2851/2851 2852/2852 2951/2951
f 2852/2852 2952/2952 2951/2951
f 2852/2852 2853/2853 2952/2952
f 2853/2853 2953/2953 2952/2952
f 2853/2853 2854/2854 2953/2953
f 2854/2854 2954/2954 2953/2953
f 2854/2854 2855/2855 2954/2954
f 2855/2855 2955/2955 2954/2954
f 2855/2855 2856/2856 2955/2955
f 2856/2856 2956/2956 2955/2955
f 2856/2856 2857/2857 2956/2956
f 2857/2857 2957/2957 2956/2956
f 2857/2857 2858/2858 2957/2957
f 2858/2858 2958/2958 2957/2957
f 2858/2858 2859/2859 2958/2958
f 2859/2859 2959/2959 2958/2958
f 2859/2859 2860/2860 2959/2959
f 2860/2860 2960/2960 2959/2959
f 2860/2860 2861/2861 2960/2960
f 2861/2861 2961/2961 2960/2960
f 2861/2861 2862/2862 2961/2961
f 2862/2862 2962/2962 2961/2961
f 2862/2862 2863/2863 2962/2962
f 2863/2863 2963/2963 2962/2962
f 2863/2863 2864/2864 2963/2963
f 2864/2864 2964/2964 2963/2963
f 2864/2864 2865/2865 2964/2964
f 2865/2865 2965/2965 2964/2964
f 2865/2865 2866/2866 2965/2965
f 2866/2866 2966/2966 2965/2965
f 2866/2866 2867/2867 2966/2966
f 2867/2867 2967/2967 2966/2966
f 2867/2867 2868/2868 2967/2967
f 2868/2868 2968/2968 2967/2967
f 2868/2868 2869/2869 2968/2968
f 2869/2869 2969/2969 2968/2968
f 2869/2869 2870/2870 2969/2969
f 2870/2870 2970/2970 2969/2969
f 2870/2870 2871/2871 2970/2970
f 2871/2871 2971/2971 2970/2970
f 2871/2871 2872/2872 2971/2971
f 2872/2872 2972/2972 2971/2971
f 2872/2872 2873/2873 2972/2972
f 2873/2873 2973/2973 2972/2972
f 2873/2873 2874/2874 2973/2973
f 2874/2874 2974/2974 2973/2973
f 2874/2874 2875/2875 2974/2974
f 2875/2875 2975/2975 2974/2974
f 2875/2875 2876/2876 2975/2975
f 2876/2876 2976/2976 2975/2975
f 2876/2876 2877/2877 2976/2976
f 2877/2877 2977/2977 2976/2976
f 2877/2877 2878/2878 2977/2977
f 2878/2878 2978/2978 2977/2977
f 2878/2878 2879/2879 2978/2978
f 2879/2879 2979/2979 2978/2978
f 2879/2879 2880/2880 2979/2979
f 2880/2880 2980/2980 2979/2979
f 2880/2880 2881/2881 2980/2980
f 2881/2881 2981/2981 2980/2980
f 2881/2881 2882/2882 2981/2981
f 2882/2882 2982/2982 2981/2981
f 2882/2882 2883/2883 2982/2982
f 2883/2883 2983/2983 2982/2982
f 2883/2883 2884/2884 2983/2983
f 2884/2884 2984/2984 2983/2983
f 2884/2884 2885/2885 2984/2984
f 2885/2885 2985/2985 2984/2984
f 2885/2885 2886/2886 2985/2985
f 2886/2886 2986/2986 2985/2985
f 2886/2886 2887/2887 2986/2986
f 2887/2887 2987/2987 2986/2986
f 2887/2887 2888/2888 2987/2987
f 2888/2888 2988/2988 2987/2987
f 2888/2888 2889/2889 2988/2988
f 2889/2889 2989/2989 2988/2988
f 2889/2889 2890/2890 2989/2989
f 2890/2890 2990/2990 2989/2989
f 2890/2890 2891/2891 2990/2990
f 2891/2891 2991/2991 2990/2990
f 2891/2891 2892/2892 2991/2991
f 2892/2892 2992/2992 2991/2991
f 2892/2892 2893/2893 2992/2992
f 2893/2893 2993/2993 2992/2992
f 2893/2893 2894/2894 2993/2993
f 2894/2894 2994/2994 2993/2993
f 2894/2894 2895/2895 2994/2994
f 2895/2895 2995/2995 2994/2994
f 2895/2895 2896/2896 2995/2995
f 2896/2896 2996/2996 2995/2995
f 2896/2896 2897/2897 2996/2996
f 2897/2897 2997/2997 2996/2996
f 2897/2897 2898/2898 2997/2997
f 2898/2898 2998/2998 2997/2997
f 2898/2898 2899/2899 2998/2998
f 2899/2899 2999/2999 2998/2998
f 2899/2899 2900/2900 2999/2999
f 2900/2900 3000/3000 2999/2999
f 2901/2901 2902/2902 3001/3001
f 2902/2902 3002/3002 3001/3001
f 2902/2902 2903/2903 3002/3002
f 2903/2903 3003/3003 3002/3002
f 2903/2903 2904/2904 3003/3003
f 2904/2904 3004/3004 3003/3003
f 2904/2904 2905/2905 3004/3004
f 2905/2905 3005/3005 3004/3004
f 2905/2905 2906/2906 3005/3005
f 2906/2906 3006/3006 3005/3005
f 2906/2906 2907/2907 3006/3006
f 2907/2907 3007/3007 3006/3006
f 2907/2907 2908/2908 3007/3007
f 2908/2908 3008/3008 3007/3007
f 2908/2908 2909/2909 3008/3008
f 2909/2909 3009/3009 3008/3008
f 2909/2909 2910/2910 3009/3009
f 2910/2910 3010/3010 3009/3009
f 2910/2910 2911/2911 3010/3010
f 2911/2911 3011/3011 3010/3010
f 2911/2911 2912/2912 3011/3011
f 2912/2912 3012/3012 3011/3011
f 2912/2912 2913/2913 3012/3012
f 2913/2913 3013/3013 3012/3012
f 2913/2913 2914/2914 3013/3013
f 2914/2914 3014/3014 3013/3013
f 2914/2914 2915/2915 3014/3014
f 2915/2915 3015/3015 3014/3014
f 2915/2915 2916/2916 3015/3015
f 2916/2916 3016/3016 3015/3015
f 2916/2916 2917/2917 3016/3016
f 2917/2917 3017/3017 3016/3016
f 2917/2917 2918/2918 3017/3017
f 2918/2918 3018/3018 3017/3017
f 2918/2918 2919/2919 3018/3018
f 2919/2919 3019/3019 3018/3018
f 2919/2919 2920/2920 3019/3019
f 2920/2920 3020/3020 3019/3019
f 2920/2920 2921/2921 3020/3020
f 2921/2921 3021/3021 3020/3020
f 2921/2921 2922/2922 3021/3021
f 2922/2922 3022/3022 3021/3021
f 2922/2922 2923/2923 3022/3022
f 2923/2923 3023/3023 3022/3022
f 2923/2923 2924/2924 3023/3023
f 2924/2924 3024/3024 3023/3023
f 2924/2924 2925/2925 3024/3024
f 2925/2925 3025/3025 3024/3024
f 2925/2925 2926/2926 3025/3025
f 2926/2926 3026/3026 3025/3025
f 2926/2926 2927/2927 3026/3026
f 2927/2927 3027/3027 3026/3026
f 2927/2927 2928/2928 3027/3027
f 2928/2928 3028/3028 3027/3027
f 2928/2928 2929/2929 3028/3028
f 2929/2929 3029/3029 3028/3028
f 2929/2929 2930/2930 3029/3029
f 2930/2930 3030/3030 3029/3029
f 2930/2930 2931/2931 3030/3030
f 2931/2931 3031/3031 3030/3030
f 2931/2931 2932/2932 3031/3031
f 2932/2932 3032/3032 3031/3031
f 2932/2932 2933/2933 3032/3032
f 2933/2933 3033/3033 3032/3032
f 2933/2933 2934/2934 3033/3033
f 2934/2934 3034/3034 3033/3033
f 2934/2934 2935/2935 3034/3034
f 2935/2935 3035/3035 3034/3034
f 2935/2935 2936/2936 3035/3035
f 2936/2936 3036/3036 3035/3035
f 2936/2936 2937/2937 3036/3036
f 2937/2937 3037/3037 3036/3036
f 2937/2937 2938/2938 3037/3037
f 2938/2938 3038/3038 3037/3037
f 2938/2938 2939/2939 3038/3038
f 2939/2939 3039/3039 3038/3038
f 2939/2939 2940/2940 3039/3039
f 2940/2940 3040/3040 3039/3039
f 2940/2940 2941/2941 3040/3040
f 2941/2941 3041/3041 3040/3040
f 2941/2941 2942/2942 3041/3041
f 2942/2942 3042/3042 3041/3041
f 2942/2942 2943/2943 3042/3042
f 2943/2943 3043/3043 3042/3042
f 2943/2943 2944/2944 3043/3043
f 2944/2944 3044/3044 3043/3043
f 2944/2944 2945/2945 3044/3044
f 2945/2945 3045/3045 3044/3044
f 2945/2945 2946/2946 3045/3045
f 2946/2946 3046/3046 3045/3045
f 2946/2946 2947/2947 3046/3046
f 2947/2947 3047/3047 3046/3046
f 2947/2947 2948/2948 3047/3047
f 2948/2948 3048/3048 3047/3047
f 2948/2948 2949/2949 3048/3048
f 2949/2949 3049/3049 3048/3048
f 2949/2949 2950/2950 3049/3049
f 2950/2950 3050/3050 3049/3049
f 2950/2950 2951/2951 3050/3050
f 2951/2951 3051/3051 3050/3050
f 2951/2951 2952/2952 3051/3051
f 2952/2952 3052/3052 3051/3051
f 2952/2952 2953/2953 3052/3052
f 2953/2953 3053/3053 3052/3052
f 2953/2953 2954/2954 3053/3053
f 2954/2954 3054/3054 3053/3053
f 2954/2954 2955/2955 3054/3054
f 2955/2955 3055/3055 3054/3054
f 2955/2955 2956/2956 3055/3055
f 2956/2956 3056/3056 3055/3055
f 2956/2956 2957/2957 3056/3056
f 2957/2957 3057/3057 3056/3056
f 2957/2957 2958/2958 3057/3057
f 2958/2958 3058/3058 3057/3057
f 2958/2958 2959/2959 3058/3058
f 2959/2959 3059/3059 3058/3058
f 2959/2959 2960/2960 3059/3059
f 2960/2960 3060/3060 3059/3059
f 2960/2960 2961/2961 3060/3060
f 2961/2961 3061/3061 3060/3060
f 2961/2961 2962/2962 3061/3061
f 2962/2962 3062/3062 3061/3061
f 2962/2962 2963/2963 3062/3062
f 2963/2963 3063/3063 3062/3062
f 2963/2963 2964/2964 3063/3063
f 2964/2964 3064/3064 3063/3063
f 2964/2964 2965/2965 3064/3064
f 2965/2965 3065/3065 3064/3064
f 2965/2965 2966/2966 3065/3065
f 2966/2966 3066/3066 3065/3065
f 2966/2966 2967/2967 3066/3066
f 2967/2967 3067/3067 3066/3066
f 2967/2967 2968/2968 3067/3067
f 2968/2968 3068/3068 3067/3067
f 2968/2968 2969/2969 3068/3068
f 2969/2969 3069/3069 3068/3068
f 2969/2969 2970/2970 3069/3069
f 2970/2970 3070/3070 3069/3069
f 2970/2970 2971/2971 3070/3070
f 2971/2971 3071/3071 3070/3070
f 2971/2971 2972/2972 3071/3071
f 2972/2972 3072/3072 3071/3071
f 2972/2972 2973/2973 3072/3072
f 2973/2973 3073/3073 3072/3072
f 2973/2973 2974/2974 3073/3073
f 2974/2974 3074/3074 3073/3073
f 2974/2974 2975/2975 3074/3074
f 2975/2975 3075/3075 3074/3074
f 2975/2975 2976/2976 3075/3075
f 2976/2976 3076/3076 3075/3075
f 2976/2976 2977/2977 3076/3076
f 2977/2977 3077/3077 3076/3076
f 2977/2977 2978/2978 3077/3077
f 2978/2978 3078/3078 3077/3077
f 2978/2978 2979/2979 3078/3078
f 2979/2979 3079/3079 3078/3078
f 2979/2979 2980/2980 3079/3079
f 2980/2980 3080/3080 3079/3079
f 2980/2980 2981/2981 3080/3080
f 2981/2981 3081/3081 3080/3080
f 2981/2981 2982/2982 3081/3081
f 2982/2982 3082/3082 3081/3081
f 2982/2982 2983/2983 3082/3082
f 2983/2983 3083/3083 3082/3082
f 2983/2983 2984/2984 3083/3083
f 2984/2984 3084/3084 3083/3083
f 2984/2984 2985/2985 3084/3084
f 2985/2985 3085/3085 3084/3084
f 2985/2985 2986/2986 3085/3085
f 2986/2986 3086/3086 3085/3085
f 2986/2986 2987/2987 3086/3086
f 2987/2987 3087/3087 3086/3086
f 2987/2987 2988/2988 3087/3087
f 2988/2988 3088/3088 3087/3087
f 2988/2988 2989/2989 3088/3088
f 2989/2989 3089/3089 3088/3088
f 2989/2989 2990/2990 3089/3089
f 2990/2990 3090/3090 3089/3089
f 2990/2990 2991/2991 3090/3090
f 2991/2991 3091/3091 3090/3090
f 2991/2991 2992/2992 3091/3091
f 2992/2992 3092/3092 3091/3091
f 2992/2992 2993/2993 3092/3092
f 2993/2993 3093/3093 3092/3092
f 2993/2993 2994/2994 3093/3093
f 2994/2994 3094/3094 3093/3093
f 2994/2994 2995/2995 3094/3094
f 2995/2995 3095/3095 3094/3094
f 2995/2995 2996/2996 3095/3095
f 2996/2996 3096/3096 3095/3095
f 2996/2996 2997/2997 3096/3096
f 2997/2997 3097/3097 3096/3096
f 2997/2997 2998/2998 3097/3097
f 2998/2998 3098/3098 3097/3097
f 2998/2998 2999/2999 3098/3098
f 2999/2999 3099/3099 3098/3098
f 2999/2999 3000/3000 3099/3099
f 3000/3000 3100/3100 3099/3099
f 3001/3001 3002/3002 3101/3101
f 3002/3002 3102/3102 3101/3101
f 3002/3002 3003/3003 3102/3102
f 3003/3003 3103/3103 3102/3102
f 3003/3003 3004/3004 3103/3103
f 3004/3004 3104/3104 3103/3103
f 3004/3004 3005/3005 3104/3104
f 3005/3005 3105/3105 3104/3104
f 3005/3005 3006/3006 3105/3105
f 3006/3006 3106/3106 3105/3105
f 3006/3006 3007/3007 3106/3106
f 3007/3007 3107/3107 3106/3106
f 3007/3007 3008/3008 3107/3107
f 3008/3008 3108/3108 3107/3107
f 3008/3008 3009/3009 3108/3108
f 3009/3009 3109/3109 3108/3108
f 3009/3009 3010/3010 3109/3109
f 3010/3010 3110/3110 3109/3109
f 3010/3010 3011/3011 3110/3110
f 3011/3011 3111/3111 3110/3110
f 3011/3011 3012/3012 3111/3111
f 3012/3012 3112/3112 3111/3111
f 3012/3012 3013/3013 3112/3112
f 3013/3013 3113/3113 3112/3112
f 3013/3013 3014/3014 3113/3113
f 3014/3014 3114/3114 3113/3113
f 3014/3014 3015/3015 3114/3114
f 3015/3015 3115/3115 3114/3114
f 3015/3015 3016/3016 3115/3115
f 3016/3016 3116/3116 3115/3115
f 3016/3016 3017/3017 3116/3116
f 3017/3017 3117/3117 3116/3116
f 3017/3017 3018/3018 3117/3117
f 3018/3018 3118/3118 3117/3117
f 3018/3018 3019/3019 3118/3118
f 3019/3019 3119/3119 3118/3118
f 3019/3019 3020/3020 3119/3119
f 3020/3020 3120/3120 3119/3119
f 3020/3020 3021/3021 3120/3120
f 3021/3021 3121/3121 3120/3120
f 3021/3021 3022/3022 3121/3121
f 3022/3022 3122/3122 3121/3121
f 3022/3022 3023/3023 3122/3122
f 3023/3023 3123/3123 3122/3122
f 3023/3023 3024/3024 3123/3123
f 3024/3024 3124/3124 3123/3123
f 3024/3024 3025/3025 3124/3124
f 3025/3025 3125/3125 3124/3124
f 3025/3025 3026/3026 3125/3125
f 3026/3026 3126/3126 3125/3125
f 3026/3026 3027/3027 3126/3126
f 3027/3027 3127/3127 3126/3126
f 3027/3027 3028/3028 3127/3127
f 3028/3028 3128/3128 3127/3127
f 3028/3028 3029/3029 3128/3128
f 3029/3029 3129/3129 3128/3128
f 3029/3029 3030/3030 3129/3129
f 3030/3030 3130/3130 3129/3129
f 3030/3030 3031/3031 3130/3130
f 3031/3031 3131/3131 3130/3130
f 3031/3031 3032/3032 3131/3131
f 3032/3032 3132/3132 3131/3131
f 3032/3032 3033/3033 3132/3132
f 3033/3033 3133/3133 3132/3132
f 3033/3033 3034/3034 3133/3133
f 3034/3034 3134/3134 3133/3133
f 3034/3034 3035/3035 3134/3134
f 3035/3035 3135/3135 3134/3134
f 3035/3035 3036/3036 3135/3135
f 3036/3036 3136/3136 3135/3135
f 3036/3036 3037/3037 3136/3136
f 3037/3037 3137/3137 3136/3136
f 3037/3037 3038/3038 3137/3137
f 3038/3038 3138/3138 3137/3137
f 3038/3038 3039/3039 3138/3138
f 3039/3039 3139/3139 3138/3138
f 3039/3039 3040/3040 3139/3139
f 3040/3040 3140/3140 3139/3139
f 3040/3040 3041/3041 3140/3140
f 3041/3041 3141/3141 3140/3140
f 3041/3041 3042/3042 3141/3141
f 3042/3042 3142/3142 3141/3141
f 3042/3042 3043/3043 3142/3142
f 3043/3043 3143/3143 3142/3142
f 3043/3043 3044/3044 3143/3143
f 3044/3044 3144/3144 3143/3143
f 3044/3044 3045/3045 3144/3144
f 3045/3045 3145/3145 3144/3144
f 3045/3045 3046/3046 3145/3145
f 3046/3046 3146/3146 3145/3145
f 3046/3046 3047/3047 3146/3146
f 3047/3047 3147/3147 3146/3146
f 3047/3047 3048/3048 3147/3147
f 3048/3048 3148/3148 3147/3147
f 3048/3048 3049/3049 3148/3148
f 3049/3049 3149/3149 3148/3148
f 3049/3049 3050/3050 3149/3149
f 3050/3050 3150/3150 3149/3149
f 3050/3050 3051/3051 3150/3150
f 3051/3051 3151/3151 3150/3150
f 3051/3051 3052/3052 3151/3151
f 3052/3052 3152/3152 3151/3151
f 3052/3052 3053/3053 3152/3152
f 3053/3053 3153/3153 3152/3152
f 3053/3053 3054/3054 3153/3153
f 3054/3054 3154/3154 3153/3153
f 3054/3054 3055/3055 3154/3154
f 3055/3055 3155/3155 3154/3154
f 3055/3055 3056/3056 3155/3155
f 3056/3056 3156/3156 3155/3155
f 3056/3056 3057/3057 3156/3156
f 3057/3057 3157/3157 3156/3156
f 3057/3057 3058/3058 3157/3157
f 3058/3058 3158/3158 3157/3157
f 3058/3058 3059/3059 3158/3158
f 3059/3059 3159/3159 3158/3158
f 3059/3059 3060/3060 3159/3159
f 3060/3060 3160/3160 3159/3159
f 3060/3060 3061/3061 3160/3160
f 3061/3061 3161/3161 3160/3160
f 3061/3061 3062/3062 3161/3161
f 3062/3062 3162/3162 3161/3161
f 3062/3062 3063/3063 3162/3162
f 3063/3063 3163/3163 3162/3162
f 3063/3063 3064/3064 3163/3163
f 3064/3064 3164/3164 3163/3163
f 3064/3064 3065/3065 3164/3164
f 3065/3065 3165/3165 3164/3164
f 3065/3065 3066/3066 3165/3165
f 3066/3066 3166/3166 3165/3165
f 3066/3066 3067/3067 3166/3166
f 3067/3067 3167/3167 3166/3166
f 3067/3067 3068/3068 3167/3167
f 3068/3068 3168/3168 3167/3167
f 3068/3068 3069/3069 3168/3168
f 3069/3069 3169/3169 3168/3168
f 3069/3069 3070/3070 3169/3169
f 3070/3070 3170/3170 3169/3169
f 3070/3070 3071/3071 3170/3170
f 3071/3071 3171/3171 3170/3170
f 3071/3071 3072/3072 3171/3171
f 3072/3072 3172/3172 3171/3171
f 3072/3072 3073/3073 3172/3172
f 3073/3073 3173/3173 3172/3172
f 3073/3073 3074/3074 3173/3173
f 3074/3074 3174/3174 3173/3173
f 3074/3074 3075/3075 3174/3174
f 3075/3075 3175/3175 3174/3174
f 3075/3075 3076/3076 3175/3175
f 3076/3076 3176/3176 3175/3175
f 3076/3076 3077/3077 3176/3176
f 3077/3077 3177/3177 3176/3176
f 3077/3077 3078/3078 3177/3177
f 3078/3078 3178/3178 3177/3177
f 3078/3078 3079/3079 3178/3178
f 3079/3079 3179/3179 3178/3178
f 3079/3079 3080/3080 3179/3179
f 3080/3080 3180/3180 3179/3179
f 3080/3080 3081/3081 3180/3180
f 3081/3081 3181/3181 3180/3180
f 3081/3081 3082/3082 3181/3181
f 3082/3082 3182/3182 3181/3181
f 3082/3082 3083/3083 3182/3182
f 3083/3083 3183/3183 3182/3182
f 3083/3083 3084/3084 3183/3183
f 3084/3084 3184/3184 3183/3183
f 3084/3084 3085/3085 3184/3184
f 3085/3085 3185/3185 3184/3184
f 3085/3085 3086/3086 3185/3185
f 3086/3086 3186/3186 3185/3185
f 3086/3086 3087/3087 3186/3186
f 3087/3087 3187/3187 3186/3186
f 3087/3087 3088/3088 3187/3187
f 3088/3088 3188/3188 3187/3187
f 3088/3088 3089/3089 3188/3188
f 3089/3089 3189/3189 3188/3188
f 3089/3089 3090/3090 3189/3189
f 3090/3090 3190/3190 3189/3189
f 3090/3090 3091/3091 3190/3190
f 3091/3091 3191/3191 3190/3190
f 3091/3091 3092/3092 3191/3191
f 3092/3092 3192/3192 3191/3191
f 3092/3092 3093/3093 3192/3192
f 3093/3093 3193/3193 3192/3192
f 3093/3093 3094/3094 3193/3193
f 3094/3094 3194/3194 3193/3193
f 3094/3094 3095/3095 3194/3194
f 3095/3095 3195/3195 3194/3194
f 3095/3095 3096/3096 3195/3195
f 3096/3096 3196/3196 3195/3195
f 3096/3096 3097/3097 3196/3196
f 3097/3097 3197/3197 3196/3196
f 3097/3097 3098/3098 3197/3197
f 3098/3098 3198/3198 3197/3197
f 3098/3098 3099/3099 3198/3198
f 3099/3099 3199/3199 3198/3198
f 3099/3099 3100/3100 3199/3199
f 3100/3100 3200/3200 3199/3199
f 3101/3101 3102/3102 3201/3201
f 3102/3102 3202/3202 3201/3201
f 3102/3102 3103/3103 3202/3202
f 3103/3103 3203/3203 3202/3202
f 3103/3103 3104/3104 3203/3203
f 3104/3104 3204/3204 3203/3203
f 3104/3104 3105/3105 3204/3204
f 3105/3105 3205/3205 3204/3204
f 3105/3105 3106/3106 3205/3205
f 3106/3106 3206/3206 3205/3205
f 3106/3106 3107/3107 3206/3206
f 3107/3107 3207/3207 3206/3206
f 3107/3107 3108/3108 3207/3207
f 3108/3108 3208/3208 3207/3207
f 3108/3108 3109/3109 3208/3208
f 3109/3109 3209/3209 3208/3208
f 3109/3109 3110/3110 3209/3209
f 3110/3110 3210/3210 3209/3209
f 3110/3110 3111/3111 3210/3210
f 3111/3111 3211/3211 3210/3210
f 3111/3111 3112/3112 3211/3211
f 3112/3112 3212/3212 3211/3211
f 3112/3112 3113/3113 3212/3212
f 3113/3113 3213/3213 3212/3212
f 3113/3113 3114/3114 3213/3213
f 3114/3114 3214/3214 3213/3213
f 3114/3114 3115/3115 3214/3214
f 3115/3115 3215/3215 3214/3214
f 3115/3115 3116/3116 3215/3215
f 3116/3116 3216/3216 3215/3215
f 3116/3116 3117/3117 3216/3216
f 3117/3117 3217/3217 3216/3216
f 3117/3117 3118/3118 3217/3217
f 3118/3118 3218/3218 3217/3217
f 3118/3118 3119/3119 3218/3218
f 3119/3119 3219/3219 3218/3218
f 3119/3119 3120/3120 3219/3219
f 3120/3120 3220/3220 3219/3219
f 3120/3120 3121/3121 3220/3220
f 3121/3121 3221/3221 3220/3220
f 3121/3121 3122/3122 3221/3221
f 3122/3122 3222/3222 3221/3221
f 3122/3122 3123/3123 3222/3222
f 3123/3123 3223/3223 3222/3222
f 3123/3123 3124/3124 3223/3223
f 3124/3124 3224/3224 3223/3223
f 3124/3124 3125/3125 3224/3224
f 3125/3125 3225/3225 3224/3224
f 3125/3125 3126/3126 3225/3225
f 3126/3126 3226/3226 3225/3225
f 3126/3126 3127/3127 3226/3226
f 3127/3127 3227/3227 3226/3226
f 3127/3127 3128/3128 3227/3227
f 3128/3128 3228/3228 3227/3227
f 3128/3128 3129/3129 3228/3228
f 3129/3129 3229/3229 3228/3228
f 3129/3129 3130/3130 3229/3229
f 3130/3130 3230/3230 3229/3229
f 3130/3130 3131/3131 3230/3230
f 3131/3131 3231/3231 3230/3230
f 3131/3131 3132/3132 3231/3231
f 3132/3132 3232/3232 3231/3231
f 3132/3132 3133/3133 3232/3232
f 3133/3133 3233/3233 3232/3232
f 3133/3133 3134/3134 3233/3233
f 3134/3134 3234/3234 3233/3233
f 3134/3134 3135/3135 3234/3234
f 3135/3135 3235/3235 3234/3234
f 3135/3135 3136/3136 3235/3235
f 3136/3136 3236/3236 3235/3235
f 3136/3136 3137/3137 3236/3236
f 3137/3137 3237/3237 3236/3236
f 3137/3137 3138/3138 3237/3237
f 3138/3138 3238/3238 3237/3237
f 3138/3138 3139/3139 3238/3238
f 3139/3139 3239/3239 3238/3238
f 3139/3139 3140/3140 3239/3239
f 3140/3140 3240/3240 3239/3239
f 3140/3140 3141/3141 3240/3240
f 3141/3141 3241/3241 3240/3240
f 3141/3141 3142/3142 3241/3241
f 3142/3142 3242/3242 3241/3241
f 3142/3142 3143/3143 3242/3242
f 3143/3143 3243/3243 3242/3242
f 3143/3143 3144/3144 3243/3243
f 3144/3144 3244/3244 3243/3243
f 3144/3144 3145/3145 3244/3244
f 3145/3145 3245/3245 3244/3244
f 3145/3145 3146/3146 3245/3245
f 3146/3146 3246/3246 3245/3245
f 3146/3146 3147/3147 3246/3246
f 3147/3147 3247/3247 3246/3246
f 3147/3147 3148/3148 3247/3247
f 3148/3148 3248/3248 3247/3247
f 3148/3148 3149/3149 3248/3248
f 3149/3149 3249/3249 3248/3248
f 3149/3149 3150/3150 3249/3249
f 3150/3150 3250/3250 3249/3249
f 3150/3150 3151/3151 3250/3250
f 3151/3151 3251/3251 3250/3250
f 3151/3151 3152/3152 3251/3251
f 3152/3152 3252/3252 3251/3251
f 3152/3152 3153/3153 3252/3252
f 3153/3153 3253/3253 3252/3252
f 3153/3153 3154/3154 3253/3253
f 3154/3154 3254/3254 3253/3253
f 3154/3154 3155/3155 3254/3254
f 3155/3155 3255/3255 3254/3254
f 3155/3155 3156/3156 3255/3255
f 3156/3156 3256/3256 3255/3255
f 3156/3156 3157/3157 3256/3256
f 3157/3157 3257/3257 3256/3256
f 3157/3157 3158/3158 3257/3257
f 3158/3158 3258/3258 3257/3257
f 3158/3158 3159/3159 3258/3258
f 3159/3159 3259/3259 3258/3258
f 3159/3159 3160/3160 3259/3259
f 3160/3160 3260/3260 3259/3259
f 3160/3160 3161/3161 3260/3260
f 3161/3161 3261/3261 3260/3260
f 3161/3161 3162/3162 3261/3261
f 3162/3162 3262/3262 3261/3261
f 3162/3162 3163/3163 3262/3262
f 3163/3163 3263/3263 3262/3262
f 3163/3163 3164/3164 3263/3263
f 3164/3164 3264/3264 3263/3263
f 3164/3164 3165/3165 3264/3264
f 3165/3165 3265/3265 3264/3264
f 3165/3165 3166/3166 3265/3265
f 3166/3166 3266/3266 3265/3265
f 3166/3166 3167/3167 3266/3266
f 3167/3167 3267/3267 3266/3266
f 3167/3167 3168/3168 3267/3267
f 3168/3168 3268/3268 3267/3267
f 3168/3168 3169/3169 3268/3268
f 3169/3169 3269/3269 3268/3268
f 3169/3169 3170/3170 3269/3269
f 3170/3170 3270/3270 3269/3269
f 3170/3170 3171/3171 3270/3270
f 3171/3171 3271/3271 3270/3270
f 3171/3171 3172/3172 3271/3271
f 3172/3172 3272/3272 3271/3271
f 3172/3172 3173/3173 3272/3272
f 3173/3173 3273/3273 3272/3272
f 3173/3173 3174/3174 3273/3273
f 3174/3174 3274/3274 3273/3273
f 3174/3174 3175/3175 3274/3274
f 3175/3175 3275/3275 3274/3274
f 3175/3175 3176/3176 3275/3275
f 3176/3176 3276/3276 3275/3275
f 3176/3176 3177/3177 3276/3276
f 3177/3177 3277/3277 3276/3276
f 3177/3177 3178/3178 3277/3277
f 3178/3178 3278/3278 3277/3277
f 3178/3178 3179/3179 3278/3278
f 3179/3179 3279/3279 3278/3278
f 3179/3179 3180/3180 3279/3279
f 3180/3180 3280/3280 3279/3279
f 3180/3180 3181/3181 3280/3280
f 3181/3181 3281/3281 3280/3280
f 3181/3181 3182/3182 3281/3281
f 3182/3182 3282/3282 3281/3281
f 3182/3182 3183/3183 3282/3282
f 3183/3183 3283/3283 3282/3282
f 3183/3183 3184/3184 3283/3283
f 3184/3184 3284/3284 3283/3283
f 3184/3184 3185/3185 3284/3284
f 3185/3185 3285/3285 3284/3284
f 3185/3185 3186/3186 3285/3285
f 3186/3186 3286/3286 3285/3285
f 3186/3186 3187/3187 3286/3286
f 3187/3187 3287/3287 3286/3286
f 3187/3187 3188/3188 3287/3287
f 3188/3188 3288/3288 3287/3287
f 3188/3188 3189/3189 3288/3288
f 3189/3189 3289/3289 3288/3288
f 3189/3189 3190/3190 3289/3289
f 3190/3190 3290/3290 3289/3289
f 3190/3190 3191/3191 3290/3290
f 3191/3191 3291/3291 3290/3290
f 3191/3191 3192/3192 3291/3291
f 3192/3192 3292/3292 3291/3291
f 3192/3192 3193/3193 3292/3292
f 3193/3193 3293/3293 3292/3292
f 3193/3193 3194/3194 3293/3293
f 3194/3194 3294/3294 3293/3293
f 3194/3194 3195/3195 3294/3294
f 3195/3195 3295/3295 3294/3294
f 3195/3195 3196/3196 3295/3295
f 3196/3196 3296/3296 3295/3295
f 3196/3196 3197/3197 3296/3296
f 3197/3197 3297/3297 3296/3296
f 3197/3197 3198/3198 3297/3297
f 3198/3198 3298/3298 3297/3297
f 3198/3198 3199/3199 3298/3298
f 3199/3199 3299/3299 3298/3298
f 3199/3199 3200/3200 3299/3299
f 3200/3200 3300/3300 3299/3299
f 3201/3201 3202/3202 3301/3301
f 3202/3202 3302/3302 3301/3301
f 3202/3202 3203/3203 3302/3302
f 3203/3203 3303/3303 3302/3302
f 3203/3203 3204/3204 3303/3303
f 3204/3204 3304/3304 3303/3303
f 3204/3204 3205/3205 3304/3304
f 3205/3205 3305/3305 3304/3304
f 3205/3205 3206/3206 3305/3305
f 3206/3206 3306/3306 3305/3305
f 3206/3206 3207/3207 3306/3306
f 3207/3207 3307/3307 3306/3306
f 3207/3207 3208/3208 3307/3307
f 3208/3208 3308/3308 3307/3307
f 3208/3208 3209/3209 3308/3308
f 3209/3209 3309/3309 3308/3308
f 3209/3209 3210/3210 3309/3309
f 3210/3210 3310/3310 3309/3309
f 3210/3210 3211/3211 3310/3310
f 3211/3211 3311/3311 3310/3310
f 3211/3211 3212/3212 3311/3311
f 3212/3212 3312/3312 3311/3311
f 3212/3212 3213/3213 3312/3312
f 3213/3213 3313/3313 3312/3312
f 3213/3213 3214/3214 3313/3313
f 3214/3214 3314/3314 3313/3313
f 3214/3214 3215/3215 3314/3314
f 3215/3215 3315/3315 3314/3314
f 3215/3215 3216/3216 3315/3315
f 3216/3216 3316/3316 3315/3315
f 3216/3216 3217/3217 3316/3316
f 3217/3217 3317/3317 3316/3316
f 3217/3217 3218/3218 3317/3317
f 3218/3218 3318/3318 3317/3317
f 3218/3218 3219/3219 3318/3318
f 3219/3219 3319/3319 3318/3318
f 3219/3219 3220/3220 3319/3319
f 3220/3220 3320/3320 3319/3319
f 3220/3220 3221/3221 3320/3320
f 3221/3221 3321/3321 3320/3320
f 3221/3221 3222/3222 3321/3321
f 3222/3222 3322/3322 3321/3321
f 3222/3222 3223/3223 3322/3322
f 3223/3223 3323/3323 3322/3322
f 3223/3223 3224/3224 3323/3323
f 3224/3224 3324/3324 3323/3323
f 3224/3224 3225/3225 3324/3324
f 3225/3225 3325/3325 3324/3324
f 3225/3225 3226/3226 3325/3325
f 3226/3226 3326/3326 3325/3325
f 3226/3226 3227/3227 3326/3326
f 3227/3227 3327/3327 3326/3326
f 3227/3227 3228/3228 3327/3327
f 3228/3228 3328/3328 3327/3327
f 3228/3228 3229/3229 3328/3328
f 3229/3229 3329/3329 3328/3328
f 3229/3229 3230/3230 3329/3329
f 3230/3230 3330/3330 3329/3329
f 3230/3230 3231/3231 3330/3330
f 3231/3231 3331/3331 3330/3330
f 3231/3231 3232/3232 3331/3331
f 3232/3232 3332/3332 3331/3331
f 3232/3232 3233/3233 3332/3332
f 3233/3233 3333/3333 3332/3332
f 3233/3233 3234/3234 3333/3333
f 3234/3234 3334/3334 3333/3333
f 3234/3234 3235/3235 3334/3334
f 3235/3235 3335/3335 3334/3334
f 3235/3235 3236/3236 3335/3335
f 3236/3236 3336/3336 3335/3335
f 3236/3236 3237/3237 3336/3336
f 3237/3237 3337/3337 3336/3336
f 3237/3237 3238/3238 3337/3337
f 3238/3238 3338/3338 3337/3337
f 3238/3238 3239/3239 3338/3338
f 3239/3239 3339/3339 3338/3338
f 3239/3239 3240/3240 3339/3339
f 3240/3240 3340/3340 3339/3339
f 3240/3240 3241/3241 3340/3340
f 3241/3241 3341/3341 3340/3340
f 3241/3241 3242/3242 3341/3341
f 3242/3242 3342/3342 3341/3341
f 3242/3242 3243/3243 3342/3342
f 3243/3243 3343/3343 3342/3342
f 3243/3243 3244/3244 3343/3343
f 3244/3244 3344/3344 3343/3343
f 3244/3244 3245/3245 3344/3344
f 3245/3245 3345/3345 3344/3344
f 3245/3245 3246/3246 3345/3345
f 3246/3246 3346/3346 3345/3345
f 3246/3246 3247/3247 3346/3346
f 3247/3247 3347/3347 3346/3346
f 3247/3247 3248/3248 3347/3347
f 3248/3248 3348/3348 3347/3347
f 3248/3248 3249/3249 3348/3348
f 3249/3249 3349/3349 3348/3348
f 3249/3249 3250/3250 3349/3349
f 3250/3250 3350/3350 3349/3349
f 3250/3250 3251/3251 3350/3350
f 3251/3251 3351/3351 3350/3350
f 3251/3251 3252/3252 3351/3351
f 3252/3252 3352/3352 3351/3351
f 3252/3252 3253/3253 3352/3352
f 3253/3253 3353/3353 3352/3352
f 3253/3253 3254/3254 3353/3353
f 3254/3254 3354/3354 3353/3353
f 3254/3254 3255/3255 3354/3354
f 3255/3255 3355/3355 3354/3354
f 3255/3255 3256/3256 3355/3355
f 3256/3256 3356/3356 3355/3355
f 3256/3256 3257/3257 3356/3356
f 3257/3257 3357/3357 3356/3356
f 3257/3257 3258/3258 3357/3357
f 3258/3258 3358/3358 3357/3357
f 3258/3258 3259/3259 3358/3358
f 3259/3259 3359/3359 3358/3358
f 3259/3259 3260/3260 3359/3359
f 3260/3260 3360/3360 3359/3359
f 3260/3260 3261/3261 3360/3360
f 3261/3261 3361/3361 3360/3360
f 3261/3261 3262/3262 3361/3361
f 3262/3262 3362/3362 3361/3361
f 3262/3262 3263/3263 3362/3362
f 3263/3263 3363/3363 3362/3362
f 3263/3263 3264/3264 3363/3363
f 3264/3264 3364/3364 3363/3363
f 3264/3264 3265/3265 3364/3364
f 3265/3265 3365/3365 3364/3364
f 3265/3265 3266/3266 3365/3365
f 3266/3266 3366/3366 3365/3365
f 3266/3266 3267/3267 3366/3366
f 3267/3267 3367/3367 3366/3366
f 3267/3267 3268/3268 3367/3367
f 3268/3268 3368/3368 3367/3367
f 3268/3268 3269/3269 3368/3368
f 3269/3269 3369/3369 3368/3368
f 3269/3269 3270/3270 3369/3369
f 3270/3270 3370/3370 3369/3369
f 3270/3270 3271/3271 3370/3370
f 3271/3271 3371/3371 3370/3370
f 3271/3271 3272/3272 3371/3371
f 3272/3272 3372/3372 3371/3371
f 3272/3272 3273/3273 3372/3372
f 3273/3273 3373/3373 3372/3372
f 3273/3273 3274/3274 3373/3373
f 3274/3274 3374/3374 3373/3373
f 3274/3274 3275/3275 3374/3374
f 3275/3275 3375/3375 3374/3374
f 3275/3275 3276/3276 3375/3375
f 3276/3276 3376/3376 3375/3375
f 3276/3276 3277/3277 3376/3376
f 3277/3277 3377/3377 3376/3376
f 3277/3277 3278/3278 3377/3377
f 3278/3278 3378/3378 3377/3377
f 3278/3278 3279/3279 3378/3378
f 3279/3279 3379/3379 3378/3378
f 3279/3279 3280/3280 3379/3379
f 3280/3280 3380/3380 3379/3379
f 3280/3280 3281/3281 3380/3380
f 3281/3281 3381/3381 3380/3380
f 3281/3281 3282/3282 3381/3381
f 3282/3282 3382/3382 3381/3381
f 3282/3282 3283/3283 3382/3382
f 3283/3283 3383/3383 3382/3382
f 3283/3283 3284/3284 3383/3383
f 3284/3284 3384/3384 3383/3383
f 3284/3284 3285/3285 3384/3384
f 3285/3285 3385/3385 3384/3384
f 3285/3285 3286/3286 3385/3385
f 3286/3286 3386/3386 3385/3385
f 3286/3286 3287/3287 3386/3386
f 3287/3287 3387/3387 3386/3386
f 3287/3287 3288/3288 3387/3387
f 3288/3288 3388/3388 3387/3387
f 3288/3288 3289/3289 3388/3388
f 3289/3289 3389/3389 3388/3388
f 3289/3289 3290/3290 3389/3389
f 3290/3290 3390/3390 3389/3389
f 3290/3290 3291/3291 3390/3390
f 3291/3291 3391/3391 3390/3390
f 3291/3291 3292/3292 3391/3391
f 3292/3292 3392/3392 3391/3391
f 3292/3292 3293/3293 3392/3392
f 3293/3293 3393/3393 3392/3392
f 3293/3293 3294/3294 3393/3393
f 3294/3294 3394/3394 3393/3393
f 3294/3294 3295/3295 3394/3394
f 3295/3295 3395/3395 3394/3394
f 3295/3295 3296/3296 3395/3395
f 3296/3296 3396/3396 3395/3395
f 3296/3296 3297/3297 3396/3396
f 3297/3297 3397/3397 3396/3396
f 3297/3297 3298/3298 3397/3397
f 3298/3298 3398/3398 3397/3397
f 3298/3298 3299/3299 3398/3398
f 3299/3299 3399/3399 3398/3398
f 3299/3299 3300/3300 3399/3399
f 3300/3300 3400/3400 3399/3399
f 3301/3301 3302/3302 3401/3401
f 3302/3302 3402/3402 3401/3401
f 3302/3302 3303/3303 3402/3402
f 3303/3303 3403/3403 3402/3402
f 3303/3303 3304/3304 3403/3403
f 3304/3304 3404/3404 3403/3403
f 3304/3304 3305/3305 3404/3404
f 3305/3305 3405/3405 3404/3404
f 3305/3305 3306/3306 3405/3405
f 3306/3306 3406/3406 3405/3405
f 3306/3306 3307/3307 3406/3406
f 3307/3307 3407/3407 3406/3406
f 3307/3307 3308/3308 3407/3407
f 3308/3308 3408/3408 3407/3407
f 3308/3308 3309/3309 3408/3408
f 3309/3309 3409/3409 3408/3408
f 3309/3309 3310/3310 3409/3409
f 3310/3310 3410/3410 3409/3409
f 3310/3310 3311/3311 3410/3410
f 3311/3311 3411/3411 3410/3410
f 3311/3311 3312/3312 3411/3411
f 3312/3312 3412/3412 3411/3411
f 3312/3312 3313/3313 3412/3412
f 3313/3313 3413/3413 3412/3412
f 3313/3313 3314/3314 3413/3413
f 3314/3314 3414/3414 3413/3413
f 3314/3314 3315/3315 3414/3414
f 3315/3315 3415/3415 3414/3414
f 3315/3315 3316/3316 3415/3415
f 3316/3316 3416/3416 3415/3415
f 3316/3316 3317/3317 3416/3416
f 3317/3317 3417/3417 3416/3416
f 3317/3317 3318/3318 3417/3417
f 3318/3318 3418/3418 3417/3417
f 3318/3318 3319/3319 3418/3418
f 3319/3319 3419/3419 3418/3418
f 3319/3319 3320/3320 3419/3419
f 3320/3320 3420/3420 3419/3419
f 3320/3320 3321/3321 3420/3420
f 3321/3321 3421/3421 3420/3420
f 3321/3321 3322/3322 3421/3421
f 3322/3322 3422/3422 3421/3421
f 3322/3322 3323/3323 3422/3422
f 3323/3323 3423/3423 3422/3422
f 3323/3323 3324/3324 3423/3423
f 3324/3324 3424/3424 3423/3423
f 3324/3324 3325/3325 3424/3424
f 3325/3325 3425/3425 3424/3424
f 3325/3325 3326/3326 3425/3425
f 3326/3326 3426/3426 3425/3425
f 3326/3326 3327/3327 3426/3426
f 3327/3327 3427/3427 3426/3426
f 3327/3327 3328/3328 3427/3427
f 3328/3328 3428/3428 3427/3427
f 3328/3328 3329/3329 3428/3428
f 3329/3329 3429/3429 3428/3428
f 3329/3329 3330/3330 3429/3429
f 3330/3330 3430/3430 3429/3429
f 3330/3330 3331/3331 3430/3430
f 3331/3331 3431/3431 3430/3430
f 3331/3331 3332/3332 3431/3431
f 3332/3332 3432/3432 3431/3431
f 3332/3332 3333/3333 3432/3432
f 3333/3333 3433/3433 3432/3432
f 3333/3333 3334/3334 3433/3433
f 3334/3334 3434/3434 3433/3433
f 3334/3334 3335/3335 3434/3434
f 3335/3335 3435/3435 3434/3434
f 3335/3335 3336/3336 3435/3435
f 3336/3336 3436/3436 3435/3435
f 3336/3336 3337/3337 3436/3436
f 3337/3337 3437/3437 3436/3436
f 3337/3337 3338/3338 3437/3437
f 3338/3338 3438/3438 3437/3437
f 3338/3338 3339/3339 3438/3438
f 3339/3339 3439/3439 3438/3438
f 3339/3339 3340/3340 3439/3439
f 3340/3340 3440/3440 3439/3439
f 3340/3340 3341/3341 3440/3440
f 3341/3341 3441/3441 3440/3440
f 3341/3341 3342/3342 3441/3441
f 3342/3342 3442/3442 3441/3441
f 3342/3342 3343/3343 3442/3442
f 3343/3343 3443/3443 3442/3442
f 3343/3343 3344/3344 3443/3443
f 3344/3344 3444/3444 3443/3443
f 3344/3344 3345/3345 3444/3444
f 3345/3345 3445/3445 3444/3444
f 3345/3345 3346/3346 3445/3445
f 3346/3346 3446/3446 3445/3445
f 3346/3346 3347/3347 3446/3446
f 3347/3347 3447/3447 3446/3446
f 3347/3347 3348/3348 3447/3447
f 3348/3348 3448/3448 3447/3447
f 3348/3348 3349/3349 3448/3448
f 3349/3349 3449/3449 3448/3448
f 3349/3349 3350/3350 3449/3449
f 3350/3350 3450/3450 3449/3449
f 3350/3350 3351/3351 3450/3450
f 3351/3351 3451/3451 3450/3450
f 3351/3351 3352/3352 3451/3451
f 3352/3352 3452/3452 3451/3451
f 3352/3352 3353/3353 3452/3452
f 3353/3353 3453/3453 3452/3452
f 3353/3353 3354/3354 3453/3453
f 3354/3354 3454/3454 3453/3453
f 3354/3354 3355/3355 3454/3454
f 3355/3355 3455/3455 3454/3454
f 3355/3355 3356/3356 3455/3455
f 3356/3356 3456/3456 3455/3455
f 3356/3356 3357/3357 3456/3456
f 3357/3357 3457/3457 3456/3456
f 3357/3357 3358/3358 3457/3457
f 3358/3358 3458/3458 3457/3457
f 3358/3358 3359/3359 3458/3458
f 3359/3359 3459/3459 3458/3458
f 3359/3359 3360/3360 3459/3459
f 3360/3360 3460/3460 3459/3459
f 3360/3360 3361/3361 3460/3460
f 3361/3361 3461/3461 3460/3460
f 3361/3361 3362/3362 3461/3461
f 3362/3362 3462/3462 3461/3461
f 3362/3362 3363/3363 3462/3462
f 3363/3363 3463/3463 3462/3462
f 3363/3363 3364/3364 3463/3463
f 3364/3364 3464/3464 3463/3463
f 3364/3364 3365/3365 3464/3464
f 3365/3365 3465/3465 3464/3464
f 3365/3365 3366/3366 3465/3465
f 3366/3366 3466/3466 3465/3465
f 3366/3366 3367/3367 3466/3466
f 3367/3367 3467/3467 3466/3466
f 3367/3367 3368/3368 3467/3467
f 3368/3368 3468/3468 3467/3467
f 3368/3368 3369/3369 3468/3468
f 3369/3369 3469/3469 3468/3468
f 3369/3369 3370/3370 3469/3469
f 3370/3370 3470/3470 3469/3469
f 3370/3370 3371/3371 3470/3470
f 3371/3371 3471/3471 3470/3470
f 3371/3371 3372/3372 3471/3471
f 3372/3372 3472/3472 3471/3471
f 3372/3372 3373/3373 3472/3472
f 3373/3373 3473/3473 3472/3472
f 3373/3373 3374/3374 3473/3473
f 3374/3374 3474/3474 3473/3473
f 3374/3374 3375/3375 3474/3474
f 3375/3375 3475/3475 3474/3474
f 3375/3375 3376/3376 3475/3475
f 3376/3376 3476/3476 3475/3475
f 3376/3376 3377/3377 3476/3476
f 3377/3377 3477/3477 3476/3476
f 3377/3377 3378/3378 3477/3477
f 3378/3378 3478/3478 3477/3477
f 3378/3378 3379/3379 3478/3478
f 3379/3379 3479/3479 3478/3478
f 3379/3379 3380/3380 3479/3479
f 3380/3380 3480/3480 3479/3479
f 3380/3380 3381/3381 3480/3480
f 3381/3381 3481/3481 3480/3480
f 3381/3381 3382/3382 3481/3481
f 3382/3382 3482/3482 3481/3481
f 3382/3382 3383/3383 3482/3482
f 3383/3383 3483/3483 3482/3482
f 3383/3383 3384/3384 3483/3483
f 3384/3384 3484/3484 3483/3483
f 3384/3384 3385/3385 3484/3484
f 3385/3385 3485/3485 3484/3484
f 3385/3385 3386/3386 3485/3485
f 3386/3386 3486/3486 3485/3485
f 3386/3386 3387/3387 3486/3486
f 3387/3387 3487/3487 3486/3486
f 3387/3387 3388/3388 3487/3487
f 3388/3388 3488/3488 3487/3487
f 3388/3388 3389/3389 3488/3488
f 3389/3389 3489/3489 3488/3488
f 3389/3389 3390/3390 3489/3489
f 3390/3390 3490/3490 3489/3489
f 3390/3390 3391/3391 3490/3490
f 3391/3391 3491/3491 3490/3490
f 3391/3391 3392/3392 3491/3491
f 3392/3392 3492/3492 3491/3491
f 3392/3392 3393/3393 3492/3492
f 3393/3393 3493/3493 3492/3492
f 3393/3393 3394/3394 3493/3493
f 3394/3394 3494/3494 3493/3493
f 3394/3394 3395/3395 3494/3494
f 3395/3395 3495/3495 3494/3494
f 3395/3395 3396/3396 3495/3495
f 3396/3396 3496/3496 3495/3495
f 3396/3396 3397/3397 3496/3496
f 3397/3397 3497/3497 3496/3496
f 3397/3397 3398/3398 3497/3497
f 3398/3398 3498/3498 3497/3497
f 3398/3398 3399/3399 3498/3498
f 3399/3399 3499/3499 3498/3498
f 3399/3399 3400/3400 3499/3499
f 3400/3400 3500/3500 3499/3499
f 3401/3401 3402/3402 3501/3501
f 3402/3402 3502/3502 3501/3501
f 3402/3402 3403/3403 3502/3502
f 3403/3403 3503/3503 3502/3502
f 3403/3403 3404/3404 3503/3503
f 3404/3404 3504/3504 3503/3503
f 3404/3404 3405/3405 3504/3504
f 3405/3405 3505/3505 3504/3504
f 3405/3405 3406/3406 3505/3505
f 3406/3406 3506/3506 3505/3505
f 3406/3406 3407/3407 3506/3506
f 3407/3407 3507/3507 3506/3506
f 3407/3407 3408/3408 3507/3507
f 3408/3408 3508/3508 3507/3507
f 3408/3408 3409/3409 3508/3508
f 3409/3409 3509/3509 3508/3508
f 3409/3409 3410/3410 3509/3509
f 3410/3410 3510/3510 3509/3509
f 3410/3410 3411/3411 3510/3510
f 3411/3411 3511/3511 3510/3510
f 3411/3411 3412/3412 3511/3511
f 3412/3412 3512/3512 3511/3511
f 3412/3412 3413/3413 3512/3512
f 3413/3413 3513/3513 3512/3512
f 3413/3413 3414/3414 3513/3513
f 3414/3414 3514/3514 3513/3513
f 3414/3414 3415/3415 3514/3514
f 3415/3415 3515/3515 3514/3514
f 3415/3415 3416/3416 3515/3515
f 3416/3416 3516/3516 3515/3515
f 3416/3416 3417/3417 3516/3516
f 3417/3417 3517/3517 3516/3516
f 3417/3417 3418/3418 3517/3517
f 3418/3418 3518/3518 3517/3517
f 3418/3418 3419/3419 3518/3518
f 3419/3419 3519/3519 3518/3518
f 3419/3419 3420/3420 3519/3519
f 3420/3420 3520/3520 3519/3519
f 3420/3420 3421/3421 3520/3520
f 3421/3421 3521/3521 3520/3520
f 3421/3421 3422/3422 3521/3521
f 3422/3422 3522/3522 3521/3521
f 3422/3422 3423/3423 3522/3522
f 3423/3423 3523/3523 3522/3522
f 3423/3423 3424/3424 3523/3523
f 3424/3424 3524/3524 3523/3523
f 3424/3424 3425/3425 3524/3524
f 3425/3425 3525/3525 3524/3524
f 3425/3425 3426/3426 3525/3525
f 3426/3426 3526/3526 3525/3525
f 3426/3426 3427/3427 3526/3526
f 3427/3427 3527/3527 3526/3526
f 3427/3427 3428/3428 3527/3527
f 3428/3428 3528/3528 3527/3527
f 3428/3428 3429/3429 3528/3528
f 3429/3429 3529/3529 3528/3528
f 3429/3429 3430/3430 3529/3529
f 3430/3430 3530/3530 3529/3529
f 3430/3430 3431/3431 3530/3530
f 3431/3431 3531/3531 3530/3530
f 3431/3431 3432/3432 3531/3531
f 3432/3432 3532/3532 3531/3531
f 3432/3432 3433/3433 3532/3532
f 3433/3433 3533/3533 3532/3532
f 3433/3433 3434/3434 3533/3533
f 3434/3434 3534/3534 3533/3533
f 3434/3434 3435/3435 3534/3534
f 3435/3435 3535/3535 3534/3534
f 3435/3435 3436/3436 3535/3535
f 3436/3436 3536/3536 3535/3535
f 3436/3436 3437/3437 3536/3536
f 3437/3437 3537/3537 3536/3536
f 3437/3437 3438/3438 3537/3537
f 3438/3438 3538/3538 3537/3537
f 3438/3438 3439/3439 3538/3538
f 3439/3439 3539/3539 3538/3538
f 3439/3439 3440/3440 3539/3539
f 3440/3440 3540/3540 3539/3539
f 3440/3440 3441/3441 3540/3540
f 3441/3441 3541/3541 3540/3540
f 3441/3441 3442/3442 3541/3541
f 3442/3442 3542/3542 3541/3541
f 3442/3442 3443/3443 3542/3542
f 3443/3443 3543/3543 3542/3542
f 3443/3443 3444/3444 3543/3543
f 3444/3444 3544/3544 3543/3543
f 3444/3444 3445/3445 3544/3544
f 3445/3445 3545/3545 3544/3544
f 3445/3445 3446/3446 3545/3545
f 3446/3446 3546/3546 3545/3545
f 3446/3446 3447/3447 3546/3546
f 3447/3447 3547/3547 3546/3546
f 3447/3447 3448/3448 3547/3547
f 3448/3448 3548/3548 3547/3547
f 3448/3448 3449/3449 3548/3548
f 3449/3449 3549/3549 3548/3548
f 3449/3449 3450/3450 3549/3549
f 3450/3450 3550/3550 3549/3549
f 3450/3450 3451/3451 3550/3550
f 3451/3451 3551/3551 3550/3550
f 3451/3451 3452/3452 3551/3551
f 3452/3452 3552/3552 3551/3551
f 3452/3452 3453/3453 3552/3552
f 3453/3453 3553/3553 3552/3552
f 3453/3453 3454/3454 3553/3553
f 3454/3454 3554/3554 3553/3553
f 3454/3454 3455/3455 3554/3554
f 3455/3455 3555/3555 3554/3554
f 3455/3455 3456/3456 3555/3555
f 3456/3456 3556/3556 3555/3555
f 3456/3456 3457/3457 3556/3556
f 3457/3457 3557/3557 3556/3556
f 3457/3457 3458/3458 3557/3557
f 3458/3458 3558/3558 3557/3557
f 3458/3458 3459/3459 3558/3558
f 3459/3459 3559/3559 3558/3558
f 3459/3459 3460/3460 3559/3559
f 3460/3460 3560/3560 3559/3559
f 3460/3460 3461/3461 3560/3560
f 3461/3461 3561/3561 3560/3560
f 3461/3461 3462/3462 3561/3561
f 3462/3462 3562/3562 3561/3561
f 3462/3462 3463/3463 3562/3562
f 3463/3463 3563/3563 3562/3562
f 3463/3463 3464/3464 3563/3563
f 3464/3464 3564/3564 3563/3563
f 3464/3464 3465/3465 3564/3564
f 3465/3465 3565/3565 3564/3564
f 3465/3465 3466/3466 3565/3565
f 3466/3466 3566/3566 3565/3565
f 3466/3466 3467/3467 3566/3566
f 3467/3467 3567/3567 3566/3566
f 3467/3467 3468/3468 3567/3567
f 3468/3468 3568/3568 3567/3567
f 3468/3468 3469/3469 3568/3568
f 3469/3469 3569/3569 3568/3568
f 3469/3469 3470/3470 3569/3569
f 3470/3470 3570/3570 3569/3569
f 3470/3470 3471/3471 3570/3570
f 3471/3471 3571/3571 3570/3570
f 3471/3471 3472/3472 3571/3571
f 3472/3472 3572/3572 3571/3571
f 3472/3472 3473/3473 3572/3572
f 3473/3473 3573/3573 3572/3572
f 3473/3473 3474/3474 3573/3573
f 3474/3474 3574/3574 3573/3573
f 3474/3474 3475/3475 3574/3574
f 3475/3475 3575/3575 3574/3574
f 3475/3475 3476/3476 3575/3575
f 3476/3476 3576/3576 3575/3575
f 3476/3476 3477/3477 3576/3576
f 3477/3477 3577/3577 3576/3576
f 3477/3477 3478/3478 3577/3577
f 3478/3478 3578/3578 3577/3577
f 3478/3478 3479/3479 3578/3578
f 3479/3479 3579/3579 3578/3578
f 3479/3479 3480/3480 3579/3579
f 3480/3480 3580/3580 3579/3579
f 3480/3480 3481/3481 3580/3580
f 3481/3481 3581/3581 3580/3580
f 3481/3481 3482/3482 3581/3581
f 3482/3482 3582/3582 3581/3581
f 3482/3482 3483/3483 3582/3582
f 3483/3483 3583/3583 3582/3582
f 3483/3483 3484/3484 3583/3583
f 3484/3484 3584/3584 3583/3583
f 3484/3484 3485/3485 3584/3584
f 3485/3485 3585/3585 3584/3584
f 3485/3485 3486/3486 3585/3585
f 3486/3486 3586/3586 3585/3585
f 3486/3486 3487/3487 3586/3586
f 3487/3487 3587/3587 3586/3586
f 3487/3487 3488/3488 3587/3587
f 3488/3488 3588/3588 3587/3587
f 3488/3488 3489/3489 3588/3588
f 3489/3489 3589/3589 3588/3588
f 3489/3489 3490/3490 3589/3589
f 3490/3490 3590/3590 3589/3589
f 3490/3490 3491/3491 3590/3590
f 3491/3491 3591/3591 3590/3590
f 3491/3491 3492/3492 3591/3591
f 3492/3492 3592/3592 3591/3591
f 3492/3492 3493/3493 3592/3592
f 3493/3493 3593/3593 3592/3592
f 3493/3493 3494/3494 3593/3593
f 3494/3494 3594/3594 3593/3593
f 3494/3494 3495/3495 3594/3594
f 3495/3495 3595/3595 3594/3594
f 3495/3495 3496/3496 3595/3595
f 3496/3496 3596/3596 3595/3595
f 3496/3496 3497/3497 3596/3596
f 3497/3497 3597/3597 3596/3596
f 3497/3497 3498/3498 3597/3597
f 3498/3498 3598/3598 3597/3597
f 3498/3498 3499/3499 3598/3598
f 3499/3499 3599/3599 3598/3598
f 3499/3499 3500/3500 3599/3599
f 3500/3500 3600/3600 3599/3599
f 3501/3501 3502/3502 3601/3601
f 3502/3502 3602/3602 3601/3601
f 3502/3502 3503/3503 3602/3602
f 3503/3503 3603/3603 3602/3602
f 3503/3503 3504/3504 3603/3603
f 3504/3504 3604/3604 3603/3603
f 3504/3504 3505/3505 3604/3604
f 3505/3505 3605/3605 3604/3604
f 3505/3505 3506/3506 3605/3605
f 3506/3506 3606/3606 3605/3605
f 3506/3506 3507/3507 3606/3606
f 3507/3507 3607/3607 3606/3606
f 3507/3507 3508/3508 3607/3607
f 3508/3508 3608/3608 3607/3607
f 3508/3508 3509/3509 3608/3608
f 3509/3509 3609/3609 3608/3608
f 3509/3509 3510/3510 3609/3609
f 3510/3510 3610/3610 3609/3609
f 3510/3510 3511/3511 3610/3610
f 3511/3511 3611/3611 3610/3610
f 3511/3511 3512/3512 3611/3611
f 3512/3512 3612/3612 3611/3611
f 3512/3512 3513/3513 3612/3612
f 3513/3513 3613/3613 3612/3612
f 3513/3513 3514/3514 3613/3613
f 3514/3514 3614/3614 3613/3613
f 3514/3514 3515/3515 3614/3614
f 3515/3515 3615/3615 3614/3614
f 3515/3515 3516/3516 3615/3615
f 3516/3516 3616/3616 3615/3615
f 3516/3516 3517/3517 3616/3616
f 3517/3517 3617/3617 3616/3616
f 3517/3517 3518/3518 3617/3617
f 3518/3518 3618/3618 3617/3617
f 3518/3518 3519/3519 3618/3618
f 3519/3519 3619/3619 3618/3618
f 3519/3519 3520/3520 3619/3619
f 3520/3520 3620/3620 3619/3619
f 3520/3520 3521/3521 3620/3620
f 3521/3521 3621/3621 3620/3620
f 3521/3521 3522/3522 3621/3621
f 3522/3522 3622/3622 3621/3621
f 3522/3522 3523/3523 3622/3622
f 3523/3523 3623/3623 3622/3622
f 3523/3523 3524/3524 3623/3623
f 3524/3524 3624/3624 3623/3623
f 3524/3524 3525/3525 3624/3624
f 3525/3525 3625/3625 3624/3624
f 3525/3525 3526/3526 3625/3625
f 3526/3526 3626/3626 3625/3625
f 3526/3526 3527/3527 3626/3626
f 3527/3527 3627/3627 3626/3626
f 3527/3527 3528/3528 3627/3627
f 3528/3528 3628/3628 3627/3627
f 3528/3528 3529/3529 3628/3628
f 3529/3529 3629/3629 3628/3628
f 3529/3529 3530/3530 3629/3629
f 3530/3530 3630/3630 3629/3629
f 3530/3530 3531/3531 3630/3630
f 3531/3531 3631/3631 3630/3630
f 3531/3531 3532/3532 3631/3631
f 3532/3532 3632/3632 3631/3631
f 3532/3532 3533/3533 3632/3632
f 3533/3533 3633/3633 3632/3632
f 3533/3533 3534/3534 3633/3633
f 3534/3534 3634/3634 3633/3633
f 3534/3534 3535/3535 3634/3634
f 3535/3535 3635/3635 3634/3634
f 3535/3535 3536/3536 3635/3635
f 3536/3536 3636/3636 3635/3635
f 3536/3536 3537/3537 3636/3636
f 3537/3537 3637/3637 3636/3636
f 3537/3537 3538/3538 3637/3637
f 3538/3538 3638/3638 3637/3637
f 3538/3538 3539/3539 3638/3638
f 3539/3539 3639/3639 3638/3638
f 3539/3539 3540/3540 3639/3639
f 3540/3540 3640/3640 3639/3639
f 3540/3540 3541/3541 3640/3640
f 3541/3541 3641/3641 3640/3640
f 3541/3541 3542/3542 3641/3641
f 3542/3542 3642/3642 3641/3641
f 3542/3542 3543/3543 3642/3642
f 3543/3543 3643/3643 3642/3642
f 3543/3543 3544/3544 3643/3643
f 3544/3544 3644/3644 3643/3643
f 3544/3544 3545/3545 3644/3644
f 3545/3545 3645/3645 3644/3644
f 3545/3545 3546/3546 3645/3645
f 3546/3546 3646/3646 3645/3645
f 3546/3546 3547/3547 3646/3646
f 3547/3547 3647/3647 3646/3646
f 3547/3547 3548/3548 3647/3647
f 3548/3548 3648/3648 3647/3647
f 3548/3548 3549/3549 3648/3648
f 3549/3549 3649/3649 3648/3648
f 3549/3549 3550/3550 3649/3649
f 3550/3550 3650/3650 3649/3649
f 3550/3550 3551/3551 3650/3650
f 3551/3551 3651/3651 3650/3650
f 3551/3551 3552/3552 3651/3651
f 3552/3552 3652/3652 3651/3651
f 3552/3552 3553/3553 3652/3652
f 3553/3553 3653/3653 3652/3652
f 3553/3553 3554/3554 3653/3653
f 3554/3554 3654/3654 3653/3653
f 3554/3554 3555/3555 3654/3654
f 3555/3555 3655/3655 3654/3654
f 3555/3555 3556/3556 3655/3655
f 3556/3556 3656/3656 3655/3655
f 3556/3556 3557/3557 3656/3656
f 3557/3557 3657/3657 3656/3656
f 3557/3557 3558/3558 3657/3657
f 3558/3558 3658/3658 3657/3657
f 3558/3558 3559/3559 3658/3658
f 3559/3559 3659/3659 3658/3658
f 3559/3559 3560/3560 3659/3659
f 3560/3560 3660/3660 3659/3659
f 3560/3560 3561/3561 3660/3660
f 3561/3561 3661/3661 3660/3660
f 3561/3561 3562/3562 3661/3661
f 3562/3562 3662/3662 3661/3661
f 3562/3562 3563/3563 3662/3662
f 3563/3563 3663/3663 3662/3662
f 3563/3563 3564/3564 3663/3663
f 3564/3564 3664/3664 3663/3663
f 3564/3564 3565/3565 3664/3664
f 3565/3565 3665/3665 3664/3664
f 3565/3565 3566/3566 3665/3665
f 3566/3566 3666/3666 3665/3665
f 3566/3566 3567/3567 3666/3666
f 3567/3567 3667/3667 3666/3666
f 3567/3567 3568/3568 3667/3667
f 3568/3568 3668/3668 3667/3667
f 3568/3568 3569/3569 3668/3668
f 3569/3569 3669/3669 3668/3668
f 3569/3569 3570/3570 3669/3669
f 3570/3570 3670/3670 3669/3669
f 3570/3570 3571/3571 3670/3670
f 3571/3571 3671/3671 3670/3670
f 3571/3571 3572/3572 3671/3671
f 3572/3572 3672/3672 3671/3671
f 3572/3572 3573/3573 3672/3672
f 3573/3573 3673/3673 3672/3672
f 3573/3573 3574/3574 3673/3673
f 3574/3574 3674/3674 3673/3673
f 3574/3574 3575/3575 3674/3674
f 3575/3575 3675/3675 3674/3674
f 3575/3575 3576/3576 3675/3675
f 3576/3576 3676/3676 3675/3675
f 3576/3576 3577/3577 3676/3676
f 3577/3577 3677/3677 3676/3676
f 3577/3577 3578/3578 3677/3677
f 3578/3578 3678/3678 3677/3677
f 3578/3578 3579/3579 3678/3678
f 3579/3579 3679/3679 3678/3678
f 3579/3579 3580/3580 3679/3679
f 3580/3580 3680/3680 3679/3679
f 3580/3580 3581/3581 3680/3680
f 3581/3581 3681/3681 3680/3680
f 3581/3581 3582/3582 3681/3681
f 3582/3582 3682/3682 3681/3681
f 3582/3582 3583/3583 3682/3682
f 3583/3583 3683/3683 3682/3682
f 3583/3583 3584/3584 3683/3683
f 3584/3584 3684/3684 3683/3683
f 3584/3584 3585/3585 3684/3684
f 3585/3585 3685/3685 3684/3684
f 3585/3585 3586/3586 3685/3685
f 3586/3586 3686/3686 3685/3685
f 3586/3586 3587/3587 3686/3686
f 3587/3587 3687/3687 3686/3686
f 3587/3587 3588/3588 3687/3687
f 3588/3588 3688/3688 3687/3687
f 3588/3588 3589/3589 3688/3688
f 3589/3589 3689/3689 3688/3688
f 3589/3589 3590/3590 3689/3689
f 3590/3590 3690/3690 3689/3689
f 3590/3590 3591/3591 3690/3690
f 3591/3591 3691/3691 3690/3690
f 3591/3591 3592/3592 3691/3691
f 3592/3592 3692/3692 3691/3691
f 3592/3592 3593/3593 3692/3692
f 3593/3593 3693/3693 3692/3692
f 3593/3593 3594/3594 3693/3693
f 3594/3594 3694/3694 3693/3693
f 3594/3594 3595/3595 3694/3694
f 3595/3595 3695/3695 3694/3694
f 3595/3595 3596/3596 3695/3695
f 3596/3596 3696/3696 3695/3695
f 3596/3596 3597/3597 3696/3696
f 3597/3597 3697/3697 3696/3696
f 3597/3597 3598/3598 3697/3697
f 3598/3598 3698/3698 3697/3697
f 3598/3598 3599/3599 3698/3698
f 3599/3599 3699/3699 3698/3698
f 3599/3599 3600/3600 3699/3699
f 3600/3600 3700/3700 3699/3699
f 3601/3601 3602/3602 3701/3701
f 3602/3602 3702/3702 3701/3701
f 3602/3602 3603/3603 3702/3702
f 3603/3603 3703/3703 3702/3702
f 3603/3603 3604/3604 3703/3703
f 3604/3604 3704/3704 3703/3703
f 3604/3604 3605/3605 3704/3704
f 3605/3605 3705/3705 3704/3704
f 3605/3605 3606/3606 3705/3705
f 3606/3606 3706/3706 3705/3705
f 3606/3606 3607/3607 3706/3706
f 3607/3607 3707/3707 3706/3706
f 3607/3607 3608/3608 3707/3707
f 3608/3608 3708/3708 3707/3707
f 3608/3608 3609/3609 3708/3708
f 3609/3609 3709/3709 3708/3708
f 3609/3609 3610/3610 3709/3709
f 3610/3610 3710/3710 3709/3709
f 3610/3610 3611/3611 3710/3710
f 3611/3611 3711/3711 3710/3710
f 3611/3611 3612/3612 3711/3711
f 3612/3612 3712/3712 3711/3711
f 3612/3612 3613/3613 3712/3712
f 3613/3613 3713/3713 3712/3712
f 3613/3613 3614/3614 3713/3713
f 3614/3614 3714/3714 3713/3713
f 3614/3614 3615/3615 3714/3714
f 3615/3615 3715/3715 3714/3714
f 3615/3615 3616/3616 3715/3715
f 3616/3616 3716/3716 3715/3715
f 3616/3616 3617/3617 3716/3716
f 3617/3617 3717/3717 3716/3716
f 3617/3617 3618/3618 3717/3717
f 3618/3618 3718/3718 3717/3717
f 3618/3618 3619/3619 3718/3718
f 3619/3619 3719/3719 3718/3718
f 3619/3619 3620/3620 3719/3719
f 3620/3620 3720/3720 3719/3719
f 3620/3620 3621/3621 3720/3720
f 3621/3621 3721/3721 3720/3720
f 3621/3621 3622/3622 3721/3721
f 3622/3622 3722/3722 3721/3721
f 3622/3622 3623/3623 3722/3722
f 3623/3623 3723/3723 3722/3722
f 3623/3623 3624/3624 3723/3723
f 3624/3624 3724/3724 3723/3723
f 3624/3624 3625/3625 3724/3724
f 3625/3625 3725/3725 3724/3724
f 3625/3625 3626/3626 3725/3725
f 3626/3626 3726/3726 3725/3725
f 3626/3626 3627/3627 3726/3726
f 3627/3627 3727/3727 3726/3726
f 3627/3627 3628/3628 3727/3727
f 3628/3628 3728/3728 3727/3727
f 3628/3628 3629/3629 3728/3728
f 3629/3629 3729/3729 3728/3728
f 3629/3629 3630/3630 3729/3729
f 3630/3630 3730/3730 3729/3729
f 3630/3630 3631/3631 3730/3730
f 3631/3631 3731/3731 3730/3730
f 3631/3631 3632/3632 3731/3731
f 3632/3632 3732/3732 3731/3731
f 3632/3632 3633/3633 3732/3732
f 3633/3633 3733/3733 3732/3732
f 3633/3633 3634/3634 3733/3733
f 3634/3634 3734/3734 3733/3733
f 3634/3634 3635/3635 3734/3734
f 3635/3635 3735/3735 3734/3734
f 3635/3635 3636/3636 3735/3735
f 3636/3636 3736/3736 3735/3735
f 3636/3636 3637/3637 3736/3736
f 3637/3637 3737/3737 3736/3736
f 3637/3637 3638/3638 3737/3737
f 3638/3638 3738/3738 3737/3737
f 3638/3638 3639/3639 3738/3738
f 3639/3639 3739/3739 3738/3738
f 3639/3639 3640/3640 3739/3739
f 3640/3640 3740/3740 3739/3739
f 3640/3640 3641/3641 3740/3740
f 3641/3641 3741/3741 3740/3740
f 3641/3641 3642/3642 3741/3741
f 3642/3642 3742/3742 3741/3741
f 3642/3642 3643/3643 3742/3742
f 3643/3643 3743/3743 3742/3742
f 3643/3643 3644/3644 3743/3743
f 3644/3644 3744/3744 3743/3743
f 3644/3644 3645/3645 3744/3744
f 3645/3645 3745/3745 3744/3744
f 3645/3645 3646/3646 3745/3745
f 3646/3646 3746/3746 3745/3745
f 3646/3646 3647/3647 3746/3746
f 3647/3647 3747/3747 3746/3746
f 3647/3647 3648/3648 3747/3747
f 3648/3648 3748/3748 3747/3747
f 3648/3648 3649/3649 3748/3748
f 3649/3649 3749/3749 3748/3748
f 3649/3649 3650/3650 3749/3749
f 3650/3650 3750/3750 3749/3749
f 3650/3650 3651/3651 3750/3750
f 3651/3651 3751/3751 3750/3750
f 3651/3651 3652/3652 3751/3751
f 3652/3652 3752/3752 3751/3751
f 3652/3652 3653/3653 3752/3752
f 3653/3653 3753/3753 3752/3752
f 3653/3653 3654/3654 3753/3753
f 3654/3654 3754/3754 3753/3753
f 3654/3654 3655/3655 3754/3754
f 3655/3655 3755/3755 3754/3754
f 3655/3655 3656/3656 3755/3755
f 3656/3656 3756/3756 3755/3755
f 3656/3656 3657/3657 3756/3756
f 3657/3657 3757/3757 3756/3756
f 3657/3657 3658/3658 3757/3757
f 3658/3658 3758/3758 3757/3757
f 3658/3658 3659/3659 3758/3758
f 3659/3659 3759/3759 3758/3758
f 3659/3659 3660/3660 3759/3759
f 3660/3660 3760/3760 3759/3759
f 3660/3660 3661/3661 3760/3760
f 3661/3661 3761/3761 3760/3760
f 3661/3661 3662/3662 3761/3761
f 3662/3662 3762/3762 3761/3761
f 3662/3662 3663/3663 3762/3762
f 3663/3663 3763/3763 3762/3762
f 3663/3663 3664/3664 3763/3763
f 3664/3664 3764/3764 3763/3763
f 3664/3664 3665/3665 3764/3764
f 3665/3665 3765/3765 3764/3764
f 3665/3665 3666/3666 3765/3765
f 3666/3666 3766/3766 3765/3765
f 3666/3666 3667/3667 3766/3766
f 3667/3667 3767/3767 3766/3766
f 3667/3667 3668/3668 3767/3767
f 3668/3668 3768/3768 3767/3767
f 3668/3668 3669/3669 3768/3768
f 3669/3669 3769/3769 3768/3768
f 3669/3669 3670/3670 3769/3769
f 3670/3670 3770/3770 3769/3769
f 3670/3670 3671/3671 3770/3770
f 3671/3671 3771/3771 3770/3770
f 3671/3671 3672/3672 3771/3771
f 3672/3672 3772/3772 3771/3771
f 3672/3672 3673/3673 3772/3772
f 3673/3673 3773/3773 3772/3772
f 3673/3673 3674/3674 3773/3773
f 3674/3674 3774/3774 3773/3773
f 3674/3674 3675/3675 3774/3774
f 3675/3675 3775/3775 3774/3774
f 3675/3675 3676/3676 3775/3775
f 3676/3676 3776/3776 3775/3775
f 3676/3676 3677/3677 3776/3776
f 3677/3677 3777/3777 3776/3776
f 3677/3677 3678/3678 3777/3777
f 3678/3678 3778/3778 3777/3777
f 3678/3678 3679/3679 3778/3778
f 3679/3679 3779/3779 3778/3778
f 3679/3679 3680/3680 3779/3779
f 3680/3680 3780/3780 3779/3779
f 3680/3680 3681/3681 3780/3780
f 3681/3681 3781/3781 3780/3780
f 3681/3681 3682/3682 3781/3781
f 3682/3682 3782/3782 3781/3781
f 3682/3682 3683/3683 3782/3782
f 3683/3683 3783/3783 3782/3782
f 3683/3683 3684/3684 3783/3783
f 3684/3684 3784/3784 3783/3783
f 3684/3684 3685/3685 3784/3784
f 3685/3685 3785/3785 3784/3784
f 3685/3685 3686/3686 3785/3785
f 3686/3686 3786/3786 3785/3785
f 3686/3686 3687/3687 3786/3786
f 3687/3687 3787/3787 3786/3786
f 3687/3687 3688/3688 3787/3787
f 3688/3688 3788/3788 3787/3787
f 3688/3688 3689/3689 3788/3788
f 3689/3689 3789/3789 3788/3788
f 3689/3689 3690/3690 3789/3789
f 3690/3690 3790/3790 3789/3789
f 3690/3690 3691/3691 3790/3790
f 3691/3691 3791/3791 3790/3790
f 3691/3691 3692/3692 3791/3791
f 3692/3692 3792/3792 3791/3791
f 3692/3692 3693/3693 3792/3792
f 3693/3693 3793/3793 3792/3792
f 3693/3693 3694/3694 3793/3793
f 3694/3694 3794/3794 3793/3793
f 3694/3694 3695/3695 3794/3794
f 3695/3695 3795/3795 3794/3794
f 3695/3695 3696/3696 3795/3795
f 3696/3696 3796/3796 3795/3795
f 3696/3696 3697/3697 3796/3796
f 3697/3697 3797/3797 3796/3796
f 3697/3697 3698/3698 3797/3797
f 3698/3698 3798/3798 3797/3797
f 3698/3698 3699/3699 3798/3798
f 3699/3699 3799/3799 3798/3798
f 3699/3699 3700/3700 3799/3799
f 3700/3700 3800/3800 3799/3799
f 3701/3701 3702/3702 3801/3801
f 3702/3702 3802/3802 3801/3801
f 3702/3702 3703/3703 3802/3802
f 3703/3703 3803/3803 3802/3802
f 3703/3703 3704/3704 3803/3803
f 3704/3704 3804/3804 3803/3803
f 3704/3704 3705/3705 3804/3804
f 3705/3705 3805/3805 3804/3804
f 3705/3705 3706/3706 3805/3805
f 3706/3706 3806/3806 3805/3805
f 3706/3706 3707/3707 3806/3806
f 3707/3707 3807/3807 3806/3806
f 3707/3707 3708/3708 3807/3807
f 3708/3708 3808/3808 3807/3807
f 3708/3708 3709/3709 3808/3808
f 3709/3709 3809/3809 3808/3808
f 3709/3709 3710/3710 3809/3809
f 3710/3710 3810/3810 3809/3809
f 3710/3710 3711/3711 3810/3810
f 3711/3711 3811/3811 3810/3810
f 3711/3711 3712/3712 3811/3811
f 3712/3712 3812/3812 3811/3811
f 3712/3712 3713/3713 3812/3812
f 3713/3713 3813/3813 3812/3812
f 3713/3713 3714/3714 3813/3813
f 3714/3714 3814/3814 3813/3813
f 3714/3714 3715/3715 3814/3814
f 3715/3715 3815/3815 3814/3814
f 3715/3715 3716/3716 3815/3815
f 3716/3716 3816/3816 3815/3815
f 3716/3716 3717/3717 3816/3816
f 3717/3717 3817/3817 3816/3816
f 3717/3717 3718/3718 3817/3817
f 3718/3718 3818/3818 3817/3817
f 3718/3718 3719/3719 3818/3818
f 3719/3719 3819/3819 3818/3818
f 3719/3719 3720/3720 3819/3819
f 3720/3720 3820/3820 3819/3819
f 3720/3720 3721/3721 3820/3820
f 3721/3721 3821/3821 3820/3820
f 3721/3721 3722/3722 3821/3821
f 3722/3722 3822/3822 3821/3821
f 3722/3722 3723/3723 3822/3822
f 3723/3723 3823/3823 3822/3822
f 3723/3723 3724/3724 3823/3823
f 3724/3724 3824/3824 3823/3823
f 3724/3724 3725/3725 3824/3824
f 3725/3725 3825/3825 3824/3824
f 3725/3725 3726/3726 3825/3825
f 3726/3726 3826/3826 3825/3825
f 3726/3726 3727/3727 3826/3826
f 3727/3727 3827/3827 3826/3826
f 3727/3727 3728/3728 3827/3827
f 3728/3728 3828/3828 3827/3827
f 3728/3728 3729/3729 3828/3828
f 3729/3729 3829/3829 3828/3828
f 3729/3729 3730/3730 3829/3829
f 3730/3730 3830/3830 3829/3829
f 3730/3730 3731/3731 3830/3830
f 3731/3731 3831/3831 3830/3830
f 3731/3731 3732/3732 3831/3831
f 3732/3732 3832/3832 3831/3831
f 3732/3732 3733/3733 3832/3832
f 3733/3733 3833/3833 3832/3832
f 3733/3733 3734/3734 3833/3833
f 3734/3734 3834/3834 3833/3833
f 3734/3734 3735/3735 3834/3834
f 3735/3735 3835/3835 3834/3834
f 3735/3735 3736/3736 3835/3835
f 3736/3736 3836/3836 3835/3835
f 3736/3736 3737/3737 3836/3836
f 3737/3737 3837/3837 3836/3836
f 3737/3737 3738/3738 3837/3837
f 3738/3738 3838/3838 3837/3837
f 3738/3738 3739/3739 3838/3838
f 3739/3739 3839/3839 3838/3838
f 3739/3739 3740/3740 3839/3839
f 3740/3740 3840/3840 3839/3839
f 3740/3740 3741/3741 3840/3840
f 3741/3741 3841/3841 3840/3840
f 3741/3741 3742/3742 3841/3841
f 3742/3742 3842/3842 3841/3841
f 3742/3742 3743/3743 3842/3842
f 3743/3743 3843/3843 3842/3842
f 3743/3743 3744/3744 3843/3843
f 3744/3744 3844/3844 3843/3843
f 3744/3744 3745/3745 3844/3844
f 3745/3745 3845/3845 3844/3844
f 3745/3745 3746/3746 3845/3845
f 3746/3746 3846/3846 3845/3845
f 3746/3746 3747/3747 3846/3846
f 3747/3747 3847/3847 3846/3846
f 3747/3747 3748/3748 3847/3847
f 3748/3748 3848/3848 3847/3847
f 3748/3748 3749/3749 3848/3848
f 3749/3749 3849/3849 3848/3848
f 3749/3749 3750/3750 3849/3849
f 3750/3750 3850/3850 3849/3849
f 3750/3750 3751/3751 3850/3850
f 3751/3751 3851/3851 3850/3850
f 3751/3751 3752/3752 3851/3851
f 3752/3752 3852/3852 3851/3851
f 3752/3752 3753/3753 3852/3852
f 3753/3753 3853/3853 3852/3852
f 3753/3753 3754/3754 3853/3853
f 3754/3754 3854/3854 3853/3853
f 3754/3754 3755/3755 3854/3854
f 3755/3755 3855/3855 3854/3854
f 3755/3755 3756/3756 3855/3855
f 3756/3756 3856/3856 3855/3855
f 3756/3756 3757/3757 3856/3856
f 3757/3757 3857/3857 3856/3856
f 3757/3757 3758/3758 3857/3857
f 3758/3758 3858/3858 3857/3857
f 3758/3758 3759/3759 3858/3858
f 3759/3759 3859/3859 3858/3858
f 3759/3759 3760/3760 3859/3859
f 3760/3760 3860/3860 3859/3859
f 3760/3760 3761/3761 3860/3860
f 3761/3761 3861/3861 3860/3860
f 3761/3761 3762/3762 3861/3861
f 3762/3762 3862/3862 3861/3861
f 3762/3762 3763/3763 3862/3862
f 3763/3763 3863/3863 3862/3862
f 3763/3763 3764/3764 3863/3863
f 3764/3764 3864/3864 3863/3863
f 3764/3764 3765/3765 3864/3864
f 3765/3765 3865/3865 3864/3864
f 3765/3765 3766/3766 3865/3865
f 3766/3766 3866/3866 3865/3865
f 3766/3766 3767/3767 3866/3866
f 3767/3767 3867/3867 3866/3866
f 3767/3767 3768/3768 3867/3867
f 3768/3768 3868/3868 3867/3867
f 3768/3768 3769/3769 3868/3868
f 3769/3769 3869/3869 3868/3868
f 3769/3769 3770/3770 3869/3869
f 3770/3770 3870/3870 3869/3869
f 3770/3770 3771/3771 3870/3870
f 3771/3771 3871/3871 3870/3870
f 3771/3771 3772/3772 3871/3871
f 3772/3772 3872/3872 3871/3871
f 3772/3772 3773/3773 3872/3872
f 3773/3773 3873/3873 3872/3872
f 3773/3773 3774/3774 3873/3873
f 3774/3774 3874/3874 3873/3873
f 3774/3774 3775/3775 3874/3874
f 3775/3775 3875/3875 3874/3874
f 3775/3775 3776/3776 3875/3875
f 3776/3776 3876/3876 3875/3875
f 3776/3776 3777/3777 3876/3876
f 3777/3777 3877/3877 3876/3876
f 3777/3777 3778/3778 3877/3877
f 3778/3778 3878/3878 3877/3877
f 3778/3778 3779/3779 3878/3878
f 3779/3779 3879/3879 3878/3878
f 3779/3779 3780/3780 3879/3879
f 3780/3780 3880/3880 3879/3879
f 3780/3780 3781/3781 3880/3880
f 3781/3781 3881/3881 3880/3880
f 3781/3781 3782/3782 3881/3881
f 3782/3782 3882/3882 3881/3881
f 3782/3782 3783/3783 3882/3882
f 3783/3783 3883/3883 3882/3882
f 3783/3783 3784/3784 3883/3883
f 3784/3784 3884/3884 3883/3883
f 3784/3784 3785/3785 3884/3884
f 3785/3785 3885/3885 3884/3884
f 3785/3785 3786/3786 3885/3885
f 3786/3786 3886/3886 3885/3885
f 3786/3786 3787/3787 3886/3886
f 3787/3787 3887/3887 3886/3886
f 3787/3787 3788/3788 3887/3887
f 3788/3788 3888/3888 3887/3887
f 3788/3788 3789/3789 3888/3888
f 3789/3789 3889/3889 3888/3888
f 3789/3789 3790/3790 3889/3889
f 3790/3790 3890/3890 3889/3889
f 3790/3790 3791/3791 3890/3890
f 3791/3791 3891/3891 3890/3890
f 3791/3791 3792/3792 3891/3891
f 3792/3792 3892/3892 3891/3891
f 3792/3792 3793/3793 3892/3892
f 3793/3793 3893/3893 3892/3892
f 3793/3793 3794/3794 3893/3893
f 3794/3794 3894/3894 3893/3893
f 3794/3794 3795/3795 3894/3894
f 3795/3795 3895/3895 3894/3894
f 3795/3795 3796/3796 3895/3895
f 3796/3796 3896/3896 3895/3895
f 3796/3796 3797/3797 3896/3896
f 3797/3797 3897/3897 3896/3896
f 3797/3797 3798/3798 3897/3897
f 3798/3798 3898/3898 3897/3897
f 3798/3798 3799/3799 3898/3898
f 3799/3799 3899/3899 3898/3898
f 3799/3799 3800/3800 3899/3899
f 3800/3800 3900/3900 3899/3899
f 3801/3801 3802/3802 3901/3901
f 3802/3802 3902/3902 3901/3901
f 3802/3802 3803/3803 3902/3902
f 3803/3803 3903/3903 3902/3902
f 3803/3803 3804/3804 3903/3903
f 3804/3804 3904/3904 3903/3903
f 3804/3804 3805/3805 3904/3904
f 3805/3805 3905/3905 3904/3904
f 3805/3805 3806/3806 3905/3905
f 3806/3806 3906/3906 3905/3905
f 3806/3806 3807/3807 3906/3906
f 3807/3807 3907/3907 3906/3906
f 3807/3807 3808/3808 3907/3907
f 3808/3808 3908/3908 3907/3907
f 3808/3808 3809/3809 3908/3908
f 3809/3809 3909/3909 3908/3908
f 3809/3809 3810/3810 3909/3909
f 3810/3810 3910/3910 3909/3909
f 3810/3810 3811/3811 3910/3910
f 3811/3811 3911/3911 3910/3910
f 3811/3811 3812/3812 3911/3911
f 3812/3812 3912/3912 3911/3911
f 3812/3812 3813/3813 3912/3912
f 3813/3813 3913/3913 3912/3912
f 3813/3813 3814/3814 3913/3913
f 3814/3814 3914/3914 3913/3913
f 3814/3814 3815/3815 3914/3914
f 3815/3815 3915/3915 3914/3914
f 3815/3815 3816/3816 3915/3915
f 3816/3816 3916/3916 3915/3915
f 3816/3816 3817/3817 3916/3916
f 3817/3817 3917/3917 3916/3916
f 3817/3817 3818/3818 3917/3917
f 3818/3818 3918/3918 3917/3917
f 3818/3818 3819/3819 3918/3918
f 3819/3819 3919/3919 3918/3918
f 3819/3819 3820/3820 3919/3919
f 3820/3820 3920/3920 3919/3919
f 3820/3820 3821/3821 3920/3920
f 3821/3821 3921/3921 3920/3920
f 3821/3821 3822/3822 3921/3921
f 3822/3822 3922/3922 3921/3921
f 3822/3822 3823/3823 3922/3922
f 3823/3823 3923/3923 3922/3922
f 3823/3823 3824/3824 3923/3923
f 3824/3824 3924/3924 3923/3923
f 3824/3824 3825/3825 3924/3924
f 3825/3825 3925/3925 3924/3924
f 3825/3825 3826/3826 3925/3925
f 3826/3826 3926/3926 3925/3925
f 3826/3826 3827/3827 3926/3926
f 3827/3827 3927/3927 3926/3926
f 3827/3827 3828/3828 3927/3927
f 3828/3828 3928/3928 3927/3927
f 3828/3828 3829/3829 3928/3928
f 3829/3829 3929/3929 3928/3928
f 3829/3829 3830/3830 3929/3929
f 3830/3830 3930/3930 3929/3929
f 3830/3830 3831/3831 3930/3930
f 3831/3831 3931/3931 3930/3930
f 3831/3831 3832/3832 3931/3931
f 3832/3832 3932/3932 3931/3931
f 3832/3832 3833/3833 3932/3932
f 3833/3833 3933/3933 3932/3932
f 3833/3833 3834/3834 3933/3933
f 3834/3834 3934/3934 3933/3933
f 3834/3834 3835/3835 3934/3934
f 3835/3835 3935/3935 3934/3934
f 3835/3835 3836/3836 3935/3935
f 3836/3836 3936/3936 3935/3935
f 3836/3836 3837/3837 3936/3936
f 3837/3837 3937/3937 3936/3936
f 3837/3837 3838/3838 3937/3937
f 3838/3838 3938/3938 3937/3937
f 3838/3838 3839/3839 3938/3938
f 3839/3839 3939/3939 3938/3938
f 3839/3839 3840/3840 3939/3939
f 3840/3840 3940/3940 3939/3939
f 3840/3840 3841/3841 3940/3940
f 3841/3841 3941/3941 3940/3940
f 3841/3841 3842/3842 3941/3941
f 3842/3842 3942/3942 3941/3941
f 3842/3842 3843/3843 3942/3942
f 3843/3843 3943/3943 3942/3942
f 3843/3843 3844/3844 3943/3943
f 3844/3844 3944/3944 3943/3943
f 3844/3844 3845/3845 3944/3944
f 3845/3845 3945/3945 3944/3944
f 3845/3845 3846/3846 3945/3945
f 3846/3846 3946/3946 3945/3945
f 3846/3846 3847/3847 3946/3946
f 3847/3847 3947/3947 3946/3946
f 3847/3847 3848/3848 3947/3947
f 3848/3848 3948/3948 3947/3947
f 3848/3848 3849/3849 3948/3948
f 3849/3849 3949/3949 3948/3948
f 3849/3849 3850/3850 3949/3949
f 3850/3850 3950/3950 3949/3949
f 3850/3850 3851/3851 3950/3950
f 3851/3851 3951/3951 3950/3950
f 3851/3851 3852/3852 3951/3951
f 3852/3852 3952/3952 3951/3951
f 3852/3852 3853/3853 3952/3952
f 3853/3853 3953/3953 3952/3952
f 3853/3853 3854/3854 3953/3953
f 3854/3854 3954/3954 3953/3953
f 3854/3854 3855/3855 3954/3954
f 3855/3855 3955/3955 3954/3954
f 3855/3855 3856/3856 3955/3955
f 3856/3856 3956/3956 3955/3955
f 3856/3856 3857/3857 3956/3956
f 3857/3857 3957/3957 3956/3956
f 3857/3857 3858/3858 3957/3957
f 3858/3858 3958/3958 3957/3957
f 3858/3858 3859/3859 3958/3958
f 3859/3859 3959/3959 3958/3958
f 3859/3859 3860/3860 3959/3959
f 3860/3860 3960/3960 3959/3959
f 3860/3860 3861/3861 3960/3960
f 3861/3861 3961/3961 3960/3960
f 3861/3861 3862/3862 3961/3961
f 3862/3862 3962/3962 3961/3961
f 3862/3862 3863/3863 3962/3962
f 3863/3863 3963/3963 3962/3962
f 3863/3863 3864/3864 3963/3963
f 3864/3864 3964/3964 3963/3963
f 3864/3864 3865/3865 3964/3964
f 3865/3865 3965/3965 3964/3964
f 3865/3865 3866/3866 3965/3965
f 3866/3866 3966/3966 3965/3965
f 3866/3866 3867/3867 3966/3966
f 3867/3867 3967/3967 3966/3966
f 3867/3867 3868/3868 3967/3967
f 3868/3868 3968/3968 3967/3967
f 3868/3868 3869/3869 3968/3968
f 3869/3869 3969/3969 3968/3968
f 3869/3869 3870/3870 3969/3969
f 3870/3870 3970/3970 3969/3969
f 3870/3870 3871/3871 3970/3970
f 3871/3871 3971/3971 3970/3970
f 3871/3871 3872/3872 3971/3971
f 3872/3872 3972/3972 3971/3971
f 3872/3872 3873/3873 3972/3972
f 3873/3873 3973/3973 3972/3972
f 3873/3873 3874/3874 3973/3973
f 3874/3874 3974/3974 3973/3973
f 3874/3874 3875/3875 3974/3974
f 3875/3875 3975/3975 3974/3974
f 3875/3875 3876/3876 3975/3975
f 3876/3876 3976/3976 3975/3975
f 3876/3876 3877/3877 3976/3976
f 3877/3877 3977/3977 3976/3976
f 3877/3877 3878/3878 3977/3977
f 3878/3878 3978/3978 3977/3977
f 3878/3878 3879/3879 3978/3978
f 3879/3879 3979/3979 3978/3978
f 3879/3879 3880/3880 3979/3979
f 3880/3880 3980/3980 3979/3979
f 3880/3880 3881/3881 3980/3980
f 3881/3881 3981/3981 3980/3980
f 3881/3881 3882/3882 3981/3981
f 3882/3882 3982/3982 3981/3981
f 3882/3882 3883/3883 3982/3982
f 3883/3883 3983/3983 3982/3982
f 3883/3883 3884/3884 3983/3983
f 3884/3884 3984/3984 3983/3983
f 3884/3884 3885/3885 3984/3984
f 3885/3885 3985/3985 3984/3984
f 3885/3885 3886/3886 3985/3985
f 3886/3886 3986/3986 3985/3985
f 3886/3886 3887/3887 3986/3986
f 3887/3887 3987/3987 3986/3986
f 3887/3887 3888/3888 3987/3987
f 3888/3888 3988/3988 3987/3987
f 3888/3888 3889/3889 3988/3988
f 3889/3889 3989/3989 3988/3988
f 3889/3889 3890/3890 3989/3989
f 3890/3890 3990/3990 3989/3989
f 3890/3890 3891/3891 3990/3990
f 3891/3891 3991/3991 3990/3990
f 3891/3891 3892/3892 3991/3991
f 3892/3892 3992/3992 3991/3991
f 3892/3892 3893/3893 3992/3992
f 3893/3893 3993/3993 3992/3992
f 3893/3893 3894/3894 3993/3993
f 3894/3894 3994/3994 3993/3993
f 3894/3894 3895/3895 3994/3994
f 3895/3895 3995/3995 3994/3994
f 3895/3895 3896/3896 3995/3995
f 3896/3896 3996/3996 3995/3995
f 3896/3896 3897/3897 3996/3996
f 3897/3897 3997/3997 3996/3996
f 3897/3897 3898/3898 3997/3997
f 3898/3898 3998/3998 3997/3997
f 3898/3898 3899/3899 3998/3998
f 3899/3899 3999/3999 3998/3998
f 3899/3899 3900/3900 3999/3999
f 3900/3900 4000/4000 3999/3999
f 3901/3901 3902/3902 4001/4001
f 3902/3902 4002/4002 4001/4001
f 3902/3902 3903/3903 4002/4002
f 3903/3903 4003/4003 4002/4002
f 3903/3903 3904/3904 4003/4003
f 3904/3904 4004/4004 4003/4003
f 3904/3904 3905/3905 4004/4004
f 3905/3905 4005/4005 4004/4004
f 3905/3905 3906/3906 4005/4005
f 3906/3906 4006/4006 4005/4005
f 3906/3906 3907/3907 4006/4006
f 3907/3907 4007/4007 4006/4006
f 3907/3907 3908/3908 4007/4007
f 3908/3908 4008/4008 4007/4007
f 3908/3908 3909/3909 4008/4008
f 3909/3909 4009/4009 4008/4008
f 3909/3909 3910/3910 4009/4009
f 3910/3910 4010/4010 4009/4009
f 3910/3910 3911/3911 4010/4010
f 3911/3911 4011/4011 4010/4010
f 3911/3911 3912/3912 4011/4011
f 3912/3912 4012/4012 4011/4011
f 3912/3912 3913/3913 4012/4012
f 3913/3913 4013/4013 4012/4012
f 3913/3913 3914/3914 4013/4013
f 3914/3914 4014/4014 4013/4013
f 3914/3914 3915/3915 4014/4014
f 3915/3915 4015/4015 4014/4014
f 3915/3915 3916/3916 4015/4015
f 3916/3916 4016/4016 4015/4015
f 3916/3916 3917/3917 4016/4016
f 3917/3917 4017/4017 4016/4016
f 3917/3917 3918/3918 4017/4017
f 3918/3918 4018/4018 4017/4017
f 3918/3918 3919/3919 4018/4018
f 3919/3919 4019/4019 4018/4018
f 3919/3919 3920/3920 4019/4019
f 3920/3920 4020/4020 4019/4019
f 3920/3920 3921/3921 4020/4020
f 3921/3921 4021/4021 4020/4020
f 3921/3921 3922/3922 4021/4021
f 3922/3922 4022/4022 4021/4021
f 3922/3922 3923/3923 4022/4022
f 3923/3923 4023/4023 4022/4022
f 3923/3923 3924/3924 4023/4023
f 3924/3924 4024/4024 4023/4023
f 3924/3924 3925/3925 4024/4024
f 3925/3925 4025/4025 4024/4024
f 3925/3925 3926/3926 4025/4025
f 3926/3926 4026/4026 4025/4025
f 3926/3926 3927/3927 4026/4026
f 3927/3927 4027/4027 4026/4026
f 3927/3927 3928/3928 4027/4027
f 3928/3928 4028/4028 4027/4027
f 3928/3928 3929/3929 4028/4028
f 3929/3929 4029/4029 4028/4028
f 3929/3929 3930/3930 4029/4029
f 3930/3930 4030/4030 4029/4029
f 3930/3930 3931/3931 4030/4030
f 3931/3931 4031/4031 4030/4030
f 3931/3931 3932/3932 4031/4031
f 3932/3932 4032/4032 4031/4031
f 3932/3932 3933/3933 4032/4032
f 3933/3933 4033/4033 4032/4032
f 3933/3933 3934/3934 4033/4033
f 3934/3934 4034/4034 4033/4033
f 3934/3934 3935/3935 4034/4034
f 3935/3935 4035/4035 4034/4034
f 3935/3935 3936/3936 4035/4035
f 3936/3936 4036/4036 4035/4035
f 3936/3936 3937/3937 4036/4036
f 3937/3937 4037/4037 4036/4036
f 3937/3937 3938/3938 4037/4037
f 3938/3938 4038/4038 4037/4037
f 3938/3938 3939/3939 4038/4038
f 3939/3939 4039/4039 4038/4038
f 3939/3939 3940/3940 4039/4039
f 3940/3940 4040/4040 4039/4039
f 3940/3940 3941/3941 4040/4040
f 3941/3941 4041/4041 4040/4040
f 3941/3941 3942/3942 4041/4041
f 3942/3942 4042/4042 4041/4041
f 3942/3942 3943/3943 4042/4042
f 3943/3943 4043/4043 4042/4042
f 3943/3943 3944/3944 4043/4043
f 3944/3944 4044/4044 4043/4043
f 3944/3944 3945/3945 4044/4044
f 3945/3945 4045/4045 4044/4044
f 3945/3945 3946/3946 4045/4045
f 3946/3946 4046/4046 4045/4045
f 3946/3946 3947/3947 4046/4046
f 3947/3947 4047/4047 4046/4046
f 3947/3947 3948/3948 4047/4047
f 3948/3948 4048/4048 4047/4047
f 3948/3948 3949/3949 4048/4048
f 3949/3949 4049/4049 4048/4048
f 3949/3949 3950/3950 4049/4049
f 3950/3950 4050/4050 4049/4049
f 3950/3950 3951/3951 4050/4050
f 3951/3951 4051/4051 4050/4050
f 3951/3951 3952/3952 4051/4051
f 3952/3952 4052/4052 4051/4051
f 3952/3952 3953/3953 4052/4052
f 3953/3953 4053/4053 4052/4052
f 3953/3953 3954/3954 4053/4053
f 3954/3954 4054/4054 4053/4053
f 3954/3954 3955/3955 4054/4054
f 3955/3955 4055/4055 4054/4054
f 3955/3955 3956/3956 4055/4055
f 3956/3956 4056/4056 4055/4055
f 3956/3956 3957/3957 4056/4056
f 3957/3957 4057/4057 4056/4056
f 3957/3957 3958/3958 4057/4057
f 3958/3958 4058/4058 4057/4057
f 3958/3958 3959/3959 4058/4058
f 3959/3959 4059/4059 4058/4058
f 3959/3959 3960/3960 4059/4059
f 3960/3960 4060/4060 4059/4059
f 3960/3960 3961/3961 4060/4060
f 3961/3961 4061/4061 4060/4060
f 3961/3961 3962/3962 4061/4061
f 3962/3962 4062/4062 4061/4061
f 3962/3962 3963/3963 4062/4062
f 3963/3963 4063/4063 4062/4062
f 3963/3963 3964/3964 4063/4063
f 3964/3964 4064/4064 4063/4063
f 3964/3964 3965/3965 4064/4064
f 3965/3965 4065/4065 4064/4064
f 3965/3965 3966/3966 4065/4065
f 3966/3966 4066/4066 4065/4065
f 3966/3966 3967/3967 4066/4066
f 3967/3967 4067/4067 4066/4066
f 3967/3967 3968/3968 4067/4067
f 3968/3968 4068/4068 4067/4067
f 3968/3968 3969/3969 4068/4068
f 3969/3969 4069/4069 4068/4068
f 3969/3969 3970/3970 4069/4069
f 3970/3970 4070/4070 4069/4069
f 3970/3970 3971/3971 4070/4070
f 3971/3971 4071/4071 4070/4070
f 3971/3971 3972/3972 4071/4071
f 3972/3972 4072/4072 4071/4071
f 3972/3972 3973/3973 4072/4072
f 3973/3973 4073/4073 4072/4072
f 3973/3973 3974/3974 4073/4073
f 3974/3974 4074/4074 4073/4073
f 3974/3974 3975/3975 4074/4074
f 3975/3975 4075/4075 4074/4074
f 3975/3975 3976/3976 4075/4075
f 3976/3976 4076/4076 4075/4075
f 3976/3976 3977/3977 4076/4076
f 3977/3977 4077/4077 4076/4076
f 3977/3977 3978/3978 4077/4077
f 3978/3978 4078/4078 4077/4077
f 3978/3978 3979/3979 4078/4078
f 3979/3979 4079/4079 4078/4078
f 3979/3979 3980/3980 4079/4079
f 3980/3980 4080/4080 4079/4079
f 3980/3980 3981/3981 4080/4080
f 3981/3981 4081/4081 4080/4080
f 3981/3981 3982/3982 4081/4081
f 3982/3982 4082/4082 4081/4081
f 3982/3982 3983/3983 4082/4082
f 3983/3983 4083/4083 4082/4082
f 3983/3983 3984/3984 4083/4083
f 3984/3984 4084/4084 4083/4083
f 3984/3984 3985/3985 4084/4084
f 3985/3985 4085/4085 4084/4084
f 3985/3985 3986/3986 4085/4085
f 3986/3986 4086/4086 4085/4085
f 3986/3986 3987/3987 4086/4086
f 3987/3987 4087/4087 4086/4086
f 3987/3987 3988/3988 4087/4087
f 3988/3988 4088/4088 4087/4087
f 3988/3988 3989/3989 4088/4088
f 3989/3989 4089/4089 4088/4088
f 3989/3989 3990/3990 4089/4089
f 3990/3990 4090/4090 4089/4089
f 3990/3990 3991/3991 4090/4090
f 3991/3991 4091/4091 4090/4090
f 3991/3991 3992/3992 4091/4091
f 3992/3992 4092/4092 4091/4091
f 3992/3992 3993/3993 4092/4092
f 3993/3993 4093/4093 4092/4092
f 3993/3993 3994/3994 4093/4093
f 3994/3994 4094/4094 4093/4093
f 3994/3994 3995/3995 4094/4094
f 3995/3995 4095/4095 4094/4094
f 3995/3995 3996/3996 4095/4095
f 3996/3996 4096/4096 4095/4095
f 3996/3996 3997/3997 4096/4096
f 3997/3997 4097/4097 4096/4096
f 3997/3997 3998/3998 4097/4097
f 3998/3998 4098/4098 4097/4097
f 3998/3998 3999/3999 4098/4098
f 3999/3999 4099/4099 4098/4098
f 3999/3999 4000/4000 4099/4099
f 4000/4000 4100/4100 4099/4099
f 4001/4001 4002/4002 4101/4101
f 4002/4002 4102/4102 4101/4101
f 4002/4002 4003/4003 4102/4102
f 4003/4003 4103/4103 4102/4102
f 4003/4003 4004/4004 4103/4103
f 4004/4004 4104/4104 4103/4103
f 4004/4004 4005/4005 4104/4104
f 4005/4005 4105/4105 4104/4104
f 4005/4005 4006/4006 4105/4105
f 4006/4006 4106/4106 4105/4105
f 4006/4006 4007/4007 4106/4106
f 4007/4007 4107/4107 4106/4106
f 4007/4007 4008/4008 4107/4107
f 4008/4008 4108/4108 4107/4107
f 4008/4008 4009/4009 4108/4108
f 4009/4009 4109/4109 4108/4108
f 4009/4009 4010/4010 4109/4109
f 4010/4010 4110/4110 4109/4109
f 4010/4010 4011/4011 4110/4110
f 4011/4011 4111/4111 4110/4110
f 4011/4011 4012/4012 4111/4111
f 4012/4012 4112/4112 4111/4111
f 4012/4012 4013/4013 4112/4112
f 4013/4013 4113/4113 4112/4112
f 4013/4013 4014/4014 4113/4113
f 4014/4014 4114/4114 4113/4113
f 4014/4014 4015/4015 4114/4114
f 4015/4015 4115/4115 4114/4114
f 4015/4015 4016/4016 4115/4115
f 4016/4016 4116/4116 4115/4115
f 4016/4016 4017/4017 4116/4116
f 4017/4017 4117/4117 4116/4116
f 4017/4017 4018/4018 4117/4117
f 4018/4018 4118/4118 4117/4117
f 4018/4018 4019/4019 4118/4118
f 4019/4019 4119/4119 4118/4118
f 4019/4019 4020/4020 4119/4119
f 4020/4020 4120/4120 4119/4119
f 4020/4020 4021/4021 4120/4120
f 4021/4021 4121/4121 4120/4120
f 4021/4021 4022/4022 4121/4121
f 4022/4022 4122/4122 4121/4121
f 4022/4022 4023/4023 4122/4122
f 4023/4023 4123/4123 4122/4122
f 4023/4023 4024/4024 4123/4123
f 4024/4024 4124/4124 4123/4123
f 4024/4024 4025/4025 4124/4124
f 4025/4025 4125/4125 4124/4124
f 4025/4025 4026/4026 4125/4125
f 4026/4026 4126/4126 4125/4125
f 4026/4026 4027/4027 4126/4126
f 4027/4027 4127/4127 4126/4126
f 4027/4027 4028/4028 4127/4127
f 4028/4028 4128/4128 4127/4127
f 4028/4028 4029/4029 4128/4128
f 4029/4029 4129/4129 4128/4128
f 4029/4029 4030/4030 4129/4129
f 4030/4030 4130/4130 4129/4129
f 4030/4030 4031/4031 4130/4130
f 4031/4031 4131/4131 4130/4130
f 4031/4031 4032/4032 4131/4131
f 4032/4032 4132/4132 4131/4131
f 4032/4032 4033/4033 4132/4132
f 4033/4033 4133/4133 4132/4132
f 4033/4033 4034/4034 4133/4133
f 4034/4034 4134/4134 4133/4133
f 4034/4034 4035/4035 4134/4134
f 4035/4035 4135/4135 4134/4134
f 4035/4035 4036/4036 4135/4135
f 4036/4036 4136/4136 4135/4135
f 4036/4036 4037/4037 4136/4136
f 4037/4037 4137/4137 4136/4136
f 4037/4037 4038/4038 4137/4137
f 4038/4038 4138/4138 4137/4137
f 4038/4038 4039/4039 4138/4138
f 4039/4039 4139/4139 4138/4138
f 4039/4039 4040/4040 4139/4139
f 4040/4040 4140/4140 4139/4139
f 4040/4040 4041/4041 4140/4140
f 4041/4041 4141/4141 4140/4140
f 4041/4041 4042/4042 4141/4141
f 4042/4042 4142/4142 4141/4141
f 4042/4042 4043/4043 4142/4142
f 4043/4043 4143/4143 4142/4142
f 4043/4043 4044/4044 4143/4143
f 4044/4044 4144/4144 4143/4143
f 4044/4044 4045/4045 4144/4144
f 4045/4045 4145/4145 4144/4144
f 4045/4045 4046/4046 4145/4145
f 4046/4046 4146/4146 4145/4145
f 4046/4046 4047/4047 4146/4146
f 4047/4047 4147/4147 4146/4146
f 4047/4047 4048/4048 4147/4147
f 4048/4048 4148/4148 4147/4147
f 4048/4048 4049/4049 4148/4148
f 4049/4049 4149/4149 4148/4148
f 4049/4049 4050/4050 4149/4149
f 4050/4050 4150/4150 4149/4149
f 4050/4050 4051/4051 4150/4150
f 4051/4051 4151/4151 4150/4150
f 4051/4051 4052/4052 4151/4151
f 4052/4052 4152/4152 4151/4151
f 4052/4052 4053/4053 4152/4152
f 4053/4053 4153/4153 4152/4152
f 4053/4053 4054/4054 4153/4153
f 4054/4054 4154/4154 4153/4153
f 4054/4054 4055/4055 4154/4154
f 4055/4055 4155/4155 4154/4154
f 4055/4055 4056/4056 4155/4155
f 4056/4056 4156/4156 4155/4155
f 4056/4056 4057/4057 4156/4156
f 4057/4057 4157/4157 4156/4156
f 4057/4057 4058/4058 4157/4157
f 4058/4058 4158/4158 4157/4157
f 4058/4058 4059/4059 4158/4158
f 4059/4059 4159/4159 4158/4158
f 4059/4059 4060/4060 4159/4159
f 4060/4060 4160/4160 4159/4159
f 4060/4060 4061/4061 4160/4160
f 4061/4061 4161/4161 4160/4160
f 4061/4061 4062/4062 4161/4161
f 4062/4062 4162/4162 4161/4161
f 4062/4062 4063/4063 4162/4162
f 4063/4063 4163/4163 4162/4162
f 4063/4063 4064/4064 4163/4163
f 4064/4064 4164/4164 4163/4163
f 4064/4064 4065/4065 4164/4164
f 4065/4065 4165/4165 4164/4164
f 4065/4065 4066/4066 4165/4165
f 4066/4066 4166/4166 4165/4165
f 4066/4066 4067/4067 4166/4166
f 4067/4067 4167/4167 4166/4166
f 4067/4067 4068/4068 4167/4167
f 4068/4068 4168/4168 4167/4167
f 4068/4068 4069/4069 4168/4168
f 4069/4069 4169/4169 4168/4168
f 4069/4069 4070/4070 4169/4169
f 4070/4070 4170/4170 4169/4169
f 4070/4070 4071/4071 4170/4170
f 4071/4071 4171/4171 4170/4170
f 4071/4071 4072/4072 4171/4171
f 4072/4072 4172/4172 4171/4171
f 4072/4072 4073/4073 4172/4172
f 4073/4073 4173/4173 4172/4172
f 4073/4073 4074/4074 4173/4173
f 4074/4074 4174/4174 4173/4173
f 4074/4074 4075/4075 4174/4174
f 4075/4075 4175/4175 4174/4174
f 4075/4075 4076/4076 4175/4175
f 4076/4076 4176/4176 4175/4175
f 4076/4076 4077/4077 4176/4176
f 4077/4077 4177/4177 4176/4176
f 4077/4077 4078/4078 4177/4177
f 4078/4078 4178/4178 4177/4177
f 4078/4078 4079/4079 4178/4178
f 4079/4079 4179/4179 4178/4178
f 4079/4079 4080/4080 4179/4179
f 4080/4080 4180/4180 4179/4179
f 4080/4080 4081/4081 4180/4180
f 4081/4081 4181/4181 4180/4180
f 4081/4081 4082/4082 4181/4181
f 4082/4082 4182/4182 4181/4181
f 4082/4082 4083/4083 4182/4182
f 4083/4083 4183/4183 4182/4182
f 4083/4083 4084/4084 4183/4183
f 4084/4084 4184/4184 4183/4183
f 4084/4084 4085/4085 4184/4184
f 4085/4085 4185/4185 4184/4184
f 4085/4085 4086/4086 4185/4185
f 4086/4086 4186/4186 4185/4185
f 4086/4086 4087/4087 4186/4186
f 4087/4087 4187/4187 4186/4186
f 4087/4087 4088/4088 4187/4187
f 4088/4088 4188/4188 4187/4187
f 4088/4088 4089/4089 4188/4188
f 4089/4089 4189/4189 4188/4188
f 4089/4089 4090/4090 4189/4189
f 4090/4090 4190/4190 4189/4189
f 4090/4090 4091/4091 4190/4190
f 4091/4091 4191/4191 4190/4190
f 4091/4091 4092/4092 4191/4191
f 4092/4092 4192/4192 4191/4191
f 4092/4092 4093/4093 4192/4192
f 4093/4093 4193/4193 4192/4192
f 4093/4093 4094/4094 4193/4193
f 4094/4094 4194/4194 4193/4193
f 4094/4094 4095/4095 4194/4194
f 4095/4095 4195/4195 4194/4194
f 4095/4095 4096/4096 4195/4195
f 4096/4096 4196/4196 4195/4195
f 4096/4096 4097/4097 4196/4196
f 4097/4097 4197/4197 4196/4196
f 4097/4097 4098/4098 4197/4197
f 4098/4098 4198/4198 4197/4197
f 4098/4098 4099/4099 4198/4198
f 4099/4099 4199/4199 4198/4198
f 4099/4099 4100/4100 4199/4199
f 4100/4100 4200/4200 4199/4199
f 4101/4101 4102/4102 4201/4201
f 4102/4102 4202/4202 4201/4201
f 4102/4102 4103/4103 4202/4202
f 4103/4103 4203/4203 4202/4202
f 4103/4103 4104/4104 4203/4203
f 4104/4104 4204/4204 4203/4203
f 4104/4104 4105/4105 4204/4204
f 4105/4105 4205/4205 4204/4204
f 4105/4105 4106/4106 4205/4205
f 4106/4106 4206/4206 4205/4205
f 4106/4106 4107/4107 4206/4206
f 4107/4107 4207/4207 4206/4206
f 4107/4107 4108/4108 4207/4207
f 4108/4108 4208/4208 4207/4207
f 4108/4108 4109/4109 4208/4208
f 4109/4109 4209/4209 4208/4208
f 4109/4109 4110/4110 4209/4209
f 4110/4110 4210/4210 4209/4209
f 4110/4110 4111/4111 4210/4210
f 4111/4111 4211/4211 4210/4210
f 4111/4111 4112/4112 4211/4211
f 4112/4112 4212/4212 4211/4211
f 4112/4112 4113/4113 4212/4212
f 4113/4113 4213/4213 4212/4212
f 4113/4113 4114/4114 4213/4213
f 4114/4114 4214/4214 4213/4213
f 4114/4114 4115/4115 4214/4214
f 4115/4115 4215/4215 4214/4214
f 4115/4115 4116/4116 4215/4215
f 4116/4116 4216/4216 4215/4215
f 4116/4116 4117/4117 4216/4216
f 4117/4117 4217/4217 4216/4216
f 4117/4117 4118/4118 4217/4217
f 4118/4118 4218/4218 4217/4217
f 4118/4118 4119/4119 4218/4218
f 4119/4119 4219/4219 4218/4218
f 4119/4119 4120/4120 4219/4219
f 4120/4120 4220/4220 4219/4219
f 4120/4120 4121/4121 4220/4220
f 4121/4121 4221/4221 4220/4220
f 4121/4121 4122/4122 4221/4221
f 4122/4122 4222/4222 4221/4221
f 4122/4122 4123/4123 4222/4222
f 4123/4123 4223/4223 4222/4222
f 4123/4123 4124/4124 4223/4223
f 4124/4124 4224/4224 4223/4223
f 4124/4124 4125/4125 4224/4224
f 4125/4125 4225/4225 4224/4224
f 4125/4125 4126/4126 4225/4225
f 4126/4126 4226/4226 4225/4225
f 4126/4126 4127/4127 4226/4226
f 4127/4127 4227/4227 4226/4226
f 4127/4127 4128/4128 4227/4227
f 4128/4128 4228/4228 4227/4227
f 4128/4128 4129/4129 4228/4228
f 4129/4129 4229/4229 4228/4228
f 4129/4129 4130/4130 4229/4229
f 4130/4130 4230/4230 4229/4229
f 4130/4130 4131/4131 4230/4230
f 4131/4131 4231/4231 4230/4230
f 4131/4131 4132/4132 4231/4231
f 4132/4132 4232/4232 4231/4231
f 4132/4132 4133/4133 4232/4232
f 4133/4133 4233/4233 4232/4232
f 4133/4133 4134/4134 4233/4233
f 4134/4134 4234/4234 4233/4233
f 4134/4134 4135/4135 4234/4234
f 4135/4135 4235/4235 4234/4234
f 4135/4135 4136/4136 4235/4235
f 4136/4136 4236/4236 4235/4235
f 4136/4136 4137/4137 4236/4236
f 4137/4137 4237/4237 4236/4236
f 4137/4137 4138/4138 4237/4237
f 4138/4138 4238/4238 4237/4237
f 4138/4138 4139/4139 4238/4238
f 4139/4139 4239/4239 4238/4238
f 4139/4139 4140/4140 4239/4239
f 4140/4140 4240/4240 4239/4239
f 4140/4140 4141/4141 4240/4240
f 4141/4141 4241/4241 4240/4240
f 4141/4141 4142/4142 4241/4241
f 4142/4142 4242/4242 4241/4241
f 4142/4142 4143/4143 4242/4242
f 4143/4143 4243/4243 4242/4242
f 4143/4143 4144/4144 4243/4243
f 4144/4144 4244/4244 4243/4243
f 4144/4144 4145/4145 4244/4244
f 4145/4145 4245/4245 4244/4244
f 4145/4145 4146/4146 4245/4245
f 4146/4146 4246/4246 4245/4245
f 4146/4146 4147/4147 4246/4246
f 4147/4147 4247/4247 4246/4246
f 4147/4147 4148/4148 4247/4247
f 4148/4148 4248/4248 4247/4247
f 4148/4148 4149/4149 4248/4248
f 4149/4149 4249/4249 4248/4248
f 4149/4149 4150/4150 4249/4249
f 4150/4150 4250/4250 4249/4249
f 4150/4150 4151/4151 4250/4250
f 4151/4151 4251/4251 4250/4250
f 4151/4151 4152/4152 4251/4251
f 4152/4152 4252/4252 4251/4251
f 4152/4152 4153/4153 4252/4252
f 4153/4153 4253/4253 4252/4252
f 4153/4153 4154/4154 4253/4253
f 4154/4154 4254/4254 4253/4253
f 4154/4154 4155/4155 4254/4254
f 4155/4155 4255/4255 4254/4254
f 4155/4155 4156/4156 4255/4255
f 4156/4156 4256/4256 4255/4255
f 4156/4156 4157/4157 4256/4256
f 4157/4157 4257/4257 4256/4256
f 4157/4157 4158/4158 4257/4257
f 4158/4158 4258/4258 4257/4257
f 4158/4158 4159/4159 4258/4258
f 4159/4159 4259/4259 4258/4258
f 4159/4159 4160/4160 4259/4259
f 4160/4160 4260/4260 4259/4259
f 4160/4160 4161/4161 4260/4260
f 4161/4161 4261/4261 4260/4260
f 4161/4161 4162/4162 4261/4261
f 4162/4162 4262/4262 4261/4261
f 4162/4162 4163/4163 4262/4262
f 4163/4163 4263/4263 4262/4262
f 4163/4163 4164/4164 4263/4263
f 4164/4164 4264/4264 4263/4263
f 4164/4164 4165/4165 4264/4264
f 4165/4165 4265/4265 4264/4264
f 4165/4165 4166/4166 4265/4265
f 4166/4166 4266/4266 4265/4265
f 4166/4166 4167/4167 4266/4266
f 4167/4167 4267/4267 4266/4266
f 4167/4167 4168/4168 4267/4267
f 4168/4168 4268/4268 4267/4267
f 4168/4168 4169/4169 4268/4268
f 4169/4169 4269/4269 4268/4268
f 4169/4169 4170/4170 4269/4269
f 4170/4170 4270/4270 4269/4269
f 4170/4170 4171/4171 4270/4270
f 4171/4171 4271/4271 4270/4270
f 4171/4171 4172/4172 4271/4271
f 4172/4172 4272/4272 4271/4271
f 4172/4172 4173/4173 4272/4272
f 4173/4173 4273/4273 4272/4272
f 4173/4173 4174/4174 4273/4273
f 4174/4174 4274/4274 4273/4273
f 4174/4174 4175/4175 4274/4274
f 4175/4175 4275/4275 4274/4274
f 4175/4175 4176/4176 4275/4275
f 4176/4176 4276/4276 4275/4275
f 4176/4176 4177/4177 4276/4276
f 4177/4177 4277/4277 4276/4276
f 4177/4177 4178/4178 4277/4277
f 4178/4178 4278/4278 4277/4277
f 4178/4178 4179/4179 4278/4278
f 4179/4179 4279/4279 4278/4278
f 4179/4179 4180/4180 4279/4279
f 4180/4180 4280/4280 4279/4279
f 4180/4180 4181/4181 4280/4280
f 4181/4181 4281/4281 4280/4280
f 4181/4181 4182/4182 4281/4281
f 4182/4182 4282/4282 4281/4281
f 4182/4182 4183/4183 4282/4282
f 4183/4183 4283/4283 4282/4282
f 4183/4183 4184/4184 4283/4283
f 4184/4184 4284/4284 4283/4283
f 4184/4184 4185/4185 4284/4284
f 4185/4185 4285/4285 4284/4284
f 4185/4185 4186/4186 4285/4285
f 4186/4186 4286/4286 4285/4285
f 4186/4186 4187/4187 4286/4286
f 4187/4187 4287/4287 4286/4286
f 4187/4187 4188/4188 4287/4287
f 4188/4188 4288/4288 4287/4287
f 4188/4188 4189/4189 4288/4288
f 4189/4189 4289/4289 4288/4288
f 4189/4189 4190/4190 4289/4289
f 4190/4190 4290/4290 4289/4289
f 4190/4190 4191/4191 4290/4290
f 4191/4191 4291/4291 4290/4290
f 4191/4191 4192/4192 4291/4291
f 4192/4192 4292/4292 4291/4291
f 4192/4192 4193/4193 4292/4292
f 4193/4193 4293/4293 4292/4292
f 4193/4193 4194/4194 4293/4293
f 4194/4194 4294/4294 4293/4293
f 4194/4194 4195/4195 4294/4294
f 4195/4195 4295/4295 4294/4294
f 4195/4195 4196/4196 4295/4295
f 4196/4196 4296/4296 4295/4295
f 4196/4196 4197/4197 4296/4296
f 4197/4197 4297/4297 4296/4296
f 4197/4197 4198/4198 4297/4297
f 4198/4198 4298/4298 4297/4297
f 4198/4198 4199/4199 4298/4298
f 4199/4199 4299/4299 4298/4298
f 4199/4199 4200/4200 4299/4299
f 4200/4200 4300/4300 4299/4299
f 4201/4201 4202/4202 4301/4301
f 4202/4202 4302/4302 4301/4301
f 4202/4202 4203/4203 4302/4302
f 4203/4203 4303/4303 4302/4302
f 4203/4203 4204/4204 4303/4303
f 4204/4204 4304/4304 4303/4303
f 4204/4204 4205/4205 4304/4304
f 4205/4205 4305/4305 4304/4304
f 4205/4205 4206/4206 4305/4305
f 4206/4206 4306/4306 4305/4305
f 4206/4206 4207/4207 4306/4306
f 4207/4207 4307/4307 4306/4306
f 4207/4207 4208/4208 4307/4307
f 4208/4208 4308/4308 4307/4307
f 4208/4208 4209/4209 4308/4308
f 4209/4209 4309/4309 4308/4308
f 4209/4209 4210/4210 4309/4309
f 4210/4210 4310/4310 4309/4309
f 4210/4210 4211/4211 4310/4310
f 4211/4211 4311/4311 4310/4310
f 4211/4211 4212/4212 4311/4311
f 4212/4212 4312/4312 4311/4311
f 4212/4212 4213/4213 4312/4312
f 4213/4213 4313/4313 4312/4312
f 4213/4213 4214/4214 4313/4313
f 4214/4214 4314/4314 4313/4313
f 4214/4214 4215/4215 4314/4314
f 4215/4215 4315/4315 4314/4314
f 4215/4215 4216/4216 4315/4315
f 4216/4216 4316/4316 4315/4315
f 4216/4216 4217/4217 4316/4316
f 4217/4217 4317/4317 4316/4316
f 4217/4217 4218/4218 4317/4317
f 4218/4218 4318/4318 4317/4317
f 4218/4218 4219/4219 4318/4318
f 4219/4219 4319/4319 4318/4318
f 4219/4219 4220/4220 4319/4319
f 4220/4220 4320/4320 4319/4319
f 4220/4220 4221/4221 4320/4320
f 4221/4221 4321/4321 4320/4320
f 4221/4221 4222/4222 4321/4321
f 4222/4222 4322/4322 4321/4321
f 4222/4222 4223/4223 4322/4322
f 4223/4223 4323/4323 4322/4322
f 4223/4223 4224/4224 4323/4323
f 4224/4224 4324/4324 4323/4323
f 4224/4224 4225/4225 4324/4324
f 4225/4225 4325/4325 4324/4324
f 4225/4225 4226/4226 4325/4325
f 4226/4226 4326/4326 4325/4325
f 4226/4226 4227/4227 4326/4326
f 4227/4227 4327/4327 4326/4326
f 4227/4227 4228/4228 4327/4327
f 4228/4228 4328/4328 4327/4327
f 4228/4228 4229/4229 4328/4328
f 4229/4229 4329/4329 4328/4328
f 4229/4229 4230/4230 4329/4329
f 4230/4230 4330/4330 4329/4329
f 4230/4230 4231/4231 4330/4330
f 4231/4231 4331/4331 4330/4330
f 4231/4231 4232/4232 4331/4331
f 4232/4232 4332/4332 4331/4331
f 4232/4232 4233/4233 4332/4332
f 4233/4233 4333/4333 4332/4332
f 4233/4233 4234/4234 4333/4333
f 4234/4234 4334/4334 4333/4333
f 4234/4234 4235/4235 4334/4334
f 4235/4235 4335/4335 4334/4334
f 4235/4235 4236/4236 4335/4335
f 4236/4236 4336/4336 4335/4335
f 4236/4236 4237/4237 4336/4336
f 4237/4237 4337/4337 4336/4336
f 4237/4237 4238/4238 4337/4337
f 4238/4238 4338/4338 4337/4337
f 4238/4238 4239/4239 4338/4338
f 4239/4239 4339/4339 4338/4338
f 4239/4239 4240/4240 4339/4339
f 4240/4240 4340/4340 4339/4339
f 4240/4240 4241/4241 4340/4340
f 4241/4241 4341/4341 4340/4340
f 4241/4241 4242/4242 4341/4341
f 4242/4242 4342/4342 4341/4341
f 4242/4242 4243/4243 4342/4342
f 4243/4243 4343/4343 4342/4342
f 4243/4243 4244/4244 4343/4343
f 4244/4244 4344/4344 4343/4343
f 4244/4244 4245/4245 4344/4344
f 4245/4245 4345/4345 4344/4344
f 4245/4245 4246/4246 4345/4345
f 4246/4246 4346/4346 4345/4345
f 4246/4246 4247/4247 4346/4346
f 4247/4247 4347/4347 4346/4346
f 4247/4247 4248/4248 4347/4347
f 4248/4248 4348/4348 4347/4347
f 4248/4248 4249/4249 4348/4348
f 4249/4249 4349/4349 4348/4348
f 4249/4249 4250/4250 4349/4349
f 4250/4250 4350/4350 4349/4349
f 4250/4250 4251/4251 4350/4350
f 4251/4251 4351/4351 4350/4350
f 4251/4251 4252/4252 4351/4351
f 4252/4252 4352/4352 4351/4351
f 4252/4252 4253/4253 4352/4352
f 4253/4253 4353/4353 4352/4352
f 4253/4253 4254/4254 4353/4353
f 4254/4254 4354/4354 4353/4353
f 4254/4254 4255/4255 4354/4354
f 4255/4255 4355/4355 4354/4354
f 4255/4255 4256/4256 4355/4355
f 4256/4256 4356/4356 4355/4355
f 4256/4256 4257/4257 4356/4356
f 4257/4257 4357/4357 4356/4356
f 4257/4257 4258/4258 4357/4357
f 4258/4258 4358/4358 4357/4357
f 4258/4258 4259/4259 4358/4358
f 4259/4259 4359/4359 4358/4358
f 4259/4259 4260/4260 4359/4359
f 4260/4260 4360/4360 4359/4359
f 4260/4260 4261/4261 4360/4360
f 4261/4261 4361/4361 4360/4360
f 4261/4261 4262/4262 4361/4361
f 4262/4262 4362/4362 4361/4361
f 4262/4262 4263/4263 4362/4362
f 4263/4263 4363/4363 4362/4362
f 4263/4263 4264/4264 4363/4363
f 4264/4264 4364/4364 4363/4363
f 4264/4264 4265/4265 4364/4364
f 4265/4265 4365/4365 4364/4364
f 4265/4265 4266/4266 4365/4365
f 4266/4266 4366/4366 4365/4365
f 4266/4266 4267/4267 4366/4366
f 4267/4267 4367/4367 4366/4366
f 4267/4267 4268/4268 4367/4367
f 4268/4268 4368/4368 4367/4367
f 4268/4268 4269/4269 4368/4368
f 4269/4269 4369/4369 4368/4368
f 4269/4269 4270/4270 4369/4369
f 4270/4270 4370/4370 4369/4369
f 4270/4270 4271/4271 4370/4370
f 4271/4271 4371/4371 4370/4370
f 4271/4271 4272/4272 4371/4371
f 4272/4272 4372/4372 4371/4371
f 4272/4272 4273/4273 4372/4372
f 4273/4273 4373/4373 4372/4372
f 4273/4273 4274/4274 4373/4373
f 4274/4274 4374/4374 4373/4373
f 4274/4274 4275/4275 4374/4374
f 4275/4275 4375/4375 4374/4374
f 4275/4275 4276/4276 4375/4375
f 4276/4276 4376/4376 4375/4375
f 4276/4276 4277/4277 4376/4376
f 4277/4277 4377/4377 4376/4376
f 4277/4277 4278/4278 4377/4377
f 4278/4278 4378/4378 4377/4377
f 4278/4278 4279/4279 4378/4378
f 4279/4279 4379/4379 4378/4378
f 4279/4279 4280/4280 4379/4379
f 4280/4280 4380/4380 4379/4379
f 4280/4280 4281/4281 4380/4380
f 4281/4281 4381/4381 4380/4380
f 4281/4281 4282/4282 4381/4381
f 4282/4282 4382/4382 4381/4381
f 4282/4282 4283/4283 4382/4382
f 4283/4283 4383/4383 4382/4382
f 4283/4283 4284/4284 4383/4383
f 4284/4284 4384/4384 4383/4383
f 4284/4284 4285/4285 4384/4384
f 4285/4285 4385/4385 4384/4384
f 4285/4285 4286/4286 4385/4385
f 4286/4286 4386/4386 4385/4385
f 4286/4286 4287/4287 4386/4386
f 4287/4287 4387/4387 4386/4386
f 4287/4287 4288/4288 4387/4387
f 4288/4288 4388/4388 4387/4387
f 4288/4288 4289/4289 4388/4388
f 4289/4289 4389/4389 4388/4388
f 4289/4289 4290/4290 4389/4389
f 4290/4290 4390/4390 4389/4389
f 4290/4290 4291/4291 4390/4390
f 4291/4291 4391/4391 4390/4390
f 4291/4291 4292/4292 4391/4391
f 4292/4292 4392/4392 4391/4391
f 4292/4292 4293/4293 4392/4392
f 4293/4293 4393/4393 4392/4392
f 4293/4293 4294/4294 4393/4393
f 4294/4294 4394/4394 4393/4393
f 4294/4294 4295/4295 4394/4394
f 4295/4295 4395/4395 4394/4394
f 4295/4295 4296/4296 4395/4395
f 4296/4296 4396/4396 4395/4395
f 4296/4296 4297/4297 4396/4396
f 4297/4297 4397/4397 4396/4396
f 4297/4297 4298/4298 4397/4397
f 4298/4298 4398/4398 4397/4397
f 4298/4298 4299/4299 4398/4398
f 4299/4299 4399/4399 4398/4398
f 4299/4299 4300/4300 4399/4399
f 4300/4300 4400/4400 4399/4399
f 4301/4301 4302/4302 4401/4401
f 4302/4302 4402/4402 4401/4401
f 4302/4302 4303/4303 4402/4402
f 4303/4303 4403/4403 4402/4402
f 4303/4303 4304/4304 4403/4403
f 4304/4304 4404/4404 4403/4403
f 4304/4304 4305/4305 4404/4404
f 4305/4305 4405/4405 4404/4404
f 4305/4305 4306/4306 4405/4405
f 4306/4306 4406/4406 4405/4405
f 4306/4306 4307/4307 4406/4406
f 4307/4307 4407/4407 4406/4406
f 4307/4307 4308/4308 4407/4407
f 4308/4308 4408/4408 4407/4407
f 4308/4308 4309/4309 4408/4408
f 4309/4309 4409/4409 4408/4408
f 4309/4309 4310/4310 4409/4409
f 4310/4310 4410/4410 4409/4409
f 4310/4310 4311/4311 4410/4410
f 4311/4311 4411/4411 4410/4410
f 4311/4311 4312/4312 4411/4411
f 4312/4312 4412/4412 4411/4411
f 4312/4312 4313/4313 4412/4412
f 4313/4313 4413/4413 4412/4412
f 4313/4313 4314/4314 4413/4413
f 4314/4314 4414/4414 4413/4413
f 4314/4314 4315/4315 4414/4414
f 4315/4315 4415/4415 4414/4414
f 4315/4315 4316/4316 4415/4415
f 4316/4316 4416/4416 4415/4415
f 4316/4316 4317/4317 4416/4416
f 4317/4317 4417/4417 4416/4416
f 4317/4317 4318/4318 4417/4417
f 4318/4318 4418/4418 4417/4417
f 4318/4318 4319/4319 4418/4418
f 4319/4319 4419/4419 4418/4418
f 4319/4319 4320/4320 4419/4419
f 4320/4320 4420/4420 4419/4419
f 4320/4320 4321/4321 4420/4420
f 4321/4321 4421/4421 4420/4420
f 4321/4321 4322/4322 4421/4421
f 4322/4322 4422/4422 4421/4421
f 4322/4322 4323/4323 4422/4422
f 4323/4323 4423/4423 4422/4422
f 4323/4323 4324/4324 4423/4423
f 4324/4324 4424/4424 4423/4423
f 4324/4324 4325/4325 4424/4424
f 4325/4325 4425/4425 4424/4424
f 4325/4325 4326/4326 4425/4425
f 4326/4326 4426/4426 4425/4425
f 4326/4326 4327/4327 4426/4426
f 4327/4327 4427/4427 4426/4426
f 4327/4327 4328/4328 4427/4427
f 4328/4328 4428/4428 4427/4427
f 4328/4328 4329/4329 4428/4428
f 4329/4329 4429/4429 4428/4428
f 4329/4329 4330/4330 4429/4429
f 4330/4330 4430/4430 4429/4429
f 4330/4330 4331/4331 4430/4430
f 4331/4331 4431/4431 4430/4430
f 4331/4331 4332/4332 4431/4431
f 4332/4332 4432/4432 4431/4431
f 4332/4332 4333/4333 4432/4432
f 4333/4333 4433/4433 4432/4432
f 4333/4333 4334/4334 4433/4433
f 4334/4334 4434/4434 4433/4433
f 4334/4334 4335/4335 4434/4434
f 4335/4335 4435/4435 4434/4434
f 4335/4335 4336/4336 4435/4435
f 4336/4336 4436/4436 4435/4435
f 4336/4336 4337/4337 4436/4436
f 4337/4337 4437/4437 4436/4436
f 4337/4337 4338/4338 4437/4437
f 4338/4338 4438/4438 4437/4437
f 4338/4338 4339/4339 4438/4438
f 4339/4339 4439/4439 4438/4438
f 4339/4339 4340/4340 4439/4439
f 4340/4340 4440/4440 4439/4439
f 4340/4340 4341/4341 4440/4440
f 4341/4341 4441/4441 4440/4440
f 4341/4341 4342/4342 4441/4441
f 4342/4342 4442/4442 4441/4441
f 4342/4342 4343/4343 4442/4442
f 4343/4343 4443/4443 4442/4442
f 4343/4343 4344/4344 4443/4443
f 4344/4344 4444/4444 4443/4443
f 4344/4344 4345/4345 4444/4444
f 4345/4345 4445/4445 4444/4444
f 4345/4345 4346/4346 4445/4445
f 4346/4346 4446/4446 4445/4445
f 4346/4346 4347/4347 4446/4446
f 4347/4347 4447/4447 4446/4446
f 4347/4347 4348/4348 4447/4447
f 4348/4348 4448/4448 4447/4447
f 4348/4348 4349/4349 4448/4448
f 4349/4349 4449/4449 4448/4448
f 4349/4349 4350/4350 4449/4449
f 4350/4350 4450/4450 4449/4449
f 4350/4350 4351/4351 4450/4450
f 4351/4351 4451/4451 4450/4450
f 4351/4351 4352/4352 4451/4451
f 4352/4352 4452/4452 4451/4451
f 4352/4352 4353/4353 4452/4452
f 4353/4353 4453/4453 4452/4452
f 4353/4353 4354/4354 4453/4453
f 4354/4354 4454/4454 4453/4453
f 4354/4354 4355/4355 4454/4454
f 4355/4355 4455/4455 4454/4454
f 4355/4355 4356/4356 4455/4455
f 4356/4356 4456/4456 4455/4455
f 4356/4356 4357/4357 4456/4456
f 4357/4357 4457/4457 4456/4456
f 4357/4357 4358/4358 4457/4457
f 4358/4358 4458/4458 4457/4457
f 4358/4358 4359/4359 4458/4458
f 4359/4359 4459/4459 4458/4458
f 4359/4359 4360/4360 4459/4459
f 4360/4360 4460/4460 4459/4459
f 4360/4360 4361/4361 4460/4460
f 4361/4361 4461/4461 4460/4460
f 4361/4361 4362/4362 4461/4461
f 4362/4362 4462/4462 4461/4461
f 4362/4362 4363/4363 4462/4462
f 4363/4363 4463/4463 4462/4462
f 4363/4363 4364/4364 4463/4463
f 4364/4364 4464/4464 4463/4463
f 4364/4364 4365/4365 4464/4464
f 4365/4365 4465/4465 4464/4464
f 4365/4365 4366/4366 4465/4465
f 4366/4366 4466/4466 4465/4465
f 4366/4366 4367/4367 4466/4466
f 4367/4367 4467/4467 4466/4466
f 4367/4367 4368/4368 4467/4467
f 4368/4368 4468/4468 4467/4467
f 4368/4368 4369/4369 4468/4468
f 4369/4369 4469/4469 4468/4468
f 4369/4369 4370/4370 4469/4469
f 4370/4370 4470/4470 4469/4469
f 4370/4370 4371/4371 4470/4470
f 4371/4371 4471/4471 4470/4470
f 4371/4371 4372/4372 4471/4471
f 4372/4372 4472/4472 4471/4471
f 4372/4372 4373/4373 4472/4472
f 4373/4373 4473/4473 4472/4472
f 4373/4373 4374/4374 4473/4473
f 4374/4374 4474/4474 4473/4473
f 4374/4374 4375/4375 4474/4474
f 4375/4375 4475/4475 4474/4474
f 4375/4375 4376/4376 4475/4475
f 4376/4376 4476/4476 4475/4475
f 4376/4376 4377/4377 4476/4476
f 4377/4377 4477/4477 4476/4476
f 4377/4377 4378/4378 4477/4477
f 4378/4378 4478/4478 4477/4477
f 4378/4378 4379/4379 4478/4478
f 4379/4379 4479/4479 4478/4478
f 4379/4379 4380/4380 4479/4479
f 4380/4380 4480/4480 4479/4479
f 4380/4380 4381/4381 4480/4480
f 4381/4381 4481/4481 4480/4480
f 4381/4381 4382/4382 4481/4481
f 4382/4382 4482/4482 4481/4481
f 4382/4382 4383/4383 4482/4482
f 4383/4383 4483/4483 4482/4482
f 4383/4383 4384/4384 4483/4483
f 4384/4384 4484/4484 4483/4483
f 4384/4384 4385/4385 4484/4484
f 4385/4385 4485/4485 4484/4484
f 4385/4385 4386/4386 4485/4485
f 4386/4386 4486/4486 4485/4485
f 4386/4386 4387/4387 4486/4486
f 4387/4387 4487/4487 4486/4486
f 4387/4387 4388/4388 4487/4487
f 4388/4388 4488/4488 4487/4487
f 4388/4388 4389/4389 4488/4488
f 4389/4389 4489/4489 4488/4488
f 4389/4389 4390/4390 4489/4489
f 4390/4390 4490/4490 4489/4489
f 4390/4390 4391/4391 4490/4490
f 4391/4391 4491/4491 4490/4490
f 4391/4391 4392/4392 4491/4491
f 4392/4392 4492/4492 4491/4491
f 4392/4392 4393/4393 4492/4492
f 4393/4393 4493/4493 4492/4492
f 4393/4393 4394/4394 4493/4493
f 4394/4394 4494/4494 4493/4493
f 4394/4394 4395/4395 4494/4494
f 4395/4395 4495/4495 4494/4494
f 4395/4395 4396/4396 4495/4495
f 4396/4396 4496/4496 4495/4495
f 4396/4396 4397/4397 4496/4496
f 4397/4397 4497/4497 4496/4496
f 4397/4397 4398/4398 4497/4497
f 4398/4398 4498/4498 4497/4497
f 4398/4398 4399/4399 4498/4498
f 4399/4399 4499/4499 4498/4498
f 4399/4399 4400/4400 4499/4499
f 4400/4400 4500/4500 4499/4499
f 4401/4401 4402/4402 4501/4501
f 4402/4402 4502/4502 4501/4501
f 4402/4402 4403/4403 4502/4502
f 4403/4403 4503/4503 4502/4502
f 4403/4403 4404/4404 4503/4503
f 4404/4404 4504/4504 4503/4503
f 4404/4404 4405/4405 4504/4504
f 4405/4405 4505/4505 4504/4504
f 4405/4405 4406/4406 4505/4505
f 4406/4406 4506/4506 4505/4505
f 4406/4406 4407/4407 4506/4506
f 4407/4407 4507/4507 4506/4506
f 4407/4407 4408/4408 4507/4507
f 4408/4408 4508/4508 4507/4507
f 4408/4408 4409/4409 4508/4508
f 4409/4409 4509/4509 4508/4508
f 4409/4409 4410/4410 4509/4509
f 4410/4410 4510/4510 4509/4509
f 4410/4410 4411/4411 4510/4510
f 4411/4411 4511/4511 4510/4510
f 4411/4411 4412/4412 4511/4511
f 4412/4412 4512/4512 4511/4511
f 4412/4412 4413/4413 4512/4512
f 4413/4413 4513/4513 4512/4512
f 4413/4413 4414/4414 4513/4513
f 4414/4414 4514/4514 4513/4513
f 4414/4414 4415/4415 4514/4514
f 4415/4415 4515/4515 4514/4514
f 4415/4415 4416/4416 4515/4515
f 4416/4416 4516/4516 4515/4515
f 4416/4416 4417/4417 4516/4516
f 4417/4417 4517/4517 4516/4516
f 4417/4417 4418/4418 4517/4517
f 4418/4418 4518/4518 4517/4517
f 4418/4418 4419/4419 4518/4518
f 4419/4419 4519/4519 4518/4518
f 4419/4419 4420/4420 4519/4519
f 4420/4420 4520/4520 4519/4519
f 4420/4420 4421/4421 4520/4520
f 4421/4421 4521/4521 4520/4520
f 4421/4421 4422/4422 4521/4521
f 4422/4422 4522/4522 4521/4521
f 4422/4422 4423/4423 4522/4522
f 4423/4423 4523/4523 4522/4522
f 4423/4423 4424/4424 4523/4523
f 4424/4424 4524/4524 4523/4523
f 4424/4424 4425/4425 4524/4524
f 4425/4425 4525/4525 4524/4524
f 4425/4425 4426/4426 4525/4525
f 4426/4426 4526/4526 4525/4525
f 4426/4426 4427/4427 4526/4526
f 4427/4427 4527/4527 4526/4526
f 4427/4427 4428/4428 4527/4527
f 4428/4428 4528/4528 4527/4527
f 4428/4428 4429/4429 4528/4528
f 4429/4429 4529/4529 4528/4528
f 4429/4429 4430/4430 4529/4529
f 4430/4430 4530/4530 4529/4529
f 4430/4430 4431/4431 4530/4530
f 4431/4431 4531/4531 4530/4530
f 4431/4431 4432/4432 4531/4531
f 4432/4432 4532/4532 4531/4531
f 4432/4432 4433/4433 4532/4532
f 4433/4433 4533/4533 4532/4532
f 4433/4433 4434/4434 4533/4533
f 4434/4434 4534/4534 4533/4533
f 4434/4434 4435/4435 4534/4534
f 4435/4435 4535/4535 4534/4534
f 4435/4435 4436/4436 4535/4535
f 4436/4436 4536/4536 4535/4535
f 4436/4436 4437/4437 4536/4536
f 4437/4437 4537/4537 4536/4536
f 4437/4437 4438/4438 4537/4537
f 4438/4438 4538/4538 4537/4537
f 4438/4438 4439/4439 4538/4538
f 4439/4439 4539/4539 4538/4538
f 4439/4439 4440/4440 4539/4539
f 4440/4440 4540/4540 4539/4539
f 4440/4440 4441/4441 4540/4540
f 4441/4441 4541/4541 4540/4540
f 4441/4441 4442/4442 4541/4541
f 4442/4442 4542/4542 4541/4541
f 4442/4442 4443/4443 4542/4542
f 4443/4443 4543/4543 4542/4542
f 4443/4443 4444/4444 4543/4543
f 4444/4444 4544/4544 4543/4543
f 4444/4444 4445/4445 4544/4544
f 4445/4445 4545/4545 4544/4544
f 4445/4445 4446/4446 4545/4545
f 4446/4446 4546/4546 4545/4545
f 4446/4446 4447/4447 4546/4546
f 4447/4447 4547/4547 4546/4546
f 4447/4447 4448/4448 4547/4547
f 4448/4448 4548/4548 4547/4547
f 4448/4448 4449/4449 4548/4548
f 4449/4449 4549/4549 4548/4548
f 4449/4449 4450/4450 4549/4549
f 4450/4450 4550/4550 4549/4549
f 4450/4450 4451/4451 4550/4550
f 4451/4451 4551/4551 4550/4550
f 4451/4451 4452/4452 4551/4551
f 4452/4452 4552/4552 4551/4551
f 4452/4452 4453/4453 4552/4552
f 4453/4453 4553/4553 4552/4552
f 4453/4453 4454/4454 4553/4553
f 4454/4454 4554/4554 4553/4553
f 4454/4454 4455/4455 4554/4554
f 4455/4455 4555/4555 4554/4554
f 4455/4455 4456/4456 4555/4555
f 4456/4456 4556/4556 4555/4555
f 4456/4456 4457/4457 4556/4556
f 4457/4457 4557/4557 4556/4556
f 4457/4457 4458/4458 4557/4557
f 4458/4458 4558/4558 4557/4557
f 4458/4458 4459/4459 4558/4558
f 4459/4459 4559/4559 4558/4558
f 4459/4459 4460/4460 4559/4559
f 4460/4460 4560/4560 4559/4559
f 4460/4460 4461/4461 4560/4560
f 4461/4461 4561/4561 4560/4560
f 4461/4461 4462/4462 4561/4561
f 4462/4462 4562/4562 4561/4561
f 4462/4462 4463/4463 4562/4562
f 4463/4463 4563/4563 4562/4562
f 4463/4463 4464/4464 4563/4563
f 4464/4464 4564/4564 4563/4563
f 4464/4464 4465/4465 4564/4564
f 4465/4465 4565/4565 4564/4564
f 4465/4465 4466/4466 4565/4565
f 4466/4466 4566/4566 4565/4565
f 4466/4466 4467/4467 4566/4566
f 4467/4467 4567/4567 4566/4566
f 4467/4467 4468/4468 4567/4567
f 4468/4468 4568/4568 4567/4567
f 4468/4468 4469/4469 4568/4568
f 4469/4469 4569/4569 4568/4568
f 4469/4469 4470/4470 4569/4569
f 4470/4470 4570/4570 4569/4569
f 4470/4470 4471/4471 4570/4570
f 4471/4471 4571/4571 4570/4570
f 4471/4471 4472/4472 4571/4571
f 4472/4472 4572/4572 4571/4571
f 4472/4472 4473/4473 4572/4572
f 4473/4473 4573/4573 4572/4572
f 4473/4473 4474/4474 4573/4573
f 4474/4474 4574/4574 4573/4573
f 4474/4474 4475/4475 4574/4574
f 4475/4475 4575/4575 4574/4574
f 4475/4475 4476/4476 4575/4575
f 4476/4476 4576/4576 4575/4575
f 4476/4476 4477/4477 4576/4576
f 4477/4477 4577/4577 4576/4576
f 4477/4477 4478/4478 4577/4577
f 4478/4478 4578/4578 4577/4577
f 4478/4478 4479/4479 4578/4578
f 4479/4479 4579/4579 4578/4578
f 4479/4479 4480/4480 4579/4579
f 4480/4480 4580/4580 4579/4579
f 4480/4480 4481/4481 4580/4580
f 4481/4481 4581/4581 4580/4580
f 4481/4481 4482/4482 4581/4581
f 4482/4482 4582/4582 4581/4581
f 4482/4482 4483/4483 4582/4582
f 4483/4483 4583/4583 4582/4582
f 4483/4483 4484/4484 4583/4583
f 4484/4484 4584/4584 4583/4583
f 4484/4484 4485/4485 4584/4584
f 4485/4485 4585/4585 4584/4584
f 4485/4485 4486/4486 4585/4585
f 4486/4486 4586/4586 4585/4585
f 4486/4486 4487/4487 4586/4586
f 4487/4487 4587/4587 4586/4586
f 4487/4487 4488/4488 4587/4587
f 4488/4488 4588/4588 4587/4587
f 4488/4488 4489/4489 4588/4588
f 4489/4489 4589/4589 4588/4588
f 4489/4489 4490/4490 4589/4589
f 4490/4490 4590/4590 4589/4589
f 4490/4490 4491/4491 4590/4590
f 4491/4491 4591/4591 4590/4590
f 4491/4491 4492/4492 4591/4591
f 4492/4492 4592/4592 4591/4591
f 4492/4492 4493/4493 4592/4592
f 4493/4493 4593/4593 4592/4592
f 4493/4493 4494/4494 4593/4593
f 4494/4494 4594/4594 4593/4593
f 4494/4494 4495/4495 4594/4594
f 4495/4495 4595/4595 4594/4594
f 4495/4495 4496/4496 4595/4595
f 4496/4496 4596/4596 4595/4595
f 4496/4496 4497/4497 4596/4596
f 4497/4497 4597/4597 4596/4596
f 4497/4497 4498/4498 4597/4597
f 4498/4498 4598/4598 4597/4597
f 4498/4498 4499/4499 4598/4598
f 4499/4499 4599/4599 4598/4598
f 4499/4499 4500/4500 4599/4599
f 4500/4500 4600/4600 4599/4599
f 4501/4501 4502/4502 4601/4601
f 4502/4502 4602/4602 4601/4601
f 4502/4502 4503/4503 4602/4602
f 4503/4503 4603/4603 4602/4602
f 4503/4503 4504/4504 4603/4603
f 4504/4504 4604/4604 4603/4603
f 4504/4504 4505/4505 4604/4604
f 4505/4505 4605/4605 4604/4604
f 4505/4505 4506/4506 4605/4605
f 4506/4506 4606/4606 4605/4605
f 4506/4506 4507/4507 4606/4606
f 4507/4507 4607/4607 4606/4606
f 4507/4507 4508/4508 4607/4607
f 4508/4508 4608/4608 4607/4607
f 4508/4508 4509/4509 4608/4608
f 4509/4509 4609/4609 4608/4608
f 4509/4509 4510/4510 4609/4609
f 4510/4510 4610/4610 4609/4609
f 4510/4510 4511/4511 4610/4610
f 4511/4511 4611/4611 4610/4610
f 4511/4511 4512/4512 4611/4611
f 4512/4512 4612/4612 4611/4611
f 4512/4512 4513/4513 4612/4612
f 4513/4513 4613/4613 4612/4612
f 4513/4513 4514/4514 4613/4613
f 4514/4514 4614/4614 4613/4613
f 4514/4514 4515/4515 4614/4614
f 4515/4515 4615/4615 4614/4614
f 4515/4515 4516/4516 4615/4615
f 4516/4516 4616/4616 4615/4615
f 4516/4516 4517/4517 4616/4616
f 4517/4517 4617/4617 4616/4616
f 4517/4517 4518/4518 4617/4617
f 4518/4518 4618/4618 4617/4617
f 4518/4518 4519/4519 4618/4618
f 4519/4519 4619/4619 4618/4618
f 4519/4519 4520/4520 4619/4619
f 4520/4520 4620/4620 4619/4619
f 4520/4520 4521/4521 4620/4620
f 4521/4521 4621/4621 4620/4620
f 4521/4521 4522/4522 4621/4621
f 4522/4522 4622/4622 4621/4621
f 4522/4522 4523/4523 4622/4622
f 4523/4523 4623/4623 4622/4622
f 4523/4523 4524/4524 4623/4623
f 4524/4524 4624/4624 4623/4623
f 4524/4524 4525/4525 4624/4624
f 4525/4525 4625/4625 4624/4624
f 4525/4525 4526/4526 4625/4625
f 4526/4526 4626/4626 4625/4625
f 4526/4526 4527/4527 4626/4626
f 4527/4527 4627/4627 4626/4626
f 4527/4527 4528/4528 4627/4627
f 4528/4528 4628/4628 4627/4627
f 4528/4528 4529/4529 4628/4628
f 4529/4529 4629/4629 4628/4628
f 4529/4529 4530/4530 4629/4629
f 4530/4530 4630/4630 4629/4629
f 4530/4530 4531/4531 4630/4630
f 4531/4531 4631/4631 4630/4630
f 4531/4531 4532/4532 4631/4631
f 4532/4532 4632/4632 4631/4631
f 4532/4532 4533/4533 4632/4632
f 4533/4533 4633/4633 4632/4632
f 4533/4533 4534/4534 4633/4633
f 4534/4534 4634/4634 4633/4633
f 4534/4534 4535/4535 4634/4634
f 4535/4535 4635/4635 4634/4634
f 4535/4535 4536/4536 4635/4635
f 4536/4536 4636/4636 4635/4635
f 4536/4536 4537/4537 4636/4636
f 4537/4537 4637/4637 4636/4636
f 4537/4537 4538/4538 4637/4637
f 4538/4538 4638/4638 4637/4637
f 4538/4538 4539/4539 4638/4638
f 4539/4539 4639/4639 4638/4638
f 4539/4539 4540/4540 4639/4639
f 4540/4540 4640/4640 4639/4639
f 4540/4540 4541/4541 4640/4640
f 4541/4541 4641/4641 4640/4640
f 4541/4541 4542/4542 4641/4641
f 4542/4542 4642/4642 4641/4641
f 4542/4542 4543/4543 4642/4642
f 4543/4543 4643/4643 4642/4642
f 4543/4543 4544/4544 4643/4643
f 4544/4544 4644/4644 4643/4643
f 4544/4544 4545/4545 4644/4644
f 4545/4545 4645/4645 4644/4644
f 4545/4545 4546/4546 4645/4645
f 4546/4546 4646/4646 4645/4645
f 4546/4546 4547/4547 4646/4646
f 4547/4547 4647/4647 4646/4646
f 4547/4547 4548/4548 4647/4647
f 4548/4548 4648/4648 4647/4647
f 4548/4548 4549/4549 4648/4648
f 4549/4549 4649/4649 4648/4648
f 4549/4549 4550/4550 4649/4649
f 4550/4550 4650/4650 4649/4649
f 4550/4550 4551/4551 4650/4650
f 4551/4551 4651/4651 4650/4650
f 4551/4551 4552/4552 4651/4651
f 4552/4552 4652/4652 4651/4651
f 4552/4552 4553/4553 4652/4652
f 4553/4553 4653/4653 4652/4652
f 4553/4553 4554/4554 4653/4653
f 4554/4554 4654/4654 4653/4653
f 4554/4554 4555/4555 4654/4654
f 4555/4555 4655/4655 4654/4654
f 4555/4555 4556/4556 4655/4655
f 4556/4556 4656/4656 4655/4655
f 4556/4556 4557/4557 4656/4656
f 4557/4557 4657/4657 4656/4656
f 4557/4557 4558/4558 4657/4657
f 4558/4558 4658/4658 4657/4657
f 4558/4558 4559/4559 4658/4658
f 4559/4559 4659/4659 4658/4658
f 4559/4559 4560/4560 4659/4659
f 4560/4560 4660/4660 4659/4659
f 4560/4560 4561/4561 4660/4660
f 4561/4561 4661/4661 4660/4660
f 4561/4561 4562/4562 4661/4661
f 4562/4562 4662/4662 4661/4661
f 4562/4562 4563/4563 4662/4662
f 4563/4563 4663/4663 4662/4662
f 4563/4563 4564/4564 4663/4663
f 4564/4564 4664/4664 4663/4663
f 4564/4564 4565/4565 4664/4664
f 4565/4565 4665/4665 4664/4664
f 4565/4565 4566/4566 4665/4665
f 4566/4566 4666/4666 4665/4665
f 4566/4566 4567/4567 4666/4666
f 4567/4567 4667/4667 4666/4666
f 4567/4567 4568/4568 4667/4667
f 4568/4568 4668/4668 4667/4667
f 4568/4568 4569/4569 4668/4668
f 4569/4569 4669/4669 4668/4668
f 4569/4569 4570/4570 4669/4669
f 4570/4570 4670/4670 4669/4669
f 4570/4570 4571/4571 4670/4670
f 4571/4571 4671/4671 4670/4670
f 4571/4571 4572/4572 4671/4671
f 4572/4572 4672/4672 4671/4671
f 4572/4572 4573/4573 4672/4672
f 4573/4573 4673/4673 4672/4672
f 4573/4573 4574/4574 4673/4673
f 4574/4574 4674/4674 4673/4673
f 4574/4574 4575/4575 4674/4674
f 4575/4575 4675/4675 4674/4674
f 4575/4575 4576/4576 4675/4675
f 4576/4576 4676/4676 4675/4675
f 4576/4576 4577/4577 4676/4676
f 4577/4577 4677/4677 4676/4676
f 4577/4577 4578/4578 4677/4677
f 4578/4578 4678/4678 4677/4677
f 4578/4578 4579/4579 4678/4678
f 4579/4579 4679/4679 4678/4678
f 4579/4579 4580/4580 4679/4679
f 4580/4580 4680/4680 4679/4679
f 4580/4580 4581/4581 4680/4680
f 4581/4581 4681/4681 4680/4680
f 4581/4581 4582/4582 4681/4681
f 4582/4582 4682/4682 4681/4681
f 4582/4582 4583/4583 4682/4682
f 4583/4583 4683/4683 4682/4682
f 4583/4583 4584/4584 4683/4683
f 4584/4584 4684/4684 4683/4683
f 4584/4584 4585/4585 4684/4684
f 4585/4585 4685/4685 4684/4684
f 4585/4585 4586/4586 4685/4685
f 4586/4586 4686/4686 4685/4685
f 4586/4586 4587/4587 4686/4686
f 4587/4587 4687/4687 4686/4686
f 4587/4587 4588/4588 4687/4687
f 4588/4588 4688/4688 4687/4687
f 4588/4588 4589/4589 4688/4688
f 4589/4589 4689/4689 4688/4688
f 4589/4589 4590/4590 4689/4689
f 4590/4590 4690/4690 4689/4689
f 4590/4590 4591/4591 4690/4690
f 4591/4591 4691/4691 4690/4690
f 4591/4591 4592/4592 4691/4691
f 4592/4592 4692/4692 4691/4691
f 4592/4592 4593/4593 4692/4692
f 4593/4593 4693/4693 4692/4692
f 4593/4593 4594/4594 4693/4693
f 4594/4594 4694/4694 4693/4693
f 4594/4594 4595/4595 4694/4694
f 4595/4595 4695/4695 4694/4694
f 4595/4595 4596/4596 4695/4695
f 4596/4596 4696/4696 4695/4695
f 4596/4596 4597/4597 4696/4696
f 4597/4597 4697/4697 4696/4696
f 4597/4597 4598/4598 4697/4697
f 4598/4598 4698/4698 4697/4697
f 4598/4598 4599/4599 4698/4698
f 4599/4599 4699/4699 4698/4698
f 4599/4599 4600/4600 4699/4699
f 4600/4600 4700/4700 4699/4699
f 4601/4601 4602/4602 4701/4701
f 4602/4602 4702/4702 4701/4701
f 4602/4602 4603/4603 4702/4702
f 4603/4603 4703/4703 4702/4702
f 4603/4603 4604/4604 4703/4703
f 4604/4604 4704/4704 4703/4703
f 4604/4604 4605/4605 4704/4704
f 4605/4605 4705/4705 4704/4704
f 4605/4605 4606/4606 4705/4705
f 4606/4606 4706/4706 4705/4705
f 4606/4606 4607/4607 4706/4706
f 4607/4607 4707/4707 4706/4706
f 4607/4607 4608/4608 4707/4707
f 4608/4608 4708/4708 4707/4707
f 4608/4608 4609/4609 4708/4708
f 4609/4609 4709/4709 4708/4708
f 4609/4609 4610/4610 4709/4709
f 4610/4610 4710/4710 4709/4709
f 4610/4610 4611/4611 4710/4710
f 4611/4611 4711/4711 4710/4710
f 4611/4611 4612/4612 4711/4711
f 4612/4612 4712/4712 4711/4711
f 4612/4612 4613/4613 4712/4712
f 4613/4613 4713/4713 4712/4712
f 4613/4613 4614/4614 4713/4713
f 4614/4614 4714/4714 4713/4713
f 4614/4614 4615/4615 4714/4714
f 4615/4615 4715/4715 4714/4714
f 4615/4615 4616/4616 4715/4715
f 4616/4616 4716/4716 4715/4715
f 4616/4616 4617/4617 4716/4716
f 4617/4617 4717/4717 4716/4716
f 4617/4617 4618/4618 4717/4717
f 4618/4618 4718/4718 4717/4717
f 4618/4618 4619/4619 4718/4718
f 4619/4619 4719/4719 4718/4718
f 4619/4619 4620/4620 4719/4719
f 4620/4620 4720/4720 4719/4719
f 4620/4620 4621/4621 4720/4720
f 4621/4621 4721/4721 4720/4720
f 4621/4621 4622/4622 4721/4721
f 4622/4622 4722/4722 4721/4721
f 4622/4622 4623/4623 4722/4722
f 4623/4623 4723/4723 4722/4722
f 4623/4623 4624/4624 4723/4723
f 4624/4624 4724/4724 4723/4723
f 4624/4624 4625/4625 4724/4724
f 4625/4625 4725/4725 4724/4724
f 4625/4625 4626/4626 4725/4725
f 4626/4626 4726/4726 4725/4725
f 4626/4626 4627/4627 4726/4726
f 4627/4627 4727/4727 4726/4726
f 4627/4627 4628/4628 4727/4727
f 4628/4628 4728/4728 4727/4727
f 4628/4628 4629/4629 4728/4728
f 4629/4629 4729/4729 4728/4728
f 4629/4629 4630/4630 4729/4729
f 4630/4630 4730/4730 4729/4729
f 4630/4630 4631/4631 4730/4730
f 4631/4631 4731/4731 4730/4730
f 4631/4631 4632/4632 4731/4731
f 4632/4632 4732/4732 4731/4731
f 4632/4632 4633/4633 4732/4732
f 4633/4633 4733/4733 4732/4732
f 4633/4633 4634/4634 4733/4733
f 4634/4634 4734/4734 4733/4733
f 4634/4634 4635/4635 4734/4734
f 4635/4635 4735/4735 4734/4734
f 4635/4635 4636/4636 4735/4735
f 4636/4636 4736/4736 4735/4735
f 4636/4636 4637/4637 4736/4736
f 4637/4637 4737/4737 4736/4736
f 4637/4637 4638/4638 4737/4737
f 4638/4638 4738/4738 4737/4737
f 4638/4638 4639/4639 4738/4738
f 4639/4639 4739/4739 4738/4738
f 4639/4639 4640/4640 4739/4739
f 4640/4640 4740/4740 4739/4739
f 4640/4640 4641/4641 4740/4740
f 4641/4641 4741/4741 4740/4740
f 4641/4641 4642/4642 4741/4741
f 4642/4642 4742/4742 4741/4741
f 4642/4642 4643/4643 4742/4742
f 4643/4643 4743/4743 4742/4742
f 4643/4643 4644/4644 4743/4743
f 4644/4644 4744/4744 4743/4743
f 4644/4644 4645/4645 4744/4744
f 4645/4645 4745/4745 4744/4744
f 4645/4645 4646/4646 4745/4745
f 4646/4646 4746/4746 4745/4745
f 4646/4646 4647/4647 4746/4746
f 4647/4647 4747/4747 4746/4746
f 4647/4647 4648/4648 4747/4747
f 4648/4648 4748/4748 4747/4747
f 4648/4648 4649/4649 4748/4748
f 4649/4649 4749/4749 4748/4748
f 4649/4649 4650/4650 4749/4749
f 4650/4650 4750/4750 4749/4749
f 4650/4650 4651/4651 4750/4750
f 4651/4651 4751/4751 4750/4750
f 4651/4651 4652/4652 4751/4751
f 4652/4652 4752/4752 4751/4751
f 4652/4652 4653/4653 4752/4752
f 4653/4653 4753/4753 4752/4752
f 4653/4653 4654/4654 4753/4753
f 4654/4654 4754/4754 4753/4753
f 4654/4654 4655/4655 4754/4754
f 4655/4655 4755/4755 4754/4754
f 4655/4655 4656/4656 4755/4755
f 4656/4656 4756/4756 4755/4755
f 4656/4656 4657/4657 4756/4756
f 4657/4657 4757/4757 4756/4756
f 4657/4657 4658/4658 4757/4757
f 4658/4658 4758/4758 4757/4757
f 4658/4658 4659/4659 4758/4758
f 4659/4659 4759/4759 4758/4758
f 4659/4659 4660/4660 4759/4759
f 4660/4660 4760/4760 4759/4759
f 4660/4660 4661/4661 4760/4760
f 4661/4661 4761/4761 4760/4760
f 4661/4661 4662/4662 4761/4761
f 4662/4662 4762/4762 4761/4761
f 4662/4662 4663/4663 4762/4762
f 4663/4663 4763/4763 4762/4762
f 4663/4663 4664/4664 4763/4763
f 4664/4664 4764/4764 4763/4763
f 4664/4664 4665/4665 4764/4764
f 4665/4665 4765/4765 4764/4764
f 4665/4665 4666/4666 4765/4765
f 4666/4666 4766/4766 4765/4765
f 4666/4666 4667/4667 4766/4766
f 4667/4667 4767/4767 4766/4766
f 4667/4667 4668/4668 4767/4767
f 4668/4668 4768/4768 4767/4767
f 4668/4668 4669/4669 4768/4768
f 4669/4669 4769/4769 4768/4768
f 4669/4669 4670/4670 4769/4769
f 4670/4670 4770/4770 4769/4769
f 4670/4670 4671/4671 4770/4770
f 4671/4671 4771/4771 4770/4770
f 4671/4671 4672/4672 4771/4771
f 4672/4672 4772/4772 4771/4771
f 4672/4672 4673/4673 4772/4772
f 4673/4673 4773/4773 4772/4772
f 4673/4673 4674/4674 4773/4773
f 4674/4674 4774/4774 4773/4773
f 4674/4674 4675/4675 4774/4774
f 4675/4675 4775/4775 4774/4774
f 4675/4675 4676/4676 4775/4775
f 4676/4676 4776/4776 4775/4775
f 4676/4676 4677/4677 4776/4776
f 4677/4677 4777/4777 4776/4776
f 4677/4677 4678/4678 4777/4777
f 4678/4678 4778/4778 4777/4777
f 4678/4678 4679/4679 4778/4778
f 4679/4679 4779/4779 4778/4778
f 4679/4679 4680/4680 4779/4779
f 4680/4680 4780/4780 4779/4779
f 4680/4680 4681/4681 4780/4780
f 4681/4681 4781/4781 4780/4780
f 4681/4681 4682/4682 4781/4781
f 4682/4682 4782/4782 4781/4781
f 4682/4682 4683/4683 4782/4782
f 4683/4683 4783/4783 4782/4782
f 4683/4683 4684/4684 4783/4783
f 4684/4684 4784/4784 4783/4783
f 4684/4684 4685/4685 4784/4784
f 4685/4685 4785/4785 4784/4784
f 4685/4685 4686/4686 4785/4785
f 4686/4686 4786/4786 4785/4785
f 4686/4686 4687/4687 4786/4786
f 4687/4687 4787/4787 4786/4786
f 4687/4687 4688/4688 4787/4787
f 4688/4688 4788/4788 4787/4787
f 4688/4688 4689/4689 4788/4788
f 4689/4689 4789/4789 4788/4788
f 4689/4689 4690/4690 4789/4789
f 4690/4690 4790/4790 4789/4789
f 4690/4690 4691/4691 4790/4790
f 4691/4691 4791/4791 4790/4790
f 4691/4691 4692/4692 4791/4791
f 4692/4692 4792/4792 4791/4791
f 4692/4692 4693/4693 4792/4792
f 4693/4693 4793/4793 4792/4792
f 4693/4693 4694/4694 4793/4793
f 4694/4694 4794/4794 4793/4793
f 4694/4694 4695/4695 4794/4794
f 4695/4695 4795/4795 4794/4794
f 4695/4695 4696/4696 4795/4795
f 4696/4696 4796/4796 4795/4795
f 4696/4696 4697/4697 4796/4796
f 4697/4697 4797/4797 4796/4796
f 4697/4697 4698/4698 4797/4797
f 4698/4698 4798/4798 4797/4797
f 4698/4698 4699/4699 4798/4798
f 4699/4699 4799/4799 4798/4798
f 4699/4699 4700/4700 4799/4799
f 4700/4700 4800/4800 4799/4799
f 4701/4701 4702/4702 4801/4801
f 4702/4702 4802/4802 4801/4801
f 4702/4702 4703/4703 4802/4802
f 4703/4703 4803/4803 4802/4802
f 4703/4703 4704/4704 4803/4803
f 4704/4704 4804/4804 4803/4803
f 4704/4704 4705/4705 4804/4804
f 4705/4705 4805/4805 4804/4804
f 4705/4705 4706/4706 4805/4805
f 4706/4706 4806/4806 4805/4805
f 4706/4706 4707/4707 4806/4806
f 4707/4707 4807/4807 4806/4806
f 4707/4707 4708/4708 4807/4807
f 4708/4708 4808/4808 4807/4807
f 4708/4708 4709/4709 4808/4808
f 4709/4709 4809/4809 4808/4808
f 4709/4709 4710/4710 4809/4809
f 4710/4710 4810/4810 4809/4809
f 4710/4710 4711/4711 4810/4810
f 4711/4711 4811/4811 4810/4810
f 4711/4711 4712/4712 4811/4811
f 4712/4712 4812/4812 4811/4811
f 4712/4712 4713/4713 4812/4812
f 4713/4713 4813/4813 4812/4812
f 4713/4713 4714/4714 4813/4813
f 4714/4714 4814/4814 4813/4813
f 4714/4714 4715/4715 4814/4814
f 4715/4715 4815/4815 4814/4814
f 4715/4715 4716/4716 4815/4815
f 4716/4716 4816/4816 4815/4815
f 4716/4716 4717/4717 4816/4816
f 4717/4717 4817/4817 4816/4816
f 4717/4717 4718/4718 4817/4817
f 4718/4718 4818/4818 4817/4817
f 4718/4718 4719/4719 4818/4818
f 4719/4719 4819/4819 4818/4818
f 4719/4719 4720/4720 4819/4819
f 4720/4720 4820/4820 4819/4819
f 4720/4720 4721/4721 4820/4820
f 4721/4721 4821/4821 4820/4820
f 4721/4721 4722/4722 4821/4821
f 4722/4722 4822/4822 4821/4821
f 4722/4722 4723/4723 4822/4822
f 4723/4723 4823/4823 4822/4822
f 4723/4723 4724/4724 4823/4823
f 4724/4724 4824/4824 4823/4823
f 4724/4724 4725/4725 4824/4824
f 4725/4725 4825/4825 4824/4824
f 4725/4725 4726/4726 4825/4825
f 4726/4726 4826/4826 4825/4825
f 4726/4726 4727/4727 4826/4826
f 4727/4727 4827/4827 4826/4826
f 4727/4727 4728/4728 4827/4827
f 4728/4728 4828/4828 4827/4827
f 4728/4728 4729/4729 4828/4828
f 4729/4729 4829/4829 4828/4828
f 4729/4729 4730/4730 4829/4829
f 4730/4730 4830/4830 4829/4829
f 4730/4730 4731/4731 4830/4830
f 4731/4731 4831/4831 4830/4830
f 4731/4731 4732/4732 4831/4831
f 4732/4732 4832/4832 4831/4831
f 4732/4732 4733/4733 4832/4832
f 4733/4733 4833/4833 4832/4832
f 4733/4733 4734/4734 4833/4833
f 4734/4734 4834/4834 4833/4833
f 4734/4734 4735/4735 4834/4834
f 4735/4735 4835/4835 4834/4834
f 4735/4735 4736/4736 4835/4835
f 4736/4736 4836/4836 4835/4835
f 4736/4736 4737/4737 4836/4836
f 4737/4737 4837/4837 4836/4836
f 4737/4737 4738/4738 4837/4837
f 4738/4738 4838/4838 4837/4837
f 4738/4738 4739/4739 4838/4838
f 4739/4739 4839/4839 4838/4838
f 4739/4739 4740/4740 4839/4839
f 4740/4740 4840/4840 4839/4839
f 4740/4740 4741/4741 4840/4840
f 4741/4741 4841/4841 4840/4840
f 4741/4741 4742/4742 4841/4841
f 4742/4742 4842/4842 4841/4841
f 4742/4742 4743/4743 4842/4842
f 4743/4743 4843/4843 4842/4842
f 4743/4743 4744/4744 4843/4843
f 4744/4744 4844/4844 4843/4843
f 4744/4744 4745/4745 4844/4844
f 4745/4745 4845/4845 4844/4844
f 4745/4745 4746/4746 4845/4845
f 4746/4746 4846/4846 4845/4845
f 4746/4746 4747/4747 4846/4846
f 4747/4747 4847/4847 4846/4846
f 4747/4747 4748/4748 4847/4847
f 4748/4748 4848/4848 4847/4847
f 4748/4748 4749/4749 4848/4848
f 4749/4749 4849/4849 4848/4848
f 4749/4749 4750/4750 4849/4849
f 4750/4750 4850/4850 4849/4849
f 4750/4750 4751/4751 4850/4850
f 4751/4751 4851/4851 4850/4850
f 4751/4751 4752/4752 4851/4851
f 4752/4752 4852/4852 4851/4851
f 4752/4752 4753/4753 4852/4852
f 4753/4753 4853/4853 4852/4852
f 4753/4753 4754/4754 4853/4853
f 4754/4754 4854/4854 4853/4853
f 4754/4754 4755/4755 4854/4854
f 4755/4755 4855/4855 4854/4854
f 4755/4755 4756/4756 4855/4855
f 4756/4756 4856/4856 4855/4855
f 4756/4756 4757/4757 4856/4856
f 4757/4757 4857/4857 4856/4856
f 4757/4757 4758/4758 4857/4857
f 4758/4758 4858/4858 4857/4857
f 4758/4758 4759/4759 4858/4858
f 4759/4759 4859/4859 4858/4858
f 4759/4759 4760/4760 4859/4859
f 4760/4760 4860/4860 4859/4859
f 4760/4760 4761/4761 4860/4860
f 4761/4761 4861/4861 4860/4860
f 4761/4761 4762/4762 4861/4861
f 4762/4762 4862/4862 4861/4861
f 4762/4762 4763/4763 4862/4862
f 4763/4763 4863/4863 4862/4862
f 4763/4763 4764/4764 4863/4863
f 4764/4764 4864/4864 4863/4863
f 4764/4764 4765/4765 4864/4864
f 4765/4765 4865/4865 4864/4864
f 4765/4765 4766/4766 4865/4865
f 4766/4766 4866/4866 4865/4865
f 4766/4766 4767/4767 4866/4866
f 4767/4767 4867/4867 4866/4866
f 4767/4767 4768/4768 4867/4867
f 4768/4768 4868/4868 4867/4867
f 4768/4768 4769/4769 4868/4868
f 4769/4769 4869/4869 4868/4868
f 4769/4769 4770/4770 4869/4869
f 4770/4770 4870/4870 4869/4869
f 4770/4770 4771/4771 4870/4870
f 4771/4771 4871/4871 4870/4870
f 4771/4771 4772/4772 4871/4871
f 4772/4772 4872/4872 4871/4871
f 4772/4772 4773/4773 4872/4872
f 4773/4773 4873/4873 4872/4872
f 4773/4773 4774/4774 4873/4873
f 4774/4774 4874/4874 4873/4873
f 4774/4774 4775/4775 4874/4874
f 4775/4775 4875/4875 4874/4874
f 4775/4775 4776/4776 4875/4875
f 4776/4776 4876/4876 4875/4875
f 4776/4776 4777/4777 4876/4876
f 4777/4777 4877/4877 4876/4876
f 4777/4777 4778/4778 4877/4877
f 4778/4778 4878/4878 4877/4877
f 4778/4778 4779/4779 4878/4878
f 4779/4779 4879/4879 4878/4878
f 4779/4779 4780/4780 4879/4879
f 4780/4780 4880/4880 4879/4879
f 4780/4780 4781/4781 4880/4880
f 4781/4781 4881/4881 4880/4880
f 4781/4781 4782/4782 4881/4881
f 4782/4782 4882/4882 4881/4881
f 4782/4782 4783/4783 4882/4882
f 4783/4783 4883/4883 4882/4882
f 4783/4783 4784/4784 4883/4883
f 4784/4784 4884/4884 4883/4883
f 4784/4784 4785/4785 4884/4884
f 4785/4785 4885/4885 4884/4884
f 4785/4785 4786/4786 4885/4885
f 4786/4786 4886/4886 4885/4885
f 4786/4786 4787/4787 4886/4886
f 4787/4787 4887/4887 4886/4886
f 4787/4787 4788/4788 4887/4887
f 4788/4788 4888/4888 4887/4887
f 4788/4788 4789/4789 4888/4888
f 4789/4789 4889/4889 4888/4888
f 4789/4789 4790/4790 4889/4889
f 4790/4790 4890/4890 4889/4889
f 4790/4790 4791/4791 4890/4890
f 4791/4791 4891/4891 4890/4890
f 4791/4791 4792/4792 4891/4891
f 4792/4792 4892/4892 4891/4891
f 4792/4792 4793/4793 4892/4892
f 4793/4793 4893/4893 4892/4892
f 4793/4793 4794/4794 4893/4893
f 4794/4794 4894/4894 4893/4893
f 4794/4794 4795/4795 4894/4894
f 4795/4795 4895/4895 4894/4894
f 4795/4795 4796/4796 4895/4895
f 4796/4796 4896/4896 4895/4895
f 4796/4796 4797/4797 4896/4896
f 4797/4797 4897/4897 4896/4896
f 4797/4797 4798/4798 4897/4897
f 4798/4798 4898/4898 4897/4897
f 4798/4798 4799/4799 4898/4898
f 4799/4799 4899/4899 4898/4898
f 4799/4799 4800/4800 4899/4899
f 4800/4800 4900/4900 4899/4899
f 4801/4801 4802/4802 4901/4901
f 4802/4802 4902/4902 4901/4901
f 4802/4802 4803/4803 4902/4902
f 4803/4803 4903/4903 4902/4902
f 4803/4803 4804/4804 4903/4903
f 4804/4804 4904/4904 4903/4903
f 4804/4804 4805/4805 4904/4904
f 4805/4805 4905/4905 4904/4904
f 4805/4805 4806/4806 4905/4905
f 4806/4806 4906/4906 4905/4905
f 4806/4806 4807/4807 4906/4906
f 4807/4807 4907/4907 4906/4906
f 4807/4807 4808/4808 4907/4907
f 4808/4808 4908/4908 4907/4907
f 4808/4808 4809/4809 4908/4908
f 4809/4809 4909/4909 4908/4908
f 4809/4809 4810/4810 4909/4909
f 4810/4810 4910/4910 4909/4909
f 4810/4810 4811/4811 4910/4910
f 4811/4811 4911/4911 4910/4910
f 4811/4811 4812/4812 4911/4911
f 4812/4812 4912/4912 4911/4911
f 4812/4812 4813/4813 4912/4912
f 4813/4813 4913/4913 4912/4912
f 4813/4813 4814/4814 4913/4913
f 4814/4814 4914/4914 4913/4913
f 4814/4814 4815/4815 4914/4914
f 4815/4815 4915/4915 4914/4914
f 4815/4815 4816/4816 4915/4915
f 4816/4816 4916/4916 4915/4915
f 4816/4816 4817/4817 4916/4916
f 4817/4817 4917/4917 4916/4916
f 4817/4817 4818/4818 4917/4917
f 4818/4818 4918/4918 4917/4917
f 4818/4818 4819/4819 4918/4918
f 4819/4819 4919/4919 4918/4918
f 4819/4819 4820/4820 4919/4919
f 4820/4820 4920/4920 4919/4919
f 4820/4820 4821/4821 4920/4920
f 4821/4821 4921/4921 4920/4920
f 4821/4821 4822/4822 4921/4921
f 4822/4822 4922/4922 4921/4921
f 4822/4822 4823/4823 4922/4922
f 4823/4823 4923/4923 4922/4922
f 4823/4823 4824/4824 4923/4923
f 4824/4824 4924/4924 4923/4923
f 4824/4824 4825/4825 4924/4924
f 4825/4825 4925/4925 4924/4924
f 4825/4825 4826/4826 4925/4925
f 4826/4826 4926/4926 4925/4925
f 4826/4826 4827/4827 4926/4926
f 4827/4827 4927/4927 4926/4926
f 4827/4827 4828/4828 4927/4927
f 4828/4828 4928/4928 4927/4927
f 4828/4828 4829/4829 4928/4928
f 4829/4829 4929/4929 4928/4928
f 4829/4829 4830/4830 4929/4929
f 4830/4830 4930/4930 4929/4929
f 4830/4830 4831/4831 4930/4930
f 4831/4831 4931/4931 4930/4930
f 4831/4831 4832/4832 4931/4931
f 4832/4832 4932/4932 4931/4931
f 4832/4832 4833/4833 4932/4932
f 4833/4833 4933/4933 4932/4932
f 4833/4833 4834/4834 4933/4933
f 4834/4834 4934/4934 4933/4933
f 4834/4834 4835/4835 4934/4934
f 4835/4835 4935/4935 4934/4934
f 4835/4835 4836/4836 4935/4935
f 4836/4836 4936/4936 4935/4935
f 4836/4836 4837/4837 4936/4936
f 4837/4837 4937/4937 4936/4936
f 4837/4837 4838/4838 4937/4937
f 4838/4838 4938/4938 4937/4937
f 4838/4838 4839/4839 4938/4938
f 4839/4839 4939/4939 4938/4938
f 4839/4839 4840/4840 4939/4939
f 4840/4840 4940/4940 4939/4939
f 4840/4840 4841/4841 4940/4940
f 4841/4841 4941/4941 4940/4940
f 4841/4841 4842/4842 4941/4941
f 4842/4842 4942/4942 4941/4941
f 4842/4842 4843/4843 4942/4942
f 4843/4843 4943/4943 4942/4942
f 4843/4843 4844/4844 4943/4943
f 4844/4844 4944/4944 4943/4943
f 4844/4844 4845/4845 4944/4944
f 4845/4845 4945/4945 4944/4944
f 4845/4845 4846/4846 4945/4945
f 4846/4846 4946/4946 4945/4945
f 4846/4846 4847/4847 4946/4946
f 4847/4847 4947/4947 4946/4946
f 4847/4847 4848/4848 4947/4947
f 4848/4848 4948/4948 4947/4947
f 4848/4848 4849/4849 4948/4948
f 4849/4849 4949/4949 4948/4948
f 4849/4849 4850/4850 4949/4949
f 4850/4850 4950/4950 4949/4949
f 4850/4850 4851/4851 4950/4950
f 4851/4851 4951/4951 4950/4950
f 4851/4851 4852/4852 4951/4951
f 4852/4852 4952/4952 4951/4951
f 4852/4852 4853/4853 4952/4952
f 4853/4853 4953/4953 4952/4952
f 4853/4853 4854/4854 4953/4953
f 4854/4854 4954/4954 4953/4953
f 4854/4854 4855/4855 4954/4954
f 4855/4855 4955/4955 4954/4954
f 4855/4855 4856/4856 4955/4955
f 4856/4856 4956/4956 4955/4955
f 4856/4856 4857/4857 4956/4956
f 4857/4857 4957/4957 4956/4956
f 4857/4857 4858/4858 4957/4957
f 4858/4858 4958/4958 4957/4957
f 4858/4858 4859/4859 4958/4958
f 4859/4859 4959/4959 4958/4958
f 4859/4859 4860/4860 4959/4959
f 4860/4860 4960/4960 4959/4959
f 4860/4860 4861/4861 4960/4960
f 4861/4861 4961/4961 4960/4960
f 4861/4861 4862/4862 4961/4961
f 4862/4862 4962/4962 4961/4961
f 4862/4862 4863/4863 4962/4962
f 4863/4863 4963/4963 4962/4962
f 4863/4863 4864/4864 4963/4963
f 4864/4864 4964/4964 4963/4963
f 4864/4864 4865/4865 4964/4964
f 4865/4865 4965/4965 4964/4964
f 4865/4865 4866/4866 4965/4965
f 4866/4866 4966/4966 4965/4965
f 4866/4866 4867/4867 4966/4966
f 4867/4867 4967/4967 4966/4966
f 4867/4867 4868/4868 4967/4967
f 4868/4868 4968/4968 4967/4967
f 4868/4868 4869/4869 4968/4968
f 4869/4869 4969/4969 4968/4968
f 4869/4869 4870/4870 4969/4969
f 4870/4870 4970/4970 4969/4969
f 4870/4870 4871/4871 4970/4970
f 4871/4871 4971/4971 4970/4970
f 4871/4871 4872/4872 4971/4971
f 4872/4872 4972/4972 4971/4971
f 4872/4872 4873/4873 4972/4972
f 4873/4873 4973/4973 4972/4972
f 4873/4873 4874/4874 4973/4973
f 4874/4874 4974/4974 4973/4973
f 4874/4874 4875/4875 4974/4974
f 4875/4875 4975/4975 4974/4974
f 4875/4875 4876/4876 4975/4975
f 4876/4876 4976/4976 4975/4975
f 4876/4876 4877/4877 4976/4976
f 4877/4877 4977/4977 4976/4976
f 4877/4877 4878/4878 4977/4977
f 4878/4878 4978/4978 4977/4977
f 4878/4878 4879/4879 4978/4978
f 4879/4879 4979/4979 4978/4978
f 4879/4879 4880/4880 4979/4979
f 4880/4880 4980/4980 4979/4979
f 4880/4880 4881/4881 4980/4980
f 4881/4881 4981/4981 4980/4980
f 4881/4881 4882/4882 4981/4981
f 4882/4882 4982/4982 4981/4981
f 4882/4882 4883/4883 4982/4982
f 4883/4883 4983/4983 4982/4982
f 4883/4883 4884/4884 4983/4983
f 4884/4884 4984/4984 4983/4983
f 4884/4884 4885/4885 4984/4984
f 4885/4885 4985/4985 4984/4984
f 4885/4885 4886/4886 4985/4985
f 4886/4886 4986/4986 4985/4985
f 4886/4886 4887/4887 4986/4986
f 4887/4887 4987/4987 4986/4986
f 4887/4887 4888/4888 4987/4987
f 4888/4888 4988/4988 4987/4987
f 4888/4888 4889/4889 4988/4988
f 4889/4889 4989/4989 4988/4988
f 4889/4889 4890/4890 4989/4989
f 4890/4890 4990/4990 4989/4989
f 4890/4890 4891/4891 4990/4990
f 4891/4891 4991/4991 4990/4990
f 4891/4891 4892/4892 4991/4991
f 4892/4892 4992/4992 4991/4991
f 4892/4892 4893/4893 4992/4992
f 4893/4893 4993/4993 4992/4992
f 4893/4893 4894/4894 4993/4993
f 4894/4894 4994/4994 4993/4993
f 4894/4894 4895/4895 4994/4994
f 4895/4895 4995/4995 4994/4994
f 4895/4895 4896/4896 4995/4995
f 4896/4896 4996/4996 4995/4995
f 4896/4896 4897/4897 4996/4996
f 4897/4897 4997/4997 4996/4996
f 4897/4897 4898/4898 4997/4997
f 4898/4898 4998/4998 4997/4997
f 4898/4898 4899/4899 4998/4998
f 4899/4899 4999/4999 4998/4998
f 4899/4899 4900/4900 4999/4999
f 4900/4900 5000/5000 4999/4999
f 4901/4901 4902/4902 5001/5001
f 4902/4902 5002/5002 5001/5001
f 4902/4902 4903/4903 5002/5002
f 4903/4903 5003/5003 5002/5002
f 4903/4903 4904/4904 5003/5003
f 4904/4904 5004/5004 5003/5003
f 4904/4904 4905/4905 5004/5004
f 4905/4905 5005/5005 5004/5004
f 4905/4905 4906/4906 5005/5005
f 4906/4906 5006/5006 5005/5005
f 4906/4906 4907/4907 5006/5006
f 4907/4907 5007/5007 5006/5006
f 4907/4907 4908/4908 5007/5007
f 4908/4908 5008/5008 5007/5007
f 4908/4908 4909/4909 5008/5008
f 4909/4909 5009/5009 5008/5008
f 4909/4909 4910/4910 5009/5009
f 4910/4910 5010/5010 5009/5009
f 4910/4910 4911/4911 5010/5010
f 4911/4911 5011/5011 5010/5010
f 4911/4911 4912/4912 5011/5011
f 4912/4912 5012/5012 5011/5011
f 4912/4912 4913/4913 5012/5012
f 4913/4913 5013/5013 5012/5012
f 4913/4913 4914/4914 5013/5013
f 4914/4914 5014/5014 5013/5013
f 4914/4914 4915/4915 5014/5014
f 4915/4915 5015/5015 5014/5014
f 4915/4915 4916/4916 5015/5015
f 4916/4916 5016/5016 5015/5015
f 4916/4916 4917/4917 5016/5016
f 4917/4917 5017/5017 5016/5016
f 4917/4917 4918/4918 5017/5017
f 4918/4918 5018/5018 5017/5017
f 4918/4918 4919/4919 5018/5018
f 4919/4919 5019/5019 5018/5018
f 4919/4919 4920/4920 5019/5019
f 4920/4920 5020/5020 5019/5019
f 4920/4920 4921/4921 5020/5020
f 4921/4921 5021/5021 5020/5020
f 4921/4921 4922/4922 5021/5021
f 4922/4922 5022/5022 5021/5021
f 4922/4922 4923/4923 5022/5022
f 4923/4923 5023/5023 5022/5022
f 4923/4923 4924/4924 5023/5023
f 4924/4924 5024/5024 5023/5023
f 4924/4924 4925/4925 5024/5024
f 4925/4925 5025/5025 5024/5024
f 4925/4925 4926/4926 5025/5025
f 4926/4926 5026/5026 5025/5025
f 4926/4926 4927/4927 5026/5026
f 4927/4927 5027/5027 5026/5026
f 4927/4927 4928/4928 5027/5027
f 4928/4928 5028/5028 5027/5027
f 4928/4928 4929/4929 5028/5028
f 4929/4929 5029/5029 5028/5028
f 4929/4929 4930/4930 5029/5029
f 4930/4930 5030/5030 5029/5029
f 4930/4930 4931/4931 5030/5030
f 4931/4931 5031/5031 5030/5030
f 4931/4931 4932/4932 5031/5031
f 4932/4932 5032/5032 5031/5031
f 4932/4932 4933/4933 5032/5032
f 4933/4933 5033/5033 5032/5032
f 4933/4933 4934/4934 5033/5033
f 4934/4934 5034/5034 5033/5033
f 4934/4934 4935/4935 5034/5034
f 4935/4935 5035/5035 5034/5034
f 4935/4935 4936/4936 5035/5035
f 4936/4936 5036/5036 5035/5035
f 4936/4936 4937/4937 5036/5036
f 4937/4937 5037/5037 5036/5036
f 4937/4937 4938/4938 5037/5037
f 4938/4938 5038/5038 5037/5037
f 4938/4938 4939/4939 5038/5038
f 4939/4939 5039/5039 5038/5038
f 4939/4939 4940/4940 5039/5039
f 4940/4940 5040/5040 5039/5039
f 4940/4940 4941/4941 5040/5040
f 4941/4941 5041/5041 5040/5040
f 4941/4941 4942/4942 5041/5041
f 4942/4942 5042/5042 5041/5041
f 4942/4942 4943/4943 5042/5042
f 4943/4943 5043/5043 5042/5042
f 4943/4943 4944/4944 5043/5043
f 4944/4944 5044/5044 5043/5043
f 4944/4944 4945/4945 5044/5044
f 4945/4945 5045/5045 5044/5044
f 4945/4945 4946/4946 5045/5045
f 4946/4946 5046/5046 5045/5045
f 4946/4946 4947/4947 5046/5046
f 4947/4947 5047/5047 5046/5046
f 4947/4947 4948/4948 5047/5047
f 4948/4948 5048/5048 5047/5047
f 4948/4948 4949/4949 5048/5048
f 4949/4949 5049/5049 5048/5048
f 4949/4949 4950/4950 5049/5049
f 4950/4950 5050/5050 5049/5049
f 4950/4950 4951/4951 5050/5050
f 4951/4951 5051/5051 5050/5050
f 4951/4951 4952/4952 5051/5051
f 4952/4952 5052/5052 5051/5051
f 4952/4952 4953/4953 5052/5052
f 4953/4953 5053/5053 5052/5052
f 4953/4953 4954/4954 5053/5053
f 4954/4954 5054/5054 5053/5053
f 4954/4954 4955/4955 5054/5054
f 4955/4955 5055/5055 5054/5054
f 4955/4955 4956/4956 5055/5055
f 4956/4956 5056/5056 5055/5055
f 4956/4956 4957/4957 5056/5056
f 4957/4957 5057/5057 5056/5056
f 4957/4957 4958/4958 5057/5057
f 4958/4958 5058/5058 5057/5057
f 4958/4958 4959/4959 5058/5058
f 4959/4959 5059/5059 5058/5058
f 4959/4959 4960/4960 5059/5059
f 4960/4960 5060/5060 5059/5059
f 4960/4960 4961/4961 5060/5060
f 4961/4961 5061/5061 5060/5060
f 4961/4961 4962/4962 5061/5061
f 4962/4962 5062/5062 5061/5061
f 4962/4962 4963/4963 5062/5062
f 4963/4963 5063/5063 5062/5062
f 4963/4963 4964/4964 5063/5063
f 4964/4964 5064/5064 5063/5063
f 4964/4964 4965/4965 5064/5064
f 4965/4965 5065/5065 5064/5064
f 4965/4965 4966/4966 5065/5065
f 4966/4966 5066/5066 5065/5065
f 4966/4966 4967/4967 5066/5066
f 4967/4967 5067/5067 5066/5066
f 4967/4967 4968/4968 5067/5067
f 4968/4968 5068/5068 5067/5067
f 4968/4968 4969/4969 5068/5068
f 4969/4969 5069/5069 5068/5068
f 4969/4969 4970/4970 5069/5069
f 4970/4970 5070/5070 5069/5069
f 4970/4970 4971/4971 5070/5070
f 4971/4971 5071/5071 5070/5070
f 4971/4971 4972/4972 5071/5071
f 4972/4972 5072/5072 5071/5071
f 4972/4972 4973/4973 5072/5072
f 4973/4973 5073/5073 5072/5072
f 4973/4973 4974/4974 5073/5073
f 4974/4974 5074/5074 5073/5073
f 4974/4974 4975/4975 5074/5074
f 4975/4975 5075/5075 5074/5074
f 4975/4975 4976/4976 5075/5075
f 4976/4976 5076/5076 5075/5075
f 4976/4976 4977/4977 5076/5076
f 4977/4977 5077/5077 5076/5076
f 4977/4977 4978/4978 5077/5077
f 4978/4978 5078/5078 5077/5077
f 4978/4978 4979/4979 5078/5078
f 4979/4979 5079/5079 5078/5078
f 4979/4979 4980/4980 5079/5079
f 4980/4980 5080/5080 5079/5079
f 4980/4980 4981/4981 5080/5080
f 4981/4981 5081/5081 5080/5080
f 4981/4981 4982/4982 5081/5081
f 4982/4982 5082/5082 5081/5081
f 4982/4982 4983/4983 5082/5082
f 4983/4983 5083/5083 5082/5082
f 4983/4983 4984/4984 5083/5083
f 4984/4984 5084/5084 5083/5083
f 4984/4984 4985/4985 5084/5084
f 4985/4985 5085/5085 5084/5084
f 4985/4985 4986/4986 5085/5085
f 4986/4986 5086/5086 5085/5085
f 4986/4986 4987/4987 5086/5086
f 4987/4987 5087/5087 5086/5086
f 4987/4987 4988/4988 5087/5087
f 4988/4988 5088/5088 5087/5087
f 4988/4988 4989/4989 5088/5088
f 4989/4989 5089/5089 5088/5088
f 4989/4989 4990/4990 5089/5089
f 4990/4990 5090/5090 5089/5089
f 4990/4990 4991/4991 5090/5090
f 4991/4991 5091/5091 5090/5090
f 4991/4991 4992/4992 5091/5091
f 4992/4992 5092/5092 5091/5091
f 4992/4992 4993/4993 5092/5092
f 4993/4993 5093/5093 5092/5092
f 4993/4993 4994/4994 5093/5093
f 4994/4994 5094/5094 5093/5093
f 4994/4994 4995/4995 5094/5094
f 4995/4995 5095/5095 5094/5094
f 4995/4995 4996/4996 5095/5095
f 4996/4996 5096/5096 5095/5095
f 4996/4996 4997/4997 5096/5096
f 4997/4997 5097/5097 5096/5096
f 4997/4997 4998/4998 5097/5097
f 4998/4998 5098/5098 5097/5097
f 4998/4998 4999/4999 5098/5098
f 4999/4999 5099/5099 5098/5098
f 4999/4999 5000/5000 5099/5099
f 5000/5000 5100/5100 5099/5099
