# Swiss Roll OBJ File
v 3000.0 3000.0 0.0
v 3001.919335591396 3000.6303705973705 0.0
v 3003.2536172021455 3002.39558759214 0.0
v 3003.5154964216435 3004.9368239518203 0.0
v 3002.3993565683095 3007.716381749043 0.0
v 2999.8397377390424 3010.0997386633726 0.0
v 2996.035539838577 3011.4545553783596 0.0
v 2991.435822606134 3011.2531977448803 0.0
v 2986.688055249619 3009.1646038604085 0.0
v 2982.5546732070093 3005.1224101243897 0.0
v 2979.8081506589256 2999.359031646504 0.0
v 2979.117941760313 2992.3995523705407 0.0
v 2980.944167400175 2985.0143276067733 0.0
v 2985.4526043833143 2978.134529070198 0.0
v 2992.4633668855345 2972.7398177376986 0.0
v 3001.4418762370833 2969.73129275203 0.0
v 3011.5357162534747 2969.8053216884005 0.0
v 3021.655344122095 2973.3444648627074 0.0
v 3030.5910375574977 2980.3403339107053 0.0
v 3037.153586518244 2990.359976249615 0.0
v 3040.322693998864 3002.5625826123864 0.0
v 3039.3853062491667 3015.767498118923 0.0
v 3034.0464196941766 3028.5683382082907 0.0
v 3024.49734495968 3039.482191694624 0.0
v 3011.430736267124 3047.11813664599 0.0
v 2995.997476926425 3050.3462008056536 0.0
v 2979.707124711068 3048.4468922155943 0.0
v 2964.2803236029845 3041.222704055687 0.0
v 2951.4676049079203 3029.0564989172835 0.0
v 2942.8536084450975 3012.9070817188076 0.0
v 2939.668368328904 2994.2390276785345 0.0
v 2942.627551150719 2974.8912189947373 0.0
v 2951.8212881017694 2956.895741380765 0.0
v 2966.6666666666665 2942.2649730810376 0.0
v 2985.932471284411 2932.7691249064596 0.0
v 3007.837044437445 2929.7285934219317 0.0
v 3030.2120009455916 2933.8449457923984 0.0
v 3050.7168651062907 2945.0911248074167 0.0
v 3067.083386522529 2962.6758061175397 0.0
v 3077.3640791782736 2985.0892958988766 0.0
v 3080.1579646731957 3010.2296932180807 0.0
v 3074.7878546863667 3035.5991745366787 0.0
v 3061.4077365664907 3058.5521585499973 0.0
v 3041.0255681115664 3076.5706962186787 0.0
v 3015.435393570394 3087.5384669344185 0.0
v 2987.0622874297014 3089.9837674437213 0.0
v 2958.7332036770395 3083.264067913942 0.0
v 2933.395313692531 3067.669951625872 0.0
v 2913.8098958880073 3044.4340869553853 0.0
v 2902.2535241512255 3015.640542227665 0.0
v 2900.2586981134955 2984.040263032995 0.0
v 2908.4230143810078 2952.788782609903 0.0
v 2926.3097087662045 2925.1311173500994 0.0
v 2952.453473801806 2904.0653130556752 0.0
v 2984.4747449156416 2892.0194790675346 0.0
v 3019.294241962992 2890.576916331977 0.0
v 3053.42864684297 2900.2800235291625 0.0
v 3083.339071054523 2920.536356253575 0.0
v 3105.7974529709577 2949.6401921188444 0.0
v 3118.2329978929633 2984.911202503331 0.0
v 3119.0216602742676 3022.939544770959 0.0
v 3107.686488891428 3059.9151533376335 0.0
v 3084.985017205136 3092.0094665389233 0.0
v 3052.8710016547857 3115.771344863302 0.0
v 3014.3305955427572 3128.4962863141823 0.0
v 2973.106195102551 3128.5296141494155 0.0
v 2933.3333333333335 3115.470053837925 0.0
v 2899.12582196308 3090.2495414840237 0.0
v 2874.1507573628674 3055.07732607606 0.0
v 2861.237247156479 3013.250236339371 0.0
v 2862.060434177821 2968.8449751614994 0.0
v 2876.935712445084 2926.3210206026024 0.0
v 2904.7475296079588 2890.072789184835 0.0
v 2943.023850150306 2863.976033394678 0.0
v 2988.1525317022174 2850.975245615265 0.0
v 3035.7210508347616 2852.7558229812817 0.0
v 3080.9477485624207 2869.537105704721 0.0
v 3119.1624689296186 2900.0108162709826 0.0
v 3146.288280354048 2941.4350069868574 0.0
v 3159.274641295513 2989.8777986810733 0.0
v 3156.4361537610275 3040.5895736858306 0.0
v 3137.659669008739 3088.468497401825 0.0
v 3104.4551892948098 3128.5737577210584 0.0
v 3059.8415280648996 3156.634893741422 0.0
v 3008.0745069276654 3169.5047605886316 0.0
v 2954.2418703764592 3165.5082494496874 0.0
v 2903.763382843464 3144.648499997152 0.0
v 2861.845213651268 3108.6461248508945 0.0
v 2832.9435340825053 3060.8035810356746 0.0
v 2820.2925408644373 3005.704618346117 0.0
v 2825.5467320700914 2948.7758987561037 0.0
v 2848.576628464414 2895.7526310878548 0.0
v 2887.442239966332 2852.1008296387145 0.0
v 2938.5508674979387 2822.454391635426 0.0
v 2996.987069493996 2810.1249131285977 0.0
v 3056.9847184973455 2816.7359334602284 0.0
v 3112.4958854925962 2842.021633541753 0.0
v 3157.8004343040657 2883.8140017812116 0.0
v 3188.094887956793 2938.223681457673 0.0
v 3200.0 2999.9999999999995 0.0
v 3000.0 3000.0 20.408163265306122
v 3001.919335591396 3000.6303705973705 20.408163265306122
v 3003.2536172021455 3002.39558759214 20.408163265306122
v 3003.5154964216435 3004.9368239518203 20.408163265306122
v 3002.3993565683095 3007.716381749043 20.408163265306122
v 2999.8397377390424 3010.0997386633726 20.408163265306122
v 2996.035539838577 3011.4545553783596 20.408163265306122
v 2991.435822606134 3011.2531977448803 20.408163265306122
v 2986.688055249619 3009.1646038604085 20.408163265306122
v 2982.5546732070093 3005.1224101243897 20.408163265306122
v 2979.8081506589256 2999.359031646504 20.408163265306122
v 2979.117941760313 2992.3995523705407 20.408163265306122
v 2980.944167400175 2985.0143276067733 20.408163265306122
v 2985.4526043833143 2978.134529070198 20.408163265306122
v 2992.4633668855345 2972.7398177376986 20.408163265306122
v 3001.4418762370833 2969.73129275203 20.408163265306122
v 3011.5357162534747 2969.8053216884005 20.408163265306122
v 3021.655344122095 2973.3444648627074 20.408163265306122
v 3030.5910375574977 2980.3403339107053 20.408163265306122
v 3037.153586518244 2990.359976249615 20.408163265306122
v 3040.322693998864 3002.5625826123864 20.408163265306122
v 3039.3853062491667 3015.767498118923 20.408163265306122
v 3034.0464196941766 3028.5683382082907 20.408163265306122
v 3024.49734495968 3039.482191694624 20.408163265306122
v 3011.430736267124 3047.11813664599 20.408163265306122
v 2995.997476926425 3050.3462008056536 20.408163265306122
v 2979.707124711068 3048.4468922155943 20.408163265306122
v 2964.2803236029845 3041.222704055687 20.408163265306122
v 2951.4676049079203 3029.0564989172835 20.408163265306122
v 2942.8536084450975 3012.9070817188076 20.408163265306122
v 2939.668368328904 2994.2390276785345 20.408163265306122
v 2942.627551150719 2974.8912189947373 20.408163265306122
v 2951.8212881017694 2956.895741380765 20.408163265306122
v 2966.6666666666665 2942.2649730810376 20.408163265306122
v 2985.932471284411 2932.7691249064596 20.408163265306122
v 3007.837044437445 2929.7285934219317 20.408163265306122
v 3030.2120009455916 2933.8449457923984 20.408163265306122
v 3050.7168651062907 2945.0911248074167 20.408163265306122
v 3067.083386522529 2962.6758061175397 20.408163265306122
v 3077.3640791782736 2985.0892958988766 20.408163265306122
v 3080.1579646731957 3010.2296932180807 20.408163265306122
v 3074.7878546863667 3035.5991745366787 20.408163265306122
v 3061.4077365664907 3058.5521585499973 20.408163265306122
v 3041.0255681115664 3076.5706962186787 20.408163265306122
v 3015.435393570394 3087.5384669344185 20.408163265306122
v 2987.0622874297014 3089.9837674437213 20.408163265306122
v 2958.7332036770395 3083.264067913942 20.408163265306122
v 2933.395313692531 3067.669951625872 20.408163265306122
v 2913.8098958880073 3044.4340869553853 20.408163265306122
v 2902.2535241512255 3015.640542227665 20.408163265306122
v 2900.2586981134955 2984.040263032995 20.408163265306122
v 2908.4230143810078 2952.788782609903 20.408163265306122
v 2926.3097087662045 2925.1311173500994 20.408163265306122
v 2952.453473801806 2904.0653130556752 20.408163265306122
v 2984.4747449156416 2892.0194790675346 20.408163265306122
v 3019.294241962992 2890.576916331977 20.408163265306122
v 3053.42864684297 2900.2800235291625 20.408163265306122
v 3083.339071054523 2920.536356253575 20.408163265306122
v 3105.7974529709577 2949.6401921188444 20.408163265306122
v 3118.2329978929633 2984.911202503331 20.408163265306122
v 3119.0216602742676 3022.939544770959 20.408163265306122
v 3107.686488891428 3059.9151533376335 20.408163265306122
v 3084.985017205136 3092.0094665389233 20.408163265306122
v 3052.8710016547857 3115.771344863302 20.408163265306122
v 3014.3305955427572 3128.4962863141823 20.408163265306122
v 2973.106195102551 3128.5296141494155 20.408163265306122
v 2933.3333333333335 3115.470053837925 20.408163265306122
v 2899.12582196308 3090.2495414840237 20.408163265306122
v 2874.1507573628674 3055.07732607606 20.408163265306122
v 2861.237247156479 3013.250236339371 20.408163265306122
v 2862.060434177821 2968.8449751614994 20.408163265306122
v 2876.935712445084 2926.3210206026024 20.408163265306122
v 2904.7475296079588 2890.072789184835 20.408163265306122
v 2943.023850150306 2863.976033394678 20.408163265306122
v 2988.1525317022174 2850.975245615265 20.408163265306122
v 3035.7210508347616 2852.7558229812817 20.408163265306122
v 3080.9477485624207 2869.537105704721 20.408163265306122
v 3119.1624689296186 2900.0108162709826 20.408163265306122
v 3146.288280354048 2941.4350069868574 20.408163265306122
v 3159.274641295513 2989.8777986810733 20.408163265306122
v 3156.4361537610275 3040.5895736858306 20.408163265306122
v 3137.659669008739 3088.468497401825 20.408163265306122
v 3104.4551892948098 3128.5737577210584 20.408163265306122
v 3059.8415280648996 3156.634893741422 20.408163265306122
v 3008.0745069276654 3169.5047605886316 20.408163265306122
v 2954.2418703764592 3165.5082494496874 20.408163265306122
v 2903.763382843464 3144.648499997152 20.408163265306122
v 2861.845213651268 3108.6461248508945 20.408163265306122
v 2832.9435340825053 3060.8035810356746 20.408163265306122
v 2820.2925408644373 3005.704618346117 20.408163265306122
v 2825.5467320700914 2948.7758987561037 20.408163265306122
v 2848.576628464414 2895.7526310878548 20.408163265306122
v 2887.442239966332 2852.1008296387145 20.408163265306122
v 2938.5508674979387 2822.454391635426 20.408163265306122
v 2996.987069493996 2810.1249131285977 20.408163265306122
v 3056.9847184973455 2816.7359334602284 20.408163265306122
v 3112.4958854925962 2842.021633541753 20.408163265306122
v 3157.8004343040657 2883.8140017812116 20.408163265306122
v 3188.094887956793 2938.223681457673 20.408163265306122
v 3200.0 2999.9999999999995 20.408163265306122
v 3000.0 3000.0 40.816326530612244
v 3001.919335591396 3000.6303705973705 40.816326530612244
v 3003.2536172021455 3002.39558759214 40.816326530612244
v 3003.5154964216435 3004.9368239518203 40.816326530612244
v 3002.3993565683095 3007.716381749043 40.816326530612244
v 2999.8397377390424 3010.0997386633726 40.816326530612244
v 2996.035539838577 3011.4545553783596 40.816326530612244
v 2991.435822606134 3011.2531977448803 40.816326530612244
v 2986.688055249619 3009.1646038604085 40.816326530612244
v 2982.5546732070093 3005.1224101243897 40.816326530612244
v 2979.8081506589256 2999.359031646504 40.816326530612244
v 2979.117941760313 2992.3995523705407 40.816326530612244
v 2980.944167400175 2985.0143276067733 40.816326530612244
v 2985.4526043833143 2978.134529070198 40.816326530612244
v 2992.4633668855345 2972.7398177376986 40.816326530612244
v 3001.4418762370833 2969.73129275203 40.816326530612244
v 3011.5357162534747 2969.8053216884005 40.816326530612244
v 3021.655344122095 2973.3444648627074 40.816326530612244
v 3030.5910375574977 2980.3403339107053 40.816326530612244
v 3037.153586518244 2990.359976249615 40.816326530612244
v 3040.322693998864 3002.5625826123864 40.816326530612244
v 3039.3853062491667 3015.767498118923 40.816326530612244
v 3034.0464196941766 3028.5683382082907 40.816326530612244
v 3024.49734495968 3039.482191694624 40.816326530612244
v 3011.430736267124 3047.11813664599 40.816326530612244
v 2995.997476926425 3050.3462008056536 40.816326530612244
v 2979.707124711068 3048.4468922155943 40.816326530612244
v 2964.2803236029845 3041.222704055687 40.816326530612244
v 2951.4676049079203 3029.0564989172835 40.816326530612244
v 2942.8536084450975 3012.9070817188076 40.816326530612244
v 2939.668368328904 2994.2390276785345 40.816326530612244
v 2942.627551150719 2974.8912189947373 40.816326530612244
v 2951.8212881017694 2956.895741380765 40.816326530612244
v 2966.6666666666665 2942.2649730810376 40.816326530612244
v 2985.932471284411 2932.7691249064596 40.816326530612244
v 3007.837044437445 2929.7285934219317 40.816326530612244
v 3030.2120009455916 2933.8449457923984 40.816326530612244
v 3050.7168651062907 2945.0911248074167 40.816326530612244
v 3067.083386522529 2962.6758061175397 40.816326530612244
v 3077.3640791782736 2985.0892958988766 40.816326530612244
v 3080.1579646731957 3010.2296932180807 40.816326530612244
v 3074.7878546863667 3035.5991745366787 40.816326530612244
v 3061.4077365664907 3058.5521585499973 40.816326530612244
v 3041.0255681115664 3076.5706962186787 40.816326530612244
v 3015.435393570394 3087.5384669344185 40.816326530612244
v 2987.0622874297014 3089.9837674437213 40.816326530612244
v 2958.7332036770395 3083.264067913942 40.816326530612244
v 2933.395313692531 3067.669951625872 40.816326530612244
v 2913.8098958880073 3044.4340869553853 40.816326530612244
v 2902.2535241512255 3015.640542227665 40.816326530612244
v 2900.2586981134955 2984.040263032995 40.816326530612244
v 2908.4230143810078 2952.788782609903 40.816326530612244
v 2926.3097087662045 2925.1311173500994 40.816326530612244
v 2952.453473801806 2904.0653130556752 40.816326530612244
v 2984.4747449156416 2892.0194790675346 40.816326530612244
v 3019.294241962992 2890.576916331977 40.816326530612244
v 3053.42864684297 2900.2800235291625 40.816326530612244
v 3083.339071054523 2920.536356253575 40.816326530612244
v 3105.7974529709577 2949.6401921188444 40.816326530612244
v 3118.2329978929633 2984.911202503331 40.816326530612244
v 3119.0216602742676 3022.939544770959 40.816326530612244
v 3107.686488891428 3059.9151533376335 40.816326530612244
v 3084.985017205136 3092.0094665389233 40.816326530612244
v 3052.8710016547857 3115.771344863302 40.816326530612244
v 3014.3305955427572 3128.4962863141823 40.816326530612244
v 2973.106195102551 3128.5296141494155 40.816326530612244
v 2933.3333333333335 3115.470053837925 40.816326530612244
v 2899.12582196308 3090.2495414840237 40.816326530612244
v 2874.1507573628674 3055.07732607606 40.816326530612244
v 2861.237247156479 3013.250236339371 40.816326530612244
v 2862.060434177821 2968.8449751614994 40.816326530612244
v 2876.935712445084 2926.3210206026024 40.816326530612244
v 2904.7475296079588 2890.072789184835 40.816326530612244
v 2943.023850150306 2863.976033394678 40.816326530612244
v 2988.1525317022174 2850.975245615265 40.816326530612244
v 3035.7210508347616 2852.7558229812817 40.816326530612244
v 3080.9477485624207 2869.537105704721 40.816326530612244
v 3119.1624689296186 2900.0108162709826 40.816326530612244
v 3146.288280354048 2941.4350069868574 40.816326530612244
v 3159.274641295513 2989.8777986810733 40.816326530612244
v 3156.4361537610275 3040.5895736858306 40.816326530612244
v 3137.659669008739 3088.468497401825 40.816326530612244
v 3104.4551892948098 3128.5737577210584 40.816326530612244
v 3059.8415280648996 3156.634893741422 40.816326530612244
v 3008.0745069276654 3169.5047605886316 40.816326530612244
v 2954.2418703764592 3165.5082494496874 40.816326530612244
v 2903.763382843464 3144.648499997152 40.816326530612244
v 2861.845213651268 3108.6461248508945 40.816326530612244
v 2832.9435340825053 3060.8035810356746 40.816326530612244
v 2820.2925408644373 3005.704618346117 40.816326530612244
v 2825.5467320700914 2948.7758987561037 40.816326530612244
v 2848.576628464414 2895.7526310878548 40.816326530612244
v 2887.442239966332 2852.1008296387145 40.816326530612244
v 2938.5508674979387 2822.454391635426 40.816326530612244
v 2996.987069493996 2810.1249131285977 40.816326530612244
v 3056.9847184973455 2816.7359334602284 40.816326530612244
v 3112.4958854925962 2842.021633541753 40.816326530612244
v 3157.8004343040657 2883.8140017812116 40.816326530612244
v 3188.094887956793 2938.223681457673 40.816326530612244
v 3200.0 2999.9999999999995 40.816326530612244
v 3000.0 3000.0 61.224489795918366
v 3001.919335591396 3000.6303705973705 61.224489795918366
v 3003.2536172021455 3002.39558759214 61.224489795918366
v 3003.5154964216435 3004.9368239518203 61.224489795918366
v 3002.3993565683095 3007.716381749043 61.224489795918366
v 2999.8397377390424 3010.0997386633726 61.224489795918366
v 2996.035539838577 3011.4545553783596 61.224489795918366
v 2991.435822606134 3011.2531977448803 61.224489795918366
v 2986.688055249619 3009.1646038604085 61.224489795918366
v 2982.5546732070093 3005.1224101243897 61.224489795918366
v 2979.8081506589256 2999.359031646504 61.224489795918366
v 2979.117941760313 2992.3995523705407 61.224489795918366
v 2980.944167400175 2985.0143276067733 61.224489795918366
v 2985.4526043833143 2978.134529070198 61.224489795918366
v 2992.4633668855345 2972.7398177376986 61.224489795918366
v 3001.4418762370833 2969.73129275203 61.224489795918366
v 3011.5357162534747 2969.8053216884005 61.224489795918366
v 3021.655344122095 2973.3444648627074 61.224489795918366
v 3030.5910375574977 2980.3403339107053 61.224489795918366
v 3037.153586518244 2990.359976249615 61.224489795918366
v 3040.322693998864 3002.5625826123864 61.224489795918366
v 3039.3853062491667 3015.767498118923 61.224489795918366
v 3034.0464196941766 3028.5683382082907 61.224489795918366
v 3024.49734495968 3039.482191694624 61.224489795918366
v 3011.430736267124 3047.11813664599 61.224489795918366
v 2995.997476926425 3050.3462008056536 61.224489795918366
v 2979.707124711068 3048.4468922155943 61.224489795918366
v 2964.2803236029845 3041.222704055687 61.224489795918366
v 2951.4676049079203 3029.0564989172835 61.224489795918366
v 2942.8536084450975 3012.9070817188076 61.224489795918366
v 2939.668368328904 2994.2390276785345 61.224489795918366
v 2942.627551150719 2974.8912189947373 61.224489795918366
v 2951.8212881017694 2956.895741380765 61.224489795918366
v 2966.6666666666665 2942.2649730810376 61.224489795918366
v 2985.932471284411 2932.7691249064596 61.224489795918366
v 3007.837044437445 2929.7285934219317 61.224489795918366
v 3030.2120009455916 2933.8449457923984 61.224489795918366
v 3050.7168651062907 2945.0911248074167 61.224489795918366
v 3067.083386522529 2962.6758061175397 61.224489795918366
v 3077.3640791782736 2985.0892958988766 61.224489795918366
v 3080.1579646731957 3010.2296932180807 61.224489795918366
v 3074.7878546863667 3035.5991745366787 61.224489795918366
v 3061.4077365664907 3058.5521585499973 61.224489795918366
v 3041.0255681115664 3076.5706962186787 61.224489795918366
v 3015.435393570394 3087.5384669344185 61.224489795918366
v 2987.0622874297014 3089.9837674437213 61.224489795918366
v 2958.7332036770395 3083.264067913942 61.224489795918366
v 2933.395313692531 3067.669951625872 61.224489795918366
v 2913.8098958880073 3044.4340869553853 61.224489795918366
v 2902.2535241512255 3015.640542227665 61.224489795918366
v 2900.2586981134955 2984.040263032995 61.224489795918366
v 2908.4230143810078 2952.788782609903 61.224489795918366
v 2926.3097087662045 2925.1311173500994 61.224489795918366
v 2952.453473801806 2904.0653130556752 61.224489795918366
v 2984.4747449156416 2892.0194790675346 61.224489795918366
v 3019.294241962992 2890.576916331977 61.224489795918366
v 3053.42864684297 2900.2800235291625 61.224489795918366
v 3083.339071054523 2920.536356253575 61.224489795918366
v 3105.7974529709577 2949.6401921188444 61.224489795918366
v 3118.2329978929633 2984.911202503331 61.224489795918366
v 3119.0216602742676 3022.939544770959 61.224489795918366
v 3107.686488891428 3059.9151533376335 61.224489795918366
v 3084.985017205136 3092.0094665389233 61.224489795918366
v 3052.8710016547857 3115.771344863302 61.224489795918366
v 3014.3305955427572 3128.4962863141823 61.224489795918366
v 2973.106195102551 3128.5296141494155 61.224489795918366
v 2933.3333333333335 3115.470053837925 61.224489795918366
v 2899.12582196308 3090.2495414840237 61.224489795918366
v 2874.1507573628674 3055.07732607606 61.224489795918366
v 2861.237247156479 3013.250236339371 61.224489795918366
v 2862.060434177821 2968.8449751614994 61.224489795918366
v 2876.935712445084 2926.3210206026024 61.224489795918366
v 2904.7475296079588 2890.072789184835 61.224489795918366
v 2943.023850150306 2863.976033394678 61.224489795918366
v 2988.1525317022174 2850.975245615265 61.224489795918366
v 3035.7210508347616 2852.7558229812817 61.224489795918366
v 3080.9477485624207 2869.537105704721 61.224489795918366
v 3119.1624689296186 2900.0108162709826 61.224489795918366
v 3146.288280354048 2941.4350069868574 61.224489795918366
v 3159.274641295513 2989.8777986810733 61.224489795918366
v 3156.4361537610275 3040.5895736858306 61.224489795918366
v 3137.659669008739 3088.468497401825 61.224489795918366
v 3104.4551892948098 3128.5737577210584 61.224489795918366
v 3059.8415280648996 3156.634893741422 61.224489795918366
v 3008.0745069276654 3169.5047605886316 61.224489795918366
v 2954.2418703764592 3165.5082494496874 61.224489795918366
v 2903.763382843464 3144.648499997152 61.224489795918366
v 2861.845213651268 3108.6461248508945 61.224489795918366
v 2832.9435340825053 3060.8035810356746 61.224489795918366
v 2820.2925408644373 3005.704618346117 61.224489795918366
v 2825.5467320700914 2948.7758987561037 61.224489795918366
v 2848.576628464414 2895.7526310878548 61.224489795918366
v 2887.442239966332 2852.1008296387145 61.224489795918366
v 2938.5508674979387 2822.454391635426 61.224489795918366
v 2996.987069493996 2810.1249131285977 61.224489795918366
v 3056.9847184973455 2816.7359334602284 61.224489795918366
v 3112.4958854925962 2842.021633541753 61.224489795918366
v 3157.8004343040657 2883.8140017812116 61.224489795918366
v 3188.094887956793 2938.223681457673 61.224489795918366
v 3200.0 2999.9999999999995 61.224489795918366
v 3000.0 3000.0 81.63265306122449
v 3001.919335591396 3000.6303705973705 81.63265306122449
v 3003.2536172021455 3002.39558759214 81.63265306122449
v 3003.5154964216435 3004.9368239518203 81.63265306122449
v 3002.3993565683095 3007.716381749043 81.63265306122449
v 2999.8397377390424 3010.0997386633726 81.63265306122449
v 2996.035539838577 3011.4545553783596 81.63265306122449
v 2991.435822606134 3011.2531977448803 81.63265306122449
v 2986.688055249619 3009.1646038604085 81.63265306122449
v 2982.5546732070093 3005.1224101243897 81.63265306122449
v 2979.8081506589256 2999.359031646504 81.63265306122449
v 2979.117941760313 2992.3995523705407 81.63265306122449
v 2980.944167400175 2985.0143276067733 81.63265306122449
v 2985.4526043833143 2978.134529070198 81.63265306122449
v 2992.4633668855345 2972.7398177376986 81.63265306122449
v 3001.4418762370833 2969.73129275203 81.63265306122449
v 3011.5357162534747 2969.8053216884005 81.63265306122449
v 3021.655344122095 2973.3444648627074 81.63265306122449
v 3030.5910375574977 2980.3403339107053 81.63265306122449
v 3037.153586518244 2990.359976249615 81.63265306122449
v 3040.322693998864 3002.5625826123864 81.63265306122449
v 3039.3853062491667 3015.767498118923 81.63265306122449
v 3034.0464196941766 3028.5683382082907 81.63265306122449
v 3024.49734495968 3039.482191694624 81.63265306122449
v 3011.430736267124 3047.11813664599 81.63265306122449
v 2995.997476926425 3050.3462008056536 81.63265306122449
v 2979.707124711068 3048.4468922155943 81.63265306122449
v 2964.2803236029845 3041.222704055687 81.63265306122449
v 2951.4676049079203 3029.0564989172835 81.63265306122449
v 2942.8536084450975 3012.9070817188076 81.63265306122449
v 2939.668368328904 2994.2390276785345 81.63265306122449
v 2942.627551150719 2974.8912189947373 81.63265306122449
v 2951.8212881017694 2956.895741380765 81.63265306122449
v 2966.6666666666665 2942.2649730810376 81.63265306122449
v 2985.932471284411 2932.7691249064596 81.63265306122449
v 3007.837044437445 2929.7285934219317 81.63265306122449
v 3030.2120009455916 2933.8449457923984 81.63265306122449
v 3050.7168651062907 2945.0911248074167 81.63265306122449
v 3067.083386522529 2962.6758061175397 81.63265306122449
v 3077.3640791782736 2985.0892958988766 81.63265306122449
v 3080.1579646731957 3010.2296932180807 81.63265306122449
v 3074.7878546863667 3035.5991745366787 81.63265306122449
v 3061.4077365664907 3058.5521585499973 81.63265306122449
v 3041.0255681115664 3076.5706962186787 81.63265306122449
v 3015.435393570394 3087.5384669344185 81.63265306122449
v 2987.0622874297014 3089.9837674437213 81.63265306122449
v 2958.7332036770395 3083.264067913942 81.63265306122449
v 2933.395313692531 3067.669951625872 81.63265306122449
v 2913.8098958880073 3044.4340869553853 81.63265306122449
v 2902.2535241512255 3015.640542227665 81.63265306122449
v 2900.2586981134955 2984.040263032995 81.63265306122449
v 2908.4230143810078 2952.788782609903 81.63265306122449
v 2926.3097087662045 2925.1311173500994 81.63265306122449
v 2952.453473801806 2904.0653130556752 81.63265306122449
v 2984.4747449156416 2892.0194790675346 81.63265306122449
v 3019.294241962992 2890.576916331977 81.63265306122449
v 3053.42864684297 2900.2800235291625 81.63265306122449
v 3083.339071054523 2920.536356253575 81.63265306122449
v 3105.7974529709577 2949.6401921188444 81.63265306122449
v 3118.2329978929633 2984.911202503331 81.63265306122449
v 3119.0216602742676 3022.939544770959 81.63265306122449
v 3107.686488891428 3059.9151533376335 81.63265306122449
v 3084.985017205136 3092.0094665389233 81.63265306122449
v 3052.8710016547857 3115.771344863302 81.63265306122449
v 3014.3305955427572 3128.4962863141823 81.63265306122449
v 2973.106195102551 3128.5296141494155 81.63265306122449
v 2933.3333333333335 3115.470053837925 81.63265306122449
v 2899.12582196308 3090.2495414840237 81.63265306122449
v 2874.1507573628674 3055.07732607606 81.63265306122449
v 2861.237247156479 3013.250236339371 81.63265306122449
v 2862.060434177821 2968.8449751614994 81.63265306122449
v 2876.935712445084 2926.3210206026024 81.63265306122449
v 2904.7475296079588 2890.072789184835 81.63265306122449
v 2943.023850150306 2863.976033394678 81.63265306122449
v 2988.1525317022174 2850.975245615265 81.63265306122449
v 3035.7210508347616 2852.7558229812817 81.63265306122449
v 3080.9477485624207 2869.537105704721 81.63265306122449
v 3119.1624689296186 2900.0108162709826 81.63265306122449
v 3146.288280354048 2941.4350069868574 81.63265306122449
v 3159.274641295513 2989.8777986810733 81.63265306122449
v 3156.4361537610275 3040.5895736858306 81.63265306122449
v 3137.659669008739 3088.468497401825 81.63265306122449
v 3104.4551892948098 3128.5737577210584 81.63265306122449
v 3059.8415280648996 3156.634893741422 81.63265306122449
v 3008.0745069276654 3169.5047605886316 81.63265306122449
v 2954.2418703764592 3165.5082494496874 81.63265306122449
v 2903.763382843464 3144.648499997152 81.63265306122449
v 2861.845213651268 3108.6461248508945 81.63265306122449
v 2832.9435340825053 3060.8035810356746 81.63265306122449
v 2820.2925408644373 3005.704618346117 81.63265306122449
v 2825.5467320700914 2948.7758987561037 81.63265306122449
v 2848.576628464414 2895.7526310878548 81.63265306122449
v 2887.442239966332 2852.1008296387145 81.63265306122449
v 2938.5508674979387 2822.454391635426 81.63265306122449
v 2996.987069493996 2810.1249131285977 81.63265306122449
v 3056.9847184973455 2816.7359334602284 81.63265306122449
v 3112.4958854925962 2842.021633541753 81.63265306122449
v 3157.8004343040657 2883.8140017812116 81.63265306122449
v 3188.094887956793 2938.223681457673 81.63265306122449
v 3200.0 2999.9999999999995 81.63265306122449
v 3000.0 3000.0 102.0408163265306
v 3001.919335591396 3000.6303705973705 102.0408163265306
v 3003.2536172021455 3002.39558759214 102.0408163265306
v 3003.5154964216435 3004.9368239518203 102.0408163265306
v 3002.3993565683095 3007.716381749043 102.0408163265306
v 2999.8397377390424 3010.0997386633726 102.0408163265306
v 2996.035539838577 3011.4545553783596 102.0408163265306
v 2991.435822606134 3011.2531977448803 102.0408163265306
v 2986.688055249619 3009.1646038604085 102.0408163265306
v 2982.5546732070093 3005.1224101243897 102.0408163265306
v 2979.8081506589256 2999.359031646504 102.0408163265306
v 2979.117941760313 2992.3995523705407 102.0408163265306
v 2980.944167400175 2985.0143276067733 102.0408163265306
v 2985.4526043833143 2978.134529070198 102.0408163265306
v 2992.4633668855345 2972.7398177376986 102.0408163265306
v 3001.4418762370833 2969.73129275203 102.0408163265306
v 3011.5357162534747 2969.8053216884005 102.0408163265306
v 3021.655344122095 2973.3444648627074 102.0408163265306
v 3030.5910375574977 2980.3403339107053 102.0408163265306
v 3037.153586518244 2990.359976249615 102.0408163265306
v 3040.322693998864 3002.5625826123864 102.0408163265306
v 3039.3853062491667 3015.767498118923 102.0408163265306
v 3034.0464196941766 3028.5683382082907 102.0408163265306
v 3024.49734495968 3039.482191694624 102.0408163265306
v 3011.430736267124 3047.11813664599 102.0408163265306
v 2995.997476926425 3050.3462008056536 102.0408163265306
v 2979.707124711068 3048.4468922155943 102.0408163265306
v 2964.2803236029845 3041.222704055687 102.0408163265306
v 2951.4676049079203 3029.0564989172835 102.0408163265306
v 2942.8536084450975 3012.9070817188076 102.0408163265306
v 2939.668368328904 2994.2390276785345 102.0408163265306
v 2942.627551150719 2974.8912189947373 102.0408163265306
v 2951.8212881017694 2956.895741380765 102.0408163265306
v 2966.6666666666665 2942.2649730810376 102.0408163265306
v 2985.932471284411 2932.7691249064596 102.0408163265306
v 3007.837044437445 2929.7285934219317 102.0408163265306
v 3030.2120009455916 2933.8449457923984 102.0408163265306
v 3050.7168651062907 2945.0911248074167 102.0408163265306
v 3067.083386522529 2962.6758061175397 102.0408163265306
v 3077.3640791782736 2985.0892958988766 102.0408163265306
v 3080.1579646731957 3010.2296932180807 102.0408163265306
v 3074.7878546863667 3035.5991745366787 102.0408163265306
v 3061.4077365664907 3058.5521585499973 102.0408163265306
v 3041.0255681115664 3076.5706962186787 102.0408163265306
v 3015.435393570394 3087.5384669344185 102.0408163265306
v 2987.0622874297014 3089.9837674437213 102.0408163265306
v 2958.7332036770395 3083.264067913942 102.0408163265306
v 2933.395313692531 3067.669951625872 102.0408163265306
v 2913.8098958880073 3044.4340869553853 102.0408163265306
v 2902.2535241512255 3015.640542227665 102.0408163265306
v 2900.2586981134955 2984.040263032995 102.0408163265306
v 2908.4230143810078 2952.788782609903 102.0408163265306
v 2926.3097087662045 2925.1311173500994 102.0408163265306
v 2952.453473801806 2904.0653130556752 102.0408163265306
v 2984.4747449156416 2892.0194790675346 102.0408163265306
v 3019.294241962992 2890.576916331977 102.0408163265306
v 3053.42864684297 2900.2800235291625 102.0408163265306
v 3083.339071054523 2920.536356253575 102.0408163265306
v 3105.7974529709577 2949.6401921188444 102.0408163265306
v 3118.2329978929633 2984.911202503331 102.0408163265306
v 3119.0216602742676 3022.939544770959 102.0408163265306
v 3107.686488891428 3059.9151533376335 102.0408163265306
v 3084.985017205136 3092.0094665389233 102.0408163265306
v 3052.8710016547857 3115.771344863302 102.0408163265306
v 3014.3305955427572 3128.4962863141823 102.0408163265306
v 2973.106195102551 3128.5296141494155 102.0408163265306
v 2933.3333333333335 3115.470053837925 102.0408163265306
v 2899.12582196308 3090.2495414840237 102.0408163265306
v 2874.1507573628674 3055.07732607606 102.0408163265306
v 2861.237247156479 3013.250236339371 102.0408163265306
v 2862.060434177821 2968.8449751614994 102.0408163265306
v 2876.935712445084 2926.3210206026024 102.0408163265306
v 2904.7475296079588 2890.072789184835 102.0408163265306
v 2943.023850150306 2863.976033394678 102.0408163265306
v 2988.1525317022174 2850.975245615265 102.0408163265306
v 3035.7210508347616 2852.7558229812817 102.0408163265306
v 3080.9477485624207 2869.537105704721 102.0408163265306
v 3119.1624689296186 2900.0108162709826 102.0408163265306
v 3146.288280354048 2941.4350069868574 102.0408163265306
v 3159.274641295513 2989.8777986810733 102.0408163265306
v 3156.4361537610275 3040.5895736858306 102.0408163265306
v 3137.659669008739 3088.468497401825 102.0408163265306
v 3104.4551892948098 3128.5737577210584 102.0408163265306
v 3059.8415280648996 3156.634893741422 102.0408163265306
v 3008.0745069276654 3169.5047605886316 102.0408163265306
v 2954.2418703764592 3165.5082494496874 102.0408163265306
v 2903.763382843464 3144.648499997152 102.0408163265306
v 2861.845213651268 3108.6461248508945 102.0408163265306
v 2832.9435340825053 3060.8035810356746 102.0408163265306
v 2820.2925408644373 3005.704618346117 102.0408163265306
v 2825.5467320700914 2948.7758987561037 102.0408163265306
v 2848.576628464414 2895.7526310878548 102.0408163265306
v 2887.442239966332 2852.1008296387145 102.0408163265306
v 2938.5508674979387 2822.454391635426 102.0408163265306
v 2996.987069493996 2810.1249131285977 102.0408163265306
v 3056.9847184973455 2816.7359334602284 102.0408163265306
v 3112.4958854925962 2842.021633541753 102.0408163265306
v 3157.8004343040657 2883.8140017812116 102.0408163265306
v 3188.094887956793 2938.223681457673 102.0408163265306
v 3200.0 2999.9999999999995 102.0408163265306
v 3000.0 3000.0 122.44897959183673
v 3001.919335591396 3000.6303705973705 122.44897959183673
v 3003.2536172021455 3002.39558759214 122.44897959183673
v 3003.5154964216435 3004.9368239518203 122.44897959183673
v 3002.3993565683095 3007.716381749043 122.44897959183673
v 2999.8397377390424 3010.0997386633726 122.44897959183673
v 2996.035539838577 3011.4545553783596 122.44897959183673
v 2991.435822606134 3011.2531977448803 122.44897959183673
v 2986.688055249619 3009.1646038604085 122.44897959183673
v 2982.5546732070093 3005.1224101243897 122.44897959183673
v 2979.8081506589256 2999.359031646504 122.44897959183673
v 2979.117941760313 2992.3995523705407 122.44897959183673
v 2980.944167400175 2985.0143276067733 122.44897959183673
v 2985.4526043833143 2978.134529070198 122.44897959183673
v 2992.4633668855345 2972.7398177376986 122.44897959183673
v 3001.4418762370833 2969.73129275203 122.44897959183673
v 3011.5357162534747 2969.8053216884005 122.44897959183673
v 3021.655344122095 2973.3444648627074 122.44897959183673
v 3030.5910375574977 2980.3403339107053 122.44897959183673
v 3037.153586518244 2990.359976249615 122.44897959183673
v 3040.322693998864 3002.5625826123864 122.44897959183673
v 3039.3853062491667 3015.767498118923 122.44897959183673
v 3034.0464196941766 3028.5683382082907 122.44897959183673
v 3024.49734495968 3039.482191694624 122.44897959183673
v 3011.430736267124 3047.11813664599 122.44897959183673
v 2995.997476926425 3050.3462008056536 122.44897959183673
v 2979.707124711068 3048.4468922155943 122.44897959183673
v 2964.2803236029845 3041.222704055687 122.44897959183673
v 2951.4676049079203 3029.0564989172835 122.44897959183673
v 2942.8536084450975 3012.9070817188076 122.44897959183673
v 2939.668368328904 2994.2390276785345 122.44897959183673
v 2942.627551150719 2974.8912189947373 122.44897959183673
v 2951.8212881017694 2956.895741380765 122.44897959183673
v 2966.6666666666665 2942.2649730810376 122.44897959183673
v 2985.932471284411 2932.7691249064596 122.44897959183673
v 3007.837044437445 2929.7285934219317 122.44897959183673
v 3030.2120009455916 2933.8449457923984 122.44897959183673
v 3050.7168651062907 2945.0911248074167 122.44897959183673
v 3067.083386522529 2962.6758061175397 122.44897959183673
v 3077.3640791782736 2985.0892958988766 122.44897959183673
v 3080.1579646731957 3010.2296932180807 122.44897959183673
v 3074.7878546863667 3035.5991745366787 122.44897959183673
v 3061.4077365664907 3058.5521585499973 122.44897959183673
v 3041.0255681115664 3076.5706962186787 122.44897959183673
v 3015.435393570394 3087.5384669344185 122.44897959183673
v 2987.0622874297014 3089.9837674437213 122.44897959183673
v 2958.7332036770395 3083.264067913942 122.44897959183673
v 2933.395313692531 3067.669951625872 122.44897959183673
v 2913.8098958880073 3044.4340869553853 122.44897959183673
v 2902.2535241512255 3015.640542227665 122.44897959183673
v 2900.2586981134955 2984.040263032995 122.44897959183673
v 2908.4230143810078 2952.788782609903 122.44897959183673
v 2926.3097087662045 2925.1311173500994 122.44897959183673
v 2952.453473801806 2904.0653130556752 122.44897959183673
v 2984.4747449156416 2892.0194790675346 122.44897959183673
v 3019.294241962992 2890.576916331977 122.44897959183673
v 3053.42864684297 2900.2800235291625 122.44897959183673
v 3083.339071054523 2920.536356253575 122.44897959183673
v 3105.7974529709577 2949.6401921188444 122.44897959183673
v 3118.2329978929633 2984.911202503331 122.44897959183673
v 3119.0216602742676 3022.939544770959 122.44897959183673
v 3107.686488891428 3059.9151533376335 122.44897959183673
v 3084.985017205136 3092.0094665389233 122.44897959183673
v 3052.8710016547857 3115.771344863302 122.44897959183673
v 3014.3305955427572 3128.4962863141823 122.44897959183673
v 2973.106195102551 3128.5296141494155 122.44897959183673
v 2933.3333333333335 3115.470053837925 122.44897959183673
v 2899.12582196308 3090.2495414840237 122.44897959183673
v 2874.1507573628674 3055.07732607606 122.44897959183673
v 2861.237247156479 3013.250236339371 122.44897959183673
v 2862.060434177821 2968.8449751614994 122.44897959183673
v 2876.935712445084 2926.3210206026024 122.44897959183673
v 2904.7475296079588 2890.072789184835 122.44897959183673
v 2943.023850150306 2863.976033394678 122.44897959183673
v 2988.1525317022174 2850.975245615265 122.44897959183673
v 3035.7210508347616 2852.7558229812817 122.44897959183673
v 3080.9477485624207 2869.537105704721 122.44897959183673
v 3119.1624689296186 2900.0108162709826 122.44897959183673
v 3146.288280354048 2941.4350069868574 122.44897959183673
v 3159.274641295513 2989.8777986810733 122.44897959183673
v 3156.4361537610275 3040.5895736858306 122.44897959183673
v 3137.659669008739 3088.468497401825 122.44897959183673
v 3104.4551892948098 3128.5737577210584 122.44897959183673
v 3059.8415280648996 3156.634893741422 122.44897959183673
v 3008.0745069276654 3169.5047605886316 122.44897959183673
v 2954.2418703764592 3165.5082494496874 122.44897959183673
v 2903.763382843464 3144.648499997152 122.44897959183673
v 2861.845213651268 3108.6461248508945 122.44897959183673
v 2832.9435340825053 3060.8035810356746 122.44897959183673
v 2820.2925408644373 3005.704618346117 122.44897959183673
v 2825.5467320700914 2948.7758987561037 122.44897959183673
v 2848.576628464414 2895.7526310878548 122.44897959183673
v 2887.442239966332 2852.1008296387145 122.44897959183673
v 2938.5508674979387 2822.454391635426 122.44897959183673
v 2996.987069493996 2810.1249131285977 122.44897959183673
v 3056.9847184973455 2816.7359334602284 122.44897959183673
v 3112.4958854925962 2842.021633541753 122.44897959183673
v 3157.8004343040657 2883.8140017812116 122.44897959183673
v 3188.094887956793 2938.223681457673 122.44897959183673
v 3200.0 2999.9999999999995 122.44897959183673
v 3000.0 3000.0 142.85714285714286
v 3001.919335591396 3000.6303705973705 142.85714285714286
v 3003.2536172021455 3002.39558759214 142.85714285714286
v 3003.5154964216435 3004.9368239518203 142.85714285714286
v 3002.3993565683095 3007.716381749043 142.85714285714286
v 2999.8397377390424 3010.0997386633726 142.85714285714286
v 2996.035539838577 3011.4545553783596 142.85714285714286
v 2991.435822606134 3011.2531977448803 142.85714285714286
v 2986.688055249619 3009.1646038604085 142.85714285714286
v 2982.5546732070093 3005.1224101243897 142.85714285714286
v 2979.8081506589256 2999.359031646504 142.85714285714286
v 2979.117941760313 2992.3995523705407 142.85714285714286
v 2980.944167400175 2985.0143276067733 142.85714285714286
v 2985.4526043833143 2978.134529070198 142.85714285714286
v 2992.4633668855345 2972.7398177376986 142.85714285714286
v 3001.4418762370833 2969.73129275203 142.85714285714286
v 3011.5357162534747 2969.8053216884005 142.85714285714286
v 3021.655344122095 2973.3444648627074 142.85714285714286
v 3030.5910375574977 2980.3403339107053 142.85714285714286
v 3037.153586518244 2990.359976249615 142.85714285714286
v 3040.322693998864 3002.5625826123864 142.85714285714286
v 3039.3853062491667 3015.767498118923 142.85714285714286
v 3034.0464196941766 3028.5683382082907 142.85714285714286
v 3024.49734495968 3039.482191694624 142.85714285714286
v 3011.430736267124 3047.11813664599 142.85714285714286
v 2995.997476926425 3050.3462008056536 142.85714285714286
v 2979.707124711068 3048.4468922155943 142.85714285714286
v 2964.2803236029845 3041.222704055687 142.85714285714286
v 2951.4676049079203 3029.0564989172835 142.85714285714286
v 2942.8536084450975 3012.9070817188076 142.85714285714286
v 2939.668368328904 2994.2390276785345 142.85714285714286
v 2942.627551150719 2974.8912189947373 142.85714285714286
v 2951.8212881017694 2956.895741380765 142.85714285714286
v 2966.6666666666665 2942.2649730810376 142.85714285714286
v 2985.932471284411 2932.7691249064596 142.85714285714286
v 3007.837044437445 2929.7285934219317 142.85714285714286
v 3030.2120009455916 2933.8449457923984 142.85714285714286
v 3050.7168651062907 2945.0911248074167 142.85714285714286
v 3067.083386522529 2962.6758061175397 142.85714285714286
v 3077.3640791782736 2985.0892958988766 142.85714285714286
v 3080.1579646731957 3010.2296932180807 142.85714285714286
v 3074.7878546863667 3035.5991745366787 142.85714285714286
v 3061.4077365664907 3058.5521585499973 142.85714285714286
v 3041.0255681115664 3076.5706962186787 142.85714285714286
v 3015.435393570394 3087.5384669344185 142.85714285714286
v 2987.0622874297014 3089.9837674437213 142.85714285714286
v 2958.7332036770395 3083.264067913942 142.85714285714286
v 2933.395313692531 3067.669951625872 142.85714285714286
v 2913.8098958880073 3044.4340869553853 142.85714285714286
v 2902.2535241512255 3015.640542227665 142.85714285714286
v 2900.2586981134955 2984.040263032995 142.85714285714286
v 2908.4230143810078 2952.788782609903 142.85714285714286
v 2926.3097087662045 2925.1311173500994 142.85714285714286
v 2952.453473801806 2904.0653130556752 142.85714285714286
v 2984.4747449156416 2892.0194790675346 142.85714285714286
v 3019.294241962992 2890.576916331977 142.85714285714286
v 3053.42864684297 2900.2800235291625 142.85714285714286
v 3083.339071054523 2920.536356253575 142.85714285714286
v 3105.7974529709577 2949.6401921188444 142.85714285714286
v 3118.2329978929633 2984.911202503331 142.85714285714286
v 3119.0216602742676 3022.939544770959 142.85714285714286
v 3107.686488891428 3059.9151533376335 142.85714285714286
v 3084.985017205136 3092.0094665389233 142.85714285714286
v 3052.8710016547857 3115.771344863302 142.85714285714286
v 3014.3305955427572 3128.4962863141823 142.85714285714286
v 2973.106195102551 3128.5296141494155 142.85714285714286
v 2933.3333333333335 3115.470053837925 142.85714285714286
v 2899.12582196308 3090.2495414840237 142.85714285714286
v 2874.1507573628674 3055.07732607606 142.85714285714286
v 2861.237247156479 3013.250236339371 142.85714285714286
v 2862.060434177821 2968.8449751614994 142.85714285714286
v 2876.935712445084 2926.3210206026024 142.85714285714286
v 2904.7475296079588 2890.072789184835 142.85714285714286
v 2943.023850150306 2863.976033394678 142.85714285714286
v 2988.1525317022174 2850.975245615265 142.85714285714286
v 3035.7210508347616 2852.7558229812817 142.85714285714286
v 3080.9477485624207 2869.537105704721 142.85714285714286
v 3119.1624689296186 2900.0108162709826 142.85714285714286
v 3146.288280354048 2941.4350069868574 142.85714285714286
v 3159.274641295513 2989.8777986810733 142.85714285714286
v 3156.4361537610275 3040.5895736858306 142.85714285714286
v 3137.659669008739 3088.468497401825 142.85714285714286
v 3104.4551892948098 3128.5737577210584 142.85714285714286
v 3059.8415280648996 3156.634893741422 142.85714285714286
v 3008.0745069276654 3169.5047605886316 142.85714285714286
v 2954.2418703764592 3165.5082494496874 142.85714285714286
v 2903.763382843464 3144.648499997152 142.85714285714286
v 2861.845213651268 3108.6461248508945 142.85714285714286
v 2832.9435340825053 3060.8035810356746 142.85714285714286
v 2820.2925408644373 3005.704618346117 142.85714285714286
v 2825.5467320700914 2948.7758987561037 142.85714285714286
v 2848.576628464414 2895.7526310878548 142.85714285714286
v 2887.442239966332 2852.1008296387145 142.85714285714286
v 2938.5508674979387 2822.454391635426 142.85714285714286
v 2996.987069493996 2810.1249131285977 142.85714285714286
v 3056.9847184973455 2816.7359334602284 142.85714285714286
v 3112.4958854925962 2842.021633541753 142.85714285714286
v 3157.8004343040657 2883.8140017812116 142.85714285714286
v 3188.094887956793 2938.223681457673 142.85714285714286
v 3200.0 2999.9999999999995 142.85714285714286
v 3000.0 3000.0 163.26530612244898
v 3001.919335591396 3000.6303705973705 163.26530612244898
v 3003.2536172021455 3002.39558759214 163.26530612244898
v 3003.5154964216435 3004.9368239518203 163.26530612244898
v 3002.3993565683095 3007.716381749043 163.26530612244898
v 2999.8397377390424 3010.0997386633726 163.26530612244898
v 2996.035539838577 3011.4545553783596 163.26530612244898
v 2991.435822606134 3011.2531977448803 163.26530612244898
v 2986.688055249619 3009.1646038604085 163.26530612244898
v 2982.5546732070093 3005.1224101243897 163.26530612244898
v 2979.8081506589256 2999.359031646504 163.26530612244898
v 2979.117941760313 2992.3995523705407 163.26530612244898
v 2980.944167400175 2985.0143276067733 163.26530612244898
v 2985.4526043833143 2978.134529070198 163.26530612244898
v 2992.4633668855345 2972.7398177376986 163.26530612244898
v 3001.4418762370833 2969.73129275203 163.26530612244898
v 3011.5357162534747 2969.8053216884005 163.26530612244898
v 3021.655344122095 2973.3444648627074 163.26530612244898
v 3030.5910375574977 2980.3403339107053 163.26530612244898
v 3037.153586518244 2990.359976249615 163.26530612244898
v 3040.322693998864 3002.5625826123864 163.26530612244898
v 3039.3853062491667 3015.767498118923 163.26530612244898
v 3034.0464196941766 3028.5683382082907 163.26530612244898
v 3024.49734495968 3039.482191694624 163.26530612244898
v 3011.430736267124 3047.11813664599 163.26530612244898
v 2995.997476926425 3050.3462008056536 163.26530612244898
v 2979.707124711068 3048.4468922155943 163.26530612244898
v 2964.2803236029845 3041.222704055687 163.26530612244898
v 2951.4676049079203 3029.0564989172835 163.26530612244898
v 2942.8536084450975 3012.9070817188076 163.26530612244898
v 2939.668368328904 2994.2390276785345 163.26530612244898
v 2942.627551150719 2974.8912189947373 163.26530612244898
v 2951.8212881017694 2956.895741380765 163.26530612244898
v 2966.6666666666665 2942.2649730810376 163.26530612244898
v 2985.932471284411 2932.7691249064596 163.26530612244898
v 3007.837044437445 2929.7285934219317 163.26530612244898
v 3030.2120009455916 2933.8449457923984 163.26530612244898
v 3050.7168651062907 2945.0911248074167 163.26530612244898
v 3067.083386522529 2962.6758061175397 163.26530612244898
v 3077.3640791782736 2985.0892958988766 163.26530612244898
v 3080.1579646731957 3010.2296932180807 163.26530612244898
v 3074.7878546863667 3035.5991745366787 163.26530612244898
v 3061.4077365664907 3058.5521585499973 163.26530612244898
v 3041.0255681115664 3076.5706962186787 163.26530612244898
v 3015.435393570394 3087.5384669344185 163.26530612244898
v 2987.0622874297014 3089.9837674437213 163.26530612244898
v 2958.7332036770395 3083.264067913942 163.26530612244898
v 2933.395313692531 3067.669951625872 163.26530612244898
v 2913.8098958880073 3044.4340869553853 163.26530612244898
v 2902.2535241512255 3015.640542227665 163.26530612244898
v 2900.2586981134955 2984.040263032995 163.26530612244898
v 2908.4230143810078 2952.788782609903 163.26530612244898
v 2926.3097087662045 2925.1311173500994 163.26530612244898
v 2952.453473801806 2904.0653130556752 163.26530612244898
v 2984.4747449156416 2892.0194790675346 163.26530612244898
v 3019.294241962992 2890.576916331977 163.26530612244898
v 3053.42864684297 2900.2800235291625 163.26530612244898
v 3083.339071054523 2920.536356253575 163.26530612244898
v 3105.7974529709577 2949.6401921188444 163.26530612244898
v 3118.2329978929633 2984.911202503331 163.26530612244898
v 3119.0216602742676 3022.939544770959 163.26530612244898
v 3107.686488891428 3059.9151533376335 163.26530612244898
v 3084.985017205136 3092.0094665389233 163.26530612244898
v 3052.8710016547857 3115.771344863302 163.26530612244898
v 3014.3305955427572 3128.4962863141823 163.26530612244898
v 2973.106195102551 3128.5296141494155 163.26530612244898
v 2933.3333333333335 3115.470053837925 163.26530612244898
v 2899.12582196308 3090.2495414840237 163.26530612244898
v 2874.1507573628674 3055.07732607606 163.26530612244898
v 2861.237247156479 3013.250236339371 163.26530612244898
v 2862.060434177821 2968.8449751614994 163.26530612244898
v 2876.935712445084 2926.3210206026024 163.26530612244898
v 2904.7475296079588 2890.072789184835 163.26530612244898
v 2943.023850150306 2863.976033394678 163.26530612244898
v 2988.1525317022174 2850.975245615265 163.26530612244898
v 3035.7210508347616 2852.7558229812817 163.26530612244898
v 3080.9477485624207 2869.537105704721 163.26530612244898
v 3119.1624689296186 2900.0108162709826 163.26530612244898
v 3146.288280354048 2941.4350069868574 163.26530612244898
v 3159.274641295513 2989.8777986810733 163.26530612244898
v 3156.4361537610275 3040.5895736858306 163.26530612244898
v 3137.659669008739 3088.468497401825 163.26530612244898
v 3104.4551892948098 3128.5737577210584 163.26530612244898
v 3059.8415280648996 3156.634893741422 163.26530612244898
v 3008.0745069276654 3169.5047605886316 163.26530612244898
v 2954.2418703764592 3165.5082494496874 163.26530612244898
v 2903.763382843464 3144.648499997152 163.26530612244898
v 2861.845213651268 3108.6461248508945 163.26530612244898
v 2832.9435340825053 3060.8035810356746 163.26530612244898
v 2820.2925408644373 3005.704618346117 163.26530612244898
v 2825.5467320700914 2948.7758987561037 163.26530612244898
v 2848.576628464414 2895.7526310878548 163.26530612244898
v 2887.442239966332 2852.1008296387145 163.26530612244898
v 2938.5508674979387 2822.454391635426 163.26530612244898
v 2996.987069493996 2810.1249131285977 163.26530612244898
v 3056.9847184973455 2816.7359334602284 163.26530612244898
v 3112.4958854925962 2842.021633541753 163.26530612244898
v 3157.8004343040657 2883.8140017812116 163.26530612244898
v 3188.094887956793 2938.223681457673 163.26530612244898
v 3200.0 2999.9999999999995 163.26530612244898
v 3000.0 3000.0 183.6734693877551
v 3001.919335591396 3000.6303705973705 183.6734693877551
v 3003.2536172021455 3002.39558759214 183.6734693877551
v 3003.5154964216435 3004.9368239518203 183.6734693877551
v 3002.3993565683095 3007.716381749043 183.6734693877551
v 2999.8397377390424 3010.0997386633726 183.6734693877551
v 2996.035539838577 3011.4545553783596 183.6734693877551
v 2991.435822606134 3011.2531977448803 183.6734693877551
v 2986.688055249619 3009.1646038604085 183.6734693877551
v 2982.5546732070093 3005.1224101243897 183.6734693877551
v 2979.8081506589256 2999.359031646504 183.6734693877551
v 2979.117941760313 2992.3995523705407 183.6734693877551
v 2980.944167400175 2985.0143276067733 183.6734693877551
v 2985.4526043833143 2978.134529070198 183.6734693877551
v 2992.4633668855345 2972.7398177376986 183.6734693877551
v 3001.4418762370833 2969.73129275203 183.6734693877551
v 3011.5357162534747 2969.8053216884005 183.6734693877551
v 3021.655344122095 2973.3444648627074 183.6734693877551
v 3030.5910375574977 2980.3403339107053 183.6734693877551
v 3037.153586518244 2990.359976249615 183.6734693877551
v 3040.322693998864 3002.5625826123864 183.6734693877551
v 3039.3853062491667 3015.767498118923 183.6734693877551
v 3034.0464196941766 3028.5683382082907 183.6734693877551
v 3024.49734495968 3039.482191694624 183.6734693877551
v 3011.430736267124 3047.11813664599 183.6734693877551
v 2995.997476926425 3050.3462008056536 183.6734693877551
v 2979.707124711068 3048.4468922155943 183.6734693877551
v 2964.2803236029845 3041.222704055687 183.6734693877551
v 2951.4676049079203 3029.0564989172835 183.6734693877551
v 2942.8536084450975 3012.9070817188076 183.6734693877551
v 2939.668368328904 2994.2390276785345 183.6734693877551
v 2942.627551150719 2974.8912189947373 183.6734693877551
v 2951.8212881017694 2956.895741380765 183.6734693877551
v 2966.6666666666665 2942.2649730810376 183.6734693877551
v 2985.932471284411 2932.7691249064596 183.6734693877551
v 3007.837044437445 2929.7285934219317 183.6734693877551
v 3030.2120009455916 2933.8449457923984 183.6734693877551
v 3050.7168651062907 2945.0911248074167 183.6734693877551
v 3067.083386522529 2962.6758061175397 183.6734693877551
v 3077.3640791782736 2985.0892958988766 183.6734693877551
v 3080.1579646731957 3010.2296932180807 183.6734693877551
v 3074.7878546863667 3035.5991745366787 183.6734693877551
v 3061.4077365664907 3058.5521585499973 183.6734693877551
v 3041.0255681115664 3076.5706962186787 183.6734693877551
v 3015.435393570394 3087.5384669344185 183.6734693877551
v 2987.0622874297014 3089.9837674437213 183.6734693877551
v 2958.7332036770395 3083.264067913942 183.6734693877551
v 2933.395313692531 3067.669951625872 183.6734693877551
v 2913.8098958880073 3044.4340869553853 183.6734693877551
v 2902.2535241512255 3015.640542227665 183.6734693877551
v 2900.2586981134955 2984.040263032995 183.6734693877551
v 2908.4230143810078 2952.788782609903 183.6734693877551
v 2926.3097087662045 2925.1311173500994 183.6734693877551
v 2952.453473801806 2904.0653130556752 183.6734693877551
v 2984.4747449156416 2892.0194790675346 183.6734693877551
v 3019.294241962992 2890.576916331977 183.6734693877551
v 3053.42864684297 2900.2800235291625 183.6734693877551
v 3083.339071054523 2920.536356253575 183.6734693877551
v 3105.7974529709577 2949.6401921188444 183.6734693877551
v 3118.2329978929633 2984.911202503331 183.6734693877551
v 3119.0216602742676 3022.939544770959 183.6734693877551
v 3107.686488891428 3059.9151533376335 183.6734693877551
v 3084.985017205136 3092.0094665389233 183.6734693877551
v 3052.8710016547857 3115.771344863302 183.6734693877551
v 3014.3305955427572 3128.4962863141823 183.6734693877551
v 2973.106195102551 3128.5296141494155 183.6734693877551
v 2933.3333333333335 3115.470053837925 183.6734693877551
v 2899.12582196308 3090.2495414840237 183.6734693877551
v 2874.1507573628674 3055.07732607606 183.6734693877551
v 2861.237247156479 3013.250236339371 183.6734693877551
v 2862.060434177821 2968.8449751614994 183.6734693877551
v 2876.935712445084 2926.3210206026024 183.6734693877551
v 2904.7475296079588 2890.072789184835 183.6734693877551
v 2943.023850150306 2863.976033394678 183.6734693877551
v 2988.1525317022174 2850.975245615265 183.6734693877551
v 3035.7210508347616 2852.7558229812817 183.6734693877551
v 3080.9477485624207 2869.537105704721 183.6734693877551
v 3119.1624689296186 2900.0108162709826 183.6734693877551
v 3146.288280354048 2941.4350069868574 183.6734693877551
v 3159.274641295513 2989.8777986810733 183.6734693877551
v 3156.4361537610275 3040.5895736858306 183.6734693877551
v 3137.659669008739 3088.468497401825 183.6734693877551
v 3104.4551892948098 3128.5737577210584 183.6734693877551
v 3059.8415280648996 3156.634893741422 183.6734693877551
v 3008.0745069276654 3169.5047605886316 183.6734693877551
v 2954.2418703764592 3165.5082494496874 183.6734693877551
v 2903.763382843464 3144.648499997152 183.6734693877551
v 2861.845213651268 3108.6461248508945 183.6734693877551
v 2832.9435340825053 3060.8035810356746 183.6734693877551
v 2820.2925408644373 3005.704618346117 183.6734693877551
v 2825.5467320700914 2948.7758987561037 183.6734693877551
v 2848.576628464414 2895.7526310878548 183.6734693877551
v 2887.442239966332 2852.1008296387145 183.6734693877551
v 2938.5508674979387 2822.454391635426 183.6734693877551
v 2996.987069493996 2810.1249131285977 183.6734693877551
v 3056.9847184973455 2816.7359334602284 183.6734693877551
v 3112.4958854925962 2842.021633541753 183.6734693877551
v 3157.8004343040657 2883.8140017812116 183.6734693877551
v 3188.094887956793 2938.223681457673 183.6734693877551
v 3200.0 2999.9999999999995 183.6734693877551
v 3000.0 3000.0 204.0816326530612
v 3001.919335591396 3000.6303705973705 204.0816326530612
v 3003.2536172021455 3002.39558759214 204.0816326530612
v 3003.5154964216435 3004.9368239518203 204.0816326530612
v 3002.3993565683095 3007.716381749043 204.0816326530612
v 2999.8397377390424 3010.0997386633726 204.0816326530612
v 2996.035539838577 3011.4545553783596 204.0816326530612
v 2991.435822606134 3011.2531977448803 204.0816326530612
v 2986.688055249619 3009.1646038604085 204.0816326530612
v 2982.5546732070093 3005.1224101243897 204.0816326530612
v 2979.8081506589256 2999.359031646504 204.0816326530612
v 2979.117941760313 2992.3995523705407 204.0816326530612
v 2980.944167400175 2985.0143276067733 204.0816326530612
v 2985.4526043833143 2978.134529070198 204.0816326530612
v 2992.4633668855345 2972.7398177376986 204.0816326530612
v 3001.4418762370833 2969.73129275203 204.0816326530612
v 3011.5357162534747 2969.8053216884005 204.0816326530612
v 3021.655344122095 2973.3444648627074 204.0816326530612
v 3030.5910375574977 2980.3403339107053 204.0816326530612
v 3037.153586518244 2990.359976249615 204.0816326530612
v 3040.322693998864 3002.5625826123864 204.0816326530612
v 3039.3853062491667 3015.767498118923 204.0816326530612
v 3034.0464196941766 3028.5683382082907 204.0816326530612
v 3024.49734495968 3039.482191694624 204.0816326530612
v 3011.430736267124 3047.11813664599 204.0816326530612
v 2995.997476926425 3050.3462008056536 204.0816326530612
v 2979.707124711068 3048.4468922155943 204.0816326530612
v 2964.2803236029845 3041.222704055687 204.0816326530612
v 2951.4676049079203 3029.0564989172835 204.0816326530612
v 2942.8536084450975 3012.9070817188076 204.0816326530612
v 2939.668368328904 2994.2390276785345 204.0816326530612
v 2942.627551150719 2974.8912189947373 204.0816326530612
v 2951.8212881017694 2956.895741380765 204.0816326530612
v 2966.6666666666665 2942.2649730810376 204.0816326530612
v 2985.932471284411 2932.7691249064596 204.0816326530612
v 3007.837044437445 2929.7285934219317 204.0816326530612
v 3030.2120009455916 2933.8449457923984 204.0816326530612
v 3050.7168651062907 2945.0911248074167 204.0816326530612
v 3067.083386522529 2962.6758061175397 204.0816326530612
v 3077.3640791782736 2985.0892958988766 204.0816326530612
v 3080.1579646731957 3010.2296932180807 204.0816326530612
v 3074.7878546863667 3035.5991745366787 204.0816326530612
v 3061.4077365664907 3058.5521585499973 204.0816326530612
v 3041.0255681115664 3076.5706962186787 204.0816326530612
v 3015.435393570394 3087.5384669344185 204.0816326530612
v 2987.0622874297014 3089.9837674437213 204.0816326530612
v 2958.7332036770395 3083.264067913942 204.0816326530612
v 2933.395313692531 3067.669951625872 204.0816326530612
v 2913.8098958880073 3044.4340869553853 204.0816326530612
v 2902.2535241512255 3015.640542227665 204.0816326530612
v 2900.2586981134955 2984.040263032995 204.0816326530612
v 2908.4230143810078 2952.788782609903 204.0816326530612
v 2926.3097087662045 2925.1311173500994 204.0816326530612
v 2952.453473801806 2904.0653130556752 204.0816326530612
v 2984.4747449156416 2892.0194790675346 204.0816326530612
v 3019.294241962992 2890.576916331977 204.0816326530612
v 3053.42864684297 2900.2800235291625 204.0816326530612
v 3083.339071054523 2920.536356253575 204.0816326530612
v 3105.7974529709577 2949.6401921188444 204.0816326530612
v 3118.2329978929633 2984.911202503331 204.0816326530612
v 3119.0216602742676 3022.939544770959 204.0816326530612
v 3107.686488891428 3059.9151533376335 204.0816326530612
v 3084.985017205136 3092.0094665389233 204.0816326530612
v 3052.8710016547857 3115.771344863302 204.0816326530612
v 3014.3305955427572 3128.4962863141823 204.0816326530612
v 2973.106195102551 3128.5296141494155 204.0816326530612
v 2933.3333333333335 3115.470053837925 204.0816326530612
v 2899.12582196308 3090.2495414840237 204.0816326530612
v 2874.1507573628674 3055.07732607606 204.0816326530612
v 2861.237247156479 3013.250236339371 204.0816326530612
v 2862.060434177821 2968.8449751614994 204.0816326530612
v 2876.935712445084 2926.3210206026024 204.0816326530612
v 2904.7475296079588 2890.072789184835 204.0816326530612
v 2943.023850150306 2863.976033394678 204.0816326530612
v 2988.1525317022174 2850.975245615265 204.0816326530612
v 3035.7210508347616 2852.7558229812817 204.0816326530612
v 3080.9477485624207 2869.537105704721 204.0816326530612
v 3119.1624689296186 2900.0108162709826 204.0816326530612
v 3146.288280354048 2941.4350069868574 204.0816326530612
v 3159.274641295513 2989.8777986810733 204.0816326530612
v 3156.4361537610275 3040.5895736858306 204.0816326530612
v 3137.659669008739 3088.468497401825 204.0816326530612
v 3104.4551892948098 3128.5737577210584 204.0816326530612
v 3059.8415280648996 3156.634893741422 204.0816326530612
v 3008.0745069276654 3169.5047605886316 204.0816326530612
v 2954.2418703764592 3165.5082494496874 204.0816326530612
v 2903.763382843464 3144.648499997152 204.0816326530612
v 2861.845213651268 3108.6461248508945 204.0816326530612
v 2832.9435340825053 3060.8035810356746 204.0816326530612
v 2820.2925408644373 3005.704618346117 204.0816326530612
v 2825.5467320700914 2948.7758987561037 204.0816326530612
v 2848.576628464414 2895.7526310878548 204.0816326530612
v 2887.442239966332 2852.1008296387145 204.0816326530612
v 2938.5508674979387 2822.454391635426 204.0816326530612
v 2996.987069493996 2810.1249131285977 204.0816326530612
v 3056.9847184973455 2816.7359334602284 204.0816326530612
v 3112.4958854925962 2842.021633541753 204.0816326530612
v 3157.8004343040657 2883.8140017812116 204.0816326530612
v 3188.094887956793 2938.223681457673 204.0816326530612
v 3200.0 2999.9999999999995 204.0816326530612
v 3000.0 3000.0 224.48979591836735
v 3001.919335591396 3000.6303705973705 224.48979591836735
v 3003.2536172021455 3002.39558759214 224.48979591836735
v 3003.5154964216435 3004.9368239518203 224.48979591836735
v 3002.3993565683095 3007.716381749043 224.48979591836735
v 2999.8397377390424 3010.0997386633726 224.48979591836735
v 2996.035539838577 3011.4545553783596 224.48979591836735
v 2991.435822606134 3011.2531977448803 224.48979591836735
v 2986.688055249619 3009.1646038604085 224.48979591836735
v 2982.5546732070093 3005.1224101243897 224.48979591836735
v 2979.8081506589256 2999.359031646504 224.48979591836735
v 2979.117941760313 2992.3995523705407 224.48979591836735
v 2980.944167400175 2985.0143276067733 224.48979591836735
v 2985.4526043833143 2978.134529070198 224.48979591836735
v 2992.4633668855345 2972.7398177376986 224.48979591836735
v 3001.4418762370833 2969.73129275203 224.48979591836735
v 3011.5357162534747 2969.8053216884005 224.48979591836735
v 3021.655344122095 2973.3444648627074 224.48979591836735
v 3030.5910375574977 2980.3403339107053 224.48979591836735
v 3037.153586518244 2990.359976249615 224.48979591836735
v 3040.322693998864 3002.5625826123864 224.48979591836735
v 3039.3853062491667 3015.767498118923 224.48979591836735
v 3034.0464196941766 3028.5683382082907 224.48979591836735
v 3024.49734495968 3039.482191694624 224.48979591836735
v 3011.430736267124 3047.11813664599 224.48979591836735
v 2995.997476926425 3050.3462008056536 224.48979591836735
v 2979.707124711068 3048.4468922155943 224.48979591836735
v 2964.2803236029845 3041.222704055687 224.48979591836735
v 2951.4676049079203 3029.0564989172835 224.48979591836735
v 2942.8536084450975 3012.9070817188076 224.48979591836735
v 2939.668368328904 2994.2390276785345 224.48979591836735
v 2942.627551150719 2974.8912189947373 224.48979591836735
v 2951.8212881017694 2956.895741380765 224.48979591836735
v 2966.6666666666665 2942.2649730810376 224.48979591836735
v 2985.932471284411 2932.7691249064596 224.48979591836735
v 3007.837044437445 2929.7285934219317 224.48979591836735
v 3030.2120009455916 2933.8449457923984 224.48979591836735
v 3050.7168651062907 2945.0911248074167 224.48979591836735
v 3067.083386522529 2962.6758061175397 224.48979591836735
v 3077.3640791782736 2985.0892958988766 224.48979591836735
v 3080.1579646731957 3010.2296932180807 224.48979591836735
v 3074.7878546863667 3035.5991745366787 224.48979591836735
v 3061.4077365664907 3058.5521585499973 224.48979591836735
v 3041.0255681115664 3076.5706962186787 224.48979591836735
v 3015.435393570394 3087.5384669344185 224.48979591836735
v 2987.0622874297014 3089.9837674437213 224.48979591836735
v 2958.7332036770395 3083.264067913942 224.48979591836735
v 2933.395313692531 3067.669951625872 224.48979591836735
v 2913.8098958880073 3044.4340869553853 224.48979591836735
v 2902.2535241512255 3015.640542227665 224.48979591836735
v 2900.2586981134955 2984.040263032995 224.48979591836735
v 2908.4230143810078 2952.788782609903 224.48979591836735
v 2926.3097087662045 2925.1311173500994 224.48979591836735
v 2952.453473801806 2904.0653130556752 224.48979591836735
v 2984.4747449156416 2892.0194790675346 224.48979591836735
v 3019.294241962992 2890.576916331977 224.48979591836735
v 3053.42864684297 2900.2800235291625 224.48979591836735
v 3083.339071054523 2920.536356253575 224.48979591836735
v 3105.7974529709577 2949.6401921188444 224.48979591836735
v 3118.2329978929633 2984.911202503331 224.48979591836735
v 3119.0216602742676 3022.939544770959 224.48979591836735
v 3107.686488891428 3059.9151533376335 224.48979591836735
v 3084.985017205136 3092.0094665389233 224.48979591836735
v 3052.8710016547857 3115.771344863302 224.48979591836735
v 3014.3305955427572 3128.4962863141823 224.48979591836735
v 2973.106195102551 3128.5296141494155 224.48979591836735
v 2933.3333333333335 3115.470053837925 224.48979591836735
v 2899.12582196308 3090.2495414840237 224.48979591836735
v 2874.1507573628674 3055.07732607606 224.48979591836735
v 2861.237247156479 3013.250236339371 224.48979591836735
v 2862.060434177821 2968.8449751614994 224.48979591836735
v 2876.935712445084 2926.3210206026024 224.48979591836735
v 2904.7475296079588 2890.072789184835 224.48979591836735
v 2943.023850150306 2863.976033394678 224.48979591836735
v 2988.1525317022174 2850.975245615265 224.48979591836735
v 3035.7210508347616 2852.7558229812817 224.48979591836735
v 3080.9477485624207 2869.537105704721 224.48979591836735
v 3119.1624689296186 2900.0108162709826 224.48979591836735
v 3146.288280354048 2941.4350069868574 224.48979591836735
v 3159.274641295513 2989.8777986810733 224.48979591836735
v 3156.4361537610275 3040.5895736858306 224.48979591836735
v 3137.659669008739 3088.468497401825 224.48979591836735
v 3104.4551892948098 3128.5737577210584 224.48979591836735
v 3059.8415280648996 3156.634893741422 224.48979591836735
v 3008.0745069276654 3169.5047605886316 224.48979591836735
v 2954.2418703764592 3165.5082494496874 224.48979591836735
v 2903.763382843464 3144.648499997152 224.48979591836735
v 2861.845213651268 3108.6461248508945 224.48979591836735
v 2832.9435340825053 3060.8035810356746 224.48979591836735
v 2820.2925408644373 3005.704618346117 224.48979591836735
v 2825.5467320700914 2948.7758987561037 224.48979591836735
v 2848.576628464414 2895.7526310878548 224.48979591836735
v 2887.442239966332 2852.1008296387145 224.48979591836735
v 2938.5508674979387 2822.454391635426 224.48979591836735
v 2996.987069493996 2810.1249131285977 224.48979591836735
v 3056.9847184973455 2816.7359334602284 224.48979591836735
v 3112.4958854925962 2842.021633541753 224.48979591836735
v 3157.8004343040657 2883.8140017812116 224.48979591836735
v 3188.094887956793 2938.223681457673 224.48979591836735
v 3200.0 2999.9999999999995 224.48979591836735
v 3000.0 3000.0 244.89795918367346
v 3001.919335591396 3000.6303705973705 244.89795918367346
v 3003.2536172021455 3002.39558759214 244.89795918367346
v 3003.5154964216435 3004.9368239518203 244.89795918367346
v 3002.3993565683095 3007.716381749043 244.89795918367346
v 2999.8397377390424 3010.0997386633726 244.89795918367346
v 2996.035539838577 3011.4545553783596 244.89795918367346
v 2991.435822606134 3011.2531977448803 244.89795918367346
v 2986.688055249619 3009.1646038604085 244.89795918367346
v 2982.5546732070093 3005.1224101243897 244.89795918367346
v 2979.8081506589256 2999.359031646504 244.89795918367346
v 2979.117941760313 2992.3995523705407 244.89795918367346
v 2980.944167400175 2985.0143276067733 244.89795918367346
v 2985.4526043833143 2978.134529070198 244.89795918367346
v 2992.4633668855345 2972.7398177376986 244.89795918367346
v 3001.4418762370833 2969.73129275203 244.89795918367346
v 3011.5357162534747 2969.8053216884005 244.89795918367346
v 3021.655344122095 2973.3444648627074 244.89795918367346
v 3030.5910375574977 2980.3403339107053 244.89795918367346
v 3037.153586518244 2990.359976249615 244.89795918367346
v 3040.322693998864 3002.5625826123864 244.89795918367346
v 3039.3853062491667 3015.767498118923 244.89795918367346
v 3034.0464196941766 3028.5683382082907 244.89795918367346
v 3024.49734495968 3039.482191694624 244.89795918367346
v 3011.430736267124 3047.11813664599 244.89795918367346
v 2995.997476926425 3050.3462008056536 244.89795918367346
v 2979.707124711068 3048.4468922155943 244.89795918367346
v 2964.2803236029845 3041.222704055687 244.89795918367346
v 2951.4676049079203 3029.0564989172835 244.89795918367346
v 2942.8536084450975 3012.9070817188076 244.89795918367346
v 2939.668368328904 2994.2390276785345 244.89795918367346
v 2942.627551150719 2974.8912189947373 244.89795918367346
v 2951.8212881017694 2956.895741380765 244.89795918367346
v 2966.6666666666665 2942.2649730810376 244.89795918367346
v 2985.932471284411 2932.7691249064596 244.89795918367346
v 3007.837044437445 2929.7285934219317 244.89795918367346
v 3030.2120009455916 2933.8449457923984 244.89795918367346
v 3050.7168651062907 2945.0911248074167 244.89795918367346
v 3067.083386522529 2962.6758061175397 244.89795918367346
v 3077.3640791782736 2985.0892958988766 244.89795918367346
v 3080.1579646731957 3010.2296932180807 244.89795918367346
v 3074.7878546863667 3035.5991745366787 244.89795918367346
v 3061.4077365664907 3058.5521585499973 244.89795918367346
v 3041.0255681115664 3076.5706962186787 244.89795918367346
v 3015.435393570394 3087.5384669344185 244.89795918367346
v 2987.0622874297014 3089.9837674437213 244.89795918367346
v 2958.7332036770395 3083.264067913942 244.89795918367346
v 2933.395313692531 3067.669951625872 244.89795918367346
v 2913.8098958880073 3044.4340869553853 244.89795918367346
v 2902.2535241512255 3015.640542227665 244.89795918367346
v 2900.2586981134955 2984.040263032995 244.89795918367346
v 2908.4230143810078 2952.788782609903 244.89795918367346
v 2926.3097087662045 2925.1311173500994 244.89795918367346
v 2952.453473801806 2904.0653130556752 244.89795918367346
v 2984.4747449156416 2892.0194790675346 244.89795918367346
v 3019.294241962992 2890.576916331977 244.89795918367346
v 3053.42864684297 2900.2800235291625 244.89795918367346
v 3083.339071054523 2920.536356253575 244.89795918367346
v 3105.7974529709577 2949.6401921188444 244.89795918367346
v 3118.2329978929633 2984.911202503331 244.89795918367346
v 3119.0216602742676 3022.939544770959 244.89795918367346
v 3107.686488891428 3059.9151533376335 244.89795918367346
v 3084.985017205136 3092.0094665389233 244.89795918367346
v 3052.8710016547857 3115.771344863302 244.89795918367346
v 3014.3305955427572 3128.4962863141823 244.89795918367346
v 2973.106195102551 3128.5296141494155 244.89795918367346
v 2933.3333333333335 3115.470053837925 244.89795918367346
v 2899.12582196308 3090.2495414840237 244.89795918367346
v 2874.1507573628674 3055.07732607606 244.89795918367346
v 2861.237247156479 3013.250236339371 244.89795918367346
v 2862.060434177821 2968.8449751614994 244.89795918367346
v 2876.935712445084 2926.3210206026024 244.89795918367346
v 2904.7475296079588 2890.072789184835 244.89795918367346
v 2943.023850150306 2863.976033394678 244.89795918367346
v 2988.1525317022174 2850.975245615265 244.89795918367346
v 3035.7210508347616 2852.7558229812817 244.89795918367346
v 3080.9477485624207 2869.537105704721 244.89795918367346
v 3119.1624689296186 2900.0108162709826 244.89795918367346
v 3146.288280354048 2941.4350069868574 244.89795918367346
v 3159.274641295513 2989.8777986810733 244.89795918367346
v 3156.4361537610275 3040.5895736858306 244.89795918367346
v 3137.659669008739 3088.468497401825 244.89795918367346
v 3104.4551892948098 3128.5737577210584 244.89795918367346
v 3059.8415280648996 3156.634893741422 244.89795918367346
v 3008.0745069276654 3169.5047605886316 244.89795918367346
v 2954.2418703764592 3165.5082494496874 244.89795918367346
v 2903.763382843464 3144.648499997152 244.89795918367346
v 2861.845213651268 3108.6461248508945 244.89795918367346
v 2832.9435340825053 3060.8035810356746 244.89795918367346
v 2820.2925408644373 3005.704618346117 244.89795918367346
v 2825.5467320700914 2948.7758987561037 244.89795918367346
v 2848.576628464414 2895.7526310878548 244.89795918367346
v 2887.442239966332 2852.1008296387145 244.89795918367346
v 2938.5508674979387 2822.454391635426 244.89795918367346
v 2996.987069493996 2810.1249131285977 244.89795918367346
v 3056.9847184973455 2816.7359334602284 244.89795918367346
v 3112.4958854925962 2842.021633541753 244.89795918367346
v 3157.8004343040657 2883.8140017812116 244.89795918367346
v 3188.094887956793 2938.223681457673 244.89795918367346
v 3200.0 2999.9999999999995 244.89795918367346
v 3000.0 3000.0 265.3061224489796
v 3001.919335591396 3000.6303705973705 265.3061224489796
v 3003.2536172021455 3002.39558759214 265.3061224489796
v 3003.5154964216435 3004.9368239518203 265.3061224489796
v 3002.3993565683095 3007.716381749043 265.3061224489796
v 2999.8397377390424 3010.0997386633726 265.3061224489796
v 2996.035539838577 3011.4545553783596 265.3061224489796
v 2991.435822606134 3011.2531977448803 265.3061224489796
v 2986.688055249619 3009.1646038604085 265.3061224489796
v 2982.5546732070093 3005.1224101243897 265.3061224489796
v 2979.8081506589256 2999.359031646504 265.3061224489796
v 2979.117941760313 2992.3995523705407 265.3061224489796
v 2980.944167400175 2985.0143276067733 265.3061224489796
v 2985.4526043833143 2978.134529070198 265.3061224489796
v 2992.4633668855345 2972.7398177376986 265.3061224489796
v 3001.4418762370833 2969.73129275203 265.3061224489796
v 3011.5357162534747 2969.8053216884005 265.3061224489796
v 3021.655344122095 2973.3444648627074 265.3061224489796
v 3030.5910375574977 2980.3403339107053 265.3061224489796
v 3037.153586518244 2990.359976249615 265.3061224489796
v 3040.322693998864 3002.5625826123864 265.3061224489796
v 3039.3853062491667 3015.767498118923 265.3061224489796
v 3034.0464196941766 3028.5683382082907 265.3061224489796
v 3024.49734495968 3039.482191694624 265.3061224489796
v 3011.430736267124 3047.11813664599 265.3061224489796
v 2995.997476926425 3050.3462008056536 265.3061224489796
v 2979.707124711068 3048.4468922155943 265.3061224489796
v 2964.2803236029845 3041.222704055687 265.3061224489796
v 2951.4676049079203 3029.0564989172835 265.3061224489796
v 2942.8536084450975 3012.9070817188076 265.3061224489796
v 2939.668368328904 2994.2390276785345 265.3061224489796
v 2942.627551150719 2974.8912189947373 265.3061224489796
v 2951.8212881017694 2956.895741380765 265.3061224489796
v 2966.6666666666665 2942.2649730810376 265.3061224489796
v 2985.932471284411 2932.7691249064596 265.3061224489796
v 3007.837044437445 2929.7285934219317 265.3061224489796
v 3030.2120009455916 2933.8449457923984 265.3061224489796
v 3050.7168651062907 2945.0911248074167 265.3061224489796
v 3067.083386522529 2962.6758061175397 265.3061224489796
v 3077.3640791782736 2985.0892958988766 265.3061224489796
v 3080.1579646731957 3010.2296932180807 265.3061224489796
v 3074.7878546863667 3035.5991745366787 265.3061224489796
v 3061.4077365664907 3058.5521585499973 265.3061224489796
v 3041.0255681115664 3076.5706962186787 265.3061224489796
v 3015.435393570394 3087.5384669344185 265.3061224489796
v 2987.0622874297014 3089.9837674437213 265.3061224489796
v 2958.7332036770395 3083.264067913942 265.3061224489796
v 2933.395313692531 3067.669951625872 265.3061224489796
v 2913.8098958880073 3044.4340869553853 265.3061224489796
v 2902.2535241512255 3015.640542227665 265.3061224489796
v 2900.2586981134955 2984.040263032995 265.3061224489796
v 2908.4230143810078 2952.788782609903 265.3061224489796
v 2926.3097087662045 2925.1311173500994 265.3061224489796
v 2952.453473801806 2904.0653130556752 265.3061224489796
v 2984.4747449156416 2892.0194790675346 265.3061224489796
v 3019.294241962992 2890.576916331977 265.3061224489796
v 3053.42864684297 2900.2800235291625 265.3061224489796
v 3083.339071054523 2920.536356253575 265.3061224489796
v 3105.7974529709577 2949.6401921188444 265.3061224489796
v 3118.2329978929633 2984.911202503331 265.3061224489796
v 3119.0216602742676 3022.939544770959 265.3061224489796
v 3107.686488891428 3059.9151533376335 265.3061224489796
v 3084.985017205136 3092.0094665389233 265.3061224489796
v 3052.8710016547857 3115.771344863302 265.3061224489796
v 3014.3305955427572 3128.4962863141823 265.3061224489796
v 2973.106195102551 3128.5296141494155 265.3061224489796
v 2933.3333333333335 3115.470053837925 265.3061224489796
v 2899.12582196308 3090.2495414840237 265.3061224489796
v 2874.1507573628674 3055.07732607606 265.3061224489796
v 2861.237247156479 3013.250236339371 265.3061224489796
v 2862.060434177821 2968.8449751614994 265.3061224489796
v 2876.935712445084 2926.3210206026024 265.3061224489796
v 2904.7475296079588 2890.072789184835 265.3061224489796
v 2943.023850150306 2863.976033394678 265.3061224489796
v 2988.1525317022174 2850.975245615265 265.3061224489796
v 3035.7210508347616 2852.7558229812817 265.3061224489796
v 3080.9477485624207 2869.537105704721 265.3061224489796
v 3119.1624689296186 2900.0108162709826 265.3061224489796
v 3146.288280354048 2941.4350069868574 265.3061224489796
v 3159.274641295513 2989.8777986810733 265.3061224489796
v 3156.4361537610275 3040.5895736858306 265.3061224489796
v 3137.659669008739 3088.468497401825 265.3061224489796
v 3104.4551892948098 3128.5737577210584 265.3061224489796
v 3059.8415280648996 3156.634893741422 265.3061224489796
v 3008.0745069276654 3169.5047605886316 265.3061224489796
v 2954.2418703764592 3165.5082494496874 265.3061224489796
v 2903.763382843464 3144.648499997152 265.3061224489796
v 2861.845213651268 3108.6461248508945 265.3061224489796
v 2832.9435340825053 3060.8035810356746 265.3061224489796
v 2820.2925408644373 3005.704618346117 265.3061224489796
v 2825.5467320700914 2948.7758987561037 265.3061224489796
v 2848.576628464414 2895.7526310878548 265.3061224489796
v 2887.442239966332 2852.1008296387145 265.3061224489796
v 2938.5508674979387 2822.454391635426 265.3061224489796
v 2996.987069493996 2810.1249131285977 265.3061224489796
v 3056.9847184973455 2816.7359334602284 265.3061224489796
v 3112.4958854925962 2842.021633541753 265.3061224489796
v 3157.8004343040657 2883.8140017812116 265.3061224489796
v 3188.094887956793 2938.223681457673 265.3061224489796
v 3200.0 2999.9999999999995 265.3061224489796
v 3000.0 3000.0 285.7142857142857
v 3001.919335591396 3000.6303705973705 285.7142857142857
v 3003.2536172021455 3002.39558759214 285.7142857142857
v 3003.5154964216435 3004.9368239518203 285.7142857142857
v 3002.3993565683095 3007.716381749043 285.7142857142857
v 2999.8397377390424 3010.0997386633726 285.7142857142857
v 2996.035539838577 3011.4545553783596 285.7142857142857
v 2991.435822606134 3011.2531977448803 285.7142857142857
v 2986.688055249619 3009.1646038604085 285.7142857142857
v 2982.5546732070093 3005.1224101243897 285.7142857142857
v 2979.8081506589256 2999.359031646504 285.7142857142857
v 2979.117941760313 2992.3995523705407 285.7142857142857
v 2980.944167400175 2985.0143276067733 285.7142857142857
v 2985.4526043833143 2978.134529070198 285.7142857142857
v 2992.4633668855345 2972.7398177376986 285.7142857142857
v 3001.4418762370833 2969.73129275203 285.7142857142857
v 3011.5357162534747 2969.8053216884005 285.7142857142857
v 3021.655344122095 2973.3444648627074 285.7142857142857
v 3030.5910375574977 2980.3403339107053 285.7142857142857
v 3037.153586518244 2990.359976249615 285.7142857142857
v 3040.322693998864 3002.5625826123864 285.7142857142857
v 3039.3853062491667 3015.767498118923 285.7142857142857
v 3034.0464196941766 3028.5683382082907 285.7142857142857
v 3024.49734495968 3039.482191694624 285.7142857142857
v 3011.430736267124 3047.11813664599 285.7142857142857
v 2995.997476926425 3050.3462008056536 285.7142857142857
v 2979.707124711068 3048.4468922155943 285.7142857142857
v 2964.2803236029845 3041.222704055687 285.7142857142857
v 2951.4676049079203 3029.0564989172835 285.7142857142857
v 2942.8536084450975 3012.9070817188076 285.7142857142857
v 2939.668368328904 2994.2390276785345 285.7142857142857
v 2942.627551150719 2974.8912189947373 285.7142857142857
v 2951.8212881017694 2956.895741380765 285.7142857142857
v 2966.6666666666665 2942.2649730810376 285.7142857142857
v 2985.932471284411 2932.7691249064596 285.7142857142857
v 3007.837044437445 2929.7285934219317 285.7142857142857
v 3030.2120009455916 2933.8449457923984 285.7142857142857
v 3050.7168651062907 2945.0911248074167 285.7142857142857
v 3067.083386522529 2962.6758061175397 285.7142857142857
v 3077.3640791782736 2985.0892958988766 285.7142857142857
v 3080.1579646731957 3010.2296932180807 285.7142857142857
v 3074.7878546863667 3035.5991745366787 285.7142857142857
v 3061.4077365664907 3058.5521585499973 285.7142857142857
v 3041.0255681115664 3076.5706962186787 285.7142857142857
v 3015.435393570394 3087.5384669344185 285.7142857142857
v 2987.0622874297014 3089.9837674437213 285.7142857142857
v 2958.7332036770395 3083.264067913942 285.7142857142857
v 2933.395313692531 3067.669951625872 285.7142857142857
v 2913.8098958880073 3044.4340869553853 285.7142857142857
v 2902.2535241512255 3015.640542227665 285.7142857142857
v 2900.2586981134955 2984.040263032995 285.7142857142857
v 2908.4230143810078 2952.788782609903 285.7142857142857
v 2926.3097087662045 2925.1311173500994 285.7142857142857
v 2952.453473801806 2904.0653130556752 285.7142857142857
v 2984.4747449156416 2892.0194790675346 285.7142857142857
v 3019.294241962992 2890.576916331977 285.7142857142857
v 3053.42864684297 2900.2800235291625 285.7142857142857
v 3083.339071054523 2920.536356253575 285.7142857142857
v 3105.7974529709577 2949.6401921188444 285.7142857142857
v 3118.2329978929633 2984.911202503331 285.7142857142857
v 3119.0216602742676 3022.939544770959 285.7142857142857
v 3107.686488891428 3059.9151533376335 285.7142857142857
v 3084.985017205136 3092.0094665389233 285.7142857142857
v 3052.8710016547857 3115.771344863302 285.7142857142857
v 3014.3305955427572 3128.4962863141823 285.7142857142857
v 2973.106195102551 3128.5296141494155 285.7142857142857
v 2933.3333333333335 3115.470053837925 285.7142857142857
v 2899.12582196308 3090.2495414840237 285.7142857142857
v 2874.1507573628674 3055.07732607606 285.7142857142857
v 2861.237247156479 3013.250236339371 285.7142857142857
v 2862.060434177821 2968.8449751614994 285.7142857142857
v 2876.935712445084 2926.3210206026024 285.7142857142857
v 2904.7475296079588 2890.072789184835 285.7142857142857
v 2943.023850150306 2863.976033394678 285.7142857142857
v 2988.1525317022174 2850.975245615265 285.7142857142857
v 3035.7210508347616 2852.7558229812817 285.7142857142857
v 3080.9477485624207 2869.537105704721 285.7142857142857
v 3119.1624689296186 2900.0108162709826 285.7142857142857
v 3146.288280354048 2941.4350069868574 285.7142857142857
v 3159.274641295513 2989.8777986810733 285.7142857142857
v 3156.4361537610275 3040.5895736858306 285.7142857142857
v 3137.659669008739 3088.468497401825 285.7142857142857
v 3104.4551892948098 3128.5737577210584 285.7142857142857
v 3059.8415280648996 3156.634893741422 285.7142857142857
v 3008.0745069276654 3169.5047605886316 285.7142857142857
v 2954.2418703764592 3165.5082494496874 285.7142857142857
v 2903.763382843464 3144.648499997152 285.7142857142857
v 2861.845213651268 3108.6461248508945 285.7142857142857
v 2832.9435340825053 3060.8035810356746 285.7142857142857
v 2820.2925408644373 3005.704618346117 285.7142857142857
v 2825.5467320700914 2948.7758987561037 285.7142857142857
v 2848.576628464414 2895.7526310878548 285.7142857142857
v 2887.442239966332 2852.1008296387145 285.7142857142857
v 2938.5508674979387 2822.454391635426 285.7142857142857
v 2996.987069493996 2810.1249131285977 285.7142857142857
v 3056.9847184973455 2816.7359334602284 285.7142857142857
v 3112.4958854925962 2842.021633541753 285.7142857142857
v 3157.8004343040657 2883.8140017812116 285.7142857142857
v 3188.094887956793 2938.223681457673 285.7142857142857
v 3200.0 2999.9999999999995 285.7142857142857
v 3000.0 3000.0 306.1224489795918
v 3001.919335591396 3000.6303705973705 306.1224489795918
v 3003.2536172021455 3002.39558759214 306.1224489795918
v 3003.5154964216435 3004.9368239518203 306.1224489795918
v 3002.3993565683095 3007.716381749043 306.1224489795918
v 2999.8397377390424 3010.0997386633726 306.1224489795918
v 2996.035539838577 3011.4545553783596 306.1224489795918
v 2991.435822606134 3011.2531977448803 306.1224489795918
v 2986.688055249619 3009.1646038604085 306.1224489795918
v 2982.5546732070093 3005.1224101243897 306.1224489795918
v 2979.8081506589256 2999.359031646504 306.1224489795918
v 2979.117941760313 2992.3995523705407 306.1224489795918
v 2980.944167400175 2985.0143276067733 306.1224489795918
v 2985.4526043833143 2978.134529070198 306.1224489795918
v 2992.4633668855345 2972.7398177376986 306.1224489795918
v 3001.4418762370833 2969.73129275203 306.1224489795918
v 3011.5357162534747 2969.8053216884005 306.1224489795918
v 3021.655344122095 2973.3444648627074 306.1224489795918
v 3030.5910375574977 2980.3403339107053 306.1224489795918
v 3037.153586518244 2990.359976249615 306.1224489795918
v 3040.322693998864 3002.5625826123864 306.1224489795918
v 3039.3853062491667 3015.767498118923 306.1224489795918
v 3034.0464196941766 3028.5683382082907 306.1224489795918
v 3024.49734495968 3039.482191694624 306.1224489795918
v 3011.430736267124 3047.11813664599 306.1224489795918
v 2995.997476926425 3050.3462008056536 306.1224489795918
v 2979.707124711068 3048.4468922155943 306.1224489795918
v 2964.2803236029845 3041.222704055687 306.1224489795918
v 2951.4676049079203 3029.0564989172835 306.1224489795918
v 2942.8536084450975 3012.9070817188076 306.1224489795918
v 2939.668368328904 2994.2390276785345 306.1224489795918
v 2942.627551150719 2974.8912189947373 306.1224489795918
v 2951.8212881017694 2956.895741380765 306.1224489795918
v 2966.6666666666665 2942.2649730810376 306.1224489795918
v 2985.932471284411 2932.7691249064596 306.1224489795918
v 3007.837044437445 2929.7285934219317 306.1224489795918
v 3030.2120009455916 2933.8449457923984 306.1224489795918
v 3050.7168651062907 2945.0911248074167 306.1224489795918
v 3067.083386522529 2962.6758061175397 306.1224489795918
v 3077.3640791782736 2985.0892958988766 306.1224489795918
v 3080.1579646731957 3010.2296932180807 306.1224489795918
v 3074.7878546863667 3035.5991745366787 306.1224489795918
v 3061.4077365664907 3058.5521585499973 306.1224489795918
v 3041.0255681115664 3076.5706962186787 306.1224489795918
v 3015.435393570394 3087.5384669344185 306.1224489795918
v 2987.0622874297014 3089.9837674437213 306.1224489795918
v 2958.7332036770395 3083.264067913942 306.1224489795918
v 2933.395313692531 3067.669951625872 306.1224489795918
v 2913.8098958880073 3044.4340869553853 306.1224489795918
v 2902.2535241512255 3015.640542227665 306.1224489795918
v 2900.2586981134955 2984.040263032995 306.1224489795918
v 2908.4230143810078 2952.788782609903 306.1224489795918
v 2926.3097087662045 2925.1311173500994 306.1224489795918
v 2952.453473801806 2904.0653130556752 306.1224489795918
v 2984.4747449156416 2892.0194790675346 306.1224489795918
v 3019.294241962992 2890.576916331977 306.1224489795918
v 3053.42864684297 2900.2800235291625 306.1224489795918
v 3083.339071054523 2920.536356253575 306.1224489795918
v 3105.7974529709577 2949.6401921188444 306.1224489795918
v 3118.2329978929633 2984.911202503331 306.1224489795918
v 3119.0216602742676 3022.939544770959 306.1224489795918
v 3107.686488891428 3059.9151533376335 306.1224489795918
v 3084.985017205136 3092.0094665389233 306.1224489795918
v 3052.8710016547857 3115.771344863302 306.1224489795918
v 3014.3305955427572 3128.4962863141823 306.1224489795918
v 2973.106195102551 3128.5296141494155 306.1224489795918
v 2933.3333333333335 3115.470053837925 306.1224489795918
v 2899.12582196308 3090.2495414840237 306.1224489795918
v 2874.1507573628674 3055.07732607606 306.1224489795918
v 2861.237247156479 3013.250236339371 306.1224489795918
v 2862.060434177821 2968.8449751614994 306.1224489795918
v 2876.935712445084 2926.3210206026024 306.1224489795918
v 2904.7475296079588 2890.072789184835 306.1224489795918
v 2943.023850150306 2863.976033394678 306.1224489795918
v 2988.1525317022174 2850.975245615265 306.1224489795918
v 3035.7210508347616 2852.7558229812817 306.1224489795918
v 3080.9477485624207 2869.537105704721 306.1224489795918
v 3119.1624689296186 2900.0108162709826 306.1224489795918
v 3146.288280354048 2941.4350069868574 306.1224489795918
v 3159.274641295513 2989.8777986810733 306.1224489795918
v 3156.4361537610275 3040.5895736858306 306.1224489795918
v 3137.659669008739 3088.468497401825 306.1224489795918
v 3104.4551892948098 3128.5737577210584 306.1224489795918
v 3059.8415280648996 3156.634893741422 306.1224489795918
v 3008.0745069276654 3169.5047605886316 306.1224489795918
v 2954.2418703764592 3165.5082494496874 306.1224489795918
v 2903.763382843464 3144.648499997152 306.1224489795918
v 2861.845213651268 3108.6461248508945 306.1224489795918
v 2832.9435340825053 3060.8035810356746 306.1224489795918
v 2820.2925408644373 3005.704618346117 306.1224489795918
v 2825.5467320700914 2948.7758987561037 306.1224489795918
v 2848.576628464414 2895.7526310878548 306.1224489795918
v 2887.442239966332 2852.1008296387145 306.1224489795918
v 2938.5508674979387 2822.454391635426 306.1224489795918
v 2996.987069493996 2810.1249131285977 306.1224489795918
v 3056.9847184973455 2816.7359334602284 306.1224489795918
v 3112.4958854925962 2842.021633541753 306.1224489795918
v 3157.8004343040657 2883.8140017812116 306.1224489795918
v 3188.094887956793 2938.223681457673 306.1224489795918
v 3200.0 2999.9999999999995 306.1224489795918
v 3000.0 3000.0 326.53061224489795
v 3001.919335591396 3000.6303705973705 326.53061224489795
v 3003.2536172021455 3002.39558759214 326.53061224489795
v 3003.5154964216435 3004.9368239518203 326.53061224489795
v 3002.3993565683095 3007.716381749043 326.53061224489795
v 2999.8397377390424 3010.0997386633726 326.53061224489795
v 2996.035539838577 3011.4545553783596 326.53061224489795
v 2991.435822606134 3011.2531977448803 326.53061224489795
v 2986.688055249619 3009.1646038604085 326.53061224489795
v 2982.5546732070093 3005.1224101243897 326.53061224489795
v 2979.8081506589256 2999.359031646504 326.53061224489795
v 2979.117941760313 2992.3995523705407 326.53061224489795
v 2980.944167400175 2985.0143276067733 326.53061224489795
v 2985.4526043833143 2978.134529070198 326.53061224489795
v 2992.4633668855345 2972.7398177376986 326.53061224489795
v 3001.4418762370833 2969.73129275203 326.53061224489795
v 3011.5357162534747 2969.8053216884005 326.53061224489795
v 3021.655344122095 2973.3444648627074 326.53061224489795
v 3030.5910375574977 2980.3403339107053 326.53061224489795
v 3037.153586518244 2990.359976249615 326.53061224489795
v 3040.322693998864 3002.5625826123864 326.53061224489795
v 3039.3853062491667 3015.767498118923 326.53061224489795
v 3034.0464196941766 3028.5683382082907 326.53061224489795
v 3024.49734495968 3039.482191694624 326.53061224489795
v 3011.430736267124 3047.11813664599 326.53061224489795
v 2995.997476926425 3050.3462008056536 326.53061224489795
v 2979.707124711068 3048.4468922155943 326.53061224489795
v 2964.2803236029845 3041.222704055687 326.53061224489795
v 2951.4676049079203 3029.0564989172835 326.53061224489795
v 2942.8536084450975 3012.9070817188076 326.53061224489795
v 2939.668368328904 2994.2390276785345 326.53061224489795
v 2942.627551150719 2974.8912189947373 326.53061224489795
v 2951.8212881017694 2956.895741380765 326.53061224489795
v 2966.6666666666665 2942.2649730810376 326.53061224489795
v 2985.932471284411 2932.7691249064596 326.53061224489795
v 3007.837044437445 2929.7285934219317 326.53061224489795
v 3030.2120009455916 2933.8449457923984 326.53061224489795
v 3050.7168651062907 2945.0911248074167 326.53061224489795
v 3067.083386522529 2962.6758061175397 326.53061224489795
v 3077.3640791782736 2985.0892958988766 326.53061224489795
v 3080.1579646731957 3010.2296932180807 326.53061224489795
v 3074.7878546863667 3035.5991745366787 326.53061224489795
v 3061.4077365664907 3058.5521585499973 326.53061224489795
v 3041.0255681115664 3076.5706962186787 326.53061224489795
v 3015.435393570394 3087.5384669344185 326.53061224489795
v 2987.0622874297014 3089.9837674437213 326.53061224489795
v 2958.7332036770395 3083.264067913942 326.53061224489795
v 2933.395313692531 3067.669951625872 326.53061224489795
v 2913.8098958880073 3044.4340869553853 326.53061224489795
v 2902.2535241512255 3015.640542227665 326.53061224489795
v 2900.2586981134955 2984.040263032995 326.53061224489795
v 2908.4230143810078 2952.788782609903 326.53061224489795
v 2926.3097087662045 2925.1311173500994 326.53061224489795
v 2952.453473801806 2904.0653130556752 326.53061224489795
v 2984.4747449156416 2892.0194790675346 326.53061224489795
v 3019.294241962992 2890.576916331977 326.53061224489795
v 3053.42864684297 2900.2800235291625 326.53061224489795
v 3083.339071054523 2920.536356253575 326.53061224489795
v 3105.7974529709577 2949.6401921188444 326.53061224489795
v 3118.2329978929633 2984.911202503331 326.53061224489795
v 3119.0216602742676 3022.939544770959 326.53061224489795
v 3107.686488891428 3059.9151533376335 326.53061224489795
v 3084.985017205136 3092.0094665389233 326.53061224489795
v 3052.8710016547857 3115.771344863302 326.53061224489795
v 3014.3305955427572 3128.4962863141823 326.53061224489795
v 2973.106195102551 3128.5296141494155 326.53061224489795
v 2933.3333333333335 3115.470053837925 326.53061224489795
v 2899.12582196308 3090.2495414840237 326.53061224489795
v 2874.1507573628674 3055.07732607606 326.53061224489795
v 2861.237247156479 3013.250236339371 326.53061224489795
v 2862.060434177821 2968.8449751614994 326.53061224489795
v 2876.935712445084 2926.3210206026024 326.53061224489795
v 2904.7475296079588 2890.072789184835 326.53061224489795
v 2943.023850150306 2863.976033394678 326.53061224489795
v 2988.1525317022174 2850.975245615265 326.53061224489795
v 3035.7210508347616 2852.7558229812817 326.53061224489795
v 3080.9477485624207 2869.537105704721 326.53061224489795
v 3119.1624689296186 2900.0108162709826 326.53061224489795
v 3146.288280354048 2941.4350069868574 326.53061224489795
v 3159.274641295513 2989.8777986810733 326.53061224489795
v 3156.4361537610275 3040.5895736858306 326.53061224489795
v 3137.659669008739 3088.468497401825 326.53061224489795
v 3104.4551892948098 3128.5737577210584 326.53061224489795
v 3059.8415280648996 3156.634893741422 326.53061224489795
v 3008.0745069276654 3169.5047605886316 326.53061224489795
v 2954.2418703764592 3165.5082494496874 326.53061224489795
v 2903.763382843464 3144.648499997152 326.53061224489795
v 2861.845213651268 3108.6461248508945 326.53061224489795
v 2832.9435340825053 3060.8035810356746 326.53061224489795
v 2820.2925408644373 3005.704618346117 326.53061224489795
v 2825.5467320700914 2948.7758987561037 326.53061224489795
v 2848.576628464414 2895.7526310878548 326.53061224489795
v 2887.442239966332 2852.1008296387145 326.53061224489795
v 2938.5508674979387 2822.454391635426 326.53061224489795
v 2996.987069493996 2810.1249131285977 326.53061224489795
v 3056.9847184973455 2816.7359334602284 326.53061224489795
v 3112.4958854925962 2842.021633541753 326.53061224489795
v 3157.8004343040657 2883.8140017812116 326.53061224489795
v 3188.094887956793 2938.223681457673 326.53061224489795
v 3200.0 2999.9999999999995 326.53061224489795
v 3000.0 3000.0 346.9387755102041
v 3001.919335591396 3000.6303705973705 346.9387755102041
v 3003.2536172021455 3002.39558759214 346.9387755102041
v 3003.5154964216435 3004.9368239518203 346.9387755102041
v 3002.3993565683095 3007.716381749043 346.9387755102041
v 2999.8397377390424 3010.0997386633726 346.9387755102041
v 2996.035539838577 3011.4545553783596 346.9387755102041
v 2991.435822606134 3011.2531977448803 346.9387755102041
v 2986.688055249619 3009.1646038604085 346.9387755102041
v 2982.5546732070093 3005.1224101243897 346.9387755102041
v 2979.8081506589256 2999.359031646504 346.9387755102041
v 2979.117941760313 2992.3995523705407 346.9387755102041
v 2980.944167400175 2985.0143276067733 346.9387755102041
v 2985.4526043833143 2978.134529070198 346.9387755102041
v 2992.4633668855345 2972.7398177376986 346.9387755102041
v 3001.4418762370833 2969.73129275203 346.9387755102041
v 3011.5357162534747 2969.8053216884005 346.9387755102041
v 3021.655344122095 2973.3444648627074 346.9387755102041
v 3030.5910375574977 2980.3403339107053 346.9387755102041
v 3037.153586518244 2990.359976249615 346.9387755102041
v 3040.322693998864 3002.5625826123864 346.9387755102041
v 3039.3853062491667 3015.767498118923 346.9387755102041
v 3034.0464196941766 3028.5683382082907 346.9387755102041
v 3024.49734495968 3039.482191694624 346.9387755102041
v 3011.430736267124 3047.11813664599 346.9387755102041
v 2995.997476926425 3050.3462008056536 346.9387755102041
v 2979.707124711068 3048.4468922155943 346.9387755102041
v 2964.2803236029845 3041.222704055687 346.9387755102041
v 2951.4676049079203 3029.0564989172835 346.9387755102041
v 2942.8536084450975 3012.9070817188076 346.9387755102041
v 2939.668368328904 2994.2390276785345 346.9387755102041
v 2942.627551150719 2974.8912189947373 346.9387755102041
v 2951.8212881017694 2956.895741380765 346.9387755102041
v 2966.6666666666665 2942.2649730810376 346.9387755102041
v 2985.932471284411 2932.7691249064596 346.9387755102041
v 3007.837044437445 2929.7285934219317 346.9387755102041
v 3030.2120009455916 2933.8449457923984 346.9387755102041
v 3050.7168651062907 2945.0911248074167 346.9387755102041
v 3067.083386522529 2962.6758061175397 346.9387755102041
v 3077.3640791782736 2985.0892958988766 346.9387755102041
v 3080.1579646731957 3010.2296932180807 346.9387755102041
v 3074.7878546863667 3035.5991745366787 346.9387755102041
v 3061.4077365664907 3058.5521585499973 346.9387755102041
v 3041.0255681115664 3076.5706962186787 346.9387755102041
v 3015.435393570394 3087.5384669344185 346.9387755102041
v 2987.0622874297014 3089.9837674437213 346.9387755102041
v 2958.7332036770395 3083.264067913942 346.9387755102041
v 2933.395313692531 3067.669951625872 346.9387755102041
v 2913.8098958880073 3044.4340869553853 346.9387755102041
v 2902.2535241512255 3015.640542227665 346.9387755102041
v 2900.2586981134955 2984.040263032995 346.9387755102041
v 2908.4230143810078 2952.788782609903 346.9387755102041
v 2926.3097087662045 2925.1311173500994 346.9387755102041
v 2952.453473801806 2904.0653130556752 346.9387755102041
v 2984.4747449156416 2892.0194790675346 346.9387755102041
v 3019.294241962992 2890.576916331977 346.9387755102041
v 3053.42864684297 2900.2800235291625 346.9387755102041
v 3083.339071054523 2920.536356253575 346.9387755102041
v 3105.7974529709577 2949.6401921188444 346.9387755102041
v 3118.2329978929633 2984.911202503331 346.9387755102041
v 3119.0216602742676 3022.939544770959 346.9387755102041
v 3107.686488891428 3059.9151533376335 346.9387755102041
v 3084.985017205136 3092.0094665389233 346.9387755102041
v 3052.8710016547857 3115.771344863302 346.9387755102041
v 3014.3305955427572 3128.4962863141823 346.9387755102041
v 2973.106195102551 3128.5296141494155 346.9387755102041
v 2933.3333333333335 3115.470053837925 346.9387755102041
v 2899.12582196308 3090.2495414840237 346.9387755102041
v 2874.1507573628674 3055.07732607606 346.9387755102041
v 2861.237247156479 3013.250236339371 346.9387755102041
v 2862.060434177821 2968.8449751614994 346.9387755102041
v 2876.935712445084 2926.3210206026024 346.9387755102041
v 2904.7475296079588 2890.072789184835 346.9387755102041
v 2943.023850150306 2863.976033394678 346.9387755102041
v 2988.1525317022174 2850.975245615265 346.9387755102041
v 3035.7210508347616 2852.7558229812817 346.9387755102041
v 3080.9477485624207 2869.537105704721 346.9387755102041
v 3119.1624689296186 2900.0108162709826 346.9387755102041
v 3146.288280354048 2941.4350069868574 346.9387755102041
v 3159.274641295513 2989.8777986810733 346.9387755102041
v 3156.4361537610275 3040.5895736858306 346.9387755102041
v 3137.659669008739 3088.468497401825 346.9387755102041
v 3104.4551892948098 3128.5737577210584 346.9387755102041
v 3059.8415280648996 3156.634893741422 346.9387755102041
v 3008.0745069276654 3169.5047605886316 346.9387755102041
v 2954.2418703764592 3165.5082494496874 346.9387755102041
v 2903.763382843464 3144.648499997152 346.9387755102041
v 2861.845213651268 3108.6461248508945 346.9387755102041
v 2832.9435340825053 3060.8035810356746 346.9387755102041
v 2820.2925408644373 3005.704618346117 346.9387755102041
v 2825.5467320700914 2948.7758987561037 346.9387755102041
v 2848.576628464414 2895.7526310878548 346.9387755102041
v 2887.442239966332 2852.1008296387145 346.9387755102041
v 2938.5508674979387 2822.454391635426 346.9387755102041
v 2996.987069493996 2810.1249131285977 346.9387755102041
v 3056.9847184973455 2816.7359334602284 346.9387755102041
v 3112.4958854925962 2842.021633541753 346.9387755102041
v 3157.8004343040657 2883.8140017812116 346.9387755102041
v 3188.094887956793 2938.223681457673 346.9387755102041
v 3200.0 2999.9999999999995 346.9387755102041
v 3000.0 3000.0 367.3469387755102
v 3001.919335591396 3000.6303705973705 367.3469387755102
v 3003.2536172021455 3002.39558759214 367.3469387755102
v 3003.5154964216435 3004.9368239518203 367.3469387755102
v 3002.3993565683095 3007.716381749043 367.3469387755102
v 2999.8397377390424 3010.0997386633726 367.3469387755102
v 2996.035539838577 3011.4545553783596 367.3469387755102
v 2991.435822606134 3011.2531977448803 367.3469387755102
v 2986.688055249619 3009.1646038604085 367.3469387755102
v 2982.5546732070093 3005.1224101243897 367.3469387755102
v 2979.8081506589256 2999.359031646504 367.3469387755102
v 2979.117941760313 2992.3995523705407 367.3469387755102
v 2980.944167400175 2985.0143276067733 367.3469387755102
v 2985.4526043833143 2978.134529070198 367.3469387755102
v 2992.4633668855345 2972.7398177376986 367.3469387755102
v 3001.4418762370833 2969.73129275203 367.3469387755102
v 3011.5357162534747 2969.8053216884005 367.3469387755102
v 3021.655344122095 2973.3444648627074 367.3469387755102
v 3030.5910375574977 2980.3403339107053 367.3469387755102
v 3037.153586518244 2990.359976249615 367.3469387755102
v 3040.322693998864 3002.5625826123864 367.3469387755102
v 3039.3853062491667 3015.767498118923 367.3469387755102
v 3034.0464196941766 3028.5683382082907 367.3469387755102
v 3024.49734495968 3039.482191694624 367.3469387755102
v 3011.430736267124 3047.11813664599 367.3469387755102
v 2995.997476926425 3050.3462008056536 367.3469387755102
v 2979.707124711068 3048.4468922155943 367.3469387755102
v 2964.2803236029845 3041.222704055687 367.3469387755102
v 2951.4676049079203 3029.0564989172835 367.3469387755102
v 2942.8536084450975 3012.9070817188076 367.3469387755102
v 2939.668368328904 2994.2390276785345 367.3469387755102
v 2942.627551150719 2974.8912189947373 367.3469387755102
v 2951.8212881017694 2956.895741380765 367.3469387755102
v 2966.6666666666665 2942.2649730810376 367.3469387755102
v 2985.932471284411 2932.7691249064596 367.3469387755102
v 3007.837044437445 2929.7285934219317 367.3469387755102
v 3030.2120009455916 2933.8449457923984 367.3469387755102
v 3050.7168651062907 2945.0911248074167 367.3469387755102
v 3067.083386522529 2962.6758061175397 367.3469387755102
v 3077.3640791782736 2985.0892958988766 367.3469387755102
v 3080.1579646731957 3010.2296932180807 367.3469387755102
v 3074.7878546863667 3035.5991745366787 367.3469387755102
v 3061.4077365664907 3058.5521585499973 367.3469387755102
v 3041.0255681115664 3076.5706962186787 367.3469387755102
v 3015.435393570394 3087.5384669344185 367.3469387755102
v 2987.0622874297014 3089.9837674437213 367.3469387755102
v 2958.7332036770395 3083.264067913942 367.3469387755102
v 2933.395313692531 3067.669951625872 367.3469387755102
v 2913.8098958880073 3044.4340869553853 367.3469387755102
v 2902.2535241512255 3015.640542227665 367.3469387755102
v 2900.2586981134955 2984.040263032995 367.3469387755102
v 2908.4230143810078 2952.788782609903 367.3469387755102
v 2926.3097087662045 2925.1311173500994 367.3469387755102
v 2952.453473801806 2904.0653130556752 367.3469387755102
v 2984.4747449156416 2892.0194790675346 367.3469387755102
v 3019.294241962992 2890.576916331977 367.3469387755102
v 3053.42864684297 2900.2800235291625 367.3469387755102
v 3083.339071054523 2920.536356253575 367.3469387755102
v 3105.7974529709577 2949.6401921188444 367.3469387755102
v 3118.2329978929633 2984.911202503331 367.3469387755102
v 3119.0216602742676 3022.939544770959 367.3469387755102
v 3107.686488891428 3059.9151533376335 367.3469387755102
v 3084.985017205136 3092.0094665389233 367.3469387755102
v 3052.8710016547857 3115.771344863302 367.3469387755102
v 3014.3305955427572 3128.4962863141823 367.3469387755102
v 2973.106195102551 3128.5296141494155 367.3469387755102
v 2933.3333333333335 3115.470053837925 367.3469387755102
v 2899.12582196308 3090.2495414840237 367.3469387755102
v 2874.1507573628674 3055.07732607606 367.3469387755102
v 2861.237247156479 3013.250236339371 367.3469387755102
v 2862.060434177821 2968.8449751614994 367.3469387755102
v 2876.935712445084 2926.3210206026024 367.3469387755102
v 2904.7475296079588 2890.072789184835 367.3469387755102
v 2943.023850150306 2863.976033394678 367.3469387755102
v 2988.1525317022174 2850.975245615265 367.3469387755102
v 3035.7210508347616 2852.7558229812817 367.3469387755102
v 3080.9477485624207 2869.537105704721 367.3469387755102
v 3119.1624689296186 2900.0108162709826 367.3469387755102
v 3146.288280354048 2941.4350069868574 367.3469387755102
v 3159.274641295513 2989.8777986810733 367.3469387755102
v 3156.4361537610275 3040.5895736858306 367.3469387755102
v 3137.659669008739 3088.468497401825 367.3469387755102
v 3104.4551892948098 3128.5737577210584 367.3469387755102
v 3059.8415280648996 3156.634893741422 367.3469387755102
v 3008.0745069276654 3169.5047605886316 367.3469387755102
v 2954.2418703764592 3165.5082494496874 367.3469387755102
v 2903.763382843464 3144.648499997152 367.3469387755102
v 2861.845213651268 3108.6461248508945 367.3469387755102
v 2832.9435340825053 3060.8035810356746 367.3469387755102
v 2820.2925408644373 3005.704618346117 367.3469387755102
v 2825.5467320700914 2948.7758987561037 367.3469387755102
v 2848.576628464414 2895.7526310878548 367.3469387755102
v 2887.442239966332 2852.1008296387145 367.3469387755102
v 2938.5508674979387 2822.454391635426 367.3469387755102
v 2996.987069493996 2810.1249131285977 367.3469387755102
v 3056.9847184973455 2816.7359334602284 367.3469387755102
v 3112.4958854925962 2842.021633541753 367.3469387755102
v 3157.8004343040657 2883.8140017812116 367.3469387755102
v 3188.094887956793 2938.223681457673 367.3469387755102
v 3200.0 2999.9999999999995 367.3469387755102
v 3000.0 3000.0 387.7551020408163
v 3001.919335591396 3000.6303705973705 387.7551020408163
v 3003.2536172021455 3002.39558759214 387.7551020408163
v 3003.5154964216435 3004.9368239518203 387.7551020408163
v 3002.3993565683095 3007.716381749043 387.7551020408163
v 2999.8397377390424 3010.0997386633726 387.7551020408163
v 2996.035539838577 3011.4545553783596 387.7551020408163
v 2991.435822606134 3011.2531977448803 387.7551020408163
v 2986.688055249619 3009.1646038604085 387.7551020408163
v 2982.5546732070093 3005.1224101243897 387.7551020408163
v 2979.8081506589256 2999.359031646504 387.7551020408163
v 2979.117941760313 2992.3995523705407 387.7551020408163
v 2980.944167400175 2985.0143276067733 387.7551020408163
v 2985.4526043833143 2978.134529070198 387.7551020408163
v 2992.4633668855345 2972.7398177376986 387.7551020408163
v 3001.4418762370833 2969.73129275203 387.7551020408163
v 3011.5357162534747 2969.8053216884005 387.7551020408163
v 3021.655344122095 2973.3444648627074 387.7551020408163
v 3030.5910375574977 2980.3403339107053 387.7551020408163
v 3037.153586518244 2990.359976249615 387.7551020408163
v 3040.322693998864 3002.5625826123864 387.7551020408163
v 3039.3853062491667 3015.767498118923 387.7551020408163
v 3034.0464196941766 3028.5683382082907 387.7551020408163
v 3024.49734495968 3039.482191694624 387.7551020408163
v 3011.430736267124 3047.11813664599 387.7551020408163
v 2995.997476926425 3050.3462008056536 387.7551020408163
v 2979.707124711068 3048.4468922155943 387.7551020408163
v 2964.2803236029845 3041.222704055687 387.7551020408163
v 2951.4676049079203 3029.0564989172835 387.7551020408163
v 2942.8536084450975 3012.9070817188076 387.7551020408163
v 2939.668368328904 2994.2390276785345 387.7551020408163
v 2942.627551150719 2974.8912189947373 387.7551020408163
v 2951.8212881017694 2956.895741380765 387.7551020408163
v 2966.6666666666665 2942.2649730810376 387.7551020408163
v 2985.932471284411 2932.7691249064596 387.7551020408163
v 3007.837044437445 2929.7285934219317 387.7551020408163
v 3030.2120009455916 2933.8449457923984 387.7551020408163
v 3050.7168651062907 2945.0911248074167 387.7551020408163
v 3067.083386522529 2962.6758061175397 387.7551020408163
v 3077.3640791782736 2985.0892958988766 387.7551020408163
v 3080.1579646731957 3010.2296932180807 387.7551020408163
v 3074.7878546863667 3035.5991745366787 387.7551020408163
v 3061.4077365664907 3058.5521585499973 387.7551020408163
v 3041.0255681115664 3076.5706962186787 387.7551020408163
v 3015.435393570394 3087.5384669344185 387.7551020408163
v 2987.0622874297014 3089.9837674437213 387.7551020408163
v 2958.7332036770395 3083.264067913942 387.7551020408163
v 2933.395313692531 3067.669951625872 387.7551020408163
v 2913.8098958880073 3044.4340869553853 387.7551020408163
v 2902.2535241512255 3015.640542227665 387.7551020408163
v 2900.2586981134955 2984.040263032995 387.7551020408163
v 2908.4230143810078 2952.788782609903 387.7551020408163
v 2926.3097087662045 2925.1311173500994 387.7551020408163
v 2952.453473801806 2904.0653130556752 387.7551020408163
v 2984.4747449156416 2892.0194790675346 387.7551020408163
v 3019.294241962992 2890.576916331977 387.7551020408163
v 3053.42864684297 2900.2800235291625 387.7551020408163
v 3083.339071054523 2920.536356253575 387.7551020408163
v 3105.7974529709577 2949.6401921188444 387.7551020408163
v 3118.2329978929633 2984.911202503331 387.7551020408163
v 3119.0216602742676 3022.939544770959 387.7551020408163
v 3107.686488891428 3059.9151533376335 387.7551020408163
v 3084.985017205136 3092.0094665389233 387.7551020408163
v 3052.8710016547857 3115.771344863302 387.7551020408163
v 3014.3305955427572 3128.4962863141823 387.7551020408163
v 2973.106195102551 3128.5296141494155 387.7551020408163
v 2933.3333333333335 3115.470053837925 387.7551020408163
v 2899.12582196308 3090.2495414840237 387.7551020408163
v 2874.1507573628674 3055.07732607606 387.7551020408163
v 2861.237247156479 3013.250236339371 387.7551020408163
v 2862.060434177821 2968.8449751614994 387.7551020408163
v 2876.935712445084 2926.3210206026024 387.7551020408163
v 2904.7475296079588 2890.072789184835 387.7551020408163
v 2943.023850150306 2863.976033394678 387.7551020408163
v 2988.1525317022174 2850.975245615265 387.7551020408163
v 3035.7210508347616 2852.7558229812817 387.7551020408163
v 3080.9477485624207 2869.537105704721 387.7551020408163
v 3119.1624689296186 2900.0108162709826 387.7551020408163
v 3146.288280354048 2941.4350069868574 387.7551020408163
v 3159.274641295513 2989.8777986810733 387.7551020408163
v 3156.4361537610275 3040.5895736858306 387.7551020408163
v 3137.659669008739 3088.468497401825 387.7551020408163
v 3104.4551892948098 3128.5737577210584 387.7551020408163
v 3059.8415280648996 3156.634893741422 387.7551020408163
v 3008.0745069276654 3169.5047605886316 387.7551020408163
v 2954.2418703764592 3165.5082494496874 387.7551020408163
v 2903.763382843464 3144.648499997152 387.7551020408163
v 2861.845213651268 3108.6461248508945 387.7551020408163
v 2832.9435340825053 3060.8035810356746 387.7551020408163
v 2820.2925408644373 3005.704618346117 387.7551020408163
v 2825.5467320700914 2948.7758987561037 387.7551020408163
v 2848.576628464414 2895.7526310878548 387.7551020408163
v 2887.442239966332 2852.1008296387145 387.7551020408163
v 2938.5508674979387 2822.454391635426 387.7551020408163
v 2996.987069493996 2810.1249131285977 387.7551020408163
v 3056.9847184973455 2816.7359334602284 387.7551020408163
v 3112.4958854925962 2842.021633541753 387.7551020408163
v 3157.8004343040657 2883.8140017812116 387.7551020408163
v 3188.094887956793 2938.223681457673 387.7551020408163
v 3200.0 2999.9999999999995 387.7551020408163
v 3000.0 3000.0 408.1632653061224
v 3001.919335591396 3000.6303705973705 408.1632653061224
v 3003.2536172021455 3002.39558759214 408.1632653061224
v 3003.5154964216435 3004.9368239518203 408.1632653061224
v 3002.3993565683095 3007.716381749043 408.1632653061224
v 2999.8397377390424 3010.0997386633726 408.1632653061224
v 2996.035539838577 3011.4545553783596 408.1632653061224
v 2991.435822606134 3011.2531977448803 408.1632653061224
v 2986.688055249619 3009.1646038604085 408.1632653061224
v 2982.5546732070093 3005.1224101243897 408.1632653061224
v 2979.8081506589256 2999.359031646504 408.1632653061224
v 2979.117941760313 2992.3995523705407 408.1632653061224
v 2980.944167400175 2985.0143276067733 408.1632653061224
v 2985.4526043833143 2978.134529070198 408.1632653061224
v 2992.4633668855345 2972.7398177376986 408.1632653061224
v 3001.4418762370833 2969.73129275203 408.1632653061224
v 3011.5357162534747 2969.8053216884005 408.1632653061224
v 3021.655344122095 2973.3444648627074 408.1632653061224
v 3030.5910375574977 2980.3403339107053 408.1632653061224
v 3037.153586518244 2990.359976249615 408.1632653061224
v 3040.322693998864 3002.5625826123864 408.1632653061224
v 3039.3853062491667 3015.767498118923 408.1632653061224
v 3034.0464196941766 3028.5683382082907 408.1632653061224
v 3024.49734495968 3039.482191694624 408.1632653061224
v 3011.430736267124 3047.11813664599 408.1632653061224
v 2995.997476926425 3050.3462008056536 408.1632653061224
v 2979.707124711068 3048.4468922155943 408.1632653061224
v 2964.2803236029845 3041.222704055687 408.1632653061224
v 2951.4676049079203 3029.0564989172835 408.1632653061224
v 2942.8536084450975 3012.9070817188076 408.1632653061224
v 2939.668368328904 2994.2390276785345 408.1632653061224
v 2942.627551150719 2974.8912189947373 408.1632653061224
v 2951.8212881017694 2956.895741380765 408.1632653061224
v 2966.6666666666665 2942.2649730810376 408.1632653061224
v 2985.932471284411 2932.7691249064596 408.1632653061224
v 3007.837044437445 2929.7285934219317 408.1632653061224
v 3030.2120009455916 2933.8449457923984 408.1632653061224
v 3050.7168651062907 2945.0911248074167 408.1632653061224
v 3067.083386522529 2962.6758061175397 408.1632653061224
v 3077.3640791782736 2985.0892958988766 408.1632653061224
v 3080.1579646731957 3010.2296932180807 408.1632653061224
v 3074.7878546863667 3035.5991745366787 408.1632653061224
v 3061.4077365664907 3058.5521585499973 408.1632653061224
v 3041.0255681115664 3076.5706962186787 408.1632653061224
v 3015.435393570394 3087.5384669344185 408.1632653061224
v 2987.0622874297014 3089.9837674437213 408.1632653061224
v 2958.7332036770395 3083.264067913942 408.1632653061224
v 2933.395313692531 3067.669951625872 408.1632653061224
v 2913.8098958880073 3044.4340869553853 408.1632653061224
v 2902.2535241512255 3015.640542227665 408.1632653061224
v 2900.2586981134955 2984.040263032995 408.1632653061224
v 2908.4230143810078 2952.788782609903 408.1632653061224
v 2926.3097087662045 2925.1311173500994 408.1632653061224
v 2952.453473801806 2904.0653130556752 408.1632653061224
v 2984.4747449156416 2892.0194790675346 408.1632653061224
v 3019.294241962992 2890.576916331977 408.1632653061224
v 3053.42864684297 2900.2800235291625 408.1632653061224
v 3083.339071054523 2920.536356253575 408.1632653061224
v 3105.7974529709577 2949.6401921188444 408.1632653061224
v 3118.2329978929633 2984.911202503331 408.1632653061224
v 3119.0216602742676 3022.939544770959 408.1632653061224
v 3107.686488891428 3059.9151533376335 408.1632653061224
v 3084.985017205136 3092.0094665389233 408.1632653061224
v 3052.8710016547857 3115.771344863302 408.1632653061224
v 3014.3305955427572 3128.4962863141823 408.1632653061224
v 2973.106195102551 3128.5296141494155 408.1632653061224
v 2933.3333333333335 3115.470053837925 408.1632653061224
v 2899.12582196308 3090.2495414840237 408.1632653061224
v 2874.1507573628674 3055.07732607606 408.1632653061224
v 2861.237247156479 3013.250236339371 408.1632653061224
v 2862.060434177821 2968.8449751614994 408.1632653061224
v 2876.935712445084 2926.3210206026024 408.1632653061224
v 2904.7475296079588 2890.072789184835 408.1632653061224
v 2943.023850150306 2863.976033394678 408.1632653061224
v 2988.1525317022174 2850.975245615265 408.1632653061224
v 3035.7210508347616 2852.7558229812817 408.1632653061224
v 3080.9477485624207 2869.537105704721 408.1632653061224
v 3119.1624689296186 2900.0108162709826 408.1632653061224
v 3146.288280354048 2941.4350069868574 408.1632653061224
v 3159.274641295513 2989.8777986810733 408.1632653061224
v 3156.4361537610275 3040.5895736858306 408.1632653061224
v 3137.659669008739 3088.468497401825 408.1632653061224
v 3104.4551892948098 3128.5737577210584 408.1632653061224
v 3059.8415280648996 3156.634893741422 408.1632653061224
v 3008.0745069276654 3169.5047605886316 408.1632653061224
v 2954.2418703764592 3165.5082494496874 408.1632653061224
v 2903.763382843464 3144.648499997152 408.1632653061224
v 2861.845213651268 3108.6461248508945 408.1632653061224
v 2832.9435340825053 3060.8035810356746 408.1632653061224
v 2820.2925408644373 3005.704618346117 408.1632653061224
v 2825.5467320700914 2948.7758987561037 408.1632653061224
v 2848.576628464414 2895.7526310878548 408.1632653061224
v 2887.442239966332 2852.1008296387145 408.1632653061224
v 2938.5508674979387 2822.454391635426 408.1632653061224
v 2996.987069493996 2810.1249131285977 408.1632653061224
v 3056.9847184973455 2816.7359334602284 408.1632653061224
v 3112.4958854925962 2842.021633541753 408.1632653061224
v 3157.8004343040657 2883.8140017812116 408.1632653061224
v 3188.094887956793 2938.223681457673 408.1632653061224
v 3200.0 2999.9999999999995 408.1632653061224
v 3000.0 3000.0 428.57142857142856
v 3001.919335591396 3000.6303705973705 428.57142857142856
v 3003.2536172021455 3002.39558759214 428.57142857142856
v 3003.5154964216435 3004.9368239518203 428.57142857142856
v 3002.3993565683095 3007.716381749043 428.57142857142856
v 2999.8397377390424 3010.0997386633726 428.57142857142856
v 2996.035539838577 3011.4545553783596 428.57142857142856
v 2991.435822606134 3011.2531977448803 428.57142857142856
v 2986.688055249619 3009.1646038604085 428.57142857142856
v 2982.5546732070093 3005.1224101243897 428.57142857142856
v 2979.8081506589256 2999.359031646504 428.57142857142856
v 2979.117941760313 2992.3995523705407 428.57142857142856
v 2980.944167400175 2985.0143276067733 428.57142857142856
v 2985.4526043833143 2978.134529070198 428.57142857142856
v 2992.4633668855345 2972.7398177376986 428.57142857142856
v 3001.4418762370833 2969.73129275203 428.57142857142856
v 3011.5357162534747 2969.8053216884005 428.57142857142856
v 3021.655344122095 2973.3444648627074 428.57142857142856
v 3030.5910375574977 2980.3403339107053 428.57142857142856
v 3037.153586518244 2990.359976249615 428.57142857142856
v 3040.322693998864 3002.5625826123864 428.57142857142856
v 3039.3853062491667 3015.767498118923 428.57142857142856
v 3034.0464196941766 3028.5683382082907 428.57142857142856
v 3024.49734495968 3039.482191694624 428.57142857142856
v 3011.430736267124 3047.11813664599 428.57142857142856
v 2995.997476926425 3050.3462008056536 428.57142857142856
v 2979.707124711068 3048.4468922155943 428.57142857142856
v 2964.2803236029845 3041.222704055687 428.57142857142856
v 2951.4676049079203 3029.0564989172835 428.57142857142856
v 2942.8536084450975 3012.9070817188076 428.57142857142856
v 2939.668368328904 2994.2390276785345 428.57142857142856
v 2942.627551150719 2974.8912189947373 428.57142857142856
v 2951.8212881017694 2956.895741380765 428.57142857142856
v 2966.6666666666665 2942.2649730810376 428.57142857142856
v 2985.932471284411 2932.7691249064596 428.57142857142856
v 3007.837044437445 2929.7285934219317 428.57142857142856
v 3030.2120009455916 2933.8449457923984 428.57142857142856
v 3050.7168651062907 2945.0911248074167 428.57142857142856
v 3067.083386522529 2962.6758061175397 428.57142857142856
v 3077.3640791782736 2985.0892958988766 428.57142857142856
v 3080.1579646731957 3010.2296932180807 428.57142857142856
v 3074.7878546863667 3035.5991745366787 428.57142857142856
v 3061.4077365664907 3058.5521585499973 428.57142857142856
v 3041.0255681115664 3076.5706962186787 428.57142857142856
v 3015.435393570394 3087.5384669344185 428.57142857142856
v 2987.0622874297014 3089.9837674437213 428.57142857142856
v 2958.7332036770395 3083.264067913942 428.57142857142856
v 2933.395313692531 3067.669951625872 428.57142857142856
v 2913.8098958880073 3044.4340869553853 428.57142857142856
v 2902.2535241512255 3015.640542227665 428.57142857142856
v 2900.2586981134955 2984.040263032995 428.57142857142856
v 2908.4230143810078 2952.788782609903 428.57142857142856
v 2926.3097087662045 2925.1311173500994 428.57142857142856
v 2952.453473801806 2904.0653130556752 428.57142857142856
v 2984.4747449156416 2892.0194790675346 428.57142857142856
v 3019.294241962992 2890.576916331977 428.57142857142856
v 3053.42864684297 2900.2800235291625 428.57142857142856
v 3083.339071054523 2920.536356253575 428.57142857142856
v 3105.7974529709577 2949.6401921188444 428.57142857142856
v 3118.2329978929633 2984.911202503331 428.57142857142856
v 3119.0216602742676 3022.939544770959 428.57142857142856
v 3107.686488891428 3059.9151533376335 428.57142857142856
v 3084.985017205136 3092.0094665389233 428.57142857142856
v 3052.8710016547857 3115.771344863302 428.57142857142856
v 3014.3305955427572 3128.4962863141823 428.57142857142856
v 2973.106195102551 3128.5296141494155 428.57142857142856
v 2933.3333333333335 3115.470053837925 428.57142857142856
v 2899.12582196308 3090.2495414840237 428.57142857142856
v 2874.1507573628674 3055.07732607606 428.57142857142856
v 2861.237247156479 3013.250236339371 428.57142857142856
v 2862.060434177821 2968.8449751614994 428.57142857142856
v 2876.935712445084 2926.3210206026024 428.57142857142856
v 2904.7475296079588 2890.072789184835 428.57142857142856
v 2943.023850150306 2863.976033394678 428.57142857142856
v 2988.1525317022174 2850.975245615265 428.57142857142856
v 3035.7210508347616 2852.7558229812817 428.57142857142856
v 3080.9477485624207 2869.537105704721 428.57142857142856
v 3119.1624689296186 2900.0108162709826 428.57142857142856
v 3146.288280354048 2941.4350069868574 428.57142857142856
v 3159.274641295513 2989.8777986810733 428.57142857142856
v 3156.4361537610275 3040.5895736858306 428.57142857142856
v 3137.659669008739 3088.468497401825 428.57142857142856
v 3104.4551892948098 3128.5737577210584 428.57142857142856
v 3059.8415280648996 3156.634893741422 428.57142857142856
v 3008.0745069276654 3169.5047605886316 428.57142857142856
v 2954.2418703764592 3165.5082494496874 428.57142857142856
v 2903.763382843464 3144.648499997152 428.57142857142856
v 2861.845213651268 3108.6461248508945 428.57142857142856
v 2832.9435340825053 3060.8035810356746 428.57142857142856
v 2820.2925408644373 3005.704618346117 428.57142857142856
v 2825.5467320700914 2948.7758987561037 428.57142857142856
v 2848.576628464414 2895.7526310878548 428.57142857142856
v 2887.442239966332 2852.1008296387145 428.57142857142856
v 2938.5508674979387 2822.454391635426 428.57142857142856
v 2996.987069493996 2810.1249131285977 428.57142857142856
v 3056.9847184973455 2816.7359334602284 428.57142857142856
v 3112.4958854925962 2842.021633541753 428.57142857142856
v 3157.8004343040657 2883.8140017812116 428.57142857142856
v 3188.094887956793 2938.223681457673 428.57142857142856
v 3200.0 2999.9999999999995 428.57142857142856
v 3000.0 3000.0 448.9795918367347
v 3001.919335591396 3000.6303705973705 448.9795918367347
v 3003.2536172021455 3002.39558759214 448.9795918367347
v 3003.5154964216435 3004.9368239518203 448.9795918367347
v 3002.3993565683095 3007.716381749043 448.9795918367347
v 2999.8397377390424 3010.0997386633726 448.9795918367347
v 2996.035539838577 3011.4545553783596 448.9795918367347
v 2991.435822606134 3011.2531977448803 448.9795918367347
v 2986.688055249619 3009.1646038604085 448.9795918367347
v 2982.5546732070093 3005.1224101243897 448.9795918367347
v 2979.8081506589256 2999.359031646504 448.9795918367347
v 2979.117941760313 2992.3995523705407 448.9795918367347
v 2980.944167400175 2985.0143276067733 448.9795918367347
v 2985.4526043833143 2978.134529070198 448.9795918367347
v 2992.4633668855345 2972.7398177376986 448.9795918367347
v 3001.4418762370833 2969.73129275203 448.9795918367347
v 3011.5357162534747 2969.8053216884005 448.9795918367347
v 3021.655344122095 2973.3444648627074 448.9795918367347
v 3030.5910375574977 2980.3403339107053 448.9795918367347
v 3037.153586518244 2990.359976249615 448.9795918367347
v 3040.322693998864 3002.5625826123864 448.9795918367347
v 3039.3853062491667 3015.767498118923 448.9795918367347
v 3034.0464196941766 3028.5683382082907 448.9795918367347
v 3024.49734495968 3039.482191694624 448.9795918367347
v 3011.430736267124 3047.11813664599 448.9795918367347
v 2995.997476926425 3050.3462008056536 448.9795918367347
v 2979.707124711068 3048.4468922155943 448.9795918367347
v 2964.2803236029845 3041.222704055687 448.9795918367347
v 2951.4676049079203 3029.0564989172835 448.9795918367347
v 2942.8536084450975 3012.9070817188076 448.9795918367347
v 2939.668368328904 2994.2390276785345 448.9795918367347
v 2942.627551150719 2974.8912189947373 448.9795918367347
v 2951.8212881017694 2956.895741380765 448.9795918367347
v 2966.6666666666665 2942.2649730810376 448.9795918367347
v 2985.932471284411 2932.7691249064596 448.9795918367347
v 3007.837044437445 2929.7285934219317 448.9795918367347
v 3030.2120009455916 2933.8449457923984 448.9795918367347
v 3050.7168651062907 2945.0911248074167 448.9795918367347
v 3067.083386522529 2962.6758061175397 448.9795918367347
v 3077.3640791782736 2985.0892958988766 448.9795918367347
v 3080.1579646731957 3010.2296932180807 448.9795918367347
v 3074.7878546863667 3035.5991745366787 448.9795918367347
v 3061.4077365664907 3058.5521585499973 448.9795918367347
v 3041.0255681115664 3076.5706962186787 448.9795918367347
v 3015.435393570394 3087.5384669344185 448.9795918367347
v 2987.0622874297014 3089.9837674437213 448.9795918367347
v 2958.7332036770395 3083.264067913942 448.9795918367347
v 2933.395313692531 3067.669951625872 448.9795918367347
v 2913.8098958880073 3044.4340869553853 448.9795918367347
v 2902.2535241512255 3015.640542227665 448.9795918367347
v 2900.2586981134955 2984.040263032995 448.9795918367347
v 2908.4230143810078 2952.788782609903 448.9795918367347
v 2926.3097087662045 2925.1311173500994 448.9795918367347
v 2952.453473801806 2904.0653130556752 448.9795918367347
v 2984.4747449156416 2892.0194790675346 448.9795918367347
v 3019.294241962992 2890.576916331977 448.9795918367347
v 3053.42864684297 2900.2800235291625 448.9795918367347
v 3083.339071054523 2920.536356253575 448.9795918367347
v 3105.7974529709577 2949.6401921188444 448.9795918367347
v 3118.2329978929633 2984.911202503331 448.9795918367347
v 3119.0216602742676 3022.939544770959 448.9795918367347
v 3107.686488891428 3059.9151533376335 448.9795918367347
v 3084.985017205136 3092.0094665389233 448.9795918367347
v 3052.8710016547857 3115.771344863302 448.9795918367347
v 3014.3305955427572 3128.4962863141823 448.9795918367347
v 2973.106195102551 3128.5296141494155 448.9795918367347
v 2933.3333333333335 3115.470053837925 448.9795918367347
v 2899.12582196308 3090.2495414840237 448.9795918367347
v 2874.1507573628674 3055.07732607606 448.9795918367347
v 2861.237247156479 3013.250236339371 448.9795918367347
v 2862.060434177821 2968.8449751614994 448.9795918367347
v 2876.935712445084 2926.3210206026024 448.9795918367347
v 2904.7475296079588 2890.072789184835 448.9795918367347
v 2943.023850150306 2863.976033394678 448.9795918367347
v 2988.1525317022174 2850.975245615265 448.9795918367347
v 3035.7210508347616 2852.7558229812817 448.9795918367347
v 3080.9477485624207 2869.537105704721 448.9795918367347
v 3119.1624689296186 2900.0108162709826 448.9795918367347
v 3146.288280354048 2941.4350069868574 448.9795918367347
v 3159.274641295513 2989.8777986810733 448.9795918367347
v 3156.4361537610275 3040.5895736858306 448.9795918367347
v 3137.659669008739 3088.468497401825 448.9795918367347
v 3104.4551892948098 3128.5737577210584 448.9795918367347
v 3059.8415280648996 3156.634893741422 448.9795918367347
v 3008.0745069276654 3169.5047605886316 448.9795918367347
v 2954.2418703764592 3165.5082494496874 448.9795918367347
v 2903.763382843464 3144.648499997152 448.9795918367347
v 2861.845213651268 3108.6461248508945 448.9795918367347
v 2832.9435340825053 3060.8035810356746 448.9795918367347
v 2820.2925408644373 3005.704618346117 448.9795918367347
v 2825.5467320700914 2948.7758987561037 448.9795918367347
v 2848.576628464414 2895.7526310878548 448.9795918367347
v 2887.442239966332 2852.1008296387145 448.9795918367347
v 2938.5508674979387 2822.454391635426 448.9795918367347
v 2996.987069493996 2810.1249131285977 448.9795918367347
v 3056.9847184973455 2816.7359334602284 448.9795918367347
v 3112.4958854925962 2842.021633541753 448.9795918367347
v 3157.8004343040657 2883.8140017812116 448.9795918367347
v 3188.094887956793 2938.223681457673 448.9795918367347
v 3200.0 2999.9999999999995 448.9795918367347
v 3000.0 3000.0 469.3877551020408
v 3001.919335591396 3000.6303705973705 469.3877551020408
v 3003.2536172021455 3002.39558759214 469.3877551020408
v 3003.5154964216435 3004.9368239518203 469.3877551020408
v 3002.3993565683095 3007.716381749043 469.3877551020408
v 2999.8397377390424 3010.0997386633726 469.3877551020408
v 2996.035539838577 3011.4545553783596 469.3877551020408
v 2991.435822606134 3011.2531977448803 469.3877551020408
v 2986.688055249619 3009.1646038604085 469.3877551020408
v 2982.5546732070093 3005.1224101243897 469.3877551020408
v 2979.8081506589256 2999.359031646504 469.3877551020408
v 2979.117941760313 2992.3995523705407 469.3877551020408
v 2980.944167400175 2985.0143276067733 469.3877551020408
v 2985.4526043833143 2978.134529070198 469.3877551020408
v 2992.4633668855345 2972.7398177376986 469.3877551020408
v 3001.4418762370833 2969.73129275203 469.3877551020408
v 3011.5357162534747 2969.8053216884005 469.3877551020408
v 3021.655344122095 2973.3444648627074 469.3877551020408
v 3030.5910375574977 2980.3403339107053 469.3877551020408
v 3037.153586518244 2990.359976249615 469.3877551020408
v 3040.322693998864 3002.5625826123864 469.3877551020408
v 3039.3853062491667 3015.767498118923 469.3877551020408
v 3034.0464196941766 3028.5683382082907 469.3877551020408
v 3024.49734495968 3039.482191694624 469.3877551020408
v 3011.430736267124 3047.11813664599 469.3877551020408
v 2995.997476926425 3050.3462008056536 469.3877551020408
v 2979.707124711068 3048.4468922155943 469.3877551020408
v 2964.2803236029845 3041.222704055687 469.3877551020408
v 2951.4676049079203 3029.0564989172835 469.3877551020408
v 2942.8536084450975 3012.9070817188076 469.3877551020408
v 2939.668368328904 2994.2390276785345 469.3877551020408
v 2942.627551150719 2974.8912189947373 469.3877551020408
v 2951.8212881017694 2956.895741380765 469.3877551020408
v 2966.6666666666665 2942.2649730810376 469.3877551020408
v 2985.932471284411 2932.7691249064596 469.3877551020408
v 3007.837044437445 2929.7285934219317 469.3877551020408
v 3030.2120009455916 2933.8449457923984 469.3877551020408
v 3050.7168651062907 2945.0911248074167 469.3877551020408
v 3067.083386522529 2962.6758061175397 469.3877551020408
v 3077.3640791782736 2985.0892958988766 469.3877551020408
v 3080.1579646731957 3010.2296932180807 469.3877551020408
v 3074.7878546863667 3035.5991745366787 469.3877551020408
v 3061.4077365664907 3058.5521585499973 469.3877551020408
v 3041.0255681115664 3076.5706962186787 469.3877551020408
v 3015.435393570394 3087.5384669344185 469.3877551020408
v 2987.0622874297014 3089.9837674437213 469.3877551020408
v 2958.7332036770395 3083.264067913942 469.3877551020408
v 2933.395313692531 3067.669951625872 469.3877551020408
v 2913.8098958880073 3044.4340869553853 469.3877551020408
v 2902.2535241512255 3015.640542227665 469.3877551020408
v 2900.2586981134955 2984.040263032995 469.3877551020408
v 2908.4230143810078 2952.788782609903 469.3877551020408
v 2926.3097087662045 2925.1311173500994 469.3877551020408
v 2952.453473801806 2904.0653130556752 469.3877551020408
v 2984.4747449156416 2892.0194790675346 469.3877551020408
v 3019.294241962992 2890.576916331977 469.3877551020408
v 3053.42864684297 2900.2800235291625 469.3877551020408
v 3083.339071054523 2920.536356253575 469.3877551020408
v 3105.7974529709577 2949.6401921188444 469.3877551020408
v 3118.2329978929633 2984.911202503331 469.3877551020408
v 3119.0216602742676 3022.939544770959 469.3877551020408
v 3107.686488891428 3059.9151533376335 469.3877551020408
v 3084.985017205136 3092.0094665389233 469.3877551020408
v 3052.8710016547857 3115.771344863302 469.3877551020408
v 3014.3305955427572 3128.4962863141823 469.3877551020408
v 2973.106195102551 3128.5296141494155 469.3877551020408
v 2933.3333333333335 3115.470053837925 469.3877551020408
v 2899.12582196308 3090.2495414840237 469.3877551020408
v 2874.1507573628674 3055.07732607606 469.3877551020408
v 2861.237247156479 3013.250236339371 469.3877551020408
v 2862.060434177821 2968.8449751614994 469.3877551020408
v 2876.935712445084 2926.3210206026024 469.3877551020408
v 2904.7475296079588 2890.072789184835 469.3877551020408
v 2943.023850150306 2863.976033394678 469.3877551020408
v 2988.1525317022174 2850.975245615265 469.3877551020408
v 3035.7210508347616 2852.7558229812817 469.3877551020408
v 3080.9477485624207 2869.537105704721 469.3877551020408
v 3119.1624689296186 2900.0108162709826 469.3877551020408
v 3146.288280354048 2941.4350069868574 469.3877551020408
v 3159.274641295513 2989.8777986810733 469.3877551020408
v 3156.4361537610275 3040.5895736858306 469.3877551020408
v 3137.659669008739 3088.468497401825 469.3877551020408
v 3104.4551892948098 3128.5737577210584 469.3877551020408
v 3059.8415280648996 3156.634893741422 469.3877551020408
v 3008.0745069276654 3169.5047605886316 469.3877551020408
v 2954.2418703764592 3165.5082494496874 469.3877551020408
v 2903.763382843464 3144.648499997152 469.3877551020408
v 2861.845213651268 3108.6461248508945 469.3877551020408
v 2832.9435340825053 3060.8035810356746 469.3877551020408
v 2820.2925408644373 3005.704618346117 469.3877551020408
v 2825.5467320700914 2948.7758987561037 469.3877551020408
v 2848.576628464414 2895.7526310878548 469.3877551020408
v 2887.442239966332 2852.1008296387145 469.3877551020408
v 2938.5508674979387 2822.454391635426 469.3877551020408
v 2996.987069493996 2810.1249131285977 469.3877551020408
v 3056.9847184973455 2816.7359334602284 469.3877551020408
v 3112.4958854925962 2842.021633541753 469.3877551020408
v 3157.8004343040657 2883.8140017812116 469.3877551020408
v 3188.094887956793 2938.223681457673 469.3877551020408
v 3200.0 2999.9999999999995 469.3877551020408
v 3000.0 3000.0 489.7959183673469
v 3001.919335591396 3000.6303705973705 489.7959183673469
v 3003.2536172021455 3002.39558759214 489.7959183673469
v 3003.5154964216435 3004.9368239518203 489.7959183673469
v 3002.3993565683095 3007.716381749043 489.7959183673469
v 2999.8397377390424 3010.0997386633726 489.7959183673469
v 2996.035539838577 3011.4545553783596 489.7959183673469
v 2991.435822606134 3011.2531977448803 489.7959183673469
v 2986.688055249619 3009.1646038604085 489.7959183673469
v 2982.5546732070093 3005.1224101243897 489.7959183673469
v 2979.8081506589256 2999.359031646504 489.7959183673469
v 2979.117941760313 2992.3995523705407 489.7959183673469
v 2980.944167400175 2985.0143276067733 489.7959183673469
v 2985.4526043833143 2978.134529070198 489.7959183673469
v 2992.4633668855345 2972.7398177376986 489.7959183673469
v 3001.4418762370833 2969.73129275203 489.7959183673469
v 3011.5357162534747 2969.8053216884005 489.7959183673469
v 3021.655344122095 2973.3444648627074 489.7959183673469
v 3030.5910375574977 2980.3403339107053 489.7959183673469
v 3037.153586518244 2990.359976249615 489.7959183673469
v 3040.322693998864 3002.5625826123864 489.7959183673469
v 3039.3853062491667 3015.767498118923 489.7959183673469
v 3034.0464196941766 3028.5683382082907 489.7959183673469
v 3024.49734495968 3039.482191694624 489.7959183673469
v 3011.430736267124 3047.11813664599 489.7959183673469
v 2995.997476926425 3050.3462008056536 489.7959183673469
v 2979.707124711068 3048.4468922155943 489.7959183673469
v 2964.2803236029845 3041.222704055687 489.7959183673469
v 2951.4676049079203 3029.0564989172835 489.7959183673469
v 2942.8536084450975 3012.9070817188076 489.7959183673469
v 2939.668368328904 2994.2390276785345 489.7959183673469
v 2942.627551150719 2974.8912189947373 489.7959183673469
v 2951.8212881017694 2956.895741380765 489.7959183673469
v 2966.6666666666665 2942.2649730810376 489.7959183673469
v 2985.932471284411 2932.7691249064596 489.7959183673469
v 3007.837044437445 2929.7285934219317 489.7959183673469
v 3030.2120009455916 2933.8449457923984 489.7959183673469
v 3050.7168651062907 2945.0911248074167 489.7959183673469
v 3067.083386522529 2962.6758061175397 489.7959183673469
v 3077.3640791782736 2985.0892958988766 489.7959183673469
v 3080.1579646731957 3010.2296932180807 489.7959183673469
v 3074.7878546863667 3035.5991745366787 489.7959183673469
v 3061.4077365664907 3058.5521585499973 489.7959183673469
v 3041.0255681115664 3076.5706962186787 489.7959183673469
v 3015.435393570394 3087.5384669344185 489.7959183673469
v 2987.0622874297014 3089.9837674437213 489.7959183673469
v 2958.7332036770395 3083.264067913942 489.7959183673469
v 2933.395313692531 3067.669951625872 489.7959183673469
v 2913.8098958880073 3044.4340869553853 489.7959183673469
v 2902.2535241512255 3015.640542227665 489.7959183673469
v 2900.2586981134955 2984.040263032995 489.7959183673469
v 2908.4230143810078 2952.788782609903 489.7959183673469
v 2926.3097087662045 2925.1311173500994 489.7959183673469
v 2952.453473801806 2904.0653130556752 489.7959183673469
v 2984.4747449156416 2892.0194790675346 489.7959183673469
v 3019.294241962992 2890.576916331977 489.7959183673469
v 3053.42864684297 2900.2800235291625 489.7959183673469
v 3083.339071054523 2920.536356253575 489.7959183673469
v 3105.7974529709577 2949.6401921188444 489.7959183673469
v 3118.2329978929633 2984.911202503331 489.7959183673469
v 3119.0216602742676 3022.939544770959 489.7959183673469
v 3107.686488891428 3059.9151533376335 489.7959183673469
v 3084.985017205136 3092.0094665389233 489.7959183673469
v 3052.8710016547857 3115.771344863302 489.7959183673469
v 3014.3305955427572 3128.4962863141823 489.7959183673469
v 2973.106195102551 3128.5296141494155 489.7959183673469
v 2933.3333333333335 3115.470053837925 489.7959183673469
v 2899.12582196308 3090.2495414840237 489.7959183673469
v 2874.1507573628674 3055.07732607606 489.7959183673469
v 2861.237247156479 3013.250236339371 489.7959183673469
v 2862.060434177821 2968.8449751614994 489.7959183673469
v 2876.935712445084 2926.3210206026024 489.7959183673469
v 2904.7475296079588 2890.072789184835 489.7959183673469
v 2943.023850150306 2863.976033394678 489.7959183673469
v 2988.1525317022174 2850.975245615265 489.7959183673469
v 3035.7210508347616 2852.7558229812817 489.7959183673469
v 3080.9477485624207 2869.537105704721 489.7959183673469
v 3119.1624689296186 2900.0108162709826 489.7959183673469
v 3146.288280354048 2941.4350069868574 489.7959183673469
v 3159.274641295513 2989.8777986810733 489.7959183673469
v 3156.4361537610275 3040.5895736858306 489.7959183673469
v 3137.659669008739 3088.468497401825 489.7959183673469
v 3104.4551892948098 3128.5737577210584 489.7959183673469
v 3059.8415280648996 3156.634893741422 489.7959183673469
v 3008.0745069276654 3169.5047605886316 489.7959183673469
v 2954.2418703764592 3165.5082494496874 489.7959183673469
v 2903.763382843464 3144.648499997152 489.7959183673469
v 2861.845213651268 3108.6461248508945 489.7959183673469
v 2832.9435340825053 3060.8035810356746 489.7959183673469
v 2820.2925408644373 3005.704618346117 489.7959183673469
v 2825.5467320700914 2948.7758987561037 489.7959183673469
v 2848.576628464414 2895.7526310878548 489.7959183673469
v 2887.442239966332 2852.1008296387145 489.7959183673469
v 2938.5508674979387 2822.454391635426 489.7959183673469
v 2996.987069493996 2810.1249131285977 489.7959183673469
v 3056.9847184973455 2816.7359334602284 489.7959183673469
v 3112.4958854925962 2842.021633541753 489.7959183673469
v 3157.8004343040657 2883.8140017812116 489.7959183673469
v 3188.094887956793 2938.223681457673 489.7959183673469
v 3200.0 2999.9999999999995 489.7959183673469
v 3000.0 3000.0 510.2040816326531
v 3001.919335591396 3000.6303705973705 510.2040816326531
v 3003.2536172021455 3002.39558759214 510.2040816326531
v 3003.5154964216435 3004.9368239518203 510.2040816326531
v 3002.3993565683095 3007.716381749043 510.2040816326531
v 2999.8397377390424 3010.0997386633726 510.2040816326531
v 2996.035539838577 3011.4545553783596 510.2040816326531
v 2991.435822606134 3011.2531977448803 510.2040816326531
v 2986.688055249619 3009.1646038604085 510.2040816326531
v 2982.5546732070093 3005.1224101243897 510.2040816326531
v 2979.8081506589256 2999.359031646504 510.2040816326531
v 2979.117941760313 2992.3995523705407 510.2040816326531
v 2980.944167400175 2985.0143276067733 510.2040816326531
v 2985.4526043833143 2978.134529070198 510.2040816326531
v 2992.4633668855345 2972.7398177376986 510.2040816326531
v 3001.4418762370833 2969.73129275203 510.2040816326531
v 3011.5357162534747 2969.8053216884005 510.2040816326531
v 3021.655344122095 2973.3444648627074 510.2040816326531
v 3030.5910375574977 2980.3403339107053 510.2040816326531
v 3037.153586518244 2990.359976249615 510.2040816326531
v 3040.322693998864 3002.5625826123864 510.2040816326531
v 3039.3853062491667 3015.767498118923 510.2040816326531
v 3034.0464196941766 3028.5683382082907 510.2040816326531
v 3024.49734495968 3039.482191694624 510.2040816326531
v 3011.430736267124 3047.11813664599 510.2040816326531
v 2995.997476926425 3050.3462008056536 510.2040816326531
v 2979.707124711068 3048.4468922155943 510.2040816326531
v 2964.2803236029845 3041.222704055687 510.2040816326531
v 2951.4676049079203 3029.0564989172835 510.2040816326531
v 2942.8536084450975 3012.9070817188076 510.2040816326531
v 2939.668368328904 2994.2390276785345 510.2040816326531
v 2942.627551150719 2974.8912189947373 510.2040816326531
v 2951.8212881017694 2956.895741380765 510.2040816326531
v 2966.6666666666665 2942.2649730810376 510.2040816326531
v 2985.932471284411 2932.7691249064596 510.2040816326531
v 3007.837044437445 2929.7285934219317 510.2040816326531
v 3030.2120009455916 2933.8449457923984 510.2040816326531
v 3050.7168651062907 2945.0911248074167 510.2040816326531
v 3067.083386522529 2962.6758061175397 510.2040816326531
v 3077.3640791782736 2985.0892958988766 510.2040816326531
v 3080.1579646731957 3010.2296932180807 510.2040816326531
v 3074.7878546863667 3035.5991745366787 510.2040816326531
v 3061.4077365664907 3058.5521585499973 510.2040816326531
v 3041.0255681115664 3076.5706962186787 510.2040816326531
v 3015.435393570394 3087.5384669344185 510.2040816326531
v 2987.0622874297014 3089.9837674437213 510.2040816326531
v 2958.7332036770395 3083.264067913942 510.2040816326531
v 2933.395313692531 3067.669951625872 510.2040816326531
v 2913.8098958880073 3044.4340869553853 510.2040816326531
v 2902.2535241512255 3015.640542227665 510.2040816326531
v 2900.2586981134955 2984.040263032995 510.2040816326531
v 2908.4230143810078 2952.788782609903 510.2040816326531
v 2926.3097087662045 2925.1311173500994 510.2040816326531
v 2952.453473801806 2904.0653130556752 510.2040816326531
v 2984.4747449156416 2892.0194790675346 510.2040816326531
v 3019.294241962992 2890.576916331977 510.2040816326531
v 3053.42864684297 2900.2800235291625 510.2040816326531
v 3083.339071054523 2920.536356253575 510.2040816326531
v 3105.7974529709577 2949.6401921188444 510.2040816326531
v 3118.2329978929633 2984.911202503331 510.2040816326531
v 3119.0216602742676 3022.939544770959 510.2040816326531
v 3107.686488891428 3059.9151533376335 510.2040816326531
v 3084.985017205136 3092.0094665389233 510.2040816326531
v 3052.8710016547857 3115.771344863302 510.2040816326531
v 3014.3305955427572 3128.4962863141823 510.2040816326531
v 2973.106195102551 3128.5296141494155 510.2040816326531
v 2933.3333333333335 3115.470053837925 510.2040816326531
v 2899.12582196308 3090.2495414840237 510.2040816326531
v 2874.1507573628674 3055.07732607606 510.2040816326531
v 2861.237247156479 3013.250236339371 510.2040816326531
v 2862.060434177821 2968.8449751614994 510.2040816326531
v 2876.935712445084 2926.3210206026024 510.2040816326531
v 2904.7475296079588 2890.072789184835 510.2040816326531
v 2943.023850150306 2863.976033394678 510.2040816326531
v 2988.1525317022174 2850.975245615265 510.2040816326531
v 3035.7210508347616 2852.7558229812817 510.2040816326531
v 3080.9477485624207 2869.537105704721 510.2040816326531
v 3119.1624689296186 2900.0108162709826 510.2040816326531
v 3146.288280354048 2941.4350069868574 510.2040816326531
v 3159.274641295513 2989.8777986810733 510.2040816326531
v 3156.4361537610275 3040.5895736858306 510.2040816326531
v 3137.659669008739 3088.468497401825 510.2040816326531
v 3104.4551892948098 3128.5737577210584 510.2040816326531
v 3059.8415280648996 3156.634893741422 510.2040816326531
v 3008.0745069276654 3169.5047605886316 510.2040816326531
v 2954.2418703764592 3165.5082494496874 510.2040816326531
v 2903.763382843464 3144.648499997152 510.2040816326531
v 2861.845213651268 3108.6461248508945 510.2040816326531
v 2832.9435340825053 3060.8035810356746 510.2040816326531
v 2820.2925408644373 3005.704618346117 510.2040816326531
v 2825.5467320700914 2948.7758987561037 510.2040816326531
v 2848.576628464414 2895.7526310878548 510.2040816326531
v 2887.442239966332 2852.1008296387145 510.2040816326531
v 2938.5508674979387 2822.454391635426 510.2040816326531
v 2996.987069493996 2810.1249131285977 510.2040816326531
v 3056.9847184973455 2816.7359334602284 510.2040816326531
v 3112.4958854925962 2842.021633541753 510.2040816326531
v 3157.8004343040657 2883.8140017812116 510.2040816326531
v 3188.094887956793 2938.223681457673 510.2040816326531
v 3200.0 2999.9999999999995 510.2040816326531
v 3000.0 3000.0 530.6122448979592
v 3001.919335591396 3000.6303705973705 530.6122448979592
v 3003.2536172021455 3002.39558759214 530.6122448979592
v 3003.5154964216435 3004.9368239518203 530.6122448979592
v 3002.3993565683095 3007.716381749043 530.6122448979592
v 2999.8397377390424 3010.0997386633726 530.6122448979592
v 2996.035539838577 3011.4545553783596 530.6122448979592
v 2991.435822606134 3011.2531977448803 530.6122448979592
v 2986.688055249619 3009.1646038604085 530.6122448979592
v 2982.5546732070093 3005.1224101243897 530.6122448979592
v 2979.8081506589256 2999.359031646504 530.6122448979592
v 2979.117941760313 2992.3995523705407 530.6122448979592
v 2980.944167400175 2985.0143276067733 530.6122448979592
v 2985.4526043833143 2978.134529070198 530.6122448979592
v 2992.4633668855345 2972.7398177376986 530.6122448979592
v 3001.4418762370833 2969.73129275203 530.6122448979592
v 3011.5357162534747 2969.8053216884005 530.6122448979592
v 3021.655344122095 2973.3444648627074 530.6122448979592
v 3030.5910375574977 2980.3403339107053 530.6122448979592
v 3037.153586518244 2990.359976249615 530.6122448979592
v 3040.322693998864 3002.5625826123864 530.6122448979592
v 3039.3853062491667 3015.767498118923 530.6122448979592
v 3034.0464196941766 3028.5683382082907 530.6122448979592
v 3024.49734495968 3039.482191694624 530.6122448979592
v 3011.430736267124 3047.11813664599 530.6122448979592
v 2995.997476926425 3050.3462008056536 530.6122448979592
v 2979.707124711068 3048.4468922155943 530.6122448979592
v 2964.2803236029845 3041.222704055687 530.6122448979592
v 2951.4676049079203 3029.0564989172835 530.6122448979592
v 2942.8536084450975 3012.9070817188076 530.6122448979592
v 2939.668368328904 2994.2390276785345 530.6122448979592
v 2942.627551150719 2974.8912189947373 530.6122448979592
v 2951.8212881017694 2956.895741380765 530.6122448979592
v 2966.6666666666665 2942.2649730810376 530.6122448979592
v 2985.932471284411 2932.7691249064596 530.6122448979592
v 3007.837044437445 2929.7285934219317 530.6122448979592
v 3030.2120009455916 2933.8449457923984 530.6122448979592
v 3050.7168651062907 2945.0911248074167 530.6122448979592
v 3067.083386522529 2962.6758061175397 530.6122448979592
v 3077.3640791782736 2985.0892958988766 530.6122448979592
v 3080.1579646731957 3010.2296932180807 530.6122448979592
v 3074.7878546863667 3035.5991745366787 530.6122448979592
v 3061.4077365664907 3058.5521585499973 530.6122448979592
v 3041.0255681115664 3076.5706962186787 530.6122448979592
v 3015.435393570394 3087.5384669344185 530.6122448979592
v 2987.0622874297014 3089.9837674437213 530.6122448979592
v 2958.7332036770395 3083.264067913942 530.6122448979592
v 2933.395313692531 3067.669951625872 530.6122448979592
v 2913.8098958880073 3044.4340869553853 530.6122448979592
v 2902.2535241512255 3015.640542227665 530.6122448979592
v 2900.2586981134955 2984.040263032995 530.6122448979592
v 2908.4230143810078 2952.788782609903 530.6122448979592
v 2926.3097087662045 2925.1311173500994 530.6122448979592
v 2952.453473801806 2904.0653130556752 530.6122448979592
v 2984.4747449156416 2892.0194790675346 530.6122448979592
v 3019.294241962992 2890.576916331977 530.6122448979592
v 3053.42864684297 2900.2800235291625 530.6122448979592
v 3083.339071054523 2920.536356253575 530.6122448979592
v 3105.7974529709577 2949.6401921188444 530.6122448979592
v 3118.2329978929633 2984.911202503331 530.6122448979592
v 3119.0216602742676 3022.939544770959 530.6122448979592
v 3107.686488891428 3059.9151533376335 530.6122448979592
v 3084.985017205136 3092.0094665389233 530.6122448979592
v 3052.8710016547857 3115.771344863302 530.6122448979592
v 3014.3305955427572 3128.4962863141823 530.6122448979592
v 2973.106195102551 3128.5296141494155 530.6122448979592
v 2933.3333333333335 3115.470053837925 530.6122448979592
v 2899.12582196308 3090.2495414840237 530.6122448979592
v 2874.1507573628674 3055.07732607606 530.6122448979592
v 2861.237247156479 3013.250236339371 530.6122448979592
v 2862.060434177821 2968.8449751614994 530.6122448979592
v 2876.935712445084 2926.3210206026024 530.6122448979592
v 2904.7475296079588 2890.072789184835 530.6122448979592
v 2943.023850150306 2863.976033394678 530.6122448979592
v 2988.1525317022174 2850.975245615265 530.6122448979592
v 3035.7210508347616 2852.7558229812817 530.6122448979592
v 3080.9477485624207 2869.537105704721 530.6122448979592
v 3119.1624689296186 2900.0108162709826 530.6122448979592
v 3146.288280354048 2941.4350069868574 530.6122448979592
v 3159.274641295513 2989.8777986810733 530.6122448979592
v 3156.4361537610275 3040.5895736858306 530.6122448979592
v 3137.659669008739 3088.468497401825 530.6122448979592
v 3104.4551892948098 3128.5737577210584 530.6122448979592
v 3059.8415280648996 3156.634893741422 530.6122448979592
v 3008.0745069276654 3169.5047605886316 530.6122448979592
v 2954.2418703764592 3165.5082494496874 530.6122448979592
v 2903.763382843464 3144.648499997152 530.6122448979592
v 2861.845213651268 3108.6461248508945 530.6122448979592
v 2832.9435340825053 3060.8035810356746 530.6122448979592
v 2820.2925408644373 3005.704618346117 530.6122448979592
v 2825.5467320700914 2948.7758987561037 530.6122448979592
v 2848.576628464414 2895.7526310878548 530.6122448979592
v 2887.442239966332 2852.1008296387145 530.6122448979592
v 2938.5508674979387 2822.454391635426 530.6122448979592
v 2996.987069493996 2810.1249131285977 530.6122448979592
v 3056.9847184973455 2816.7359334602284 530.6122448979592
v 3112.4958854925962 2842.021633541753 530.6122448979592
v 3157.8004343040657 2883.8140017812116 530.6122448979592
v 3188.094887956793 2938.223681457673 530.6122448979592
v 3200.0 2999.9999999999995 530.6122448979592
v 3000.0 3000.0 551.0204081632653
v 3001.919335591396 3000.6303705973705 551.0204081632653
v 3003.2536172021455 3002.39558759214 551.0204081632653
v 3003.5154964216435 3004.9368239518203 551.0204081632653
v 3002.3993565683095 3007.716381749043 551.0204081632653
v 2999.8397377390424 3010.0997386633726 551.0204081632653
v 2996.035539838577 3011.4545553783596 551.0204081632653
v 2991.435822606134 3011.2531977448803 551.0204081632653
v 2986.688055249619 3009.1646038604085 551.0204081632653
v 2982.5546732070093 3005.1224101243897 551.0204081632653
v 2979.8081506589256 2999.359031646504 551.0204081632653
v 2979.117941760313 2992.3995523705407 551.0204081632653
v 2980.944167400175 2985.0143276067733 551.0204081632653
v 2985.4526043833143 2978.134529070198 551.0204081632653
v 2992.4633668855345 2972.7398177376986 551.0204081632653
v 3001.4418762370833 2969.73129275203 551.0204081632653
v 3011.5357162534747 2969.8053216884005 551.0204081632653
v 3021.655344122095 2973.3444648627074 551.0204081632653
v 3030.5910375574977 2980.3403339107053 551.0204081632653
v 3037.153586518244 2990.359976249615 551.0204081632653
v 3040.322693998864 3002.5625826123864 551.0204081632653
v 3039.3853062491667 3015.767498118923 551.0204081632653
v 3034.0464196941766 3028.5683382082907 551.0204081632653
v 3024.49734495968 3039.482191694624 551.0204081632653
v 3011.430736267124 3047.11813664599 551.0204081632653
v 2995.997476926425 3050.3462008056536 551.0204081632653
v 2979.707124711068 3048.4468922155943 551.0204081632653
v 2964.2803236029845 3041.222704055687 551.0204081632653
v 2951.4676049079203 3029.0564989172835 551.0204081632653
v 2942.8536084450975 3012.9070817188076 551.0204081632653
v 2939.668368328904 2994.2390276785345 551.0204081632653
v 2942.627551150719 2974.8912189947373 551.0204081632653
v 2951.8212881017694 2956.895741380765 551.0204081632653
v 2966.6666666666665 2942.2649730810376 551.0204081632653
v 2985.932471284411 2932.7691249064596 551.0204081632653
v 3007.837044437445 2929.7285934219317 551.0204081632653
v 3030.2120009455916 2933.8449457923984 551.0204081632653
v 3050.7168651062907 2945.0911248074167 551.0204081632653
v 3067.083386522529 2962.6758061175397 551.0204081632653
v 3077.3640791782736 2985.0892958988766 551.0204081632653
v 3080.1579646731957 3010.2296932180807 551.0204081632653
v 3074.7878546863667 3035.5991745366787 551.0204081632653
v 3061.4077365664907 3058.5521585499973 551.0204081632653
v 3041.0255681115664 3076.5706962186787 551.0204081632653
v 3015.435393570394 3087.5384669344185 551.0204081632653
v 2987.0622874297014 3089.9837674437213 551.0204081632653
v 2958.7332036770395 3083.264067913942 551.0204081632653
v 2933.395313692531 3067.669951625872 551.0204081632653
v 2913.8098958880073 3044.4340869553853 551.0204081632653
v 2902.2535241512255 3015.640542227665 551.0204081632653
v 2900.2586981134955 2984.040263032995 551.0204081632653
v 2908.4230143810078 2952.788782609903 551.0204081632653
v 2926.3097087662045 2925.1311173500994 551.0204081632653
v 2952.453473801806 2904.0653130556752 551.0204081632653
v 2984.4747449156416 2892.0194790675346 551.0204081632653
v 3019.294241962992 2890.576916331977 551.0204081632653
v 3053.42864684297 2900.2800235291625 551.0204081632653
v 3083.339071054523 2920.536356253575 551.0204081632653
v 3105.7974529709577 2949.6401921188444 551.0204081632653
v 3118.2329978929633 2984.911202503331 551.0204081632653
v 3119.0216602742676 3022.939544770959 551.0204081632653
v 3107.686488891428 3059.9151533376335 551.0204081632653
v 3084.985017205136 3092.0094665389233 551.0204081632653
v 3052.8710016547857 3115.771344863302 551.0204081632653
v 3014.3305955427572 3128.4962863141823 551.0204081632653
v 2973.106195102551 3128.5296141494155 551.0204081632653
v 2933.3333333333335 3115.470053837925 551.0204081632653
v 2899.12582196308 3090.2495414840237 551.0204081632653
v 2874.1507573628674 3055.07732607606 551.0204081632653
v 2861.237247156479 3013.250236339371 551.0204081632653
v 2862.060434177821 2968.8449751614994 551.0204081632653
v 2876.935712445084 2926.3210206026024 551.0204081632653
v 2904.7475296079588 2890.072789184835 551.0204081632653
v 2943.023850150306 2863.976033394678 551.0204081632653
v 2988.1525317022174 2850.975245615265 551.0204081632653
v 3035.7210508347616 2852.7558229812817 551.0204081632653
v 3080.9477485624207 2869.537105704721 551.0204081632653
v 3119.1624689296186 2900.0108162709826 551.0204081632653
v 3146.288280354048 2941.4350069868574 551.0204081632653
v 3159.274641295513 2989.8777986810733 551.0204081632653
v 3156.4361537610275 3040.5895736858306 551.0204081632653
v 3137.659669008739 3088.468497401825 551.0204081632653
v 3104.4551892948098 3128.5737577210584 551.0204081632653
v 3059.8415280648996 3156.634893741422 551.0204081632653
v 3008.0745069276654 3169.5047605886316 551.0204081632653
v 2954.2418703764592 3165.5082494496874 551.0204081632653
v 2903.763382843464 3144.648499997152 551.0204081632653
v 2861.845213651268 3108.6461248508945 551.0204081632653
v 2832.9435340825053 3060.8035810356746 551.0204081632653
v 2820.2925408644373 3005.704618346117 551.0204081632653
v 2825.5467320700914 2948.7758987561037 551.0204081632653
v 2848.576628464414 2895.7526310878548 551.0204081632653
v 2887.442239966332 2852.1008296387145 551.0204081632653
v 2938.5508674979387 2822.454391635426 551.0204081632653
v 2996.987069493996 2810.1249131285977 551.0204081632653
v 3056.9847184973455 2816.7359334602284 551.0204081632653
v 3112.4958854925962 2842.021633541753 551.0204081632653
v 3157.8004343040657 2883.8140017812116 551.0204081632653
v 3188.094887956793 2938.223681457673 551.0204081632653
v 3200.0 2999.9999999999995 551.0204081632653
v 3000.0 3000.0 571.4285714285714
v 3001.919335591396 3000.6303705973705 571.4285714285714
v 3003.2536172021455 3002.39558759214 571.4285714285714
v 3003.5154964216435 3004.9368239518203 571.4285714285714
v 3002.3993565683095 3007.716381749043 571.4285714285714
v 2999.8397377390424 3010.0997386633726 571.4285714285714
v 2996.035539838577 3011.4545553783596 571.4285714285714
v 2991.435822606134 3011.2531977448803 571.4285714285714
v 2986.688055249619 3009.1646038604085 571.4285714285714
v 2982.5546732070093 3005.1224101243897 571.4285714285714
v 2979.8081506589256 2999.359031646504 571.4285714285714
v 2979.117941760313 2992.3995523705407 571.4285714285714
v 2980.944167400175 2985.0143276067733 571.4285714285714
v 2985.4526043833143 2978.134529070198 571.4285714285714
v 2992.4633668855345 2972.7398177376986 571.4285714285714
v 3001.4418762370833 2969.73129275203 571.4285714285714
v 3011.5357162534747 2969.8053216884005 571.4285714285714
v 3021.655344122095 2973.3444648627074 571.4285714285714
v 3030.5910375574977 2980.3403339107053 571.4285714285714
v 3037.153586518244 2990.359976249615 571.4285714285714
v 3040.322693998864 3002.5625826123864 571.4285714285714
v 3039.3853062491667 3015.767498118923 571.4285714285714
v 3034.0464196941766 3028.5683382082907 571.4285714285714
v 3024.49734495968 3039.482191694624 571.4285714285714
v 3011.430736267124 3047.11813664599 571.4285714285714
v 2995.997476926425 3050.3462008056536 571.4285714285714
v 2979.707124711068 3048.4468922155943 571.4285714285714
v 2964.2803236029845 3041.222704055687 571.4285714285714
v 2951.4676049079203 3029.0564989172835 571.4285714285714
v 2942.8536084450975 3012.9070817188076 571.4285714285714
v 2939.668368328904 2994.2390276785345 571.4285714285714
v 2942.627551150719 2974.8912189947373 571.4285714285714
v 2951.8212881017694 2956.895741380765 571.4285714285714
v 2966.6666666666665 2942.2649730810376 571.4285714285714
v 2985.932471284411 2932.7691249064596 571.4285714285714
v 3007.837044437445 2929.7285934219317 571.4285714285714
v 3030.2120009455916 2933.8449457923984 571.4285714285714
v 3050.7168651062907 2945.0911248074167 571.4285714285714
v 3067.083386522529 2962.6758061175397 571.4285714285714
v 3077.3640791782736 2985.0892958988766 571.4285714285714
v 3080.1579646731957 3010.2296932180807 571.4285714285714
v 3074.7878546863667 3035.5991745366787 571.4285714285714
v 3061.4077365664907 3058.5521585499973 571.4285714285714
v 3041.0255681115664 3076.5706962186787 571.4285714285714
v 3015.435393570394 3087.5384669344185 571.4285714285714
v 2987.0622874297014 3089.9837674437213 571.4285714285714
v 2958.7332036770395 3083.264067913942 571.4285714285714
v 2933.395313692531 3067.669951625872 571.4285714285714
v 2913.8098958880073 3044.4340869553853 571.4285714285714
v 2902.2535241512255 3015.640542227665 571.4285714285714
v 2900.2586981134955 2984.040263032995 571.4285714285714
v 2908.4230143810078 2952.788782609903 571.4285714285714
v 2926.3097087662045 2925.1311173500994 571.4285714285714
v 2952.453473801806 2904.0653130556752 571.4285714285714
v 2984.4747449156416 2892.0194790675346 571.4285714285714
v 3019.294241962992 2890.576916331977 571.4285714285714
v 3053.42864684297 2900.2800235291625 571.4285714285714
v 3083.339071054523 2920.536356253575 571.4285714285714
v 3105.7974529709577 2949.6401921188444 571.4285714285714
v 3118.2329978929633 2984.911202503331 571.4285714285714
v 3119.0216602742676 3022.939544770959 571.4285714285714
v 3107.686488891428 3059.9151533376335 571.4285714285714
v 3084.985017205136 3092.0094665389233 571.4285714285714
v 3052.8710016547857 3115.771344863302 571.4285714285714
v 3014.3305955427572 3128.4962863141823 571.4285714285714
v 2973.106195102551 3128.5296141494155 571.4285714285714
v 2933.3333333333335 3115.470053837925 571.4285714285714
v 2899.12582196308 3090.2495414840237 571.4285714285714
v 2874.1507573628674 3055.07732607606 571.4285714285714
v 2861.237247156479 3013.250236339371 571.4285714285714
v 2862.060434177821 2968.8449751614994 571.4285714285714
v 2876.935712445084 2926.3210206026024 571.4285714285714
v 2904.7475296079588 2890.072789184835 571.4285714285714
v 2943.023850150306 2863.976033394678 571.4285714285714
v 2988.1525317022174 2850.975245615265 571.4285714285714
v 3035.7210508347616 2852.7558229812817 571.4285714285714
v 3080.9477485624207 2869.537105704721 571.4285714285714
v 3119.1624689296186 2900.0108162709826 571.4285714285714
v 3146.288280354048 2941.4350069868574 571.4285714285714
v 3159.274641295513 2989.8777986810733 571.4285714285714
v 3156.4361537610275 3040.5895736858306 571.4285714285714
v 3137.659669008739 3088.468497401825 571.4285714285714
v 3104.4551892948098 3128.5737577210584 571.4285714285714
v 3059.8415280648996 3156.634893741422 571.4285714285714
v 3008.0745069276654 3169.5047605886316 571.4285714285714
v 2954.2418703764592 3165.5082494496874 571.4285714285714
v 2903.763382843464 3144.648499997152 571.4285714285714
v 2861.845213651268 3108.6461248508945 571.4285714285714
v 2832.9435340825053 3060.8035810356746 571.4285714285714
v 2820.2925408644373 3005.704618346117 571.4285714285714
v 2825.5467320700914 2948.7758987561037 571.4285714285714
v 2848.576628464414 2895.7526310878548 571.4285714285714
v 2887.442239966332 2852.1008296387145 571.4285714285714
v 2938.5508674979387 2822.454391635426 571.4285714285714
v 2996.987069493996 2810.1249131285977 571.4285714285714
v 3056.9847184973455 2816.7359334602284 571.4285714285714
v 3112.4958854925962 2842.021633541753 571.4285714285714
v 3157.8004343040657 2883.8140017812116 571.4285714285714
v 3188.094887956793 2938.223681457673 571.4285714285714
v 3200.0 2999.9999999999995 571.4285714285714
v 3000.0 3000.0 591.8367346938776
v 3001.919335591396 3000.6303705973705 591.8367346938776
v 3003.2536172021455 3002.39558759214 591.8367346938776
v 3003.5154964216435 3004.9368239518203 591.8367346938776
v 3002.3993565683095 3007.716381749043 591.8367346938776
v 2999.8397377390424 3010.0997386633726 591.8367346938776
v 2996.035539838577 3011.4545553783596 591.8367346938776
v 2991.435822606134 3011.2531977448803 591.8367346938776
v 2986.688055249619 3009.1646038604085 591.8367346938776
v 2982.5546732070093 3005.1224101243897 591.8367346938776
v 2979.8081506589256 2999.359031646504 591.8367346938776
v 2979.117941760313 2992.3995523705407 591.8367346938776
v 2980.944167400175 2985.0143276067733 591.8367346938776
v 2985.4526043833143 2978.134529070198 591.8367346938776
v 2992.4633668855345 2972.7398177376986 591.8367346938776
v 3001.4418762370833 2969.73129275203 591.8367346938776
v 3011.5357162534747 2969.8053216884005 591.8367346938776
v 3021.655344122095 2973.3444648627074 591.8367346938776
v 3030.5910375574977 2980.3403339107053 591.8367346938776
v 3037.153586518244 2990.359976249615 591.8367346938776
v 3040.322693998864 3002.5625826123864 591.8367346938776
v 3039.3853062491667 3015.767498118923 591.8367346938776
v 3034.0464196941766 3028.5683382082907 591.8367346938776
v 3024.49734495968 3039.482191694624 591.8367346938776
v 3011.430736267124 3047.11813664599 591.8367346938776
v 2995.997476926425 3050.3462008056536 591.8367346938776
v 2979.707124711068 3048.4468922155943 591.8367346938776
v 2964.2803236029845 3041.222704055687 591.8367346938776
v 2951.4676049079203 3029.0564989172835 591.8367346938776
v 2942.8536084450975 3012.9070817188076 591.8367346938776
v 2939.668368328904 2994.2390276785345 591.8367346938776
v 2942.627551150719 2974.8912189947373 591.8367346938776
v 2951.8212881017694 2956.895741380765 591.8367346938776
v 2966.6666666666665 2942.2649730810376 591.8367346938776
v 2985.932471284411 2932.7691249064596 591.8367346938776
v 3007.837044437445 2929.7285934219317 591.8367346938776
v 3030.2120009455916 2933.8449457923984 591.8367346938776
v 3050.7168651062907 2945.0911248074167 591.8367346938776
v 3067.083386522529 2962.6758061175397 591.8367346938776
v 3077.3640791782736 2985.0892958988766 591.8367346938776
v 3080.1579646731957 3010.2296932180807 591.8367346938776
v 3074.7878546863667 3035.5991745366787 591.8367346938776
v 3061.4077365664907 3058.5521585499973 591.8367346938776
v 3041.0255681115664 3076.5706962186787 591.8367346938776
v 3015.435393570394 3087.5384669344185 591.8367346938776
v 2987.0622874297014 3089.9837674437213 591.8367346938776
v 2958.7332036770395 3083.264067913942 591.8367346938776
v 2933.395313692531 3067.669951625872 591.8367346938776
v 2913.8098958880073 3044.4340869553853 591.8367346938776
v 2902.2535241512255 3015.640542227665 591.8367346938776
v 2900.2586981134955 2984.040263032995 591.8367346938776
v 2908.4230143810078 2952.788782609903 591.8367346938776
v 2926.3097087662045 2925.1311173500994 591.8367346938776
v 2952.453473801806 2904.0653130556752 591.8367346938776
v 2984.4747449156416 2892.0194790675346 591.8367346938776
v 3019.294241962992 2890.576916331977 591.8367346938776
v 3053.42864684297 2900.2800235291625 591.8367346938776
v 3083.339071054523 2920.536356253575 591.8367346938776
v 3105.7974529709577 2949.6401921188444 591.8367346938776
v 3118.2329978929633 2984.911202503331 591.8367346938776
v 3119.0216602742676 3022.939544770959 591.8367346938776
v 3107.686488891428 3059.9151533376335 591.8367346938776
v 3084.985017205136 3092.0094665389233 591.8367346938776
v 3052.8710016547857 3115.771344863302 591.8367346938776
v 3014.3305955427572 3128.4962863141823 591.8367346938776
v 2973.106195102551 3128.5296141494155 591.8367346938776
v 2933.3333333333335 3115.470053837925 591.8367346938776
v 2899.12582196308 3090.2495414840237 591.8367346938776
v 2874.1507573628674 3055.07732607606 591.8367346938776
v 2861.237247156479 3013.250236339371 591.8367346938776
v 2862.060434177821 2968.8449751614994 591.8367346938776
v 2876.935712445084 2926.3210206026024 591.8367346938776
v 2904.7475296079588 2890.072789184835 591.8367346938776
v 2943.023850150306 2863.976033394678 591.8367346938776
v 2988.1525317022174 2850.975245615265 591.8367346938776
v 3035.7210508347616 2852.7558229812817 591.8367346938776
v 3080.9477485624207 2869.537105704721 591.8367346938776
v 3119.1624689296186 2900.0108162709826 591.8367346938776
v 3146.288280354048 2941.4350069868574 591.8367346938776
v 3159.274641295513 2989.8777986810733 591.8367346938776
v 3156.4361537610275 3040.5895736858306 591.8367346938776
v 3137.659669008739 3088.468497401825 591.8367346938776
v 3104.4551892948098 3128.5737577210584 591.8367346938776
v 3059.8415280648996 3156.634893741422 591.8367346938776
v 3008.0745069276654 3169.5047605886316 591.8367346938776
v 2954.2418703764592 3165.5082494496874 591.8367346938776
v 2903.763382843464 3144.648499997152 591.8367346938776
v 2861.845213651268 3108.6461248508945 591.8367346938776
v 2832.9435340825053 3060.8035810356746 591.8367346938776
v 2820.2925408644373 3005.704618346117 591.8367346938776
v 2825.5467320700914 2948.7758987561037 591.8367346938776
v 2848.576628464414 2895.7526310878548 591.8367346938776
v 2887.442239966332 2852.1008296387145 591.8367346938776
v 2938.5508674979387 2822.454391635426 591.8367346938776
v 2996.987069493996 2810.1249131285977 591.8367346938776
v 3056.9847184973455 2816.7359334602284 591.8367346938776
v 3112.4958854925962 2842.021633541753 591.8367346938776
v 3157.8004343040657 2883.8140017812116 591.8367346938776
v 3188.094887956793 2938.223681457673 591.8367346938776
v 3200.0 2999.9999999999995 591.8367346938776
v 3000.0 3000.0 612.2448979591836
v 3001.919335591396 3000.6303705973705 612.2448979591836
v 3003.2536172021455 3002.39558759214 612.2448979591836
v 3003.5154964216435 3004.9368239518203 612.2448979591836
v 3002.3993565683095 3007.716381749043 612.2448979591836
v 2999.8397377390424 3010.0997386633726 612.2448979591836
v 2996.035539838577 3011.4545553783596 612.2448979591836
v 2991.435822606134 3011.2531977448803 612.2448979591836
v 2986.688055249619 3009.1646038604085 612.2448979591836
v 2982.5546732070093 3005.1224101243897 612.2448979591836
v 2979.8081506589256 2999.359031646504 612.2448979591836
v 2979.117941760313 2992.3995523705407 612.2448979591836
v 2980.944167400175 2985.0143276067733 612.2448979591836
v 2985.4526043833143 2978.134529070198 612.2448979591836
v 2992.4633668855345 2972.7398177376986 612.2448979591836
v 3001.4418762370833 2969.73129275203 612.2448979591836
v 3011.5357162534747 2969.8053216884005 612.2448979591836
v 3021.655344122095 2973.3444648627074 612.2448979591836
v 3030.5910375574977 2980.3403339107053 612.2448979591836
v 3037.153586518244 2990.359976249615 612.2448979591836
v 3040.322693998864 3002.5625826123864 612.2448979591836
v 3039.3853062491667 3015.767498118923 612.2448979591836
v 3034.0464196941766 3028.5683382082907 612.2448979591836
v 3024.49734495968 3039.482191694624 612.2448979591836
v 3011.430736267124 3047.11813664599 612.2448979591836
v 2995.997476926425 3050.3462008056536 612.2448979591836
v 2979.707124711068 3048.4468922155943 612.2448979591836
v 2964.2803236029845 3041.222704055687 612.2448979591836
v 2951.4676049079203 3029.0564989172835 612.2448979591836
v 2942.8536084450975 3012.9070817188076 612.2448979591836
v 2939.668368328904 2994.2390276785345 612.2448979591836
v 2942.627551150719 2974.8912189947373 612.2448979591836
v 2951.8212881017694 2956.895741380765 612.2448979591836
v 2966.6666666666665 2942.2649730810376 612.2448979591836
v 2985.932471284411 2932.7691249064596 612.2448979591836
v 3007.837044437445 2929.7285934219317 612.2448979591836
v 3030.2120009455916 2933.8449457923984 612.2448979591836
v 3050.7168651062907 2945.0911248074167 612.2448979591836
v 3067.083386522529 2962.6758061175397 612.2448979591836
v 3077.3640791782736 2985.0892958988766 612.2448979591836
v 3080.1579646731957 3010.2296932180807 612.2448979591836
v 3074.7878546863667 3035.5991745366787 612.2448979591836
v 3061.4077365664907 3058.5521585499973 612.2448979591836
v 3041.0255681115664 3076.5706962186787 612.2448979591836
v 3015.435393570394 3087.5384669344185 612.2448979591836
v 2987.0622874297014 3089.9837674437213 612.2448979591836
v 2958.7332036770395 3083.264067913942 612.2448979591836
v 2933.395313692531 3067.669951625872 612.2448979591836
v 2913.8098958880073 3044.4340869553853 612.2448979591836
v 2902.2535241512255 3015.640542227665 612.2448979591836
v 2900.2586981134955 2984.040263032995 612.2448979591836
v 2908.4230143810078 2952.788782609903 612.2448979591836
v 2926.3097087662045 2925.1311173500994 612.2448979591836
v 2952.453473801806 2904.0653130556752 612.2448979591836
v 2984.4747449156416 2892.0194790675346 612.2448979591836
v 3019.294241962992 2890.576916331977 612.2448979591836
v 3053.42864684297 2900.2800235291625 612.2448979591836
v 3083.339071054523 2920.536356253575 612.2448979591836
v 3105.7974529709577 2949.6401921188444 612.2448979591836
v 3118.2329978929633 2984.911202503331 612.2448979591836
v 3119.0216602742676 3022.939544770959 612.2448979591836
v 3107.686488891428 3059.9151533376335 612.2448979591836
v 3084.985017205136 3092.0094665389233 612.2448979591836
v 3052.8710016547857 3115.771344863302 612.2448979591836
v 3014.3305955427572 3128.4962863141823 612.2448979591836
v 2973.106195102551 3128.5296141494155 612.2448979591836
v 2933.3333333333335 3115.470053837925 612.2448979591836
v 2899.12582196308 3090.2495414840237 612.2448979591836
v 2874.1507573628674 3055.07732607606 612.2448979591836
v 2861.237247156479 3013.250236339371 612.2448979591836
v 2862.060434177821 2968.8449751614994 612.2448979591836
v 2876.935712445084 2926.3210206026024 612.2448979591836
v 2904.7475296079588 2890.072789184835 612.2448979591836
v 2943.023850150306 2863.976033394678 612.2448979591836
v 2988.1525317022174 2850.975245615265 612.2448979591836
v 3035.7210508347616 2852.7558229812817 612.2448979591836
v 3080.9477485624207 2869.537105704721 612.2448979591836
v 3119.1624689296186 2900.0108162709826 612.2448979591836
v 3146.288280354048 2941.4350069868574 612.2448979591836
v 3159.274641295513 2989.8777986810733 612.2448979591836
v 3156.4361537610275 3040.5895736858306 612.2448979591836
v 3137.659669008739 3088.468497401825 612.2448979591836
v 3104.4551892948098 3128.5737577210584 612.2448979591836
v 3059.8415280648996 3156.634893741422 612.2448979591836
v 3008.0745069276654 3169.5047605886316 612.2448979591836
v 2954.2418703764592 3165.5082494496874 612.2448979591836
v 2903.763382843464 3144.648499997152 612.2448979591836
v 2861.845213651268 3108.6461248508945 612.2448979591836
v 2832.9435340825053 3060.8035810356746 612.2448979591836
v 2820.2925408644373 3005.704618346117 612.2448979591836
v 2825.5467320700914 2948.7758987561037 612.2448979591836
v 2848.576628464414 2895.7526310878548 612.2448979591836
v 2887.442239966332 2852.1008296387145 612.2448979591836
v 2938.5508674979387 2822.454391635426 612.2448979591836
v 2996.987069493996 2810.1249131285977 612.2448979591836
v 3056.9847184973455 2816.7359334602284 612.2448979591836
v 3112.4958854925962 2842.021633541753 612.2448979591836
v 3157.8004343040657 2883.8140017812116 612.2448979591836
v 3188.094887956793 2938.223681457673 612.2448979591836
v 3200.0 2999.9999999999995 612.2448979591836
v 3000.0 3000.0 632.6530612244898
v 3001.919335591396 3000.6303705973705 632.6530612244898
v 3003.2536172021455 3002.39558759214 632.6530612244898
v 3003.5154964216435 3004.9368239518203 632.6530612244898
v 3002.3993565683095 3007.716381749043 632.6530612244898
v 2999.8397377390424 3010.0997386633726 632.6530612244898
v 2996.035539838577 3011.4545553783596 632.6530612244898
v 2991.435822606134 3011.2531977448803 632.6530612244898
v 2986.688055249619 3009.1646038604085 632.6530612244898
v 2982.5546732070093 3005.1224101243897 632.6530612244898
v 2979.8081506589256 2999.359031646504 632.6530612244898
v 2979.117941760313 2992.3995523705407 632.6530612244898
v 2980.944167400175 2985.0143276067733 632.6530612244898
v 2985.4526043833143 2978.134529070198 632.6530612244898
v 2992.4633668855345 2972.7398177376986 632.6530612244898
v 3001.4418762370833 2969.73129275203 632.6530612244898
v 3011.5357162534747 2969.8053216884005 632.6530612244898
v 3021.655344122095 2973.3444648627074 632.6530612244898
v 3030.5910375574977 2980.3403339107053 632.6530612244898
v 3037.153586518244 2990.359976249615 632.6530612244898
v 3040.322693998864 3002.5625826123864 632.6530612244898
v 3039.3853062491667 3015.767498118923 632.6530612244898
v 3034.0464196941766 3028.5683382082907 632.6530612244898
v 3024.49734495968 3039.482191694624 632.6530612244898
v 3011.430736267124 3047.11813664599 632.6530612244898
v 2995.997476926425 3050.3462008056536 632.6530612244898
v 2979.707124711068 3048.4468922155943 632.6530612244898
v 2964.2803236029845 3041.222704055687 632.6530612244898
v 2951.4676049079203 3029.0564989172835 632.6530612244898
v 2942.8536084450975 3012.9070817188076 632.6530612244898
v 2939.668368328904 2994.2390276785345 632.6530612244898
v 2942.627551150719 2974.8912189947373 632.6530612244898
v 2951.8212881017694 2956.895741380765 632.6530612244898
v 2966.6666666666665 2942.2649730810376 632.6530612244898
v 2985.932471284411 2932.7691249064596 632.6530612244898
v 3007.837044437445 2929.7285934219317 632.6530612244898
v 3030.2120009455916 2933.8449457923984 632.6530612244898
v 3050.7168651062907 2945.0911248074167 632.6530612244898
v 3067.083386522529 2962.6758061175397 632.6530612244898
v 3077.3640791782736 2985.0892958988766 632.6530612244898
v 3080.1579646731957 3010.2296932180807 632.6530612244898
v 3074.7878546863667 3035.5991745366787 632.6530612244898
v 3061.4077365664907 3058.5521585499973 632.6530612244898
v 3041.0255681115664 3076.5706962186787 632.6530612244898
v 3015.435393570394 3087.5384669344185 632.6530612244898
v 2987.0622874297014 3089.9837674437213 632.6530612244898
v 2958.7332036770395 3083.264067913942 632.6530612244898
v 2933.395313692531 3067.669951625872 632.6530612244898
v 2913.8098958880073 3044.4340869553853 632.6530612244898
v 2902.2535241512255 3015.640542227665 632.6530612244898
v 2900.2586981134955 2984.040263032995 632.6530612244898
v 2908.4230143810078 2952.788782609903 632.6530612244898
v 2926.3097087662045 2925.1311173500994 632.6530612244898
v 2952.453473801806 2904.0653130556752 632.6530612244898
v 2984.4747449156416 2892.0194790675346 632.6530612244898
v 3019.294241962992 2890.576916331977 632.6530612244898
v 3053.42864684297 2900.2800235291625 632.6530612244898
v 3083.339071054523 2920.536356253575 632.6530612244898
v 3105.7974529709577 2949.6401921188444 632.6530612244898
v 3118.2329978929633 2984.911202503331 632.6530612244898
v 3119.0216602742676 3022.939544770959 632.6530612244898
v 3107.686488891428 3059.9151533376335 632.6530612244898
v 3084.985017205136 3092.0094665389233 632.6530612244898
v 3052.8710016547857 3115.771344863302 632.6530612244898
v 3014.3305955427572 3128.4962863141823 632.6530612244898
v 2973.106195102551 3128.5296141494155 632.6530612244898
v 2933.3333333333335 3115.470053837925 632.6530612244898
v 2899.12582196308 3090.2495414840237 632.6530612244898
v 2874.1507573628674 3055.07732607606 632.6530612244898
v 2861.237247156479 3013.250236339371 632.6530612244898
v 2862.060434177821 2968.8449751614994 632.6530612244898
v 2876.935712445084 2926.3210206026024 632.6530612244898
v 2904.7475296079588 2890.072789184835 632.6530612244898
v 2943.023850150306 2863.976033394678 632.6530612244898
v 2988.1525317022174 2850.975245615265 632.6530612244898
v 3035.7210508347616 2852.7558229812817 632.6530612244898
v 3080.9477485624207 2869.537105704721 632.6530612244898
v 3119.1624689296186 2900.0108162709826 632.6530612244898
v 3146.288280354048 2941.4350069868574 632.6530612244898
v 3159.274641295513 2989.8777986810733 632.6530612244898
v 3156.4361537610275 3040.5895736858306 632.6530612244898
v 3137.659669008739 3088.468497401825 632.6530612244898
v 3104.4551892948098 3128.5737577210584 632.6530612244898
v 3059.8415280648996 3156.634893741422 632.6530612244898
v 3008.0745069276654 3169.5047605886316 632.6530612244898
v 2954.2418703764592 3165.5082494496874 632.6530612244898
v 2903.763382843464 3144.648499997152 632.6530612244898
v 2861.845213651268 3108.6461248508945 632.6530612244898
v 2832.9435340825053 3060.8035810356746 632.6530612244898
v 2820.2925408644373 3005.704618346117 632.6530612244898
v 2825.5467320700914 2948.7758987561037 632.6530612244898
v 2848.576628464414 2895.7526310878548 632.6530612244898
v 2887.442239966332 2852.1008296387145 632.6530612244898
v 2938.5508674979387 2822.454391635426 632.6530612244898
v 2996.987069493996 2810.1249131285977 632.6530612244898
v 3056.9847184973455 2816.7359334602284 632.6530612244898
v 3112.4958854925962 2842.021633541753 632.6530612244898
v 3157.8004343040657 2883.8140017812116 632.6530612244898
v 3188.094887956793 2938.223681457673 632.6530612244898
v 3200.0 2999.9999999999995 632.6530612244898
v 3000.0 3000.0 653.0612244897959
v 3001.919335591396 3000.6303705973705 653.0612244897959
v 3003.2536172021455 3002.39558759214 653.0612244897959
v 3003.5154964216435 3004.9368239518203 653.0612244897959
v 3002.3993565683095 3007.716381749043 653.0612244897959
v 2999.8397377390424 3010.0997386633726 653.0612244897959
v 2996.035539838577 3011.4545553783596 653.0612244897959
v 2991.435822606134 3011.2531977448803 653.0612244897959
v 2986.688055249619 3009.1646038604085 653.0612244897959
v 2982.5546732070093 3005.1224101243897 653.0612244897959
v 2979.8081506589256 2999.359031646504 653.0612244897959
v 2979.117941760313 2992.3995523705407 653.0612244897959
v 2980.944167400175 2985.0143276067733 653.0612244897959
v 2985.4526043833143 2978.134529070198 653.0612244897959
v 2992.4633668855345 2972.7398177376986 653.0612244897959
v 3001.4418762370833 2969.73129275203 653.0612244897959
v 3011.5357162534747 2969.8053216884005 653.0612244897959
v 3021.655344122095 2973.3444648627074 653.0612244897959
v 3030.5910375574977 2980.3403339107053 653.0612244897959
v 3037.153586518244 2990.359976249615 653.0612244897959
v 3040.322693998864 3002.5625826123864 653.0612244897959
v 3039.3853062491667 3015.767498118923 653.0612244897959
v 3034.0464196941766 3028.5683382082907 653.0612244897959
v 3024.49734495968 3039.482191694624 653.0612244897959
v 3011.430736267124 3047.11813664599 653.0612244897959
v 2995.997476926425 3050.3462008056536 653.0612244897959
v 2979.707124711068 3048.4468922155943 653.0612244897959
v 2964.2803236029845 3041.222704055687 653.0612244897959
v 2951.4676049079203 3029.0564989172835 653.0612244897959
v 2942.8536084450975 3012.9070817188076 653.0612244897959
v 2939.668368328904 2994.2390276785345 653.0612244897959
v 2942.627551150719 2974.8912189947373 653.0612244897959
v 2951.8212881017694 2956.895741380765 653.0612244897959
v 2966.6666666666665 2942.2649730810376 653.0612244897959
v 2985.932471284411 2932.7691249064596 653.0612244897959
v 3007.837044437445 2929.7285934219317 653.0612244897959
v 3030.2120009455916 2933.8449457923984 653.0612244897959
v 3050.7168651062907 2945.0911248074167 653.0612244897959
v 3067.083386522529 2962.6758061175397 653.0612244897959
v 3077.3640791782736 2985.0892958988766 653.0612244897959
v 3080.1579646731957 3010.2296932180807 653.0612244897959
v 3074.7878546863667 3035.5991745366787 653.0612244897959
v 3061.4077365664907 3058.5521585499973 653.0612244897959
v 3041.0255681115664 3076.5706962186787 653.0612244897959
v 3015.435393570394 3087.5384669344185 653.0612244897959
v 2987.0622874297014 3089.9837674437213 653.0612244897959
v 2958.7332036770395 3083.264067913942 653.0612244897959
v 2933.395313692531 3067.669951625872 653.0612244897959
v 2913.8098958880073 3044.4340869553853 653.0612244897959
v 2902.2535241512255 3015.640542227665 653.0612244897959
v 2900.2586981134955 2984.040263032995 653.0612244897959
v 2908.4230143810078 2952.788782609903 653.0612244897959
v 2926.3097087662045 2925.1311173500994 653.0612244897959
v 2952.453473801806 2904.0653130556752 653.0612244897959
v 2984.4747449156416 2892.0194790675346 653.0612244897959
v 3019.294241962992 2890.576916331977 653.0612244897959
v 3053.42864684297 2900.2800235291625 653.0612244897959
v 3083.339071054523 2920.536356253575 653.0612244897959
v 3105.7974529709577 2949.6401921188444 653.0612244897959
v 3118.2329978929633 2984.911202503331 653.0612244897959
v 3119.0216602742676 3022.939544770959 653.0612244897959
v 3107.686488891428 3059.9151533376335 653.0612244897959
v 3084.985017205136 3092.0094665389233 653.0612244897959
v 3052.8710016547857 3115.771344863302 653.0612244897959
v 3014.3305955427572 3128.4962863141823 653.0612244897959
v 2973.106195102551 3128.5296141494155 653.0612244897959
v 2933.3333333333335 3115.470053837925 653.0612244897959
v 2899.12582196308 3090.2495414840237 653.0612244897959
v 2874.1507573628674 3055.07732607606 653.0612244897959
v 2861.237247156479 3013.250236339371 653.0612244897959
v 2862.060434177821 2968.8449751614994 653.0612244897959
v 2876.935712445084 2926.3210206026024 653.0612244897959
v 2904.7475296079588 2890.072789184835 653.0612244897959
v 2943.023850150306 2863.976033394678 653.0612244897959
v 2988.1525317022174 2850.975245615265 653.0612244897959
v 3035.7210508347616 2852.7558229812817 653.0612244897959
v 3080.9477485624207 2869.537105704721 653.0612244897959
v 3119.1624689296186 2900.0108162709826 653.0612244897959
v 3146.288280354048 2941.4350069868574 653.0612244897959
v 3159.274641295513 2989.8777986810733 653.0612244897959
v 3156.4361537610275 3040.5895736858306 653.0612244897959
v 3137.659669008739 3088.468497401825 653.0612244897959
v 3104.4551892948098 3128.5737577210584 653.0612244897959
v 3059.8415280648996 3156.634893741422 653.0612244897959
v 3008.0745069276654 3169.5047605886316 653.0612244897959
v 2954.2418703764592 3165.5082494496874 653.0612244897959
v 2903.763382843464 3144.648499997152 653.0612244897959
v 2861.845213651268 3108.6461248508945 653.0612244897959
v 2832.9435340825053 3060.8035810356746 653.0612244897959
v 2820.2925408644373 3005.704618346117 653.0612244897959
v 2825.5467320700914 2948.7758987561037 653.0612244897959
v 2848.576628464414 2895.7526310878548 653.0612244897959
v 2887.442239966332 2852.1008296387145 653.0612244897959
v 2938.5508674979387 2822.454391635426 653.0612244897959
v 2996.987069493996 2810.1249131285977 653.0612244897959
v 3056.9847184973455 2816.7359334602284 653.0612244897959
v 3112.4958854925962 2842.021633541753 653.0612244897959
v 3157.8004343040657 2883.8140017812116 653.0612244897959
v 3188.094887956793 2938.223681457673 653.0612244897959
v 3200.0 2999.9999999999995 653.0612244897959
v 3000.0 3000.0 673.469387755102
v 3001.919335591396 3000.6303705973705 673.469387755102
v 3003.2536172021455 3002.39558759214 673.469387755102
v 3003.5154964216435 3004.9368239518203 673.469387755102
v 3002.3993565683095 3007.716381749043 673.469387755102
v 2999.8397377390424 3010.0997386633726 673.469387755102
v 2996.035539838577 3011.4545553783596 673.469387755102
v 2991.435822606134 3011.2531977448803 673.469387755102
v 2986.688055249619 3009.1646038604085 673.469387755102
v 2982.5546732070093 3005.1224101243897 673.469387755102
v 2979.8081506589256 2999.359031646504 673.469387755102
v 2979.117941760313 2992.3995523705407 673.469387755102
v 2980.944167400175 2985.0143276067733 673.469387755102
v 2985.4526043833143 2978.134529070198 673.469387755102
v 2992.4633668855345 2972.7398177376986 673.469387755102
v 3001.4418762370833 2969.73129275203 673.469387755102
v 3011.5357162534747 2969.8053216884005 673.469387755102
v 3021.655344122095 2973.3444648627074 673.469387755102
v 3030.5910375574977 2980.3403339107053 673.469387755102
v 3037.153586518244 2990.359976249615 673.469387755102
v 3040.322693998864 3002.5625826123864 673.469387755102
v 3039.3853062491667 3015.767498118923 673.469387755102
v 3034.0464196941766 3028.5683382082907 673.469387755102
v 3024.49734495968 3039.482191694624 673.469387755102
v 3011.430736267124 3047.11813664599 673.469387755102
v 2995.997476926425 3050.3462008056536 673.469387755102
v 2979.707124711068 3048.4468922155943 673.469387755102
v 2964.2803236029845 3041.222704055687 673.469387755102
v 2951.4676049079203 3029.0564989172835 673.469387755102
v 2942.8536084450975 3012.9070817188076 673.469387755102
v 2939.668368328904 2994.2390276785345 673.469387755102
v 2942.627551150719 2974.8912189947373 673.469387755102
v 2951.8212881017694 2956.895741380765 673.469387755102
v 2966.6666666666665 2942.2649730810376 673.469387755102
v 2985.932471284411 2932.7691249064596 673.469387755102
v 3007.837044437445 2929.7285934219317 673.469387755102
v 3030.2120009455916 2933.8449457923984 673.469387755102
v 3050.7168651062907 2945.0911248074167 673.469387755102
v 3067.083386522529 2962.6758061175397 673.469387755102
v 3077.3640791782736 2985.0892958988766 673.469387755102
v 3080.1579646731957 3010.2296932180807 673.469387755102
v 3074.7878546863667 3035.5991745366787 673.469387755102
v 3061.4077365664907 3058.5521585499973 673.469387755102
v 3041.0255681115664 3076.5706962186787 673.469387755102
v 3015.435393570394 3087.5384669344185 673.469387755102
v 2987.0622874297014 3089.9837674437213 673.469387755102
v 2958.7332036770395 3083.264067913942 673.469387755102
v 2933.395313692531 3067.669951625872 673.469387755102
v 2913.8098958880073 3044.4340869553853 673.469387755102
v 2902.2535241512255 3015.640542227665 673.469387755102
v 2900.2586981134955 2984.040263032995 673.469387755102
v 2908.4230143810078 2952.788782609903 673.469387755102
v 2926.3097087662045 2925.1311173500994 673.469387755102
v 2952.453473801806 2904.0653130556752 673.469387755102
v 2984.4747449156416 2892.0194790675346 673.469387755102
v 3019.294241962992 2890.576916331977 673.469387755102
v 3053.42864684297 2900.2800235291625 673.469387755102
v 3083.339071054523 2920.536356253575 673.469387755102
v 3105.7974529709577 2949.6401921188444 673.469387755102
v 3118.2329978929633 2984.911202503331 673.469387755102
v 3119.0216602742676 3022.939544770959 673.469387755102
v 3107.686488891428 3059.9151533376335 673.469387755102
v 3084.985017205136 3092.0094665389233 673.469387755102
v 3052.8710016547857 3115.771344863302 673.469387755102
v 3014.3305955427572 3128.4962863141823 673.469387755102
v 2973.106195102551 3128.5296141494155 673.469387755102
v 2933.3333333333335 3115.470053837925 673.469387755102
v 2899.12582196308 3090.2495414840237 673.469387755102
v 2874.1507573628674 3055.07732607606 673.469387755102
v 2861.237247156479 3013.250236339371 673.469387755102
v 2862.060434177821 2968.8449751614994 673.469387755102
v 2876.935712445084 2926.3210206026024 673.469387755102
v 2904.7475296079588 2890.072789184835 673.469387755102
v 2943.023850150306 2863.976033394678 673.469387755102
v 2988.1525317022174 2850.975245615265 673.469387755102
v 3035.7210508347616 2852.7558229812817 673.469387755102
v 3080.9477485624207 2869.537105704721 673.469387755102
v 3119.1624689296186 2900.0108162709826 673.469387755102
v 3146.288280354048 2941.4350069868574 673.469387755102
v 3159.274641295513 2989.8777986810733 673.469387755102
v 3156.4361537610275 3040.5895736858306 673.469387755102
v 3137.659669008739 3088.468497401825 673.469387755102
v 3104.4551892948098 3128.5737577210584 673.469387755102
v 3059.8415280648996 3156.634893741422 673.469387755102
v 3008.0745069276654 3169.5047605886316 673.469387755102
v 2954.2418703764592 3165.5082494496874 673.469387755102
v 2903.763382843464 3144.648499997152 673.469387755102
v 2861.845213651268 3108.6461248508945 673.469387755102
v 2832.9435340825053 3060.8035810356746 673.469387755102
v 2820.2925408644373 3005.704618346117 673.469387755102
v 2825.5467320700914 2948.7758987561037 673.469387755102
v 2848.576628464414 2895.7526310878548 673.469387755102
v 2887.442239966332 2852.1008296387145 673.469387755102
v 2938.5508674979387 2822.454391635426 673.469387755102
v 2996.987069493996 2810.1249131285977 673.469387755102
v 3056.9847184973455 2816.7359334602284 673.469387755102
v 3112.4958854925962 2842.021633541753 673.469387755102
v 3157.8004343040657 2883.8140017812116 673.469387755102
v 3188.094887956793 2938.223681457673 673.469387755102
v 3200.0 2999.9999999999995 673.469387755102
v 3000.0 3000.0 693.8775510204082
v 3001.919335591396 3000.6303705973705 693.8775510204082
v 3003.2536172021455 3002.39558759214 693.8775510204082
v 3003.5154964216435 3004.9368239518203 693.8775510204082
v 3002.3993565683095 3007.716381749043 693.8775510204082
v 2999.8397377390424 3010.0997386633726 693.8775510204082
v 2996.035539838577 3011.4545553783596 693.8775510204082
v 2991.435822606134 3011.2531977448803 693.8775510204082
v 2986.688055249619 3009.1646038604085 693.8775510204082
v 2982.5546732070093 3005.1224101243897 693.8775510204082
v 2979.8081506589256 2999.359031646504 693.8775510204082
v 2979.117941760313 2992.3995523705407 693.8775510204082
v 2980.944167400175 2985.0143276067733 693.8775510204082
v 2985.4526043833143 2978.134529070198 693.8775510204082
v 2992.4633668855345 2972.7398177376986 693.8775510204082
v 3001.4418762370833 2969.73129275203 693.8775510204082
v 3011.5357162534747 2969.8053216884005 693.8775510204082
v 3021.655344122095 2973.3444648627074 693.8775510204082
v 3030.5910375574977 2980.3403339107053 693.8775510204082
v 3037.153586518244 2990.359976249615 693.8775510204082
v 3040.322693998864 3002.5625826123864 693.8775510204082
v 3039.3853062491667 3015.767498118923 693.8775510204082
v 3034.0464196941766 3028.5683382082907 693.8775510204082
v 3024.49734495968 3039.482191694624 693.8775510204082
v 3011.430736267124 3047.11813664599 693.8775510204082
v 2995.997476926425 3050.3462008056536 693.8775510204082
v 2979.707124711068 3048.4468922155943 693.8775510204082
v 2964.2803236029845 3041.222704055687 693.8775510204082
v 2951.4676049079203 3029.0564989172835 693.8775510204082
v 2942.8536084450975 3012.9070817188076 693.8775510204082
v 2939.668368328904 2994.2390276785345 693.8775510204082
v 2942.627551150719 2974.8912189947373 693.8775510204082
v 2951.8212881017694 2956.895741380765 693.8775510204082
v 2966.6666666666665 2942.2649730810376 693.8775510204082
v 2985.932471284411 2932.7691249064596 693.8775510204082
v 3007.837044437445 2929.7285934219317 693.8775510204082
v 3030.2120009455916 2933.8449457923984 693.8775510204082
v 3050.7168651062907 2945.0911248074167 693.8775510204082
v 3067.083386522529 2962.6758061175397 693.8775510204082
v 3077.3640791782736 2985.0892958988766 693.8775510204082
v 3080.1579646731957 3010.2296932180807 693.8775510204082
v 3074.7878546863667 3035.5991745366787 693.8775510204082
v 3061.4077365664907 3058.5521585499973 693.8775510204082
v 3041.0255681115664 3076.5706962186787 693.8775510204082
v 3015.435393570394 3087.5384669344185 693.8775510204082
v 2987.0622874297014 3089.9837674437213 693.8775510204082
v 2958.7332036770395 3083.264067913942 693.8775510204082
v 2933.395313692531 3067.669951625872 693.8775510204082
v 2913.8098958880073 3044.4340869553853 693.8775510204082
v 2902.2535241512255 3015.640542227665 693.8775510204082
v 2900.2586981134955 2984.040263032995 693.8775510204082
v 2908.4230143810078 2952.788782609903 693.8775510204082
v 2926.3097087662045 2925.1311173500994 693.8775510204082
v 2952.453473801806 2904.0653130556752 693.8775510204082
v 2984.4747449156416 2892.0194790675346 693.8775510204082
v 3019.294241962992 2890.576916331977 693.8775510204082
v 3053.42864684297 2900.2800235291625 693.8775510204082
v 3083.339071054523 2920.536356253575 693.8775510204082
v 3105.7974529709577 2949.6401921188444 693.8775510204082
v 3118.2329978929633 2984.911202503331 693.8775510204082
v 3119.0216602742676 3022.939544770959 693.8775510204082
v 3107.686488891428 3059.9151533376335 693.8775510204082
v 3084.985017205136 3092.0094665389233 693.8775510204082
v 3052.8710016547857 3115.771344863302 693.8775510204082
v 3014.3305955427572 3128.4962863141823 693.8775510204082
v 2973.106195102551 3128.5296141494155 693.8775510204082
v 2933.3333333333335 3115.470053837925 693.8775510204082
v 2899.12582196308 3090.2495414840237 693.8775510204082
v 2874.1507573628674 3055.07732607606 693.8775510204082
v 2861.237247156479 3013.250236339371 693.8775510204082
v 2862.060434177821 2968.8449751614994 693.8775510204082
v 2876.935712445084 2926.3210206026024 693.8775510204082
v 2904.7475296079588 2890.072789184835 693.8775510204082
v 2943.023850150306 2863.976033394678 693.8775510204082
v 2988.1525317022174 2850.975245615265 693.8775510204082
v 3035.7210508347616 2852.7558229812817 693.8775510204082
v 3080.9477485624207 2869.537105704721 693.8775510204082
v 3119.1624689296186 2900.0108162709826 693.8775510204082
v 3146.288280354048 2941.4350069868574 693.8775510204082
v 3159.274641295513 2989.8777986810733 693.8775510204082
v 3156.4361537610275 3040.5895736858306 693.8775510204082
v 3137.659669008739 3088.468497401825 693.8775510204082
v 3104.4551892948098 3128.5737577210584 693.8775510204082
v 3059.8415280648996 3156.634893741422 693.8775510204082
v 3008.0745069276654 3169.5047605886316 693.8775510204082
v 2954.2418703764592 3165.5082494496874 693.8775510204082
v 2903.763382843464 3144.648499997152 693.8775510204082
v 2861.845213651268 3108.6461248508945 693.8775510204082
v 2832.9435340825053 3060.8035810356746 693.8775510204082
v 2820.2925408644373 3005.704618346117 693.8775510204082
v 2825.5467320700914 2948.7758987561037 693.8775510204082
v 2848.576628464414 2895.7526310878548 693.8775510204082
v 2887.442239966332 2852.1008296387145 693.8775510204082
v 2938.5508674979387 2822.454391635426 693.8775510204082
v 2996.987069493996 2810.1249131285977 693.8775510204082
v 3056.9847184973455 2816.7359334602284 693.8775510204082
v 3112.4958854925962 2842.021633541753 693.8775510204082
v 3157.8004343040657 2883.8140017812116 693.8775510204082
v 3188.094887956793 2938.223681457673 693.8775510204082
v 3200.0 2999.9999999999995 693.8775510204082
v 3000.0 3000.0 714.2857142857142
v 3001.919335591396 3000.6303705973705 714.2857142857142
v 3003.2536172021455 3002.39558759214 714.2857142857142
v 3003.5154964216435 3004.9368239518203 714.2857142857142
v 3002.3993565683095 3007.716381749043 714.2857142857142
v 2999.8397377390424 3010.0997386633726 714.2857142857142
v 2996.035539838577 3011.4545553783596 714.2857142857142
v 2991.435822606134 3011.2531977448803 714.2857142857142
v 2986.688055249619 3009.1646038604085 714.2857142857142
v 2982.5546732070093 3005.1224101243897 714.2857142857142
v 2979.8081506589256 2999.359031646504 714.2857142857142
v 2979.117941760313 2992.3995523705407 714.2857142857142
v 2980.944167400175 2985.0143276067733 714.2857142857142
v 2985.4526043833143 2978.134529070198 714.2857142857142
v 2992.4633668855345 2972.7398177376986 714.2857142857142
v 3001.4418762370833 2969.73129275203 714.2857142857142
v 3011.5357162534747 2969.8053216884005 714.2857142857142
v 3021.655344122095 2973.3444648627074 714.2857142857142
v 3030.5910375574977 2980.3403339107053 714.2857142857142
v 3037.153586518244 2990.359976249615 714.2857142857142
v 3040.322693998864 3002.5625826123864 714.2857142857142
v 3039.3853062491667 3015.767498118923 714.2857142857142
v 3034.0464196941766 3028.5683382082907 714.2857142857142
v 3024.49734495968 3039.482191694624 714.2857142857142
v 3011.430736267124 3047.11813664599 714.2857142857142
v 2995.997476926425 3050.3462008056536 714.2857142857142
v 2979.707124711068 3048.4468922155943 714.2857142857142
v 2964.2803236029845 3041.222704055687 714.2857142857142
v 2951.4676049079203 3029.0564989172835 714.2857142857142
v 2942.8536084450975 3012.9070817188076 714.2857142857142
v 2939.668368328904 2994.2390276785345 714.2857142857142
v 2942.627551150719 2974.8912189947373 714.2857142857142
v 2951.8212881017694 2956.895741380765 714.2857142857142
v 2966.6666666666665 2942.2649730810376 714.2857142857142
v 2985.932471284411 2932.7691249064596 714.2857142857142
v 3007.837044437445 2929.7285934219317 714.2857142857142
v 3030.2120009455916 2933.8449457923984 714.2857142857142
v 3050.7168651062907 2945.0911248074167 714.2857142857142
v 3067.083386522529 2962.6758061175397 714.2857142857142
v 3077.3640791782736 2985.0892958988766 714.2857142857142
v 3080.1579646731957 3010.2296932180807 714.2857142857142
v 3074.7878546863667 3035.5991745366787 714.2857142857142
v 3061.4077365664907 3058.5521585499973 714.2857142857142
v 3041.0255681115664 3076.5706962186787 714.2857142857142
v 3015.435393570394 3087.5384669344185 714.2857142857142
v 2987.0622874297014 3089.9837674437213 714.2857142857142
v 2958.7332036770395 3083.264067913942 714.2857142857142
v 2933.395313692531 3067.669951625872 714.2857142857142
v 2913.8098958880073 3044.4340869553853 714.2857142857142
v 2902.2535241512255 3015.640542227665 714.2857142857142
v 2900.2586981134955 2984.040263032995 714.2857142857142
v 2908.4230143810078 2952.788782609903 714.2857142857142
v 2926.3097087662045 2925.1311173500994 714.2857142857142
v 2952.453473801806 2904.0653130556752 714.2857142857142
v 2984.4747449156416 2892.0194790675346 714.2857142857142
v 3019.294241962992 2890.576916331977 714.2857142857142
v 3053.42864684297 2900.2800235291625 714.2857142857142
v 3083.339071054523 2920.536356253575 714.2857142857142
v 3105.7974529709577 2949.6401921188444 714.2857142857142
v 3118.2329978929633 2984.911202503331 714.2857142857142
v 3119.0216602742676 3022.939544770959 714.2857142857142
v 3107.686488891428 3059.9151533376335 714.2857142857142
v 3084.985017205136 3092.0094665389233 714.2857142857142
v 3052.8710016547857 3115.771344863302 714.2857142857142
v 3014.3305955427572 3128.4962863141823 714.2857142857142
v 2973.106195102551 3128.5296141494155 714.2857142857142
v 2933.3333333333335 3115.470053837925 714.2857142857142
v 2899.12582196308 3090.2495414840237 714.2857142857142
v 2874.1507573628674 3055.07732607606 714.2857142857142
v 2861.237247156479 3013.250236339371 714.2857142857142
v 2862.060434177821 2968.8449751614994 714.2857142857142
v 2876.935712445084 2926.3210206026024 714.2857142857142
v 2904.7475296079588 2890.072789184835 714.2857142857142
v 2943.023850150306 2863.976033394678 714.2857142857142
v 2988.1525317022174 2850.975245615265 714.2857142857142
v 3035.7210508347616 2852.7558229812817 714.2857142857142
v 3080.9477485624207 2869.537105704721 714.2857142857142
v 3119.1624689296186 2900.0108162709826 714.2857142857142
v 3146.288280354048 2941.4350069868574 714.2857142857142
v 3159.274641295513 2989.8777986810733 714.2857142857142
v 3156.4361537610275 3040.5895736858306 714.2857142857142
v 3137.659669008739 3088.468497401825 714.2857142857142
v 3104.4551892948098 3128.5737577210584 714.2857142857142
v 3059.8415280648996 3156.634893741422 714.2857142857142
v 3008.0745069276654 3169.5047605886316 714.2857142857142
v 2954.2418703764592 3165.5082494496874 714.2857142857142
v 2903.763382843464 3144.648499997152 714.2857142857142
v 2861.845213651268 3108.6461248508945 714.2857142857142
v 2832.9435340825053 3060.8035810356746 714.2857142857142
v 2820.2925408644373 3005.704618346117 714.2857142857142
v 2825.5467320700914 2948.7758987561037 714.2857142857142
v 2848.576628464414 2895.7526310878548 714.2857142857142
v 2887.442239966332 2852.1008296387145 714.2857142857142
v 2938.5508674979387 2822.454391635426 714.2857142857142
v 2996.987069493996 2810.1249131285977 714.2857142857142
v 3056.9847184973455 2816.7359334602284 714.2857142857142
v 3112.4958854925962 2842.021633541753 714.2857142857142
v 3157.8004343040657 2883.8140017812116 714.2857142857142
v 3188.094887956793 2938.223681457673 714.2857142857142
v 3200.0 2999.9999999999995 714.2857142857142
v 3000.0 3000.0 734.6938775510204
v 3001.919335591396 3000.6303705973705 734.6938775510204
v 3003.2536172021455 3002.39558759214 734.6938775510204
v 3003.5154964216435 3004.9368239518203 734.6938775510204
v 3002.3993565683095 3007.716381749043 734.6938775510204
v 2999.8397377390424 3010.0997386633726 734.6938775510204
v 2996.035539838577 3011.4545553783596 734.6938775510204
v 2991.435822606134 3011.2531977448803 734.6938775510204
v 2986.688055249619 3009.1646038604085 734.6938775510204
v 2982.5546732070093 3005.1224101243897 734.6938775510204
v 2979.8081506589256 2999.359031646504 734.6938775510204
v 2979.117941760313 2992.3995523705407 734.6938775510204
v 2980.944167400175 2985.0143276067733 734.6938775510204
v 2985.4526043833143 2978.134529070198 734.6938775510204
v 2992.4633668855345 2972.7398177376986 734.6938775510204
v 3001.4418762370833 2969.73129275203 734.6938775510204
v 3011.5357162534747 2969.8053216884005 734.6938775510204
v 3021.655344122095 2973.3444648627074 734.6938775510204
v 3030.5910375574977 2980.3403339107053 734.6938775510204
v 3037.153586518244 2990.359976249615 734.6938775510204
v 3040.322693998864 3002.5625826123864 734.6938775510204
v 3039.3853062491667 3015.767498118923 734.6938775510204
v 3034.0464196941766 3028.5683382082907 734.6938775510204
v 3024.49734495968 3039.482191694624 734.6938775510204
v 3011.430736267124 3047.11813664599 734.6938775510204
v 2995.997476926425 3050.3462008056536 734.6938775510204
v 2979.707124711068 3048.4468922155943 734.6938775510204
v 2964.2803236029845 3041.222704055687 734.6938775510204
v 2951.4676049079203 3029.0564989172835 734.6938775510204
v 2942.8536084450975 3012.9070817188076 734.6938775510204
v 2939.668368328904 2994.2390276785345 734.6938775510204
v 2942.627551150719 2974.8912189947373 734.6938775510204
v 2951.8212881017694 2956.895741380765 734.6938775510204
v 2966.6666666666665 2942.2649730810376 734.6938775510204
v 2985.932471284411 2932.7691249064596 734.6938775510204
v 3007.837044437445 2929.7285934219317 734.6938775510204
v 3030.2120009455916 2933.8449457923984 734.6938775510204
v 3050.7168651062907 2945.0911248074167 734.6938775510204
v 3067.083386522529 2962.6758061175397 734.6938775510204
v 3077.3640791782736 2985.0892958988766 734.6938775510204
v 3080.1579646731957 3010.2296932180807 734.6938775510204
v 3074.7878546863667 3035.5991745366787 734.6938775510204
v 3061.4077365664907 3058.5521585499973 734.6938775510204
v 3041.0255681115664 3076.5706962186787 734.6938775510204
v 3015.435393570394 3087.5384669344185 734.6938775510204
v 2987.0622874297014 3089.9837674437213 734.6938775510204
v 2958.7332036770395 3083.264067913942 734.6938775510204
v 2933.395313692531 3067.669951625872 734.6938775510204
v 2913.8098958880073 3044.4340869553853 734.6938775510204
v 2902.2535241512255 3015.640542227665 734.6938775510204
v 2900.2586981134955 2984.040263032995 734.6938775510204
v 2908.4230143810078 2952.788782609903 734.6938775510204
v 2926.3097087662045 2925.1311173500994 734.6938775510204
v 2952.453473801806 2904.0653130556752 734.6938775510204
v 2984.4747449156416 2892.0194790675346 734.6938775510204
v 3019.294241962992 2890.576916331977 734.6938775510204
v 3053.42864684297 2900.2800235291625 734.6938775510204
v 3083.339071054523 2920.536356253575 734.6938775510204
v 3105.7974529709577 2949.6401921188444 734.6938775510204
v 3118.2329978929633 2984.911202503331 734.6938775510204
v 3119.0216602742676 3022.939544770959 734.6938775510204
v 3107.686488891428 3059.9151533376335 734.6938775510204
v 3084.985017205136 3092.0094665389233 734.6938775510204
v 3052.8710016547857 3115.771344863302 734.6938775510204
v 3014.3305955427572 3128.4962863141823 734.6938775510204
v 2973.106195102551 3128.5296141494155 734.6938775510204
v 2933.3333333333335 3115.470053837925 734.6938775510204
v 2899.12582196308 3090.2495414840237 734.6938775510204
v 2874.1507573628674 3055.07732607606 734.6938775510204
v 2861.237247156479 3013.250236339371 734.6938775510204
v 2862.060434177821 2968.8449751614994 734.6938775510204
v 2876.935712445084 2926.3210206026024 734.6938775510204
v 2904.7475296079588 2890.072789184835 734.6938775510204
v 2943.023850150306 2863.976033394678 734.6938775510204
v 2988.1525317022174 2850.975245615265 734.6938775510204
v 3035.7210508347616 2852.7558229812817 734.6938775510204
v 3080.9477485624207 2869.537105704721 734.6938775510204
v 3119.1624689296186 2900.0108162709826 734.6938775510204
v 3146.288280354048 2941.4350069868574 734.6938775510204
v 3159.274641295513 2989.8777986810733 734.6938775510204
v 3156.4361537610275 3040.5895736858306 734.6938775510204
v 3137.659669008739 3088.468497401825 734.6938775510204
v 3104.4551892948098 3128.5737577210584 734.6938775510204
v 3059.8415280648996 3156.634893741422 734.6938775510204
v 3008.0745069276654 3169.5047605886316 734.6938775510204
v 2954.2418703764592 3165.5082494496874 734.6938775510204
v 2903.763382843464 3144.648499997152 734.6938775510204
v 2861.845213651268 3108.6461248508945 734.6938775510204
v 2832.9435340825053 3060.8035810356746 734.6938775510204
v 2820.2925408644373 3005.704618346117 734.6938775510204
v 2825.5467320700914 2948.7758987561037 734.6938775510204
v 2848.576628464414 2895.7526310878548 734.6938775510204
v 2887.442239966332 2852.1008296387145 734.6938775510204
v 2938.5508674979387 2822.454391635426 734.6938775510204
v 2996.987069493996 2810.1249131285977 734.6938775510204
v 3056.9847184973455 2816.7359334602284 734.6938775510204
v 3112.4958854925962 2842.021633541753 734.6938775510204
v 3157.8004343040657 2883.8140017812116 734.6938775510204
v 3188.094887956793 2938.223681457673 734.6938775510204
v 3200.0 2999.9999999999995 734.6938775510204
v 3000.0 3000.0 755.1020408163265
v 3001.919335591396 3000.6303705973705 755.1020408163265
v 3003.2536172021455 3002.39558759214 755.1020408163265
v 3003.5154964216435 3004.9368239518203 755.1020408163265
v 3002.3993565683095 3007.716381749043 755.1020408163265
v 2999.8397377390424 3010.0997386633726 755.1020408163265
v 2996.035539838577 3011.4545553783596 755.1020408163265
v 2991.435822606134 3011.2531977448803 755.1020408163265
v 2986.688055249619 3009.1646038604085 755.1020408163265
v 2982.5546732070093 3005.1224101243897 755.1020408163265
v 2979.8081506589256 2999.359031646504 755.1020408163265
v 2979.117941760313 2992.3995523705407 755.1020408163265
v 2980.944167400175 2985.0143276067733 755.1020408163265
v 2985.4526043833143 2978.134529070198 755.1020408163265
v 2992.4633668855345 2972.7398177376986 755.1020408163265
v 3001.4418762370833 2969.73129275203 755.1020408163265
v 3011.5357162534747 2969.8053216884005 755.1020408163265
v 3021.655344122095 2973.3444648627074 755.1020408163265
v 3030.5910375574977 2980.3403339107053 755.1020408163265
v 3037.153586518244 2990.359976249615 755.1020408163265
v 3040.322693998864 3002.5625826123864 755.1020408163265
v 3039.3853062491667 3015.767498118923 755.1020408163265
v 3034.0464196941766 3028.5683382082907 755.1020408163265
v 3024.49734495968 3039.482191694624 755.1020408163265
v 3011.430736267124 3047.11813664599 755.1020408163265
v 2995.997476926425 3050.3462008056536 755.1020408163265
v 2979.707124711068 3048.4468922155943 755.1020408163265
v 2964.2803236029845 3041.222704055687 755.1020408163265
v 2951.4676049079203 3029.0564989172835 755.1020408163265
v 2942.8536084450975 3012.9070817188076 755.1020408163265
v 2939.668368328904 2994.2390276785345 755.1020408163265
v 2942.627551150719 2974.8912189947373 755.1020408163265
v 2951.8212881017694 2956.895741380765 755.1020408163265
v 2966.6666666666665 2942.2649730810376 755.1020408163265
v 2985.932471284411 2932.7691249064596 755.1020408163265
v 3007.837044437445 2929.7285934219317 755.1020408163265
v 3030.2120009455916 2933.8449457923984 755.1020408163265
v 3050.7168651062907 2945.0911248074167 755.1020408163265
v 3067.083386522529 2962.6758061175397 755.1020408163265
v 3077.3640791782736 2985.0892958988766 755.1020408163265
v 3080.1579646731957 3010.2296932180807 755.1020408163265
v 3074.7878546863667 3035.5991745366787 755.1020408163265
v 3061.4077365664907 3058.5521585499973 755.1020408163265
v 3041.0255681115664 3076.5706962186787 755.1020408163265
v 3015.435393570394 3087.5384669344185 755.1020408163265
v 2987.0622874297014 3089.9837674437213 755.1020408163265
v 2958.7332036770395 3083.264067913942 755.1020408163265
v 2933.395313692531 3067.669951625872 755.1020408163265
v 2913.8098958880073 3044.4340869553853 755.1020408163265
v 2902.2535241512255 3015.640542227665 755.1020408163265
v 2900.2586981134955 2984.040263032995 755.1020408163265
v 2908.4230143810078 2952.788782609903 755.1020408163265
v 2926.3097087662045 2925.1311173500994 755.1020408163265
v 2952.453473801806 2904.0653130556752 755.1020408163265
v 2984.4747449156416 2892.0194790675346 755.1020408163265
v 3019.294241962992 2890.576916331977 755.1020408163265
v 3053.42864684297 2900.2800235291625 755.1020408163265
v 3083.339071054523 2920.536356253575 755.1020408163265
v 3105.7974529709577 2949.6401921188444 755.1020408163265
v 3118.2329978929633 2984.911202503331 755.1020408163265
v 3119.0216602742676 3022.939544770959 755.1020408163265
v 3107.686488891428 3059.9151533376335 755.1020408163265
v 3084.985017205136 3092.0094665389233 755.1020408163265
v 3052.8710016547857 3115.771344863302 755.1020408163265
v 3014.3305955427572 3128.4962863141823 755.1020408163265
v 2973.106195102551 3128.5296141494155 755.1020408163265
v 2933.3333333333335 3115.470053837925 755.1020408163265
v 2899.12582196308 3090.2495414840237 755.1020408163265
v 2874.1507573628674 3055.07732607606 755.1020408163265
v 2861.237247156479 3013.250236339371 755.1020408163265
v 2862.060434177821 2968.8449751614994 755.1020408163265
v 2876.935712445084 2926.3210206026024 755.1020408163265
v 2904.7475296079588 2890.072789184835 755.1020408163265
v 2943.023850150306 2863.976033394678 755.1020408163265
v 2988.1525317022174 2850.975245615265 755.1020408163265
v 3035.7210508347616 2852.7558229812817 755.1020408163265
v 3080.9477485624207 2869.537105704721 755.1020408163265
v 3119.1624689296186 2900.0108162709826 755.1020408163265
v 3146.288280354048 2941.4350069868574 755.1020408163265
v 3159.274641295513 2989.8777986810733 755.1020408163265
v 3156.4361537610275 3040.5895736858306 755.1020408163265
v 3137.659669008739 3088.468497401825 755.1020408163265
v 3104.4551892948098 3128.5737577210584 755.1020408163265
v 3059.8415280648996 3156.634893741422 755.1020408163265
v 3008.0745069276654 3169.5047605886316 755.1020408163265
v 2954.2418703764592 3165.5082494496874 755.1020408163265
v 2903.763382843464 3144.648499997152 755.1020408163265
v 2861.845213651268 3108.6461248508945 755.1020408163265
v 2832.9435340825053 3060.8035810356746 755.1020408163265
v 2820.2925408644373 3005.704618346117 755.1020408163265
v 2825.5467320700914 2948.7758987561037 755.1020408163265
v 2848.576628464414 2895.7526310878548 755.1020408163265
v 2887.442239966332 2852.1008296387145 755.1020408163265
v 2938.5508674979387 2822.454391635426 755.1020408163265
v 2996.987069493996 2810.1249131285977 755.1020408163265
v 3056.9847184973455 2816.7359334602284 755.1020408163265
v 3112.4958854925962 2842.021633541753 755.1020408163265
v 3157.8004343040657 2883.8140017812116 755.1020408163265
v 3188.094887956793 2938.223681457673 755.1020408163265
v 3200.0 2999.9999999999995 755.1020408163265
v 3000.0 3000.0 775.5102040816327
v 3001.919335591396 3000.6303705973705 775.5102040816327
v 3003.2536172021455 3002.39558759214 775.5102040816327
v 3003.5154964216435 3004.9368239518203 775.5102040816327
v 3002.3993565683095 3007.716381749043 775.5102040816327
v 2999.8397377390424 3010.0997386633726 775.5102040816327
v 2996.035539838577 3011.4545553783596 775.5102040816327
v 2991.435822606134 3011.2531977448803 775.5102040816327
v 2986.688055249619 3009.1646038604085 775.5102040816327
v 2982.5546732070093 3005.1224101243897 775.5102040816327
v 2979.8081506589256 2999.359031646504 775.5102040816327
v 2979.117941760313 2992.3995523705407 775.5102040816327
v 2980.944167400175 2985.0143276067733 775.5102040816327
v 2985.4526043833143 2978.134529070198 775.5102040816327
v 2992.4633668855345 2972.7398177376986 775.5102040816327
v 3001.4418762370833 2969.73129275203 775.5102040816327
v 3011.5357162534747 2969.8053216884005 775.5102040816327
v 3021.655344122095 2973.3444648627074 775.5102040816327
v 3030.5910375574977 2980.3403339107053 775.5102040816327
v 3037.153586518244 2990.359976249615 775.5102040816327
v 3040.322693998864 3002.5625826123864 775.5102040816327
v 3039.3853062491667 3015.767498118923 775.5102040816327
v 3034.0464196941766 3028.5683382082907 775.5102040816327
v 3024.49734495968 3039.482191694624 775.5102040816327
v 3011.430736267124 3047.11813664599 775.5102040816327
v 2995.997476926425 3050.3462008056536 775.5102040816327
v 2979.707124711068 3048.4468922155943 775.5102040816327
v 2964.2803236029845 3041.222704055687 775.5102040816327
v 2951.4676049079203 3029.0564989172835 775.5102040816327
v 2942.8536084450975 3012.9070817188076 775.5102040816327
v 2939.668368328904 2994.2390276785345 775.5102040816327
v 2942.627551150719 2974.8912189947373 775.5102040816327
v 2951.8212881017694 2956.895741380765 775.5102040816327
v 2966.6666666666665 2942.2649730810376 775.5102040816327
v 2985.932471284411 2932.7691249064596 775.5102040816327
v 3007.837044437445 2929.7285934219317 775.5102040816327
v 3030.2120009455916 2933.8449457923984 775.5102040816327
v 3050.7168651062907 2945.0911248074167 775.5102040816327
v 3067.083386522529 2962.6758061175397 775.5102040816327
v 3077.3640791782736 2985.0892958988766 775.5102040816327
v 3080.1579646731957 3010.2296932180807 775.5102040816327
v 3074.7878546863667 3035.5991745366787 775.5102040816327
v 3061.4077365664907 3058.5521585499973 775.5102040816327
v 3041.0255681115664 3076.5706962186787 775.5102040816327
v 3015.435393570394 3087.5384669344185 775.5102040816327
v 2987.0622874297014 3089.9837674437213 775.5102040816327
v 2958.7332036770395 3083.264067913942 775.5102040816327
v 2933.395313692531 3067.669951625872 775.5102040816327
v 2913.8098958880073 3044.4340869553853 775.5102040816327
v 2902.2535241512255 3015.640542227665 775.5102040816327
v 2900.2586981134955 2984.040263032995 775.5102040816327
v 2908.4230143810078 2952.788782609903 775.5102040816327
v 2926.3097087662045 2925.1311173500994 775.5102040816327
v 2952.453473801806 2904.0653130556752 775.5102040816327
v 2984.4747449156416 2892.0194790675346 775.5102040816327
v 3019.294241962992 2890.576916331977 775.5102040816327
v 3053.42864684297 2900.2800235291625 775.5102040816327
v 3083.339071054523 2920.536356253575 775.5102040816327
v 3105.7974529709577 2949.6401921188444 775.5102040816327
v 3118.2329978929633 2984.911202503331 775.5102040816327
v 3119.0216602742676 3022.939544770959 775.5102040816327
v 3107.686488891428 3059.9151533376335 775.5102040816327
v 3084.985017205136 3092.0094665389233 775.5102040816327
v 3052.8710016547857 3115.771344863302 775.5102040816327
v 3014.3305955427572 3128.4962863141823 775.5102040816327
v 2973.106195102551 3128.5296141494155 775.5102040816327
v 2933.3333333333335 3115.470053837925 775.5102040816327
v 2899.12582196308 3090.2495414840237 775.5102040816327
v 2874.1507573628674 3055.07732607606 775.5102040816327
v 2861.237247156479 3013.250236339371 775.5102040816327
v 2862.060434177821 2968.8449751614994 775.5102040816327
v 2876.935712445084 2926.3210206026024 775.5102040816327
v 2904.7475296079588 2890.072789184835 775.5102040816327
v 2943.023850150306 2863.976033394678 775.5102040816327
v 2988.1525317022174 2850.975245615265 775.5102040816327
v 3035.7210508347616 2852.7558229812817 775.5102040816327
v 3080.9477485624207 2869.537105704721 775.5102040816327
v 3119.1624689296186 2900.0108162709826 775.5102040816327
v 3146.288280354048 2941.4350069868574 775.5102040816327
v 3159.274641295513 2989.8777986810733 775.5102040816327
v 3156.4361537610275 3040.5895736858306 775.5102040816327
v 3137.659669008739 3088.468497401825 775.5102040816327
v 3104.4551892948098 3128.5737577210584 775.5102040816327
v 3059.8415280648996 3156.634893741422 775.5102040816327
v 3008.0745069276654 3169.5047605886316 775.5102040816327
v 2954.2418703764592 3165.5082494496874 775.5102040816327
v 2903.763382843464 3144.648499997152 775.5102040816327
v 2861.845213651268 3108.6461248508945 775.5102040816327
v 2832.9435340825053 3060.8035810356746 775.5102040816327
v 2820.2925408644373 3005.704618346117 775.5102040816327
v 2825.5467320700914 2948.7758987561037 775.5102040816327
v 2848.576628464414 2895.7526310878548 775.5102040816327
v 2887.442239966332 2852.1008296387145 775.5102040816327
v 2938.5508674979387 2822.454391635426 775.5102040816327
v 2996.987069493996 2810.1249131285977 775.5102040816327
v 3056.9847184973455 2816.7359334602284 775.5102040816327
v 3112.4958854925962 2842.021633541753 775.5102040816327
v 3157.8004343040657 2883.8140017812116 775.5102040816327
v 3188.094887956793 2938.223681457673 775.5102040816327
v 3200.0 2999.9999999999995 775.5102040816327
v 3000.0 3000.0 795.9183673469388
v 3001.919335591396 3000.6303705973705 795.9183673469388
v 3003.2536172021455 3002.39558759214 795.9183673469388
v 3003.5154964216435 3004.9368239518203 795.9183673469388
v 3002.3993565683095 3007.716381749043 795.9183673469388
v 2999.8397377390424 3010.0997386633726 795.9183673469388
v 2996.035539838577 3011.4545553783596 795.9183673469388
v 2991.435822606134 3011.2531977448803 795.9183673469388
v 2986.688055249619 3009.1646038604085 795.9183673469388
v 2982.5546732070093 3005.1224101243897 795.9183673469388
v 2979.8081506589256 2999.359031646504 795.9183673469388
v 2979.117941760313 2992.3995523705407 795.9183673469388
v 2980.944167400175 2985.0143276067733 795.9183673469388
v 2985.4526043833143 2978.134529070198 795.9183673469388
v 2992.4633668855345 2972.7398177376986 795.9183673469388
v 3001.4418762370833 2969.73129275203 795.9183673469388
v 3011.5357162534747 2969.8053216884005 795.9183673469388
v 3021.655344122095 2973.3444648627074 795.9183673469388
v 3030.5910375574977 2980.3403339107053 795.9183673469388
v 3037.153586518244 2990.359976249615 795.9183673469388
v 3040.322693998864 3002.5625826123864 795.9183673469388
v 3039.3853062491667 3015.767498118923 795.9183673469388
v 3034.0464196941766 3028.5683382082907 795.9183673469388
v 3024.49734495968 3039.482191694624 795.9183673469388
v 3011.430736267124 3047.11813664599 795.9183673469388
v 2995.997476926425 3050.3462008056536 795.9183673469388
v 2979.707124711068 3048.4468922155943 795.9183673469388
v 2964.2803236029845 3041.222704055687 795.9183673469388
v 2951.4676049079203 3029.0564989172835 795.9183673469388
v 2942.8536084450975 3012.9070817188076 795.9183673469388
v 2939.668368328904 2994.2390276785345 795.9183673469388
v 2942.627551150719 2974.8912189947373 795.9183673469388
v 2951.8212881017694 2956.895741380765 795.9183673469388
v 2966.6666666666665 2942.2649730810376 795.9183673469388
v 2985.932471284411 2932.7691249064596 795.9183673469388
v 3007.837044437445 2929.7285934219317 795.9183673469388
v 3030.2120009455916 2933.8449457923984 795.9183673469388
v 3050.7168651062907 2945.0911248074167 795.9183673469388
v 3067.083386522529 2962.6758061175397 795.9183673469388
v 3077.3640791782736 2985.0892958988766 795.9183673469388
v 3080.1579646731957 3010.2296932180807 795.9183673469388
v 3074.7878546863667 3035.5991745366787 795.9183673469388
v 3061.4077365664907 3058.5521585499973 795.9183673469388
v 3041.0255681115664 3076.5706962186787 795.9183673469388
v 3015.435393570394 3087.5384669344185 795.9183673469388
v 2987.0622874297014 3089.9837674437213 795.9183673469388
v 2958.7332036770395 3083.264067913942 795.9183673469388
v 2933.395313692531 3067.669951625872 795.9183673469388
v 2913.8098958880073 3044.4340869553853 795.9183673469388
v 2902.2535241512255 3015.640542227665 795.9183673469388
v 2900.2586981134955 2984.040263032995 795.9183673469388
v 2908.4230143810078 2952.788782609903 795.9183673469388
v 2926.3097087662045 2925.1311173500994 795.9183673469388
v 2952.453473801806 2904.0653130556752 795.9183673469388
v 2984.4747449156416 2892.0194790675346 795.9183673469388
v 3019.294241962992 2890.576916331977 795.9183673469388
v 3053.42864684297 2900.2800235291625 795.9183673469388
v 3083.339071054523 2920.536356253575 795.9183673469388
v 3105.7974529709577 2949.6401921188444 795.9183673469388
v 3118.2329978929633 2984.911202503331 795.9183673469388
v 3119.0216602742676 3022.939544770959 795.9183673469388
v 3107.686488891428 3059.9151533376335 795.9183673469388
v 3084.985017205136 3092.0094665389233 795.9183673469388
v 3052.8710016547857 3115.771344863302 795.9183673469388
v 3014.3305955427572 3128.4962863141823 795.9183673469388
v 2973.106195102551 3128.5296141494155 795.9183673469388
v 2933.3333333333335 3115.470053837925 795.9183673469388
v 2899.12582196308 3090.2495414840237 795.9183673469388
v 2874.1507573628674 3055.07732607606 795.9183673469388
v 2861.237247156479 3013.250236339371 795.9183673469388
v 2862.060434177821 2968.8449751614994 795.9183673469388
v 2876.935712445084 2926.3210206026024 795.9183673469388
v 2904.7475296079588 2890.072789184835 795.9183673469388
v 2943.023850150306 2863.976033394678 795.9183673469388
v 2988.1525317022174 2850.975245615265 795.9183673469388
v 3035.7210508347616 2852.7558229812817 795.9183673469388
v 3080.9477485624207 2869.537105704721 795.9183673469388
v 3119.1624689296186 2900.0108162709826 795.9183673469388
v 3146.288280354048 2941.4350069868574 795.9183673469388
v 3159.274641295513 2989.8777986810733 795.9183673469388
v 3156.4361537610275 3040.5895736858306 795.9183673469388
v 3137.659669008739 3088.468497401825 795.9183673469388
v 3104.4551892948098 3128.5737577210584 795.9183673469388
v 3059.8415280648996 3156.634893741422 795.9183673469388
v 3008.0745069276654 3169.5047605886316 795.9183673469388
v 2954.2418703764592 3165.5082494496874 795.9183673469388
v 2903.763382843464 3144.648499997152 795.9183673469388
v 2861.845213651268 3108.6461248508945 795.9183673469388
v 2832.9435340825053 3060.8035810356746 795.9183673469388
v 2820.2925408644373 3005.704618346117 795.9183673469388
v 2825.5467320700914 2948.7758987561037 795.9183673469388
v 2848.576628464414 2895.7526310878548 795.9183673469388
v 2887.442239966332 2852.1008296387145 795.9183673469388
v 2938.5508674979387 2822.454391635426 795.9183673469388
v 2996.987069493996 2810.1249131285977 795.9183673469388
v 3056.9847184973455 2816.7359334602284 795.9183673469388
v 3112.4958854925962 2842.021633541753 795.9183673469388
v 3157.8004343040657 2883.8140017812116 795.9183673469388
v 3188.094887956793 2938.223681457673 795.9183673469388
v 3200.0 2999.9999999999995 795.9183673469388
v 3000.0 3000.0 816.3265306122448
v 3001.919335591396 3000.6303705973705 816.3265306122448
v 3003.2536172021455 3002.39558759214 816.3265306122448
v 3003.5154964216435 3004.9368239518203 816.3265306122448
v 3002.3993565683095 3007.716381749043 816.3265306122448
v 2999.8397377390424 3010.0997386633726 816.3265306122448
v 2996.035539838577 3011.4545553783596 816.3265306122448
v 2991.435822606134 3011.2531977448803 816.3265306122448
v 2986.688055249619 3009.1646038604085 816.3265306122448
v 2982.5546732070093 3005.1224101243897 816.3265306122448
v 2979.8081506589256 2999.359031646504 816.3265306122448
v 2979.117941760313 2992.3995523705407 816.3265306122448
v 2980.944167400175 2985.0143276067733 816.3265306122448
v 2985.4526043833143 2978.134529070198 816.3265306122448
v 2992.4633668855345 2972.7398177376986 816.3265306122448
v 3001.4418762370833 2969.73129275203 816.3265306122448
v 3011.5357162534747 2969.8053216884005 816.3265306122448
v 3021.655344122095 2973.3444648627074 816.3265306122448
v 3030.5910375574977 2980.3403339107053 816.3265306122448
v 3037.153586518244 2990.359976249615 816.3265306122448
v 3040.322693998864 3002.5625826123864 816.3265306122448
v 3039.3853062491667 3015.767498118923 816.3265306122448
v 3034.0464196941766 3028.5683382082907 816.3265306122448
v 3024.49734495968 3039.482191694624 816.3265306122448
v 3011.430736267124 3047.11813664599 816.3265306122448
v 2995.997476926425 3050.3462008056536 816.3265306122448
v 2979.707124711068 3048.4468922155943 816.3265306122448
v 2964.2803236029845 3041.222704055687 816.3265306122448
v 2951.4676049079203 3029.0564989172835 816.3265306122448
v 2942.8536084450975 3012.9070817188076 816.3265306122448
v 2939.668368328904 2994.2390276785345 816.3265306122448
v 2942.627551150719 2974.8912189947373 816.3265306122448
v 2951.8212881017694 2956.895741380765 816.3265306122448
v 2966.6666666666665 2942.2649730810376 816.3265306122448
v 2985.932471284411 2932.7691249064596 816.3265306122448
v 3007.837044437445 2929.7285934219317 816.3265306122448
v 3030.2120009455916 2933.8449457923984 816.3265306122448
v 3050.7168651062907 2945.0911248074167 816.3265306122448
v 3067.083386522529 2962.6758061175397 816.3265306122448
v 3077.3640791782736 2985.0892958988766 816.3265306122448
v 3080.1579646731957 3010.2296932180807 816.3265306122448
v 3074.7878546863667 3035.5991745366787 816.3265306122448
v 3061.4077365664907 3058.5521585499973 816.3265306122448
v 3041.0255681115664 3076.5706962186787 816.3265306122448
v 3015.435393570394 3087.5384669344185 816.3265306122448
v 2987.0622874297014 3089.9837674437213 816.3265306122448
v 2958.7332036770395 3083.264067913942 816.3265306122448
v 2933.395313692531 3067.669951625872 816.3265306122448
v 2913.8098958880073 3044.4340869553853 816.3265306122448
v 2902.2535241512255 3015.640542227665 816.3265306122448
v 2900.2586981134955 2984.040263032995 816.3265306122448
v 2908.4230143810078 2952.788782609903 816.3265306122448
v 2926.3097087662045 2925.1311173500994 816.3265306122448
v 2952.453473801806 2904.0653130556752 816.3265306122448
v 2984.4747449156416 2892.0194790675346 816.3265306122448
v 3019.294241962992 2890.576916331977 816.3265306122448
v 3053.42864684297 2900.2800235291625 816.3265306122448
v 3083.339071054523 2920.536356253575 816.3265306122448
v 3105.7974529709577 2949.6401921188444 816.3265306122448
v 3118.2329978929633 2984.911202503331 816.3265306122448
v 3119.0216602742676 3022.939544770959 816.3265306122448
v 3107.686488891428 3059.9151533376335 816.3265306122448
v 3084.985017205136 3092.0094665389233 816.3265306122448
v 3052.8710016547857 3115.771344863302 816.3265306122448
v 3014.3305955427572 3128.4962863141823 816.3265306122448
v 2973.106195102551 3128.5296141494155 816.3265306122448
v 2933.3333333333335 3115.470053837925 816.3265306122448
v 2899.12582196308 3090.2495414840237 816.3265306122448
v 2874.1507573628674 3055.07732607606 816.3265306122448
v 2861.237247156479 3013.250236339371 816.3265306122448
v 2862.060434177821 2968.8449751614994 816.3265306122448
v 2876.935712445084 2926.3210206026024 816.3265306122448
v 2904.7475296079588 2890.072789184835 816.3265306122448
v 2943.023850150306 2863.976033394678 816.3265306122448
v 2988.1525317022174 2850.975245615265 816.3265306122448
v 3035.7210508347616 2852.7558229812817 816.3265306122448
v 3080.9477485624207 2869.537105704721 816.3265306122448
v 3119.1624689296186 2900.0108162709826 816.3265306122448
v 3146.288280354048 2941.4350069868574 816.3265306122448
v 3159.274641295513 2989.8777986810733 816.3265306122448
v 3156.4361537610275 3040.5895736858306 816.3265306122448
v 3137.659669008739 3088.468497401825 816.3265306122448
v 3104.4551892948098 3128.5737577210584 816.3265306122448
v 3059.8415280648996 3156.634893741422 816.3265306122448
v 3008.0745069276654 3169.5047605886316 816.3265306122448
v 2954.2418703764592 3165.5082494496874 816.3265306122448
v 2903.763382843464 3144.648499997152 816.3265306122448
v 2861.845213651268 3108.6461248508945 816.3265306122448
v 2832.9435340825053 3060.8035810356746 816.3265306122448
v 2820.2925408644373 3005.704618346117 816.3265306122448
v 2825.5467320700914 2948.7758987561037 816.3265306122448
v 2848.576628464414 2895.7526310878548 816.3265306122448
v 2887.442239966332 2852.1008296387145 816.3265306122448
v 2938.5508674979387 2822.454391635426 816.3265306122448
v 2996.987069493996 2810.1249131285977 816.3265306122448
v 3056.9847184973455 2816.7359334602284 816.3265306122448
v 3112.4958854925962 2842.021633541753 816.3265306122448
v 3157.8004343040657 2883.8140017812116 816.3265306122448
v 3188.094887956793 2938.223681457673 816.3265306122448
v 3200.0 2999.9999999999995 816.3265306122448
v 3000.0 3000.0 836.734693877551
v 3001.919335591396 3000.6303705973705 836.734693877551
v 3003.2536172021455 3002.39558759214 836.734693877551
v 3003.5154964216435 3004.9368239518203 836.734693877551
v 3002.3993565683095 3007.716381749043 836.734693877551
v 2999.8397377390424 3010.0997386633726 836.734693877551
v 2996.035539838577 3011.4545553783596 836.734693877551
v 2991.435822606134 3011.2531977448803 836.734693877551
v 2986.688055249619 3009.1646038604085 836.734693877551
v 2982.5546732070093 3005.1224101243897 836.734693877551
v 2979.8081506589256 2999.359031646504 836.734693877551
v 2979.117941760313 2992.3995523705407 836.734693877551
v 2980.944167400175 2985.0143276067733 836.734693877551
v 2985.4526043833143 2978.134529070198 836.734693877551
v 2992.4633668855345 2972.7398177376986 836.734693877551
v 3001.4418762370833 2969.73129275203 836.734693877551
v 3011.5357162534747 2969.8053216884005 836.734693877551
v 3021.655344122095 2973.3444648627074 836.734693877551
v 3030.5910375574977 2980.3403339107053 836.734693877551
v 3037.153586518244 2990.359976249615 836.734693877551
v 3040.322693998864 3002.5625826123864 836.734693877551
v 3039.3853062491667 3015.767498118923 836.734693877551
v 3034.0464196941766 3028.5683382082907 836.734693877551
v 3024.49734495968 3039.482191694624 836.734693877551
v 3011.430736267124 3047.11813664599 836.734693877551
v 2995.997476926425 3050.3462008056536 836.734693877551
v 2979.707124711068 3048.4468922155943 836.734693877551
v 2964.2803236029845 3041.222704055687 836.734693877551
v 2951.4676049079203 3029.0564989172835 836.734693877551
v 2942.8536084450975 3012.9070817188076 836.734693877551
v 2939.668368328904 2994.2390276785345 836.734693877551
v 2942.627551150719 2974.8912189947373 836.734693877551
v 2951.8212881017694 2956.895741380765 836.734693877551
v 2966.6666666666665 2942.2649730810376 836.734693877551
v 2985.932471284411 2932.7691249064596 836.734693877551
v 3007.837044437445 2929.7285934219317 836.734693877551
v 3030.2120009455916 2933.8449457923984 836.734693877551
v 3050.7168651062907 2945.0911248074167 836.734693877551
v 3067.083386522529 2962.6758061175397 836.734693877551
v 3077.3640791782736 2985.0892958988766 836.734693877551
v 3080.1579646731957 3010.2296932180807 836.734693877551
v 3074.7878546863667 3035.5991745366787 836.734693877551
v 3061.4077365664907 3058.5521585499973 836.734693877551
v 3041.0255681115664 3076.5706962186787 836.734693877551
v 3015.435393570394 3087.5384669344185 836.734693877551
v 2987.0622874297014 3089.9837674437213 836.734693877551
v 2958.7332036770395 3083.264067913942 836.734693877551
v 2933.395313692531 3067.669951625872 836.734693877551
v 2913.8098958880073 3044.4340869553853 836.734693877551
v 2902.2535241512255 3015.640542227665 836.734693877551
v 2900.2586981134955 2984.040263032995 836.734693877551
v 2908.4230143810078 2952.788782609903 836.734693877551
v 2926.3097087662045 2925.1311173500994 836.734693877551
v 2952.453473801806 2904.0653130556752 836.734693877551
v 2984.4747449156416 2892.0194790675346 836.734693877551
v 3019.294241962992 2890.576916331977 836.734693877551
v 3053.42864684297 2900.2800235291625 836.734693877551
v 3083.339071054523 2920.536356253575 836.734693877551
v 3105.7974529709577 2949.6401921188444 836.734693877551
v 3118.2329978929633 2984.911202503331 836.734693877551
v 3119.0216602742676 3022.939544770959 836.734693877551
v 3107.686488891428 3059.9151533376335 836.734693877551
v 3084.985017205136 3092.0094665389233 836.734693877551
v 3052.8710016547857 3115.771344863302 836.734693877551
v 3014.3305955427572 3128.4962863141823 836.734693877551
v 2973.106195102551 3128.5296141494155 836.734693877551
v 2933.3333333333335 3115.470053837925 836.734693877551
v 2899.12582196308 3090.2495414840237 836.734693877551
v 2874.1507573628674 3055.07732607606 836.734693877551
v 2861.237247156479 3013.250236339371 836.734693877551
v 2862.060434177821 2968.8449751614994 836.734693877551
v 2876.935712445084 2926.3210206026024 836.734693877551
v 2904.7475296079588 2890.072789184835 836.734693877551
v 2943.023850150306 2863.976033394678 836.734693877551
v 2988.1525317022174 2850.975245615265 836.734693877551
v 3035.7210508347616 2852.7558229812817 836.734693877551
v 3080.9477485624207 2869.537105704721 836.734693877551
v 3119.1624689296186 2900.0108162709826 836.734693877551
v 3146.288280354048 2941.4350069868574 836.734693877551
v 3159.274641295513 2989.8777986810733 836.734693877551
v 3156.4361537610275 3040.5895736858306 836.734693877551
v 3137.659669008739 3088.468497401825 836.734693877551
v 3104.4551892948098 3128.5737577210584 836.734693877551
v 3059.8415280648996 3156.634893741422 836.734693877551
v 3008.0745069276654 3169.5047605886316 836.734693877551
v 2954.2418703764592 3165.5082494496874 836.734693877551
v 2903.763382843464 3144.648499997152 836.734693877551
v 2861.845213651268 3108.6461248508945 836.734693877551
v 2832.9435340825053 3060.8035810356746 836.734693877551
v 2820.2925408644373 3005.704618346117 836.734693877551
v 2825.5467320700914 2948.7758987561037 836.734693877551
v 2848.576628464414 2895.7526310878548 836.734693877551
v 2887.442239966332 2852.1008296387145 836.734693877551
v 2938.5508674979387 2822.454391635426 836.734693877551
v 2996.987069493996 2810.1249131285977 836.734693877551
v 3056.9847184973455 2816.7359334602284 836.734693877551
v 3112.4958854925962 2842.021633541753 836.734693877551
v 3157.8004343040657 2883.8140017812116 836.734693877551
v 3188.094887956793 2938.223681457673 836.734693877551
v 3200.0 2999.9999999999995 836.734693877551
v 3000.0 3000.0 857.1428571428571
v 3001.919335591396 3000.6303705973705 857.1428571428571
v 3003.2536172021455 3002.39558759214 857.1428571428571
v 3003.5154964216435 3004.9368239518203 857.1428571428571
v 3002.3993565683095 3007.716381749043 857.1428571428571
v 2999.8397377390424 3010.0997386633726 857.1428571428571
v 2996.035539838577 3011.4545553783596 857.1428571428571
v 2991.435822606134 3011.2531977448803 857.1428571428571
v 2986.688055249619 3009.1646038604085 857.1428571428571
v 2982.5546732070093 3005.1224101243897 857.1428571428571
v 2979.8081506589256 2999.359031646504 857.1428571428571
v 2979.117941760313 2992.3995523705407 857.1428571428571
v 2980.944167400175 2985.0143276067733 857.1428571428571
v 2985.4526043833143 2978.134529070198 857.1428571428571
v 2992.4633668855345 2972.7398177376986 857.1428571428571
v 3001.4418762370833 2969.73129275203 857.1428571428571
v 3011.5357162534747 2969.8053216884005 857.1428571428571
v 3021.655344122095 2973.3444648627074 857.1428571428571
v 3030.5910375574977 2980.3403339107053 857.1428571428571
v 3037.153586518244 2990.359976249615 857.1428571428571
v 3040.322693998864 3002.5625826123864 857.1428571428571
v 3039.3853062491667 3015.767498118923 857.1428571428571
v 3034.0464196941766 3028.5683382082907 857.1428571428571
v 3024.49734495968 3039.482191694624 857.1428571428571
v 3011.430736267124 3047.11813664599 857.1428571428571
v 2995.997476926425 3050.3462008056536 857.1428571428571
v 2979.707124711068 3048.4468922155943 857.1428571428571
v 2964.2803236029845 3041.222704055687 857.1428571428571
v 2951.4676049079203 3029.0564989172835 857.1428571428571
v 2942.8536084450975 3012.9070817188076 857.1428571428571
v 2939.668368328904 2994.2390276785345 857.1428571428571
v 2942.627551150719 2974.8912189947373 857.1428571428571
v 2951.8212881017694 2956.895741380765 857.1428571428571
v 2966.6666666666665 2942.2649730810376 857.1428571428571
v 2985.932471284411 2932.7691249064596 857.1428571428571
v 3007.837044437445 2929.7285934219317 857.1428571428571
v 3030.2120009455916 2933.8449457923984 857.1428571428571
v 3050.7168651062907 2945.0911248074167 857.1428571428571
v 3067.083386522529 2962.6758061175397 857.1428571428571
v 3077.3640791782736 2985.0892958988766 857.1428571428571
v 3080.1579646731957 3010.2296932180807 857.1428571428571
v 3074.7878546863667 3035.5991745366787 857.1428571428571
v 3061.4077365664907 3058.5521585499973 857.1428571428571
v 3041.0255681115664 3076.5706962186787 857.1428571428571
v 3015.435393570394 3087.5384669344185 857.1428571428571
v 2987.0622874297014 3089.9837674437213 857.1428571428571
v 2958.7332036770395 3083.264067913942 857.1428571428571
v 2933.395313692531 3067.669951625872 857.1428571428571
v 2913.8098958880073 3044.4340869553853 857.1428571428571
v 2902.2535241512255 3015.640542227665 857.1428571428571
v 2900.2586981134955 2984.040263032995 857.1428571428571
v 2908.4230143810078 2952.788782609903 857.1428571428571
v 2926.3097087662045 2925.1311173500994 857.1428571428571
v 2952.453473801806 2904.0653130556752 857.1428571428571
v 2984.4747449156416 2892.0194790675346 857.1428571428571
v 3019.294241962992 2890.576916331977 857.1428571428571
v 3053.42864684297 2900.2800235291625 857.1428571428571
v 3083.339071054523 2920.536356253575 857.1428571428571
v 3105.7974529709577 2949.6401921188444 857.1428571428571
v 3118.2329978929633 2984.911202503331 857.1428571428571
v 3119.0216602742676 3022.939544770959 857.1428571428571
v 3107.686488891428 3059.9151533376335 857.1428571428571
v 3084.985017205136 3092.0094665389233 857.1428571428571
v 3052.8710016547857 3115.771344863302 857.1428571428571
v 3014.3305955427572 3128.4962863141823 857.1428571428571
v 2973.106195102551 3128.5296141494155 857.1428571428571
v 2933.3333333333335 3115.470053837925 857.1428571428571
v 2899.12582196308 3090.2495414840237 857.1428571428571
v 2874.1507573628674 3055.07732607606 857.1428571428571
v 2861.237247156479 3013.250236339371 857.1428571428571
v 2862.060434177821 2968.8449751614994 857.1428571428571
v 2876.935712445084 2926.3210206026024 857.1428571428571
v 2904.7475296079588 2890.072789184835 857.1428571428571
v 2943.023850150306 2863.976033394678 857.1428571428571
v 2988.1525317022174 2850.975245615265 857.1428571428571
v 3035.7210508347616 2852.7558229812817 857.1428571428571
v 3080.9477485624207 2869.537105704721 857.1428571428571
v 3119.1624689296186 2900.0108162709826 857.1428571428571
v 3146.288280354048 2941.4350069868574 857.1428571428571
v 3159.274641295513 2989.8777986810733 857.1428571428571
v 3156.4361537610275 3040.5895736858306 857.1428571428571
v 3137.659669008739 3088.468497401825 857.1428571428571
v 3104.4551892948098 3128.5737577210584 857.1428571428571
v 3059.8415280648996 3156.634893741422 857.1428571428571
v 3008.0745069276654 3169.5047605886316 857.1428571428571
v 2954.2418703764592 3165.5082494496874 857.1428571428571
v 2903.763382843464 3144.648499997152 857.1428571428571
v 2861.845213651268 3108.6461248508945 857.1428571428571
v 2832.9435340825053 3060.8035810356746 857.1428571428571
v 2820.2925408644373 3005.704618346117 857.1428571428571
v 2825.5467320700914 2948.7758987561037 857.1428571428571
v 2848.576628464414 2895.7526310878548 857.1428571428571
v 2887.442239966332 2852.1008296387145 857.1428571428571
v 2938.5508674979387 2822.454391635426 857.1428571428571
v 2996.987069493996 2810.1249131285977 857.1428571428571
v 3056.9847184973455 2816.7359334602284 857.1428571428571
v 3112.4958854925962 2842.021633541753 857.1428571428571
v 3157.8004343040657 2883.8140017812116 857.1428571428571
v 3188.094887956793 2938.223681457673 857.1428571428571
v 3200.0 2999.9999999999995 857.1428571428571
v 3000.0 3000.0 877.5510204081633
v 3001.919335591396 3000.6303705973705 877.5510204081633
v 3003.2536172021455 3002.39558759214 877.5510204081633
v 3003.5154964216435 3004.9368239518203 877.5510204081633
v 3002.3993565683095 3007.716381749043 877.5510204081633
v 2999.8397377390424 3010.0997386633726 877.5510204081633
v 2996.035539838577 3011.4545553783596 877.5510204081633
v 2991.435822606134 3011.2531977448803 877.5510204081633
v 2986.688055249619 3009.1646038604085 877.5510204081633
v 2982.5546732070093 3005.1224101243897 877.5510204081633
v 2979.8081506589256 2999.359031646504 877.5510204081633
v 2979.117941760313 2992.3995523705407 877.5510204081633
v 2980.944167400175 2985.0143276067733 877.5510204081633
v 2985.4526043833143 2978.134529070198 877.5510204081633
v 2992.4633668855345 2972.7398177376986 877.5510204081633
v 3001.4418762370833 2969.73129275203 877.5510204081633
v 3011.5357162534747 2969.8053216884005 877.5510204081633
v 3021.655344122095 2973.3444648627074 877.5510204081633
v 3030.5910375574977 2980.3403339107053 877.5510204081633
v 3037.153586518244 2990.359976249615 877.5510204081633
v 3040.322693998864 3002.5625826123864 877.5510204081633
v 3039.3853062491667 3015.767498118923 877.5510204081633
v 3034.0464196941766 3028.5683382082907 877.5510204081633
v 3024.49734495968 3039.482191694624 877.5510204081633
v 3011.430736267124 3047.11813664599 877.5510204081633
v 2995.997476926425 3050.3462008056536 877.5510204081633
v 2979.707124711068 3048.4468922155943 877.5510204081633
v 2964.2803236029845 3041.222704055687 877.5510204081633
v 2951.4676049079203 3029.0564989172835 877.5510204081633
v 2942.8536084450975 3012.9070817188076 877.5510204081633
v 2939.668368328904 2994.2390276785345 877.5510204081633
v 2942.627551150719 2974.8912189947373 877.5510204081633
v 2951.8212881017694 2956.895741380765 877.5510204081633
v 2966.6666666666665 2942.2649730810376 877.5510204081633
v 2985.932471284411 2932.7691249064596 877.5510204081633
v 3007.837044437445 2929.7285934219317 877.5510204081633
v 3030.2120009455916 2933.8449457923984 877.5510204081633
v 3050.7168651062907 2945.0911248074167 877.5510204081633
v 3067.083386522529 2962.6758061175397 877.5510204081633
v 3077.3640791782736 2985.0892958988766 877.5510204081633
v 3080.1579646731957 3010.2296932180807 877.5510204081633
v 3074.7878546863667 3035.5991745366787 877.5510204081633
v 3061.4077365664907 3058.5521585499973 877.5510204081633
v 3041.0255681115664 3076.5706962186787 877.5510204081633
v 3015.435393570394 3087.5384669344185 877.5510204081633
v 2987.0622874297014 3089.9837674437213 877.5510204081633
v 2958.7332036770395 3083.264067913942 877.5510204081633
v 2933.395313692531 3067.669951625872 877.5510204081633
v 2913.8098958880073 3044.4340869553853 877.5510204081633
v 2902.2535241512255 3015.640542227665 877.5510204081633
v 2900.2586981134955 2984.040263032995 877.5510204081633
v 2908.4230143810078 2952.788782609903 877.5510204081633
v 2926.3097087662045 2925.1311173500994 877.5510204081633
v 2952.453473801806 2904.0653130556752 877.5510204081633
v 2984.4747449156416 2892.0194790675346 877.5510204081633
v 3019.294241962992 2890.576916331977 877.5510204081633
v 3053.42864684297 2900.2800235291625 877.5510204081633
v 3083.339071054523 2920.536356253575 877.5510204081633
v 3105.7974529709577 2949.6401921188444 877.5510204081633
v 3118.2329978929633 2984.911202503331 877.5510204081633
v 3119.0216602742676 3022.939544770959 877.5510204081633
v 3107.686488891428 3059.9151533376335 877.5510204081633
v 3084.985017205136 3092.0094665389233 877.5510204081633
v 3052.8710016547857 3115.771344863302 877.5510204081633
v 3014.3305955427572 3128.4962863141823 877.5510204081633
v 2973.106195102551 3128.5296141494155 877.5510204081633
v 2933.3333333333335 3115.470053837925 877.5510204081633
v 2899.12582196308 3090.2495414840237 877.5510204081633
v 2874.1507573628674 3055.07732607606 877.5510204081633
v 2861.237247156479 3013.250236339371 877.5510204081633
v 2862.060434177821 2968.8449751614994 877.5510204081633
v 2876.935712445084 2926.3210206026024 877.5510204081633
v 2904.7475296079588 2890.072789184835 877.5510204081633
v 2943.023850150306 2863.976033394678 877.5510204081633
v 2988.1525317022174 2850.975245615265 877.5510204081633
v 3035.7210508347616 2852.7558229812817 877.5510204081633
v 3080.9477485624207 2869.537105704721 877.5510204081633
v 3119.1624689296186 2900.0108162709826 877.5510204081633
v 3146.288280354048 2941.4350069868574 877.5510204081633
v 3159.274641295513 2989.8777986810733 877.5510204081633
v 3156.4361537610275 3040.5895736858306 877.5510204081633
v 3137.659669008739 3088.468497401825 877.5510204081633
v 3104.4551892948098 3128.5737577210584 877.5510204081633
v 3059.8415280648996 3156.634893741422 877.5510204081633
v 3008.0745069276654 3169.5047605886316 877.5510204081633
v 2954.2418703764592 3165.5082494496874 877.5510204081633
v 2903.763382843464 3144.648499997152 877.5510204081633
v 2861.845213651268 3108.6461248508945 877.5510204081633
v 2832.9435340825053 3060.8035810356746 877.5510204081633
v 2820.2925408644373 3005.704618346117 877.5510204081633
v 2825.5467320700914 2948.7758987561037 877.5510204081633
v 2848.576628464414 2895.7526310878548 877.5510204081633
v 2887.442239966332 2852.1008296387145 877.5510204081633
v 2938.5508674979387 2822.454391635426 877.5510204081633
v 2996.987069493996 2810.1249131285977 877.5510204081633
v 3056.9847184973455 2816.7359334602284 877.5510204081633
v 3112.4958854925962 2842.021633541753 877.5510204081633
v 3157.8004343040657 2883.8140017812116 877.5510204081633
v 3188.094887956793 2938.223681457673 877.5510204081633
v 3200.0 2999.9999999999995 877.5510204081633
v 3000.0 3000.0 897.9591836734694
v 3001.919335591396 3000.6303705973705 897.9591836734694
v 3003.2536172021455 3002.39558759214 897.9591836734694
v 3003.5154964216435 3004.9368239518203 897.9591836734694
v 3002.3993565683095 3007.716381749043 897.9591836734694
v 2999.8397377390424 3010.0997386633726 897.9591836734694
v 2996.035539838577 3011.4545553783596 897.9591836734694
v 2991.435822606134 3011.2531977448803 897.9591836734694
v 2986.688055249619 3009.1646038604085 897.9591836734694
v 2982.5546732070093 3005.1224101243897 897.9591836734694
v 2979.8081506589256 2999.359031646504 897.9591836734694
v 2979.117941760313 2992.3995523705407 897.9591836734694
v 2980.944167400175 2985.0143276067733 897.9591836734694
v 2985.4526043833143 2978.134529070198 897.9591836734694
v 2992.4633668855345 2972.7398177376986 897.9591836734694
v 3001.4418762370833 2969.73129275203 897.9591836734694
v 3011.5357162534747 2969.8053216884005 897.9591836734694
v 3021.655344122095 2973.3444648627074 897.9591836734694
v 3030.5910375574977 2980.3403339107053 897.9591836734694
v 3037.153586518244 2990.359976249615 897.9591836734694
v 3040.322693998864 3002.5625826123864 897.9591836734694
v 3039.3853062491667 3015.767498118923 897.9591836734694
v 3034.0464196941766 3028.5683382082907 897.9591836734694
v 3024.49734495968 3039.482191694624 897.9591836734694
v 3011.430736267124 3047.11813664599 897.9591836734694
v 2995.997476926425 3050.3462008056536 897.9591836734694
v 2979.707124711068 3048.4468922155943 897.9591836734694
v 2964.2803236029845 3041.222704055687 897.9591836734694
v 2951.4676049079203 3029.0564989172835 897.9591836734694
v 2942.8536084450975 3012.9070817188076 897.9591836734694
v 2939.668368328904 2994.2390276785345 897.9591836734694
v 2942.627551150719 2974.8912189947373 897.9591836734694
v 2951.8212881017694 2956.895741380765 897.9591836734694
v 2966.6666666666665 2942.2649730810376 897.9591836734694
v 2985.932471284411 2932.7691249064596 897.9591836734694
v 3007.837044437445 2929.7285934219317 897.9591836734694
v 3030.2120009455916 2933.8449457923984 897.9591836734694
v 3050.7168651062907 2945.0911248074167 897.9591836734694
v 3067.083386522529 2962.6758061175397 897.9591836734694
v 3077.3640791782736 2985.0892958988766 897.9591836734694
v 3080.1579646731957 3010.2296932180807 897.9591836734694
v 3074.7878546863667 3035.5991745366787 897.9591836734694
v 3061.4077365664907 3058.5521585499973 897.9591836734694
v 3041.0255681115664 3076.5706962186787 897.9591836734694
v 3015.435393570394 3087.5384669344185 897.9591836734694
v 2987.0622874297014 3089.9837674437213 897.9591836734694
v 2958.7332036770395 3083.264067913942 897.9591836734694
v 2933.395313692531 3067.669951625872 897.9591836734694
v 2913.8098958880073 3044.4340869553853 897.9591836734694
v 2902.2535241512255 3015.640542227665 897.9591836734694
v 2900.2586981134955 2984.040263032995 897.9591836734694
v 2908.4230143810078 2952.788782609903 897.9591836734694
v 2926.3097087662045 2925.1311173500994 897.9591836734694
v 2952.453473801806 2904.0653130556752 897.9591836734694
v 2984.4747449156416 2892.0194790675346 897.9591836734694
v 3019.294241962992 2890.576916331977 897.9591836734694
v 3053.42864684297 2900.2800235291625 897.9591836734694
v 3083.339071054523 2920.536356253575 897.9591836734694
v 3105.7974529709577 2949.6401921188444 897.9591836734694
v 3118.2329978929633 2984.911202503331 897.9591836734694
v 3119.0216602742676 3022.939544770959 897.9591836734694
v 3107.686488891428 3059.9151533376335 897.9591836734694
v 3084.985017205136 3092.0094665389233 897.9591836734694
v 3052.8710016547857 3115.771344863302 897.9591836734694
v 3014.3305955427572 3128.4962863141823 897.9591836734694
v 2973.106195102551 3128.5296141494155 897.9591836734694
v 2933.3333333333335 3115.470053837925 897.9591836734694
v 2899.12582196308 3090.2495414840237 897.9591836734694
v 2874.1507573628674 3055.07732607606 897.9591836734694
v 2861.237247156479 3013.250236339371 897.9591836734694
v 2862.060434177821 2968.8449751614994 897.9591836734694
v 2876.935712445084 2926.3210206026024 897.9591836734694
v 2904.7475296079588 2890.072789184835 897.9591836734694
v 2943.023850150306 2863.976033394678 897.9591836734694
v 2988.1525317022174 2850.975245615265 897.9591836734694
v 3035.7210508347616 2852.7558229812817 897.9591836734694
v 3080.9477485624207 2869.537105704721 897.9591836734694
v 3119.1624689296186 2900.0108162709826 897.9591836734694
v 3146.288280354048 2941.4350069868574 897.9591836734694
v 3159.274641295513 2989.8777986810733 897.9591836734694
v 3156.4361537610275 3040.5895736858306 897.9591836734694
v 3137.659669008739 3088.468497401825 897.9591836734694
v 3104.4551892948098 3128.5737577210584 897.9591836734694
v 3059.8415280648996 3156.634893741422 897.9591836734694
v 3008.0745069276654 3169.5047605886316 897.9591836734694
v 2954.2418703764592 3165.5082494496874 897.9591836734694
v 2903.763382843464 3144.648499997152 897.9591836734694
v 2861.845213651268 3108.6461248508945 897.9591836734694
v 2832.9435340825053 3060.8035810356746 897.9591836734694
v 2820.2925408644373 3005.704618346117 897.9591836734694
v 2825.5467320700914 2948.7758987561037 897.9591836734694
v 2848.576628464414 2895.7526310878548 897.9591836734694
v 2887.442239966332 2852.1008296387145 897.9591836734694
v 2938.5508674979387 2822.454391635426 897.9591836734694
v 2996.987069493996 2810.1249131285977 897.9591836734694
v 3056.9847184973455 2816.7359334602284 897.9591836734694
v 3112.4958854925962 2842.021633541753 897.9591836734694
v 3157.8004343040657 2883.8140017812116 897.9591836734694
v 3188.094887956793 2938.223681457673 897.9591836734694
v 3200.0 2999.9999999999995 897.9591836734694
v 3000.0 3000.0 918.3673469387755
v 3001.919335591396 3000.6303705973705 918.3673469387755
v 3003.2536172021455 3002.39558759214 918.3673469387755
v 3003.5154964216435 3004.9368239518203 918.3673469387755
v 3002.3993565683095 3007.716381749043 918.3673469387755
v 2999.8397377390424 3010.0997386633726 918.3673469387755
v 2996.035539838577 3011.4545553783596 918.3673469387755
v 2991.435822606134 3011.2531977448803 918.3673469387755
v 2986.688055249619 3009.1646038604085 918.3673469387755
v 2982.5546732070093 3005.1224101243897 918.3673469387755
v 2979.8081506589256 2999.359031646504 918.3673469387755
v 2979.117941760313 2992.3995523705407 918.3673469387755
v 2980.944167400175 2985.0143276067733 918.3673469387755
v 2985.4526043833143 2978.134529070198 918.3673469387755
v 2992.4633668855345 2972.7398177376986 918.3673469387755
v 3001.4418762370833 2969.73129275203 918.3673469387755
v 3011.5357162534747 2969.8053216884005 918.3673469387755
v 3021.655344122095 2973.3444648627074 918.3673469387755
v 3030.5910375574977 2980.3403339107053 918.3673469387755
v 3037.153586518244 2990.359976249615 918.3673469387755
v 3040.322693998864 3002.5625826123864 918.3673469387755
v 3039.3853062491667 3015.767498118923 918.3673469387755
v 3034.0464196941766 3028.5683382082907 918.3673469387755
v 3024.49734495968 3039.482191694624 918.3673469387755
v 3011.430736267124 3047.11813664599 918.3673469387755
v 2995.997476926425 3050.3462008056536 918.3673469387755
v 2979.707124711068 3048.4468922155943 918.3673469387755
v 2964.2803236029845 3041.222704055687 918.3673469387755
v 2951.4676049079203 3029.0564989172835 918.3673469387755
v 2942.8536084450975 3012.9070817188076 918.3673469387755
v 2939.668368328904 2994.2390276785345 918.3673469387755
v 2942.627551150719 2974.8912189947373 918.3673469387755
v 2951.8212881017694 2956.895741380765 918.3673469387755
v 2966.6666666666665 2942.2649730810376 918.3673469387755
v 2985.932471284411 2932.7691249064596 918.3673469387755
v 3007.837044437445 2929.7285934219317 918.3673469387755
v 3030.2120009455916 2933.8449457923984 918.3673469387755
v 3050.7168651062907 2945.0911248074167 918.3673469387755
v 3067.083386522529 2962.6758061175397 918.3673469387755
v 3077.3640791782736 2985.0892958988766 918.3673469387755
v 3080.1579646731957 3010.2296932180807 918.3673469387755
v 3074.7878546863667 3035.5991745366787 918.3673469387755
v 3061.4077365664907 3058.5521585499973 918.3673469387755
v 3041.0255681115664 3076.5706962186787 918.3673469387755
v 3015.435393570394 3087.5384669344185 918.3673469387755
v 2987.0622874297014 3089.9837674437213 918.3673469387755
v 2958.7332036770395 3083.264067913942 918.3673469387755
v 2933.395313692531 3067.669951625872 918.3673469387755
v 2913.8098958880073 3044.4340869553853 918.3673469387755
v 2902.2535241512255 3015.640542227665 918.3673469387755
v 2900.2586981134955 2984.040263032995 918.3673469387755
v 2908.4230143810078 2952.788782609903 918.3673469387755
v 2926.3097087662045 2925.1311173500994 918.3673469387755
v 2952.453473801806 2904.0653130556752 918.3673469387755
v 2984.4747449156416 2892.0194790675346 918.3673469387755
v 3019.294241962992 2890.576916331977 918.3673469387755
v 3053.42864684297 2900.2800235291625 918.3673469387755
v 3083.339071054523 2920.536356253575 918.3673469387755
v 3105.7974529709577 2949.6401921188444 918.3673469387755
v 3118.2329978929633 2984.911202503331 918.3673469387755
v 3119.0216602742676 3022.939544770959 918.3673469387755
v 3107.686488891428 3059.9151533376335 918.3673469387755
v 3084.985017205136 3092.0094665389233 918.3673469387755
v 3052.8710016547857 3115.771344863302 918.3673469387755
v 3014.3305955427572 3128.4962863141823 918.3673469387755
v 2973.106195102551 3128.5296141494155 918.3673469387755
v 2933.3333333333335 3115.470053837925 918.3673469387755
v 2899.12582196308 3090.2495414840237 918.3673469387755
v 2874.1507573628674 3055.07732607606 918.3673469387755
v 2861.237247156479 3013.250236339371 918.3673469387755
v 2862.060434177821 2968.8449751614994 918.3673469387755
v 2876.935712445084 2926.3210206026024 918.3673469387755
v 2904.7475296079588 2890.072789184835 918.3673469387755
v 2943.023850150306 2863.976033394678 918.3673469387755
v 2988.1525317022174 2850.975245615265 918.3673469387755
v 3035.7210508347616 2852.7558229812817 918.3673469387755
v 3080.9477485624207 2869.537105704721 918.3673469387755
v 3119.1624689296186 2900.0108162709826 918.3673469387755
v 3146.288280354048 2941.4350069868574 918.3673469387755
v 3159.274641295513 2989.8777986810733 918.3673469387755
v 3156.4361537610275 3040.5895736858306 918.3673469387755
v 3137.659669008739 3088.468497401825 918.3673469387755
v 3104.4551892948098 3128.5737577210584 918.3673469387755
v 3059.8415280648996 3156.634893741422 918.3673469387755
v 3008.0745069276654 3169.5047605886316 918.3673469387755
v 2954.2418703764592 3165.5082494496874 918.3673469387755
v 2903.763382843464 3144.648499997152 918.3673469387755
v 2861.845213651268 3108.6461248508945 918.3673469387755
v 2832.9435340825053 3060.8035810356746 918.3673469387755
v 2820.2925408644373 3005.704618346117 918.3673469387755
v 2825.5467320700914 2948.7758987561037 918.3673469387755
v 2848.576628464414 2895.7526310878548 918.3673469387755
v 2887.442239966332 2852.1008296387145 918.3673469387755
v 2938.5508674979387 2822.454391635426 918.3673469387755
v 2996.987069493996 2810.1249131285977 918.3673469387755
v 3056.9847184973455 2816.7359334602284 918.3673469387755
v 3112.4958854925962 2842.021633541753 918.3673469387755
v 3157.8004343040657 2883.8140017812116 918.3673469387755
v 3188.094887956793 2938.223681457673 918.3673469387755
v 3200.0 2999.9999999999995 918.3673469387755
v 3000.0 3000.0 938.7755102040816
v 3001.919335591396 3000.6303705973705 938.7755102040816
v 3003.2536172021455 3002.39558759214 938.7755102040816
v 3003.5154964216435 3004.9368239518203 938.7755102040816
v 3002.3993565683095 3007.716381749043 938.7755102040816
v 2999.8397377390424 3010.0997386633726 938.7755102040816
v 2996.035539838577 3011.4545553783596 938.7755102040816
v 2991.435822606134 3011.2531977448803 938.7755102040816
v 2986.688055249619 3009.1646038604085 938.7755102040816
v 2982.5546732070093 3005.1224101243897 938.7755102040816
v 2979.8081506589256 2999.359031646504 938.7755102040816
v 2979.117941760313 2992.3995523705407 938.7755102040816
v 2980.944167400175 2985.0143276067733 938.7755102040816
v 2985.4526043833143 2978.134529070198 938.7755102040816
v 2992.4633668855345 2972.7398177376986 938.7755102040816
v 3001.4418762370833 2969.73129275203 938.7755102040816
v 3011.5357162534747 2969.8053216884005 938.7755102040816
v 3021.655344122095 2973.3444648627074 938.7755102040816
v 3030.5910375574977 2980.3403339107053 938.7755102040816
v 3037.153586518244 2990.359976249615 938.7755102040816
v 3040.322693998864 3002.5625826123864 938.7755102040816
v 3039.3853062491667 3015.767498118923 938.7755102040816
v 3034.0464196941766 3028.5683382082907 938.7755102040816
v 3024.49734495968 3039.482191694624 938.7755102040816
v 3011.430736267124 3047.11813664599 938.7755102040816
v 2995.997476926425 3050.3462008056536 938.7755102040816
v 2979.707124711068 3048.4468922155943 938.7755102040816
v 2964.2803236029845 3041.222704055687 938.7755102040816
v 2951.4676049079203 3029.0564989172835 938.7755102040816
v 2942.8536084450975 3012.9070817188076 938.7755102040816
v 2939.668368328904 2994.2390276785345 938.7755102040816
v 2942.627551150719 2974.8912189947373 938.7755102040816
v 2951.8212881017694 2956.895741380765 938.7755102040816
v 2966.6666666666665 2942.2649730810376 938.7755102040816
v 2985.932471284411 2932.7691249064596 938.7755102040816
v 3007.837044437445 2929.7285934219317 938.7755102040816
v 3030.2120009455916 2933.8449457923984 938.7755102040816
v 3050.7168651062907 2945.0911248074167 938.7755102040816
v 3067.083386522529 2962.6758061175397 938.7755102040816
v 3077.3640791782736 2985.0892958988766 938.7755102040816
v 3080.1579646731957 3010.2296932180807 938.7755102040816
v 3074.7878546863667 3035.5991745366787 938.7755102040816
v 3061.4077365664907 3058.5521585499973 938.7755102040816
v 3041.0255681115664 3076.5706962186787 938.7755102040816
v 3015.435393570394 3087.5384669344185 938.7755102040816
v 2987.0622874297014 3089.9837674437213 938.7755102040816
v 2958.7332036770395 3083.264067913942 938.7755102040816
v 2933.395313692531 3067.669951625872 938.7755102040816
v 2913.8098958880073 3044.4340869553853 938.7755102040816
v 2902.2535241512255 3015.640542227665 938.7755102040816
v 2900.2586981134955 2984.040263032995 938.7755102040816
v 2908.4230143810078 2952.788782609903 938.7755102040816
v 2926.3097087662045 2925.1311173500994 938.7755102040816
v 2952.453473801806 2904.0653130556752 938.7755102040816
v 2984.4747449156416 2892.0194790675346 938.7755102040816
v 3019.294241962992 2890.576916331977 938.7755102040816
v 3053.42864684297 2900.2800235291625 938.7755102040816
v 3083.339071054523 2920.536356253575 938.7755102040816
v 3105.7974529709577 2949.6401921188444 938.7755102040816
v 3118.2329978929633 2984.911202503331 938.7755102040816
v 3119.0216602742676 3022.939544770959 938.7755102040816
v 3107.686488891428 3059.9151533376335 938.7755102040816
v 3084.985017205136 3092.0094665389233 938.7755102040816
v 3052.8710016547857 3115.771344863302 938.7755102040816
v 3014.3305955427572 3128.4962863141823 938.7755102040816
v 2973.106195102551 3128.5296141494155 938.7755102040816
v 2933.3333333333335 3115.470053837925 938.7755102040816
v 2899.12582196308 3090.2495414840237 938.7755102040816
v 2874.1507573628674 3055.07732607606 938.7755102040816
v 2861.237247156479 3013.250236339371 938.7755102040816
v 2862.060434177821 2968.8449751614994 938.7755102040816
v 2876.935712445084 2926.3210206026024 938.7755102040816
v 2904.7475296079588 2890.072789184835 938.7755102040816
v 2943.023850150306 2863.976033394678 938.7755102040816
v 2988.1525317022174 2850.975245615265 938.7755102040816
v 3035.7210508347616 2852.7558229812817 938.7755102040816
v 3080.9477485624207 2869.537105704721 938.7755102040816
v 3119.1624689296186 2900.0108162709826 938.7755102040816
v 3146.288280354048 2941.4350069868574 938.7755102040816
v 3159.274641295513 2989.8777986810733 938.7755102040816
v 3156.4361537610275 3040.5895736858306 938.7755102040816
v 3137.659669008739 3088.468497401825 938.7755102040816
v 3104.4551892948098 3128.5737577210584 938.7755102040816
v 3059.8415280648996 3156.634893741422 938.7755102040816
v 3008.0745069276654 3169.5047605886316 938.7755102040816
v 2954.2418703764592 3165.5082494496874 938.7755102040816
v 2903.763382843464 3144.648499997152 938.7755102040816
v 2861.845213651268 3108.6461248508945 938.7755102040816
v 2832.9435340825053 3060.8035810356746 938.7755102040816
v 2820.2925408644373 3005.704618346117 938.7755102040816
v 2825.5467320700914 2948.7758987561037 938.7755102040816
v 2848.576628464414 2895.7526310878548 938.7755102040816
v 2887.442239966332 2852.1008296387145 938.7755102040816
v 2938.5508674979387 2822.454391635426 938.7755102040816
v 2996.987069493996 2810.1249131285977 938.7755102040816
v 3056.9847184973455 2816.7359334602284 938.7755102040816
v 3112.4958854925962 2842.021633541753 938.7755102040816
v 3157.8004343040657 2883.8140017812116 938.7755102040816
v 3188.094887956793 2938.223681457673 938.7755102040816
v 3200.0 2999.9999999999995 938.7755102040816
v 3000.0 3000.0 959.1836734693877
v 3001.919335591396 3000.6303705973705 959.1836734693877
v 3003.2536172021455 3002.39558759214 959.1836734693877
v 3003.5154964216435 3004.9368239518203 959.1836734693877
v 3002.3993565683095 3007.716381749043 959.1836734693877
v 2999.8397377390424 3010.0997386633726 959.1836734693877
v 2996.035539838577 3011.4545553783596 959.1836734693877
v 2991.435822606134 3011.2531977448803 959.1836734693877
v 2986.688055249619 3009.1646038604085 959.1836734693877
v 2982.5546732070093 3005.1224101243897 959.1836734693877
v 2979.8081506589256 2999.359031646504 959.1836734693877
v 2979.117941760313 2992.3995523705407 959.1836734693877
v 2980.944167400175 2985.0143276067733 959.1836734693877
v 2985.4526043833143 2978.134529070198 959.1836734693877
v 2992.4633668855345 2972.7398177376986 959.1836734693877
v 3001.4418762370833 2969.73129275203 959.1836734693877
v 3011.5357162534747 2969.8053216884005 959.1836734693877
v 3021.655344122095 2973.3444648627074 959.1836734693877
v 3030.5910375574977 2980.3403339107053 959.1836734693877
v 3037.153586518244 2990.359976249615 959.1836734693877
v 3040.322693998864 3002.5625826123864 959.1836734693877
v 3039.3853062491667 3015.767498118923 959.1836734693877
v 3034.0464196941766 3028.5683382082907 959.1836734693877
v 3024.49734495968 3039.482191694624 959.1836734693877
v 3011.430736267124 3047.11813664599 959.1836734693877
v 2995.997476926425 3050.3462008056536 959.1836734693877
v 2979.707124711068 3048.4468922155943 959.1836734693877
v 2964.2803236029845 3041.222704055687 959.1836734693877
v 2951.4676049079203 3029.0564989172835 959.1836734693877
v 2942.8536084450975 3012.9070817188076 959.1836734693877
v 2939.668368328904 2994.2390276785345 959.1836734693877
v 2942.627551150719 2974.8912189947373 959.1836734693877
v 2951.8212881017694 2956.895741380765 959.1836734693877
v 2966.6666666666665 2942.2649730810376 959.1836734693877
v 2985.932471284411 2932.7691249064596 959.1836734693877
v 3007.837044437445 2929.7285934219317 959.1836734693877
v 3030.2120009455916 2933.8449457923984 959.1836734693877
v 3050.7168651062907 2945.0911248074167 959.1836734693877
v 3067.083386522529 2962.6758061175397 959.1836734693877
v 3077.3640791782736 2985.0892958988766 959.1836734693877
v 3080.1579646731957 3010.2296932180807 959.1836734693877
v 3074.7878546863667 3035.5991745366787 959.1836734693877
v 3061.4077365664907 3058.5521585499973 959.1836734693877
v 3041.0255681115664 3076.5706962186787 959.1836734693877
v 3015.435393570394 3087.5384669344185 959.1836734693877
v 2987.0622874297014 3089.9837674437213 959.1836734693877
v 2958.7332036770395 3083.264067913942 959.1836734693877
v 2933.395313692531 3067.669951625872 959.1836734693877
v 2913.8098958880073 3044.4340869553853 959.1836734693877
v 2902.2535241512255 3015.640542227665 959.1836734693877
v 2900.2586981134955 2984.040263032995 959.1836734693877
v 2908.4230143810078 2952.788782609903 959.1836734693877
v 2926.3097087662045 2925.1311173500994 959.1836734693877
v 2952.453473801806 2904.0653130556752 959.1836734693877
v 2984.4747449156416 2892.0194790675346 959.1836734693877
v 3019.294241962992 2890.576916331977 959.1836734693877
v 3053.42864684297 2900.2800235291625 959.1836734693877
v 3083.339071054523 2920.536356253575 959.1836734693877
v 3105.7974529709577 2949.6401921188444 959.1836734693877
v 3118.2329978929633 2984.911202503331 959.1836734693877
v 3119.0216602742676 3022.939544770959 959.1836734693877
v 3107.686488891428 3059.9151533376335 959.1836734693877
v 3084.985017205136 3092.0094665389233 959.1836734693877
v 3052.8710016547857 3115.771344863302 959.1836734693877
v 3014.3305955427572 3128.4962863141823 959.1836734693877
v 2973.106195102551 3128.5296141494155 959.1836734693877
v 2933.3333333333335 3115.470053837925 959.1836734693877
v 2899.12582196308 3090.2495414840237 959.1836734693877
v 2874.1507573628674 3055.07732607606 959.1836734693877
v 2861.237247156479 3013.250236339371 959.1836734693877
v 2862.060434177821 2968.8449751614994 959.1836734693877
v 2876.935712445084 2926.3210206026024 959.1836734693877
v 2904.7475296079588 2890.072789184835 959.1836734693877
v 2943.023850150306 2863.976033394678 959.1836734693877
v 2988.1525317022174 2850.975245615265 959.1836734693877
v 3035.7210508347616 2852.7558229812817 959.1836734693877
v 3080.9477485624207 2869.537105704721 959.1836734693877
v 3119.1624689296186 2900.0108162709826 959.1836734693877
v 3146.288280354048 2941.4350069868574 959.1836734693877
v 3159.274641295513 2989.8777986810733 959.1836734693877
v 3156.4361537610275 3040.5895736858306 959.1836734693877
v 3137.659669008739 3088.468497401825 959.1836734693877
v 3104.4551892948098 3128.5737577210584 959.1836734693877
v 3059.8415280648996 3156.634893741422 959.1836734693877
v 3008.0745069276654 3169.5047605886316 959.1836734693877
v 2954.2418703764592 3165.5082494496874 959.1836734693877
v 2903.763382843464 3144.648499997152 959.1836734693877
v 2861.845213651268 3108.6461248508945 959.1836734693877
v 2832.9435340825053 3060.8035810356746 959.1836734693877
v 2820.2925408644373 3005.704618346117 959.1836734693877
v 2825.5467320700914 2948.7758987561037 959.1836734693877
v 2848.576628464414 2895.7526310878548 959.1836734693877
v 2887.442239966332 2852.1008296387145 959.1836734693877
v 2938.5508674979387 2822.454391635426 959.1836734693877
v 2996.987069493996 2810.1249131285977 959.1836734693877
v 3056.9847184973455 2816.7359334602284 959.1836734693877
v 3112.4958854925962 2842.021633541753 959.1836734693877
v 3157.8004343040657 2883.8140017812116 959.1836734693877
v 3188.094887956793 2938.223681457673 959.1836734693877
v 3200.0 2999.9999999999995 959.1836734693877
v 3000.0 3000.0 979.5918367346939
v 3001.919335591396 3000.6303705973705 979.5918367346939
v 3003.2536172021455 3002.39558759214 979.5918367346939
v 3003.5154964216435 3004.9368239518203 979.5918367346939
v 3002.3993565683095 3007.716381749043 979.5918367346939
v 2999.8397377390424 3010.0997386633726 979.5918367346939
v 2996.035539838577 3011.4545553783596 979.5918367346939
v 2991.435822606134 3011.2531977448803 979.5918367346939
v 2986.688055249619 3009.1646038604085 979.5918367346939
v 2982.5546732070093 3005.1224101243897 979.5918367346939
v 2979.8081506589256 2999.359031646504 979.5918367346939
v 2979.117941760313 2992.3995523705407 979.5918367346939
v 2980.944167400175 2985.0143276067733 979.5918367346939
v 2985.4526043833143 2978.134529070198 979.5918367346939
v 2992.4633668855345 2972.7398177376986 979.5918367346939
v 3001.4418762370833 2969.73129275203 979.5918367346939
v 3011.5357162534747 2969.8053216884005 979.5918367346939
v 3021.655344122095 2973.3444648627074 979.5918367346939
v 3030.5910375574977 2980.3403339107053 979.5918367346939
v 3037.153586518244 2990.359976249615 979.5918367346939
v 3040.322693998864 3002.5625826123864 979.5918367346939
v 3039.3853062491667 3015.767498118923 979.5918367346939
v 3034.0464196941766 3028.5683382082907 979.5918367346939
v 3024.49734495968 3039.482191694624 979.5918367346939
v 3011.430736267124 3047.11813664599 979.5918367346939
v 2995.997476926425 3050.3462008056536 979.5918367346939
v 2979.707124711068 3048.4468922155943 979.5918367346939
v 2964.2803236029845 3041.222704055687 979.5918367346939
v 2951.4676049079203 3029.0564989172835 979.5918367346939
v 2942.8536084450975 3012.9070817188076 979.5918367346939
v 2939.668368328904 2994.2390276785345 979.5918367346939
v 2942.627551150719 2974.8912189947373 979.5918367346939
v 2951.8212881017694 2956.895741380765 979.5918367346939
v 2966.6666666666665 2942.2649730810376 979.5918367346939
v 2985.932471284411 2932.7691249064596 979.5918367346939
v 3007.837044437445 2929.7285934219317 979.5918367346939
v 3030.2120009455916 2933.8449457923984 979.5918367346939
v 3050.7168651062907 2945.0911248074167 979.5918367346939
v 3067.083386522529 2962.6758061175397 979.5918367346939
v 3077.3640791782736 2985.0892958988766 979.5918367346939
v 3080.1579646731957 3010.2296932180807 979.5918367346939
v 3074.7878546863667 3035.5991745366787 979.5918367346939
v 3061.4077365664907 3058.5521585499973 979.5918367346939
v 3041.0255681115664 3076.5706962186787 979.5918367346939
v 3015.435393570394 3087.5384669344185 979.5918367346939
v 2987.0622874297014 3089.9837674437213 979.5918367346939
v 2958.7332036770395 3083.264067913942 979.5918367346939
v 2933.395313692531 3067.669951625872 979.5918367346939
v 2913.8098958880073 3044.4340869553853 979.5918367346939
v 2902.2535241512255 3015.640542227665 979.5918367346939
v 2900.2586981134955 2984.040263032995 979.5918367346939
v 2908.4230143810078 2952.788782609903 979.5918367346939
v 2926.3097087662045 2925.1311173500994 979.5918367346939
v 2952.453473801806 2904.0653130556752 979.5918367346939
v 2984.4747449156416 2892.0194790675346 979.5918367346939
v 3019.294241962992 2890.576916331977 979.5918367346939
v 3053.42864684297 2900.2800235291625 979.5918367346939
v 3083.339071054523 2920.536356253575 979.5918367346939
v 3105.7974529709577 2949.6401921188444 979.5918367346939
v 3118.2329978929633 2984.911202503331 979.5918367346939
v 3119.0216602742676 3022.939544770959 979.5918367346939
v 3107.686488891428 3059.9151533376335 979.5918367346939
v 3084.985017205136 3092.0094665389233 979.5918367346939
v 3052.8710016547857 3115.771344863302 979.5918367346939
v 3014.3305955427572 3128.4962863141823 979.5918367346939
v 2973.106195102551 3128.5296141494155 979.5918367346939
v 2933.3333333333335 3115.470053837925 979.5918367346939
v 2899.12582196308 3090.2495414840237 979.5918367346939
v 2874.1507573628674 3055.07732607606 979.5918367346939
v 2861.237247156479 3013.250236339371 979.5918367346939
v 2862.060434177821 2968.8449751614994 979.5918367346939
v 2876.935712445084 2926.3210206026024 979.5918367346939
v 2904.7475296079588 2890.072789184835 979.5918367346939
v 2943.023850150306 2863.976033394678 979.5918367346939
v 2988.1525317022174 2850.975245615265 979.5918367346939
v 3035.7210508347616 2852.7558229812817 979.5918367346939
v 3080.9477485624207 2869.537105704721 979.5918367346939
v 3119.1624689296186 2900.0108162709826 979.5918367346939
v 3146.288280354048 2941.4350069868574 979.5918367346939
v 3159.274641295513 2989.8777986810733 979.5918367346939
v 3156.4361537610275 3040.5895736858306 979.5918367346939
v 3137.659669008739 3088.468497401825 979.5918367346939
v 3104.4551892948098 3128.5737577210584 979.5918367346939
v 3059.8415280648996 3156.634893741422 979.5918367346939
v 3008.0745069276654 3169.5047605886316 979.5918367346939
v 2954.2418703764592 3165.5082494496874 979.5918367346939
v 2903.763382843464 3144.648499997152 979.5918367346939
v 2861.845213651268 3108.6461248508945 979.5918367346939
v 2832.9435340825053 3060.8035810356746 979.5918367346939
v 2820.2925408644373 3005.704618346117 979.5918367346939
v 2825.5467320700914 2948.7758987561037 979.5918367346939
v 2848.576628464414 2895.7526310878548 979.5918367346939
v 2887.442239966332 2852.1008296387145 979.5918367346939
v 2938.5508674979387 2822.454391635426 979.5918367346939
v 2996.987069493996 2810.1249131285977 979.5918367346939
v 3056.9847184973455 2816.7359334602284 979.5918367346939
v 3112.4958854925962 2842.021633541753 979.5918367346939
v 3157.8004343040657 2883.8140017812116 979.5918367346939
v 3188.094887956793 2938.223681457673 979.5918367346939
v 3200.0 2999.9999999999995 979.5918367346939
v 3000.0 3000.0 1000.0
v 3001.919335591396 3000.6303705973705 1000.0
v 3003.2536172021455 3002.39558759214 1000.0
v 3003.5154964216435 3004.9368239518203 1000.0
v 3002.3993565683095 3007.716381749043 1000.0
v 2999.8397377390424 3010.0997386633726 1000.0
v 2996.035539838577 3011.4545553783596 1000.0
v 2991.435822606134 3011.2531977448803 1000.0
v 2986.688055249619 3009.1646038604085 1000.0
v 2982.5546732070093 3005.1224101243897 1000.0
v 2979.8081506589256 2999.359031646504 1000.0
v 2979.117941760313 2992.3995523705407 1000.0
v 2980.944167400175 2985.0143276067733 1000.0
v 2985.4526043833143 2978.134529070198 1000.0
v 2992.4633668855345 2972.7398177376986 1000.0
v 3001.4418762370833 2969.73129275203 1000.0
v 3011.5357162534747 2969.8053216884005 1000.0
v 3021.655344122095 2973.3444648627074 1000.0
v 3030.5910375574977 2980.3403339107053 1000.0
v 3037.153586518244 2990.359976249615 1000.0
v 3040.322693998864 3002.5625826123864 1000.0
v 3039.3853062491667 3015.767498118923 1000.0
v 3034.0464196941766 3028.5683382082907 1000.0
v 3024.49734495968 3039.482191694624 1000.0
v 3011.430736267124 3047.11813664599 1000.0
v 2995.997476926425 3050.3462008056536 1000.0
v 2979.707124711068 3048.4468922155943 1000.0
v 2964.2803236029845 3041.222704055687 1000.0
v 2951.4676049079203 3029.0564989172835 1000.0
v 2942.8536084450975 3012.9070817188076 1000.0
v 2939.668368328904 2994.2390276785345 1000.0
v 2942.627551150719 2974.8912189947373 1000.0
v 2951.8212881017694 2956.895741380765 1000.0
v 2966.6666666666665 2942.2649730810376 1000.0
v 2985.932471284411 2932.7691249064596 1000.0
v 3007.837044437445 2929.7285934219317 1000.0
v 3030.2120009455916 2933.8449457923984 1000.0
v 3050.7168651062907 2945.0911248074167 1000.0
v 3067.083386522529 2962.6758061175397 1000.0
v 3077.3640791782736 2985.0892958988766 1000.0
v 3080.1579646731957 3010.2296932180807 1000.0
v 3074.7878546863667 3035.5991745366787 1000.0
v 3061.4077365664907 3058.5521585499973 1000.0
v 3041.0255681115664 3076.5706962186787 1000.0
v 3015.435393570394 3087.5384669344185 1000.0
v 2987.0622874297014 3089.9837674437213 1000.0
v 2958.7332036770395 3083.264067913942 1000.0
v 2933.395313692531 3067.669951625872 1000.0
v 2913.8098958880073 3044.4340869553853 1000.0
v 2902.2535241512255 3015.640542227665 1000.0
v 2900.2586981134955 2984.040263032995 1000.0
v 2908.4230143810078 2952.788782609903 1000.0
v 2926.3097087662045 2925.1311173500994 1000.0
v 2952.453473801806 2904.0653130556752 1000.0
v 2984.4747449156416 2892.0194790675346 1000.0
v 3019.294241962992 2890.576916331977 1000.0
v 3053.42864684297 2900.2800235291625 1000.0
v 3083.339071054523 2920.536356253575 1000.0
v 3105.7974529709577 2949.6401921188444 1000.0
v 3118.2329978929633 2984.911202503331 1000.0
v 3119.0216602742676 3022.939544770959 1000.0
v 3107.686488891428 3059.9151533376335 1000.0
v 3084.985017205136 3092.0094665389233 1000.0
v 3052.8710016547857 3115.771344863302 1000.0
v 3014.3305955427572 3128.4962863141823 1000.0
v 2973.106195102551 3128.5296141494155 1000.0
v 2933.3333333333335 3115.470053837925 1000.0
v 2899.12582196308 3090.2495414840237 1000.0
v 2874.1507573628674 3055.07732607606 1000.0
v 2861.237247156479 3013.250236339371 1000.0
v 2862.060434177821 2968.8449751614994 1000.0
v 2876.935712445084 2926.3210206026024 1000.0
v 2904.7475296079588 2890.072789184835 1000.0
v 2943.023850150306 2863.976033394678 1000.0
v 2988.1525317022174 2850.975245615265 1000.0
v 3035.7210508347616 2852.7558229812817 1000.0
v 3080.9477485624207 2869.537105704721 1000.0
v 3119.1624689296186 2900.0108162709826 1000.0
v 3146.288280354048 2941.4350069868574 1000.0
v 3159.274641295513 2989.8777986810733 1000.0
v 3156.4361537610275 3040.5895736858306 1000.0
v 3137.659669008739 3088.468497401825 1000.0
v 3104.4551892948098 3128.5737577210584 1000.0
v 3059.8415280648996 3156.634893741422 1000.0
v 3008.0745069276654 3169.5047605886316 1000.0
v 2954.2418703764592 3165.5082494496874 1000.0
v 2903.763382843464 3144.648499997152 1000.0
v 2861.845213651268 3108.6461248508945 1000.0
v 2832.9435340825053 3060.8035810356746 1000.0
v 2820.2925408644373 3005.704618346117 1000.0
v 2825.5467320700914 2948.7758987561037 1000.0
v 2848.576628464414 2895.7526310878548 1000.0
v 2887.442239966332 2852.1008296387145 1000.0
v 2938.5508674979387 2822.454391635426 1000.0
v 2996.987069493996 2810.1249131285977 1000.0
v 3056.9847184973455 2816.7359334602284 1000.0
v 3112.4958854925962 2842.021633541753 1000.0
v 3157.8004343040657 2883.8140017812116 1000.0
v 3188.094887956793 2938.223681457673 1000.0
v 3200.0 2999.9999999999995 1000.0
f 1 2 102 101
f 2 3 103 102
f 3 4 104 103
f 4 5 105 104
f 5 6 106 105
f 6 7 107 106
f 7 8 108 107
f 8 9 109 108
f 9 10 110 109
f 10 11 111 110
f 11 12 112 111
f 12 13 113 112
f 13 14 114 113
f 14 15 115 114
f 15 16 116 115
f 16 17 117 116
f 17 18 118 117
f 18 19 119 118
f 19 20 120 119
f 20 21 121 120
f 21 22 122 121
f 22 23 123 122
f 23 24 124 123
f 24 25 125 124
f 25 26 126 125
f 26 27 127 126
f 27 28 128 127
f 28 29 129 128
f 29 30 130 129
f 30 31 131 130
f 31 32 132 131
f 32 33 133 132
f 33 34 134 133
f 34 35 135 134
f 35 36 136 135
f 36 37 137 136
f 37 38 138 137
f 38 39 139 138
f 39 40 140 139
f 40 41 141 140
f 41 42 142 141
f 42 43 143 142
f 43 44 144 143
f 44 45 145 144
f 45 46 146 145
f 46 47 147 146
f 47 48 148 147
f 48 49 149 148
f 49 50 150 149
f 50 51 151 150
f 51 52 152 151
f 52 53 153 152
f 53 54 154 153
f 54 55 155 154
f 55 56 156 155
f 56 57 157 156
f 57 58 158 157
f 58 59 159 158
f 59 60 160 159
f 60 61 161 160
f 61 62 162 161
f 62 63 163 162
f 63 64 164 163
f 64 65 165 164
f 65 66 166 165
f 66 67 167 166
f 67 68 168 167
f 68 69 169 168
f 69 70 170 169
f 70 71 171 170
f 71 72 172 171
f 72 73 173 172
f 73 74 174 173
f 74 75 175 174
f 75 76 176 175
f 76 77 177 176
f 77 78 178 177
f 78 79 179 178
f 79 80 180 179
f 80 81 181 180
f 81 82 182 181
f 82 83 183 182
f 83 84 184 183
f 84 85 185 184
f 85 86 186 185
f 86 87 187 186
f 87 88 188 187
f 88 89 189 188
f 89 90 190 189
f 90 91 191 190
f 91 92 192 191
f 92 93 193 192
f 93 94 194 193
f 94 95 195 194
f 95 96 196 195
f 96 97 197 196
f 97 98 198 197
f 98 99 199 198
f 99 100 200 199
f 100 1 101 200
f 101 102 202 201
f 102 103 203 202
f 103 104 204 203
f 104 105 205 204
f 105 106 206 205
f 106 107 207 206
f 107 108 208 207
f 108 109 209 208
f 109 110 210 209
f 110 111 211 210
f 111 112 212 211
f 112 113 213 212
f 113 114 214 213
f 114 115 215 214
f 115 116 216 215
f 116 117 217 216
f 117 118 218 217
f 118 119 219 218
f 119 120 220 219
f 120 121 221 220
f 121 122 222 221
f 122 123 223 222
f 123 124 224 223
f 124 125 225 224
f 125 126 226 225
f 126 127 227 226
f 127 128 228 227
f 128 129 229 228
f 129 130 230 229
f 130 131 231 230
f 131 132 232 231
f 132 133 233 232
f 133 134 234 233
f 134 135 235 234
f 135 136 236 235
f 136 137 237 236
f 137 138 238 237
f 138 139 239 238
f 139 140 240 239
f 140 141 241 240
f 141 142 242 241
f 142 143 243 242
f 143 144 244 243
f 144 145 245 244
f 145 146 246 245
f 146 147 247 246
f 147 148 248 247
f 148 149 249 248
f 149 150 250 249
f 150 151 251 250
f 151 152 252 251
f 152 153 253 252
f 153 154 254 253
f 154 155 255 254
f 155 156 256 255
f 156 157 257 256
f 157 158 258 257
f 158 159 259 258
f 159 160 260 259
f 160 161 261 260
f 161 162 262 261
f 162 163 263 262
f 163 164 264 263
f 164 165 265 264
f 165 166 266 265
f 166 167 267 266
f 167 168 268 267
f 168 169 269 268
f 169 170 270 269
f 170 171 271 270
f 171 172 272 271
f 172 173 273 272
f 173 174 274 273
f 174 175 275 274
f 175 176 276 275
f 176 177 277 276
f 177 178 278 277
f 178 179 279 278
f 179 180 280 279
f 180 181 281 280
f 181 182 282 281
f 182 183 283 282
f 183 184 284 283
f 184 185 285 284
f 185 186 286 285
f 186 187 287 286
f 187 188 288 287
f 188 189 289 288
f 189 190 290 289
f 190 191 291 290
f 191 192 292 291
f 192 193 293 292
f 193 194 294 293
f 194 195 295 294
f 195 196 296 295
f 196 197 297 296
f 197 198 298 297
f 198 199 299 298
f 199 200 300 299
f 200 101 201 300
f 201 202 302 301
f 202 203 303 302
f 203 204 304 303
f 204 205 305 304
f 205 206 306 305
f 206 207 307 306
f 207 208 308 307
f 208 209 309 308
f 209 210 310 309
f 210 211 311 310
f 211 212 312 311
f 212 213 313 312
f 213 214 314 313
f 214 215 315 314
f 215 216 316 315
f 216 217 317 316
f 217 218 318 317
f 218 219 319 318
f 219 220 320 319
f 220 221 321 320
f 221 222 322 321
f 222 223 323 322
f 223 224 324 323
f 224 225 325 324
f 225 226 326 325
f 226 227 327 326
f 227 228 328 327
f 228 229 329 328
f 229 230 330 329
f 230 231 331 330
f 231 232 332 331
f 232 233 333 332
f 233 234 334 333
f 234 235 335 334
f 235 236 336 335
f 236 237 337 336
f 237 238 338 337
f 238 239 339 338
f 239 240 340 339
f 240 241 341 340
f 241 242 342 341
f 242 243 343 342
f 243 244 344 343
f 244 245 345 344
f 245 246 346 345
f 246 247 347 346
f 247 248 348 347
f 248 249 349 348
f 249 250 350 349
f 250 251 351 350
f 251 252 352 351
f 252 253 353 352
f 253 254 354 353
f 254 255 355 354
f 255 256 356 355
f 256 257 357 356
f 257 258 358 357
f 258 259 359 358
f 259 260 360 359
f 260 261 361 360
f 261 262 362 361
f 262 263 363 362
f 263 264 364 363
f 264 265 365 364
f 265 266 366 365
f 266 267 367 366
f 267 268 368 367
f 268 269 369 368
f 269 270 370 369
f 270 271 371 370
f 271 272 372 371
f 272 273 373 372
f 273 274 374 373
f 274 275 375 374
f 275 276 376 375
f 276 277 377 376
f 277 278 378 377
f 278 279 379 378
f 279 280 380 379
f 280 281 381 380
f 281 282 382 381
f 282 283 383 382
f 283 284 384 383
f 284 285 385 384
f 285 286 386 385
f 286 287 387 386
f 287 288 388 387
f 288 289 389 388
f 289 290 390 389
f 290 291 391 390
f 291 292 392 391
f 292 293 393 392
f 293 294 394 393
f 294 295 395 394
f 295 296 396 395
f 296 297 397 396
f 297 298 398 397
f 298 299 399 398
f 299 300 400 399
f 300 201 301 400
f 301 302 402 401
f 302 303 403 402
f 303 304 404 403
f 304 305 405 404
f 305 306 406 405
f 306 307 407 406
f 307 308 408 407
f 308 309 409 408
f 309 310 410 409
f 310 311 411 410
f 311 312 412 411
f 312 313 413 412
f 313 314 414 413
f 314 315 415 414
f 315 316 416 415
f 316 317 417 416
f 317 318 418 417
f 318 319 419 418
f 319 320 420 419
f 320 321 421 420
f 321 322 422 421
f 322 323 423 422
f 323 324 424 423
f 324 325 425 424
f 325 326 426 425
f 326 327 427 426
f 327 328 428 427
f 328 329 429 428
f 329 330 430 429
f 330 331 431 430
f 331 332 432 431
f 332 333 433 432
f 333 334 434 433
f 334 335 435 434
f 335 336 436 435
f 336 337 437 436
f 337 338 438 437
f 338 339 439 438
f 339 340 440 439
f 340 341 441 440
f 341 342 442 441
f 342 343 443 442
f 343 344 444 443
f 344 345 445 444
f 345 346 446 445
f 346 347 447 446
f 347 348 448 447
f 348 349 449 448
f 349 350 450 449
f 350 351 451 450
f 351 352 452 451
f 352 353 453 452
f 353 354 454 453
f 354 355 455 454
f 355 356 456 455
f 356 357 457 456
f 357 358 458 457
f 358 359 459 458
f 359 360 460 459
f 360 361 461 460
f 361 362 462 461
f 362 363 463 462
f 363 364 464 463
f 364 365 465 464
f 365 366 466 465
f 366 367 467 466
f 367 368 468 467
f 368 369 469 468
f 369 370 470 469
f 370 371 471 470
f 371 372 472 471
f 372 373 473 472
f 373 374 474 473
f 374 375 475 474
f 375 376 476 475
f 376 377 477 476
f 377 378 478 477
f 378 379 479 478
f 379 380 480 479
f 380 381 481 480
f 381 382 482 481
f 382 383 483 482
f 383 384 484 483
f 384 385 485 484
f 385 386 486 485
f 386 387 487 486
f 387 388 488 487
f 388 389 489 488
f 389 390 490 489
f 390 391 491 490
f 391 392 492 491
f 392 393 493 492
f 393 394 494 493
f 394 395 495 494
f 395 396 496 495
f 396 397 497 496
f 397 398 498 497
f 398 399 499 498
f 399 400 500 499
f 400 301 401 500
f 401 402 502 501
f 402 403 503 502
f 403 404 504 503
f 404 405 505 504
f 405 406 506 505
f 406 407 507 506
f 407 408 508 507
f 408 409 509 508
f 409 410 510 509
f 410 411 511 510
f 411 412 512 511
f 412 413 513 512
f 413 414 514 513
f 414 415 515 514
f 415 416 516 515
f 416 417 517 516
f 417 418 518 517
f 418 419 519 518
f 419 420 520 519
f 420 421 521 520
f 421 422 522 521
f 422 423 523 522
f 423 424 524 523
f 424 425 525 524
f 425 426 526 525
f 426 427 527 526
f 427 428 528 527
f 428 429 529 528
f 429 430 530 529
f 430 431 531 530
f 431 432 532 531
f 432 433 533 532
f 433 434 534 533
f 434 435 535 534
f 435 436 536 535
f 436 437 537 536
f 437 438 538 537
f 438 439 539 538
f 439 440 540 539
f 440 441 541 540
f 441 442 542 541
f 442 443 543 542
f 443 444 544 543
f 444 445 545 544
f 445 446 546 545
f 446 447 547 546
f 447 448 548 547
f 448 449 549 548
f 449 450 550 549
f 450 451 551 550
f 451 452 552 551
f 452 453 553 552
f 453 454 554 553
f 454 455 555 554
f 455 456 556 555
f 456 457 557 556
f 457 458 558 557
f 458 459 559 558
f 459 460 560 559
f 460 461 561 560
f 461 462 562 561
f 462 463 563 562
f 463 464 564 563
f 464 465 565 564
f 465 466 566 565
f 466 467 567 566
f 467 468 568 567
f 468 469 569 568
f 469 470 570 569
f 470 471 571 570
f 471 472 572 571
f 472 473 573 572
f 473 474 574 573
f 474 475 575 574
f 475 476 576 575
f 476 477 577 576
f 477 478 578 577
f 478 479 579 578
f 479 480 580 579
f 480 481 581 580
f 481 482 582 581
f 482 483 583 582
f 483 484 584 583
f 484 485 585 584
f 485 486 586 585
f 486 487 587 586
f 487 488 588 587
f 488 489 589 588
f 489 490 590 589
f 490 491 591 590
f 491 492 592 591
f 492 493 593 592
f 493 494 594 593
f 494 495 595 594
f 495 496 596 595
f 496 497 597 596
f 497 498 598 597
f 498 499 599 598
f 499 500 600 599
f 500 401 501 600
f 501 502 602 601
f 502 503 603 602
f 503 504 604 603
f 504 505 605 604
f 505 506 606 605
f 506 507 607 606
f 507 508 608 607
f 508 509 609 608
f 509 510 610 609
f 510 511 611 610
f 511 512 612 611
f 512 513 613 612
f 513 514 614 613
f 514 515 615 614
f 515 516 616 615
f 516 517 617 616
f 517 518 618 617
f 518 519 619 618
f 519 520 620 619
f 520 521 621 620
f 521 522 622 621
f 522 523 623 622
f 523 524 624 623
f 524 525 625 624
f 525 526 626 625
f 526 527 627 626
f 527 528 628 627
f 528 529 629 628
f 529 530 630 629
f 530 531 631 630
f 531 532 632 631
f 532 533 633 632
f 533 534 634 633
f 534 535 635 634
f 535 536 636 635
f 536 537 637 636
f 537 538 638 637
f 538 539 639 638
f 539 540 640 639
f 540 541 641 640
f 541 542 642 641
f 542 543 643 642
f 543 544 644 643
f 544 545 645 644
f 545 546 646 645
f 546 547 647 646
f 547 548 648 647
f 548 549 649 648
f 549 550 650 649
f 550 551 651 650
f 551 552 652 651
f 552 553 653 652
f 553 554 654 653
f 554 555 655 654
f 555 556 656 655
f 556 557 657 656
f 557 558 658 657
f 558 559 659 658
f 559 560 660 659
f 560 561 661 660
f 561 562 662 661
f 562 563 663 662
f 563 564 664 663
f 564 565 665 664
f 565 566 666 665
f 566 567 667 666
f 567 568 668 667
f 568 569 669 668
f 569 570 670 669
f 570 571 671 670
f 571 572 672 671
f 572 573 673 672
f 573 574 674 673
f 574 575 675 674
f 575 576 676 675
f 576 577 677 676
f 577 578 678 677
f 578 579 679 678
f 579 580 680 679
f 580 581 681 680
f 581 582 682 681
f 582 583 683 682
f 583 584 684 683
f 584 585 685 684
f 585 586 686 685
f 586 587 687 686
f 587 588 688 687
f 588 589 689 688
f 589 590 690 689
f 590 591 691 690
f 591 592 692 691
f 592 593 693 692
f 593 594 694 693
f 594 595 695 694
f 595 596 696 695
f 596 597 697 696
f 597 598 698 697
f 598 599 699 698
f 599 600 700 699
f 600 501 601 700
f 601 602 702 701
f 602 603 703 702
f 603 604 704 703
f 604 605 705 704
f 605 606 706 705
f 606 607 707 706
f 607 608 708 707
f 608 609 709 708
f 609 610 710 709
f 610 611 711 710
f 611 612 712 711
f 612 613 713 712
f 613 614 714 713
f 614 615 715 714
f 615 616 716 715
f 616 617 717 716
f 617 618 718 717
f 618 619 719 718
f 619 620 720 719
f 620 621 721 720
f 621 622 722 721
f 622 623 723 722
f 623 624 724 723
f 624 625 725 724
f 625 626 726 725
f 626 627 727 726
f 627 628 728 727
f 628 629 729 728
f 629 630 730 729
f 630 631 731 730
f 631 632 732 731
f 632 633 733 732
f 633 634 734 733
f 634 635 735 734
f 635 636 736 735
f 636 637 737 736
f 637 638 738 737
f 638 639 739 738
f 639 640 740 739
f 640 641 741 740
f 641 642 742 741
f 642 643 743 742
f 643 644 744 743
f 644 645 745 744
f 645 646 746 745
f 646 647 747 746
f 647 648 748 747
f 648 649 749 748
f 649 650 750 749
f 650 651 751 750
f 651 652 752 751
f 652 653 753 752
f 653 654 754 753
f 654 655 755 754
f 655 656 756 755
f 656 657 757 756
f 657 658 758 757
f 658 659 759 758
f 659 660 760 759
f 660 661 761 760
f 661 662 762 761
f 662 663 763 762
f 663 664 764 763
f 664 665 765 764
f 665 666 766 765
f 666 667 767 766
f 667 668 768 767
f 668 669 769 768
f 669 670 770 769
f 670 671 771 770
f 671 672 772 771
f 672 673 773 772
f 673 674 774 773
f 674 675 775 774
f 675 676 776 775
f 676 677 777 776
f 677 678 778 777
f 678 679 779 778
f 679 680 780 779
f 680 681 781 780
f 681 682 782 781
f 682 683 783 782
f 683 684 784 783
f 684 685 785 784
f 685 686 786 785
f 686 687 787 786
f 687 688 788 787
f 688 689 789 788
f 689 690 790 789
f 690 691 791 790
f 691 692 792 791
f 692 693 793 792
f 693 694 794 793
f 694 695 795 794
f 695 696 796 795
f 696 697 797 796
f 697 698 798 797
f 698 699 799 798
f 699 700 800 799
f 700 601 701 800
f 701 702 802 801
f 702 703 803 802
f 703 704 804 803
f 704 705 805 804
f 705 706 806 805
f 706 707 807 806
f 707 708 808 807
f 708 709 809 808
f 709 710 810 809
f 710 711 811 810
f 711 712 812 811
f 712 713 813 812
f 713 714 814 813
f 714 715 815 814
f 715 716 816 815
f 716 717 817 816
f 717 718 818 817
f 718 719 819 818
f 719 720 820 819
f 720 721 821 820
f 721 722 822 821
f 722 723 823 822
f 723 724 824 823
f 724 725 825 824
f 725 726 826 825
f 726 727 827 826
f 727 728 828 827
f 728 729 829 828
f 729 730 830 829
f 730 731 831 830
f 731 732 832 831
f 732 733 833 832
f 733 734 834 833
f 734 735 835 834
f 735 736 836 835
f 736 737 837 836
f 737 738 838 837
f 738 739 839 838
f 739 740 840 839
f 740 741 841 840
f 741 742 842 841
f 742 743 843 842
f 743 744 844 843
f 744 745 845 844
f 745 746 846 845
f 746 747 847 846
f 747 748 848 847
f 748 749 849 848
f 749 750 850 849
f 750 751 851 850
f 751 752 852 851
f 752 753 853 852
f 753 754 854 853
f 754 755 855 854
f 755 756 856 855
f 756 757 857 856
f 757 758 858 857
f 758 759 859 858
f 759 760 860 859
f 760 761 861 860
f 761 762 862 861
f 762 763 863 862
f 763 764 864 863
f 764 765 865 864
f 765 766 866 865
f 766 767 867 866
f 767 768 868 867
f 768 769 869 868
f 769 770 870 869
f 770 771 871 870
f 771 772 872 871
f 772 773 873 872
f 773 774 874 873
f 774 775 875 874
f 775 776 876 875
f 776 777 877 876
f 777 778 878 877
f 778 779 879 878
f 779 780 880 879
f 780 781 881 880
f 781 782 882 881
f 782 783 883 882
f 783 784 884 883
f 784 785 885 884
f 785 786 886 885
f 786 787 887 886
f 787 788 888 887
f 788 789 889 888
f 789 790 890 889
f 790 791 891 890
f 791 792 892 891
f 792 793 893 892
f 793 794 894 893
f 794 795 895 894
f 795 796 896 895
f 796 797 897 896
f 797 798 898 897
f 798 799 899 898
f 799 800 900 899
f 800 701 801 900
f 801 802 902 901
f 802 803 903 902
f 803 804 904 903
f 804 805 905 904
f 805 806 906 905
f 806 807 907 906
f 807 808 908 907
f 808 809 909 908
f 809 810 910 909
f 810 811 911 910
f 811 812 912 911
f 812 813 913 912
f 813 814 914 913
f 814 815 915 914
f 815 816 916 915
f 816 817 917 916
f 817 818 918 917
f 818 819 919 918
f 819 820 920 919
f 820 821 921 920
f 821 822 922 921
f 822 823 923 922
f 823 824 924 923
f 824 825 925 924
f 825 826 926 925
f 826 827 927 926
f 827 828 928 927
f 828 829 929 928
f 829 830 930 929
f 830 831 931 930
f 831 832 932 931
f 832 833 933 932
f 833 834 934 933
f 834 835 935 934
f 835 836 936 935
f 836 837 937 936
f 837 838 938 937
f 838 839 939 938
f 839 840 940 939
f 840 841 941 940
f 841 842 942 941
f 842 843 943 942
f 843 844 944 943
f 844 845 945 944
f 845 846 946 945
f 846 847 947 946
f 847 848 948 947
f 848 849 949 948
f 849 850 950 949
f 850 851 951 950
f 851 852 952 951
f 852 853 953 952
f 853 854 954 953
f 854 855 955 954
f 855 856 956 955
f 856 857 957 956
f 857 858 958 957
f 858 859 959 958
f 859 860 960 959
f 860 861 961 960
f 861 862 962 961
f 862 863 963 962
f 863 864 964 963
f 864 865 965 964
f 865 866 966 965
f 866 867 967 966
f 867 868 968 967
f 868 869 969 968
f 869 870 970 969
f 870 871 971 970
f 871 872 972 971
f 872 873 973 972
f 873 874 974 973
f 874 875 975 974
f 875 876 976 975
f 876 877 977 976
f 877 878 978 977
f 878 879 979 978
f 879 880 980 979
f 880 881 981 980
f 881 882 982 981
f 882 883 983 982
f 883 884 984 983
f 884 885 985 984
f 885 886 986 985
f 886 887 987 986
f 887 888 988 987
f 888 889 989 988
f 889 890 990 989
f 890 891 991 990
f 891 892 992 991
f 892 893 993 992
f 893 894 994 993
f 894 895 995 994
f 895 896 996 995
f 896 897 997 996
f 897 898 998 997
f 898 899 999 998
f 899 900 1000 999
f 900 801 901 1000
f 901 902 1002 1001
f 902 903 1003 1002
f 903 904 1004 1003
f 904 905 1005 1004
f 905 906 1006 1005
f 906 907 1007 1006
f 907 908 1008 1007
f 908 909 1009 1008
f 909 910 1010 1009
f 910 911 1011 1010
f 911 912 1012 1011
f 912 913 1013 1012
f 913 914 1014 1013
f 914 915 1015 1014
f 915 916 1016 1015
f 916 917 1017 1016
f 917 918 1018 1017
f 918 919 1019 1018
f 919 920 1020 1019
f 920 921 1021 1020
f 921 922 1022 1021
f 922 923 1023 1022
f 923 924 1024 1023
f 924 925 1025 1024
f 925 926 1026 1025
f 926 927 1027 1026
f 927 928 1028 1027
f 928 929 1029 1028
f 929 930 1030 1029
f 930 931 1031 1030
f 931 932 1032 1031
f 932 933 1033 1032
f 933 934 1034 1033
f 934 935 1035 1034
f 935 936 1036 1035
f 936 937 1037 1036
f 937 938 1038 1037
f 938 939 1039 1038
f 939 940 1040 1039
f 940 941 1041 1040
f 941 942 1042 1041
f 942 943 1043 1042
f 943 944 1044 1043
f 944 945 1045 1044
f 945 946 1046 1045
f 946 947 1047 1046
f 947 948 1048 1047
f 948 949 1049 1048
f 949 950 1050 1049
f 950 951 1051 1050
f 951 952 1052 1051
f 952 953 1053 1052
f 953 954 1054 1053
f 954 955 1055 1054
f 955 956 1056 1055
f 956 957 1057 1056
f 957 958 1058 1057
f 958 959 1059 1058
f 959 960 1060 1059
f 960 961 1061 1060
f 961 962 1062 1061
f 962 963 1063 1062
f 963 964 1064 1063
f 964 965 1065 1064
f 965 966 1066 1065
f 966 967 1067 1066
f 967 968 1068 1067
f 968 969 1069 1068
f 969 970 1070 1069
f 970 971 1071 1070
f 971 972 1072 1071
f 972 973 1073 1072
f 973 974 1074 1073
f 974 975 1075 1074
f 975 976 1076 1075
f 976 977 1077 1076
f 977 978 1078 1077
f 978 979 1079 1078
f 979 980 1080 1079
f 980 981 1081 1080
f 981 982 1082 1081
f 982 983 1083 1082
f 983 984 1084 1083
f 984 985 1085 1084
f 985 986 1086 1085
f 986 987 1087 1086
f 987 988 1088 1087
f 988 989 1089 1088
f 989 990 1090 1089
f 990 991 1091 1090
f 991 992 1092 1091
f 992 993 1093 1092
f 993 994 1094 1093
f 994 995 1095 1094
f 995 996 1096 1095
f 996 997 1097 1096
f 997 998 1098 1097
f 998 999 1099 1098
f 999 1000 1100 1099
f 1000 901 1001 1100
f 1001 1002 1102 1101
f 1002 1003 1103 1102
f 1003 1004 1104 1103
f 1004 1005 1105 1104
f 1005 1006 1106 1105
f 1006 1007 1107 1106
f 1007 1008 1108 1107
f 1008 1009 1109 1108
f 1009 1010 1110 1109
f 1010 1011 1111 1110
f 1011 1012 1112 1111
f 1012 1013 1113 1112
f 1013 1014 1114 1113
f 1014 1015 1115 1114
f 1015 1016 1116 1115
f 1016 1017 1117 1116
f 1017 1018 1118 1117
f 1018 1019 1119 1118
f 1019 1020 1120 1119
f 1020 1021 1121 1120
f 1021 1022 1122 1121
f 1022 1023 1123 1122
f 1023 1024 1124 1123
f 1024 1025 1125 1124
f 1025 1026 1126 1125
f 1026 1027 1127 1126
f 1027 1028 1128 1127
f 1028 1029 1129 1128
f 1029 1030 1130 1129
f 1030 1031 1131 1130
f 1031 1032 1132 1131
f 1032 1033 1133 1132
f 1033 1034 1134 1133
f 1034 1035 1135 1134
f 1035 1036 1136 1135
f 1036 1037 1137 1136
f 1037 1038 1138 1137
f 1038 1039 1139 1138
f 1039 1040 1140 1139
f 1040 1041 1141 1140
f 1041 1042 1142 1141
f 1042 1043 1143 1142
f 1043 1044 1144 1143
f 1044 1045 1145 1144
f 1045 1046 1146 1145
f 1046 1047 1147 1146
f 1047 1048 1148 1147
f 1048 1049 1149 1148
f 1049 1050 1150 1149
f 1050 1051 1151 1150
f 1051 1052 1152 1151
f 1052 1053 1153 1152
f 1053 1054 1154 1153
f 1054 1055 1155 1154
f 1055 1056 1156 1155
f 1056 1057 1157 1156
f 1057 1058 1158 1157
f 1058 1059 1159 1158
f 1059 1060 1160 1159
f 1060 1061 1161 1160
f 1061 1062 1162 1161
f 1062 1063 1163 1162
f 1063 1064 1164 1163
f 1064 1065 1165 1164
f 1065 1066 1166 1165
f 1066 1067 1167 1166
f 1067 1068 1168 1167
f 1068 1069 1169 1168
f 1069 1070 1170 1169
f 1070 1071 1171 1170
f 1071 1072 1172 1171
f 1072 1073 1173 1172
f 1073 1074 1174 1173
f 1074 1075 1175 1174
f 1075 1076 1176 1175
f 1076 1077 1177 1176
f 1077 1078 1178 1177
f 1078 1079 1179 1178
f 1079 1080 1180 1179
f 1080 1081 1181 1180
f 1081 1082 1182 1181
f 1082 1083 1183 1182
f 1083 1084 1184 1183
f 1084 1085 1185 1184
f 1085 1086 1186 1185
f 1086 1087 1187 1186
f 1087 1088 1188 1187
f 1088 1089 1189 1188
f 1089 1090 1190 1189
f 1090 1091 1191 1190
f 1091 1092 1192 1191
f 1092 1093 1193 1192
f 1093 1094 1194 1193
f 1094 1095 1195 1194
f 1095 1096 1196 1195
f 1096 1097 1197 1196
f 1097 1098 1198 1197
f 1098 1099 1199 1198
f 1099 1100 1200 1199
f 1100 1001 1101 1200
f 1101 1102 1202 1201
f 1102 1103 1203 1202
f 1103 1104 1204 1203
f 1104 1105 1205 1204
f 1105 1106 1206 1205
f 1106 1107 1207 1206
f 1107 1108 1208 1207
f 1108 1109 1209 1208
f 1109 1110 1210 1209
f 1110 1111 1211 1210
f 1111 1112 1212 1211
f 1112 1113 1213 1212
f 1113 1114 1214 1213
f 1114 1115 1215 1214
f 1115 1116 1216 1215
f 1116 1117 1217 1216
f 1117 1118 1218 1217
f 1118 1119 1219 1218
f 1119 1120 1220 1219
f 1120 1121 1221 1220
f 1121 1122 1222 1221
f 1122 1123 1223 1222
f 1123 1124 1224 1223
f 1124 1125 1225 1224
f 1125 1126 1226 1225
f 1126 1127 1227 1226
f 1127 1128 1228 1227
f 1128 1129 1229 1228
f 1129 1130 1230 1229
f 1130 1131 1231 1230
f 1131 1132 1232 1231
f 1132 1133 1233 1232
f 1133 1134 1234 1233
f 1134 1135 1235 1234
f 1135 1136 1236 1235
f 1136 1137 1237 1236
f 1137 1138 1238 1237
f 1138 1139 1239 1238
f 1139 1140 1240 1239
f 1140 1141 1241 1240
f 1141 1142 1242 1241
f 1142 1143 1243 1242
f 1143 1144 1244 1243
f 1144 1145 1245 1244
f 1145 1146 1246 1245
f 1146 1147 1247 1246
f 1147 1148 1248 1247
f 1148 1149 1249 1248
f 1149 1150 1250 1249
f 1150 1151 1251 1250
f 1151 1152 1252 1251
f 1152 1153 1253 1252
f 1153 1154 1254 1253
f 1154 1155 1255 1254
f 1155 1156 1256 1255
f 1156 1157 1257 1256
f 1157 1158 1258 1257
f 1158 1159 1259 1258
f 1159 1160 1260 1259
f 1160 1161 1261 1260
f 1161 1162 1262 1261
f 1162 1163 1263 1262
f 1163 1164 1264 1263
f 1164 1165 1265 1264
f 1165 1166 1266 1265
f 1166 1167 1267 1266
f 1167 1168 1268 1267
f 1168 1169 1269 1268
f 1169 1170 1270 1269
f 1170 1171 1271 1270
f 1171 1172 1272 1271
f 1172 1173 1273 1272
f 1173 1174 1274 1273
f 1174 1175 1275 1274
f 1175 1176 1276 1275
f 1176 1177 1277 1276
f 1177 1178 1278 1277
f 1178 1179 1279 1278
f 1179 1180 1280 1279
f 1180 1181 1281 1280
f 1181 1182 1282 1281
f 1182 1183 1283 1282
f 1183 1184 1284 1283
f 1184 1185 1285 1284
f 1185 1186 1286 1285
f 1186 1187 1287 1286
f 1187 1188 1288 1287
f 1188 1189 1289 1288
f 1189 1190 1290 1289
f 1190 1191 1291 1290
f 1191 1192 1292 1291
f 1192 1193 1293 1292
f 1193 1194 1294 1293
f 1194 1195 1295 1294
f 1195 1196 1296 1295
f 1196 1197 1297 1296
f 1197 1198 1298 1297
f 1198 1199 1299 1298
f 1199 1200 1300 1299
f 1200 1101 1201 1300
f 1201 1202 1302 1301
f 1202 1203 1303 1302
f 1203 1204 1304 1303
f 1204 1205 1305 1304
f 1205 1206 1306 1305
f 1206 1207 1307 1306
f 1207 1208 1308 1307
f 1208 1209 1309 1308
f 1209 1210 1310 1309
f 1210 1211 1311 1310
f 1211 1212 1312 1311
f 1212 1213 1313 1312
f 1213 1214 1314 1313
f 1214 1215 1315 1314
f 1215 1216 1316 1315
f 1216 1217 1317 1316
f 1217 1218 1318 1317
f 1218 1219 1319 1318
f 1219 1220 1320 1319
f 1220 1221 1321 1320
f 1221 1222 1322 1321
f 1222 1223 1323 1322
f 1223 1224 1324 1323
f 1224 1225 1325 1324
f 1225 1226 1326 1325
f 1226 1227 1327 1326
f 1227 1228 1328 1327
f 1228 1229 1329 1328
f 1229 1230 1330 1329
f 1230 1231 1331 1330
f 1231 1232 1332 1331
f 1232 1233 1333 1332
f 1233 1234 1334 1333
f 1234 1235 1335 1334
f 1235 1236 1336 1335
f 1236 1237 1337 1336
f 1237 1238 1338 1337
f 1238 1239 1339 1338
f 1239 1240 1340 1339
f 1240 1241 1341 1340
f 1241 1242 1342 1341
f 1242 1243 1343 1342
f 1243 1244 1344 1343
f 1244 1245 1345 1344
f 1245 1246 1346 1345
f 1246 1247 1347 1346
f 1247 1248 1348 1347
f 1248 1249 1349 1348
f 1249 1250 1350 1349
f 1250 1251 1351 1350
f 1251 1252 1352 1351
f 1252 1253 1353 1352
f 1253 1254 1354 1353
f 1254 1255 1355 1354
f 1255 1256 1356 1355
f 1256 1257 1357 1356
f 1257 1258 1358 1357
f 1258 1259 1359 1358
f 1259 1260 1360 1359
f 1260 1261 1361 1360
f 1261 1262 1362 1361
f 1262 1263 1363 1362
f 1263 1264 1364 1363
f 1264 1265 1365 1364
f 1265 1266 1366 1365
f 1266 1267 1367 1366
f 1267 1268 1368 1367
f 1268 1269 1369 1368
f 1269 1270 1370 1369
f 1270 1271 1371 1370
f 1271 1272 1372 1371
f 1272 1273 1373 1372
f 1273 1274 1374 1373
f 1274 1275 1375 1374
f 1275 1276 1376 1375
f 1276 1277 1377 1376
f 1277 1278 1378 1377
f 1278 1279 1379 1378
f 1279 1280 1380 1379
f 1280 1281 1381 1380
f 1281 1282 1382 1381
f 1282 1283 1383 1382
f 1283 1284 1384 1383
f 1284 1285 1385 1384
f 1285 1286 1386 1385
f 1286 1287 1387 1386
f 1287 1288 1388 1387
f 1288 1289 1389 1388
f 1289 1290 1390 1389
f 1290 1291 1391 1390
f 1291 1292 1392 1391
f 1292 1293 1393 1392
f 1293 1294 1394 1393
f 1294 1295 1395 1394
f 1295 1296 1396 1395
f 1296 1297 1397 1396
f 1297 1298 1398 1397
f 1298 1299 1399 1398
f 1299 1300 1400 1399
f 1300 1201 1301 1400
f 1301 1302 1402 1401
f 1302 1303 1403 1402
f 1303 1304 1404 1403
f 1304 1305 1405 1404
f 1305 1306 1406 1405
f 1306 1307 1407 1406
f 1307 1308 1408 1407
f 1308 1309 1409 1408
f 1309 1310 1410 1409
f 1310 1311 1411 1410
f 1311 1312 1412 1411
f 1312 1313 1413 1412
f 1313 1314 1414 1413
f 1314 1315 1415 1414
f 1315 1316 1416 1415
f 1316 1317 1417 1416
f 1317 1318 1418 1417
f 1318 1319 1419 1418
f 1319 1320 1420 1419
f 1320 1321 1421 1420
f 1321 1322 1422 1421
f 1322 1323 1423 1422
f 1323 1324 1424 1423
f 1324 1325 1425 1424
f 1325 1326 1426 1425
f 1326 1327 1427 1426
f 1327 1328 1428 1427
f 1328 1329 1429 1428
f 1329 1330 1430 1429
f 1330 1331 1431 1430
f 1331 1332 1432 1431
f 1332 1333 1433 1432
f 1333 1334 1434 1433
f 1334 1335 1435 1434
f 1335 1336 1436 1435
f 1336 1337 1437 1436
f 1337 1338 1438 1437
f 1338 1339 1439 1438
f 1339 1340 1440 1439
f 1340 1341 1441 1440
f 1341 1342 1442 1441
f 1342 1343 1443 1442
f 1343 1344 1444 1443
f 1344 1345 1445 1444
f 1345 1346 1446 1445
f 1346 1347 1447 1446
f 1347 1348 1448 1447
f 1348 1349 1449 1448
f 1349 1350 1450 1449
f 1350 1351 1451 1450
f 1351 1352 1452 1451
f 1352 1353 1453 1452
f 1353 1354 1454 1453
f 1354 1355 1455 1454
f 1355 1356 1456 1455
f 1356 1357 1457 1456
f 1357 1358 1458 1457
f 1358 1359 1459 1458
f 1359 1360 1460 1459
f 1360 1361 1461 1460
f 1361 1362 1462 1461
f 1362 1363 1463 1462
f 1363 1364 1464 1463
f 1364 1365 1465 1464
f 1365 1366 1466 1465
f 1366 1367 1467 1466
f 1367 1368 1468 1467
f 1368 1369 1469 1468
f 1369 1370 1470 1469
f 1370 1371 1471 1470
f 1371 1372 1472 1471
f 1372 1373 1473 1472
f 1373 1374 1474 1473
f 1374 1375 1475 1474
f 1375 1376 1476 1475
f 1376 1377 1477 1476
f 1377 1378 1478 1477
f 1378 1379 1479 1478
f 1379 1380 1480 1479
f 1380 1381 1481 1480
f 1381 1382 1482 1481
f 1382 1383 1483 1482
f 1383 1384 1484 1483
f 1384 1385 1485 1484
f 1385 1386 1486 1485
f 1386 1387 1487 1486
f 1387 1388 1488 1487
f 1388 1389 1489 1488
f 1389 1390 1490 1489
f 1390 1391 1491 1490
f 1391 1392 1492 1491
f 1392 1393 1493 1492
f 1393 1394 1494 1493
f 1394 1395 1495 1494
f 1395 1396 1496 1495
f 1396 1397 1497 1496
f 1397 1398 1498 1497
f 1398 1399 1499 1498
f 1399 1400 1500 1499
f 1400 1301 1401 1500
f 1401 1402 1502 1501
f 1402 1403 1503 1502
f 1403 1404 1504 1503
f 1404 1405 1505 1504
f 1405 1406 1506 1505
f 1406 1407 1507 1506
f 1407 1408 1508 1507
f 1408 1409 1509 1508
f 1409 1410 1510 1509
f 1410 1411 1511 1510
f 1411 1412 1512 1511
f 1412 1413 1513 1512
f 1413 1414 1514 1513
f 1414 1415 1515 1514
f 1415 1416 1516 1515
f 1416 1417 1517 1516
f 1417 1418 1518 1517
f 1418 1419 1519 1518
f 1419 1420 1520 1519
f 1420 1421 1521 1520
f 1421 1422 1522 1521
f 1422 1423 1523 1522
f 1423 1424 1524 1523
f 1424 1425 1525 1524
f 1425 1426 1526 1525
f 1426 1427 1527 1526
f 1427 1428 1528 1527
f 1428 1429 1529 1528
f 1429 1430 1530 1529
f 1430 1431 1531 1530
f 1431 1432 1532 1531
f 1432 1433 1533 1532
f 1433 1434 1534 1533
f 1434 1435 1535 1534
f 1435 1436 1536 1535
f 1436 1437 1537 1536
f 1437 1438 1538 1537
f 1438 1439 1539 1538
f 1439 1440 1540 1539
f 1440 1441 1541 1540
f 1441 1442 1542 1541
f 1442 1443 1543 1542
f 1443 1444 1544 1543
f 1444 1445 1545 1544
f 1445 1446 1546 1545
f 1446 1447 1547 1546
f 1447 1448 1548 1547
f 1448 1449 1549 1548
f 1449 1450 1550 1549
f 1450 1451 1551 1550
f 1451 1452 1552 1551
f 1452 1453 1553 1552
f 1453 1454 1554 1553
f 1454 1455 1555 1554
f 1455 1456 1556 1555
f 1456 1457 1557 1556
f 1457 1458 1558 1557
f 1458 1459 1559 1558
f 1459 1460 1560 1559
f 1460 1461 1561 1560
f 1461 1462 1562 1561
f 1462 1463 1563 1562
f 1463 1464 1564 1563
f 1464 1465 1565 1564
f 1465 1466 1566 1565
f 1466 1467 1567 1566
f 1467 1468 1568 1567
f 1468 1469 1569 1568
f 1469 1470 1570 1569
f 1470 1471 1571 1570
f 1471 1472 1572 1571
f 1472 1473 1573 1572
f 1473 1474 1574 1573
f 1474 1475 1575 1574
f 1475 1476 1576 1575
f 1476 1477 1577 1576
f 1477 1478 1578 1577
f 1478 1479 1579 1578
f 1479 1480 1580 1579
f 1480 1481 1581 1580
f 1481 1482 1582 1581
f 1482 1483 1583 1582
f 1483 1484 1584 1583
f 1484 1485 1585 1584
f 1485 1486 1586 1585
f 1486 1487 1587 1586
f 1487 1488 1588 1587
f 1488 1489 1589 1588
f 1489 1490 1590 1589
f 1490 1491 1591 1590
f 1491 1492 1592 1591
f 1492 1493 1593 1592
f 1493 1494 1594 1593
f 1494 1495 1595 1594
f 1495 1496 1596 1595
f 1496 1497 1597 1596
f 1497 1498 1598 1597
f 1498 1499 1599 1598
f 1499 1500 1600 1599
f 1500 1401 1501 1600
f 1501 1502 1602 1601
f 1502 1503 1603 1602
f 1503 1504 1604 1603
f 1504 1505 1605 1604
f 1505 1506 1606 1605
f 1506 1507 1607 1606
f 1507 1508 1608 1607
f 1508 1509 1609 1608
f 1509 1510 1610 1609
f 1510 1511 1611 1610
f 1511 1512 1612 1611
f 1512 1513 1613 1612
f 1513 1514 1614 1613
f 1514 1515 1615 1614
f 1515 1516 1616 1615
f 1516 1517 1617 1616
f 1517 1518 1618 1617
f 1518 1519 1619 1618
f 1519 1520 1620 1619
f 1520 1521 1621 1620
f 1521 1522 1622 1621
f 1522 1523 1623 1622
f 1523 1524 1624 1623
f 1524 1525 1625 1624
f 1525 1526 1626 1625
f 1526 1527 1627 1626
f 1527 1528 1628 1627
f 1528 1529 1629 1628
f 1529 1530 1630 1629
f 1530 1531 1631 1630
f 1531 1532 1632 1631
f 1532 1533 1633 1632
f 1533 1534 1634 1633
f 1534 1535 1635 1634
f 1535 1536 1636 1635
f 1536 1537 1637 1636
f 1537 1538 1638 1637
f 1538 1539 1639 1638
f 1539 1540 1640 1639
f 1540 1541 1641 1640
f 1541 1542 1642 1641
f 1542 1543 1643 1642
f 1543 1544 1644 1643
f 1544 1545 1645 1644
f 1545 1546 1646 1645
f 1546 1547 1647 1646
f 1547 1548 1648 1647
f 1548 1549 1649 1648
f 1549 1550 1650 1649
f 1550 1551 1651 1650
f 1551 1552 1652 1651
f 1552 1553 1653 1652
f 1553 1554 1654 1653
f 1554 1555 1655 1654
f 1555 1556 1656 1655
f 1556 1557 1657 1656
f 1557 1558 1658 1657
f 1558 1559 1659 1658
f 1559 1560 1660 1659
f 1560 1561 1661 1660
f 1561 1562 1662 1661
f 1562 1563 1663 1662
f 1563 1564 1664 1663
f 1564 1565 1665 1664
f 1565 1566 1666 1665
f 1566 1567 1667 1666
f 1567 1568 1668 1667
f 1568 1569 1669 1668
f 1569 1570 1670 1669
f 1570 1571 1671 1670
f 1571 1572 1672 1671
f 1572 1573 1673 1672
f 1573 1574 1674 1673
f 1574 1575 1675 1674
f 1575 1576 1676 1675
f 1576 1577 1677 1676
f 1577 1578 1678 1677
f 1578 1579 1679 1678
f 1579 1580 1680 1679
f 1580 1581 1681 1680
f 1581 1582 1682 1681
f 1582 1583 1683 1682
f 1583 1584 1684 1683
f 1584 1585 1685 1684
f 1585 1586 1686 1685
f 1586 1587 1687 1686
f 1587 1588 1688 1687
f 1588 1589 1689 1688
f 1589 1590 1690 1689
f 1590 1591 1691 1690
f 1591 1592 1692 1691
f 1592 1593 1693 1692
f 1593 1594 1694 1693
f 1594 1595 1695 1694
f 1595 1596 1696 1695
f 1596 1597 1697 1696
f 1597 1598 1698 1697
f 1598 1599 1699 1698
f 1599 1600 1700 1699
f 1600 1501 1601 1700
f 1601 1602 1702 1701
f 1602 1603 1703 1702
f 1603 1604 1704 1703
f 1604 1605 1705 1704
f 1605 1606 1706 1705
f 1606 1607 1707 1706
f 1607 1608 1708 1707
f 1608 1609 1709 1708
f 1609 1610 1710 1709
f 1610 1611 1711 1710
f 1611 1612 1712 1711
f 1612 1613 1713 1712
f 1613 1614 1714 1713
f 1614 1615 1715 1714
f 1615 1616 1716 1715
f 1616 1617 1717 1716
f 1617 1618 1718 1717
f 1618 1619 1719 1718
f 1619 1620 1720 1719
f 1620 1621 1721 1720
f 1621 1622 1722 1721
f 1622 1623 1723 1722
f 1623 1624 1724 1723
f 1624 1625 1725 1724
f 1625 1626 1726 1725
f 1626 1627 1727 1726
f 1627 1628 1728 1727
f 1628 1629 1729 1728
f 1629 1630 1730 1729
f 1630 1631 1731 1730
f 1631 1632 1732 1731
f 1632 1633 1733 1732
f 1633 1634 1734 1733
f 1634 1635 1735 1734
f 1635 1636 1736 1735
f 1636 1637 1737 1736
f 1637 1638 1738 1737
f 1638 1639 1739 1738
f 1639 1640 1740 1739
f 1640 1641 1741 1740
f 1641 1642 1742 1741
f 1642 1643 1743 1742
f 1643 1644 1744 1743
f 1644 1645 1745 1744
f 1645 1646 1746 1745
f 1646 1647 1747 1746
f 1647 1648 1748 1747
f 1648 1649 1749 1748
f 1649 1650 1750 1749
f 1650 1651 1751 1750
f 1651 1652 1752 1751
f 1652 1653 1753 1752
f 1653 1654 1754 1753
f 1654 1655 1755 1754
f 1655 1656 1756 1755
f 1656 1657 1757 1756
f 1657 1658 1758 1757
f 1658 1659 1759 1758
f 1659 1660 1760 1759
f 1660 1661 1761 1760
f 1661 1662 1762 1761
f 1662 1663 1763 1762
f 1663 1664 1764 1763
f 1664 1665 1765 1764
f 1665 1666 1766 1765
f 1666 1667 1767 1766
f 1667 1668 1768 1767
f 1668 1669 1769 1768
f 1669 1670 1770 1769
f 1670 1671 1771 1770
f 1671 1672 1772 1771
f 1672 1673 1773 1772
f 1673 1674 1774 1773
f 1674 1675 1775 1774
f 1675 1676 1776 1775
f 1676 1677 1777 1776
f 1677 1678 1778 1777
f 1678 1679 1779 1778
f 1679 1680 1780 1779
f 1680 1681 1781 1780
f 1681 1682 1782 1781
f 1682 1683 1783 1782
f 1683 1684 1784 1783
f 1684 1685 1785 1784
f 1685 1686 1786 1785
f 1686 1687 1787 1786
f 1687 1688 1788 1787
f 1688 1689 1789 1788
f 1689 1690 1790 1789
f 1690 1691 1791 1790
f 1691 1692 1792 1791
f 1692 1693 1793 1792
f 1693 1694 1794 1793
f 1694 1695 1795 1794
f 1695 1696 1796 1795
f 1696 1697 1797 1796
f 1697 1698 1798 1797
f 1698 1699 1799 1798
f 1699 1700 1800 1799
f 1700 1601 1701 1800
f 1701 1702 1802 1801
f 1702 1703 1803 1802
f 1703 1704 1804 1803
f 1704 1705 1805 1804
f 1705 1706 1806 1805
f 1706 1707 1807 1806
f 1707 1708 1808 1807
f 1708 1709 1809 1808
f 1709 1710 1810 1809
f 1710 1711 1811 1810
f 1711 1712 1812 1811
f 1712 1713 1813 1812
f 1713 1714 1814 1813
f 1714 1715 1815 1814
f 1715 1716 1816 1815
f 1716 1717 1817 1816
f 1717 1718 1818 1817
f 1718 1719 1819 1818
f 1719 1720 1820 1819
f 1720 1721 1821 1820
f 1721 1722 1822 1821
f 1722 1723 1823 1822
f 1723 1724 1824 1823
f 1724 1725 1825 1824
f 1725 1726 1826 1825
f 1726 1727 1827 1826
f 1727 1728 1828 1827
f 1728 1729 1829 1828
f 1729 1730 1830 1829
f 1730 1731 1831 1830
f 1731 1732 1832 1831
f 1732 1733 1833 1832
f 1733 1734 1834 1833
f 1734 1735 1835 1834
f 1735 1736 1836 1835
f 1736 1737 1837 1836
f 1737 1738 1838 1837
f 1738 1739 1839 1838
f 1739 1740 1840 1839
f 1740 1741 1841 1840
f 1741 1742 1842 1841
f 1742 1743 1843 1842
f 1743 1744 1844 1843
f 1744 1745 1845 1844
f 1745 1746 1846 1845
f 1746 1747 1847 1846
f 1747 1748 1848 1847
f 1748 1749 1849 1848
f 1749 1750 1850 1849
f 1750 1751 1851 1850
f 1751 1752 1852 1851
f 1752 1753 1853 1852
f 1753 1754 1854 1853
f 1754 1755 1855 1854
f 1755 1756 1856 1855
f 1756 1757 1857 1856
f 1757 1758 1858 1857
f 1758 1759 1859 1858
f 1759 1760 1860 1859
f 1760 1761 1861 1860
f 1761 1762 1862 1861
f 1762 1763 1863 1862
f 1763 1764 1864 1863
f 1764 1765 1865 1864
f 1765 1766 1866 1865
f 1766 1767 1867 1866
f 1767 1768 1868 1867
f 1768 1769 1869 1868
f 1769 1770 1870 1869
f 1770 1771 1871 1870
f 1771 1772 1872 1871
f 1772 1773 1873 1872
f 1773 1774 1874 1873
f 1774 1775 1875 1874
f 1775 1776 1876 1875
f 1776 1777 1877 1876
f 1777 1778 1878 1877
f 1778 1779 1879 1878
f 1779 1780 1880 1879
f 1780 1781 1881 1880
f 1781 1782 1882 1881
f 1782 1783 1883 1882
f 1783 1784 1884 1883
f 1784 1785 1885 1884
f 1785 1786 1886 1885
f 1786 1787 1887 1886
f 1787 1788 1888 1887
f 1788 1789 1889 1888
f 1789 1790 1890 1889
f 1790 1791 1891 1890
f 1791 1792 1892 1891
f 1792 1793 1893 1892
f 1793 1794 1894 1893
f 1794 1795 1895 1894
f 1795 1796 1896 1895
f 1796 1797 1897 1896
f 1797 1798 1898 1897
f 1798 1799 1899 1898
f 1799 1800 1900 1899
f 1800 1701 1801 1900
f 1801 1802 1902 1901
f 1802 1803 1903 1902
f 1803 1804 1904 1903
f 1804 1805 1905 1904
f 1805 1806 1906 1905
f 1806 1807 1907 1906
f 1807 1808 1908 1907
f 1808 1809 1909 1908
f 1809 1810 1910 1909
f 1810 1811 1911 1910
f 1811 1812 1912 1911
f 1812 1813 1913 1912
f 1813 1814 1914 1913
f 1814 1815 1915 1914
f 1815 1816 1916 1915
f 1816 1817 1917 1916
f 1817 1818 1918 1917
f 1818 1819 1919 1918
f 1819 1820 1920 1919
f 1820 1821 1921 1920
f 1821 1822 1922 1921
f 1822 1823 1923 1922
f 1823 1824 1924 1923
f 1824 1825 1925 1924
f 1825 1826 1926 1925
f 1826 1827 1927 1926
f 1827 1828 1928 1927
f 1828 1829 1929 1928
f 1829 1830 1930 1929
f 1830 1831 1931 1930
f 1831 1832 1932 1931
f 1832 1833 1933 1932
f 1833 1834 1934 1933
f 1834 1835 1935 1934
f 1835 1836 1936 1935
f 1836 1837 1937 1936
f 1837 1838 1938 1937
f 1838 1839 1939 1938
f 1839 1840 1940 1939
f 1840 1841 1941 1940
f 1841 1842 1942 1941
f 1842 1843 1943 1942
f 1843 1844 1944 1943
f 1844 1845 1945 1944
f 1845 1846 1946 1945
f 1846 1847 1947 1946
f 1847 1848 1948 1947
f 1848 1849 1949 1948
f 1849 1850 1950 1949
f 1850 1851 1951 1950
f 1851 1852 1952 1951
f 1852 1853 1953 1952
f 1853 1854 1954 1953
f 1854 1855 1955 1954
f 1855 1856 1956 1955
f 1856 1857 1957 1956
f 1857 1858 1958 1957
f 1858 1859 1959 1958
f 1859 1860 1960 1959
f 1860 1861 1961 1960
f 1861 1862 1962 1961
f 1862 1863 1963 1962
f 1863 1864 1964 1963
f 1864 1865 1965 1964
f 1865 1866 1966 1965
f 1866 1867 1967 1966
f 1867 1868 1968 1967
f 1868 1869 1969 1968
f 1869 1870 1970 1969
f 1870 1871 1971 1970
f 1871 1872 1972 1971
f 1872 1873 1973 1972
f 1873 1874 1974 1973
f 1874 1875 1975 1974
f 1875 1876 1976 1975
f 1876 1877 1977 1976
f 1877 1878 1978 1977
f 1878 1879 1979 1978
f 1879 1880 1980 1979
f 1880 1881 1981 1980
f 1881 1882 1982 1981
f 1882 1883 1983 1982
f 1883 1884 1984 1983
f 1884 1885 1985 1984
f 1885 1886 1986 1985
f 1886 1887 1987 1986
f 1887 1888 1988 1987
f 1888 1889 1989 1988
f 1889 1890 1990 1989
f 1890 1891 1991 1990
f 1891 1892 1992 1991
f 1892 1893 1993 1992
f 1893 1894 1994 1993
f 1894 1895 1995 1994
f 1895 1896 1996 1995
f 1896 1897 1997 1996
f 1897 1898 1998 1997
f 1898 1899 1999 1998
f 1899 1900 2000 1999
f 1900 1801 1901 2000
f 1901 1902 2002 2001
f 1902 1903 2003 2002
f 1903 1904 2004 2003
f 1904 1905 2005 2004
f 1905 1906 2006 2005
f 1906 1907 2007 2006
f 1907 1908 2008 2007
f 1908 1909 2009 2008
f 1909 1910 2010 2009
f 1910 1911 2011 2010
f 1911 1912 2012 2011
f 1912 1913 2013 2012
f 1913 1914 2014 2013
f 1914 1915 2015 2014
f 1915 1916 2016 2015
f 1916 1917 2017 2016
f 1917 1918 2018 2017
f 1918 1919 2019 2018
f 1919 1920 2020 2019
f 1920 1921 2021 2020
f 1921 1922 2022 2021
f 1922 1923 2023 2022
f 1923 1924 2024 2023
f 1924 1925 2025 2024
f 1925 1926 2026 2025
f 1926 1927 2027 2026
f 1927 1928 2028 2027
f 1928 1929 2029 2028
f 1929 1930 2030 2029
f 1930 1931 2031 2030
f 1931 1932 2032 2031
f 1932 1933 2033 2032
f 1933 1934 2034 2033
f 1934 1935 2035 2034
f 1935 1936 2036 2035
f 1936 1937 2037 2036
f 1937 1938 2038 2037
f 1938 1939 2039 2038
f 1939 1940 2040 2039
f 1940 1941 2041 2040
f 1941 1942 2042 2041
f 1942 1943 2043 2042
f 1943 1944 2044 2043
f 1944 1945 2045 2044
f 1945 1946 2046 2045
f 1946 1947 2047 2046
f 1947 1948 2048 2047
f 1948 1949 2049 2048
f 1949 1950 2050 2049
f 1950 1951 2051 2050
f 1951 1952 2052 2051
f 1952 1953 2053 2052
f 1953 1954 2054 2053
f 1954 1955 2055 2054
f 1955 1956 2056 2055
f 1956 1957 2057 2056
f 1957 1958 2058 2057
f 1958 1959 2059 2058
f 1959 1960 2060 2059
f 1960 1961 2061 2060
f 1961 1962 2062 2061
f 1962 1963 2063 2062
f 1963 1964 2064 2063
f 1964 1965 2065 2064
f 1965 1966 2066 2065
f 1966 1967 2067 2066
f 1967 1968 2068 2067
f 1968 1969 2069 2068
f 1969 1970 2070 2069
f 1970 1971 2071 2070
f 1971 1972 2072 2071
f 1972 1973 2073 2072
f 1973 1974 2074 2073
f 1974 1975 2075 2074
f 1975 1976 2076 2075
f 1976 1977 2077 2076
f 1977 1978 2078 2077
f 1978 1979 2079 2078
f 1979 1980 2080 2079
f 1980 1981 2081 2080
f 1981 1982 2082 2081
f 1982 1983 2083 2082
f 1983 1984 2084 2083
f 1984 1985 2085 2084
f 1985 1986 2086 2085
f 1986 1987 2087 2086
f 1987 1988 2088 2087
f 1988 1989 2089 2088
f 1989 1990 2090 2089
f 1990 1991 2091 2090
f 1991 1992 2092 2091
f 1992 1993 2093 2092
f 1993 1994 2094 2093
f 1994 1995 2095 2094
f 1995 1996 2096 2095
f 1996 1997 2097 2096
f 1997 1998 2098 2097
f 1998 1999 2099 2098
f 1999 2000 2100 2099
f 2000 1901 2001 2100
f 2001 2002 2102 2101
f 2002 2003 2103 2102
f 2003 2004 2104 2103
f 2004 2005 2105 2104
f 2005 2006 2106 2105
f 2006 2007 2107 2106
f 2007 2008 2108 2107
f 2008 2009 2109 2108
f 2009 2010 2110 2109
f 2010 2011 2111 2110
f 2011 2012 2112 2111
f 2012 2013 2113 2112
f 2013 2014 2114 2113
f 2014 2015 2115 2114
f 2015 2016 2116 2115
f 2016 2017 2117 2116
f 2017 2018 2118 2117
f 2018 2019 2119 2118
f 2019 2020 2120 2119
f 2020 2021 2121 2120
f 2021 2022 2122 2121
f 2022 2023 2123 2122
f 2023 2024 2124 2123
f 2024 2025 2125 2124
f 2025 2026 2126 2125
f 2026 2027 2127 2126
f 2027 2028 2128 2127
f 2028 2029 2129 2128
f 2029 2030 2130 2129
f 2030 2031 2131 2130
f 2031 2032 2132 2131
f 2032 2033 2133 2132
f 2033 2034 2134 2133
f 2034 2035 2135 2134
f 2035 2036 2136 2135
f 2036 2037 2137 2136
f 2037 2038 2138 2137
f 2038 2039 2139 2138
f 2039 2040 2140 2139
f 2040 2041 2141 2140
f 2041 2042 2142 2141
f 2042 2043 2143 2142
f 2043 2044 2144 2143
f 2044 2045 2145 2144
f 2045 2046 2146 2145
f 2046 2047 2147 2146
f 2047 2048 2148 2147
f 2048 2049 2149 2148
f 2049 2050 2150 2149
f 2050 2051 2151 2150
f 2051 2052 2152 2151
f 2052 2053 2153 2152
f 2053 2054 2154 2153
f 2054 2055 2155 2154
f 2055 2056 2156 2155
f 2056 2057 2157 2156
f 2057 2058 2158 2157
f 2058 2059 2159 2158
f 2059 2060 2160 2159
f 2060 2061 2161 2160
f 2061 2062 2162 2161
f 2062 2063 2163 2162
f 2063 2064 2164 2163
f 2064 2065 2165 2164
f 2065 2066 2166 2165
f 2066 2067 2167 2166
f 2067 2068 2168 2167
f 2068 2069 2169 2168
f 2069 2070 2170 2169
f 2070 2071 2171 2170
f 2071 2072 2172 2171
f 2072 2073 2173 2172
f 2073 2074 2174 2173
f 2074 2075 2175 2174
f 2075 2076 2176 2175
f 2076 2077 2177 2176
f 2077 2078 2178 2177
f 2078 2079 2179 2178
f 2079 2080 2180 2179
f 2080 2081 2181 2180
f 2081 2082 2182 2181
f 2082 2083 2183 2182
f 2083 2084 2184 2183
f 2084 2085 2185 2184
f 2085 2086 2186 2185
f 2086 2087 2187 2186
f 2087 2088 2188 2187
f 2088 2089 2189 2188
f 2089 2090 2190 2189
f 2090 2091 2191 2190
f 2091 2092 2192 2191
f 2092 2093 2193 2192
f 2093 2094 2194 2193
f 2094 2095 2195 2194
f 2095 2096 2196 2195
f 2096 2097 2197 2196
f 2097 2098 2198 2197
f 2098 2099 2199 2198
f 2099 2100 2200 2199
f 2100 2001 2101 2200
f 2101 2102 2202 2201
f 2102 2103 2203 2202
f 2103 2104 2204 2203
f 2104 2105 2205 2204
f 2105 2106 2206 2205
f 2106 2107 2207 2206
f 2107 2108 2208 2207
f 2108 2109 2209 2208
f 2109 2110 2210 2209
f 2110 2111 2211 2210
f 2111 2112 2212 2211
f 2112 2113 2213 2212
f 2113 2114 2214 2213
f 2114 2115 2215 2214
f 2115 2116 2216 2215
f 2116 2117 2217 2216
f 2117 2118 2218 2217
f 2118 2119 2219 2218
f 2119 2120 2220 2219
f 2120 2121 2221 2220
f 2121 2122 2222 2221
f 2122 2123 2223 2222
f 2123 2124 2224 2223
f 2124 2125 2225 2224
f 2125 2126 2226 2225
f 2126 2127 2227 2226
f 2127 2128 2228 2227
f 2128 2129 2229 2228
f 2129 2130 2230 2229
f 2130 2131 2231 2230
f 2131 2132 2232 2231
f 2132 2133 2233 2232
f 2133 2134 2234 2233
f 2134 2135 2235 2234
f 2135 2136 2236 2235
f 2136 2137 2237 2236
f 2137 2138 2238 2237
f 2138 2139 2239 2238
f 2139 2140 2240 2239
f 2140 2141 2241 2240
f 2141 2142 2242 2241
f 2142 2143 2243 2242
f 2143 2144 2244 2243
f 2144 2145 2245 2244
f 2145 2146 2246 2245
f 2146 2147 2247 2246
f 2147 2148 2248 2247
f 2148 2149 2249 2248
f 2149 2150 2250 2249
f 2150 2151 2251 2250
f 2151 2152 2252 2251
f 2152 2153 2253 2252
f 2153 2154 2254 2253
f 2154 2155 2255 2254
f 2155 2156 2256 2255
f 2156 2157 2257 2256
f 2157 2158 2258 2257
f 2158 2159 2259 2258
f 2159 2160 2260 2259
f 2160 2161 2261 2260
f 2161 2162 2262 2261
f 2162 2163 2263 2262
f 2163 2164 2264 2263
f 2164 2165 2265 2264
f 2165 2166 2266 2265
f 2166 2167 2267 2266
f 2167 2168 2268 2267
f 2168 2169 2269 2268
f 2169 2170 2270 2269
f 2170 2171 2271 2270
f 2171 2172 2272 2271
f 2172 2173 2273 2272
f 2173 2174 2274 2273
f 2174 2175 2275 2274
f 2175 2176 2276 2275
f 2176 2177 2277 2276
f 2177 2178 2278 2277
f 2178 2179 2279 2278
f 2179 2180 2280 2279
f 2180 2181 2281 2280
f 2181 2182 2282 2281
f 2182 2183 2283 2282
f 2183 2184 2284 2283
f 2184 2185 2285 2284
f 2185 2186 2286 2285
f 2186 2187 2287 2286
f 2187 2188 2288 2287
f 2188 2189 2289 2288
f 2189 2190 2290 2289
f 2190 2191 2291 2290
f 2191 2192 2292 2291
f 2192 2193 2293 2292
f 2193 2194 2294 2293
f 2194 2195 2295 2294
f 2195 2196 2296 2295
f 2196 2197 2297 2296
f 2197 2198 2298 2297
f 2198 2199 2299 2298
f 2199 2200 2300 2299
f 2200 2101 2201 2300
f 2201 2202 2302 2301
f 2202 2203 2303 2302
f 2203 2204 2304 2303
f 2204 2205 2305 2304
f 2205 2206 2306 2305
f 2206 2207 2307 2306
f 2207 2208 2308 2307
f 2208 2209 2309 2308
f 2209 2210 2310 2309
f 2210 2211 2311 2310
f 2211 2212 2312 2311
f 2212 2213 2313 2312
f 2213 2214 2314 2313
f 2214 2215 2315 2314
f 2215 2216 2316 2315
f 2216 2217 2317 2316
f 2217 2218 2318 2317
f 2218 2219 2319 2318
f 2219 2220 2320 2319
f 2220 2221 2321 2320
f 2221 2222 2322 2321
f 2222 2223 2323 2322
f 2223 2224 2324 2323
f 2224 2225 2325 2324
f 2225 2226 2326 2325
f 2226 2227 2327 2326
f 2227 2228 2328 2327
f 2228 2229 2329 2328
f 2229 2230 2330 2329
f 2230 2231 2331 2330
f 2231 2232 2332 2331
f 2232 2233 2333 2332
f 2233 2234 2334 2333
f 2234 2235 2335 2334
f 2235 2236 2336 2335
f 2236 2237 2337 2336
f 2237 2238 2338 2337
f 2238 2239 2339 2338
f 2239 2240 2340 2339
f 2240 2241 2341 2340
f 2241 2242 2342 2341
f 2242 2243 2343 2342
f 2243 2244 2344 2343
f 2244 2245 2345 2344
f 2245 2246 2346 2345
f 2246 2247 2347 2346
f 2247 2248 2348 2347
f 2248 2249 2349 2348
f 2249 2250 2350 2349
f 2250 2251 2351 2350
f 2251 2252 2352 2351
f 2252 2253 2353 2352
f 2253 2254 2354 2353
f 2254 2255 2355 2354
f 2255 2256 2356 2355
f 2256 2257 2357 2356
f 2257 2258 2358 2357
f 2258 2259 2359 2358
f 2259 2260 2360 2359
f 2260 2261 2361 2360
f 2261 2262 2362 2361
f 2262 2263 2363 2362
f 2263 2264 2364 2363
f 2264 2265 2365 2364
f 2265 2266 2366 2365
f 2266 2267 2367 2366
f 2267 2268 2368 2367
f 2268 2269 2369 2368
f 2269 2270 2370 2369
f 2270 2271 2371 2370
f 2271 2272 2372 2371
f 2272 2273 2373 2372
f 2273 2274 2374 2373
f 2274 2275 2375 2374
f 2275 2276 2376 2375
f 2276 2277 2377 2376
f 2277 2278 2378 2377
f 2278 2279 2379 2378
f 2279 2280 2380 2379
f 2280 2281 2381 2380
f 2281 2282 2382 2381
f 2282 2283 2383 2382
f 2283 2284 2384 2383
f 2284 2285 2385 2384
f 2285 2286 2386 2385
f 2286 2287 2387 2386
f 2287 2288 2388 2387
f 2288 2289 2389 2388
f 2289 2290 2390 2389
f 2290 2291 2391 2390
f 2291 2292 2392 2391
f 2292 2293 2393 2392
f 2293 2294 2394 2393
f 2294 2295 2395 2394
f 2295 2296 2396 2395
f 2296 2297 2397 2396
f 2297 2298 2398 2397
f 2298 2299 2399 2398
f 2299 2300 2400 2399
f 2300 2201 2301 2400
f 2301 2302 2402 2401
f 2302 2303 2403 2402
f 2303 2304 2404 2403
f 2304 2305 2405 2404
f 2305 2306 2406 2405
f 2306 2307 2407 2406
f 2307 2308 2408 2407
f 2308 2309 2409 2408
f 2309 2310 2410 2409
f 2310 2311 2411 2410
f 2311 2312 2412 2411
f 2312 2313 2413 2412
f 2313 2314 2414 2413
f 2314 2315 2415 2414
f 2315 2316 2416 2415
f 2316 2317 2417 2416
f 2317 2318 2418 2417
f 2318 2319 2419 2418
f 2319 2320 2420 2419
f 2320 2321 2421 2420
f 2321 2322 2422 2421
f 2322 2323 2423 2422
f 2323 2324 2424 2423
f 2324 2325 2425 2424
f 2325 2326 2426 2425
f 2326 2327 2427 2426
f 2327 2328 2428 2427
f 2328 2329 2429 2428
f 2329 2330 2430 2429
f 2330 2331 2431 2430
f 2331 2332 2432 2431
f 2332 2333 2433 2432
f 2333 2334 2434 2433
f 2334 2335 2435 2434
f 2335 2336 2436 2435
f 2336 2337 2437 2436
f 2337 2338 2438 2437
f 2338 2339 2439 2438
f 2339 2340 2440 2439
f 2340 2341 2441 2440
f 2341 2342 2442 2441
f 2342 2343 2443 2442
f 2343 2344 2444 2443
f 2344 2345 2445 2444
f 2345 2346 2446 2445
f 2346 2347 2447 2446
f 2347 2348 2448 2447
f 2348 2349 2449 2448
f 2349 2350 2450 2449
f 2350 2351 2451 2450
f 2351 2352 2452 2451
f 2352 2353 2453 2452
f 2353 2354 2454 2453
f 2354 2355 2455 2454
f 2355 2356 2456 2455
f 2356 2357 2457 2456
f 2357 2358 2458 2457
f 2358 2359 2459 2458
f 2359 2360 2460 2459
f 2360 2361 2461 2460
f 2361 2362 2462 2461
f 2362 2363 2463 2462
f 2363 2364 2464 2463
f 2364 2365 2465 2464
f 2365 2366 2466 2465
f 2366 2367 2467 2466
f 2367 2368 2468 2467
f 2368 2369 2469 2468
f 2369 2370 2470 2469
f 2370 2371 2471 2470
f 2371 2372 2472 2471
f 2372 2373 2473 2472
f 2373 2374 2474 2473
f 2374 2375 2475 2474
f 2375 2376 2476 2475
f 2376 2377 2477 2476
f 2377 2378 2478 2477
f 2378 2379 2479 2478
f 2379 2380 2480 2479
f 2380 2381 2481 2480
f 2381 2382 2482 2481
f 2382 2383 2483 2482
f 2383 2384 2484 2483
f 2384 2385 2485 2484
f 2385 2386 2486 2485
f 2386 2387 2487 2486
f 2387 2388 2488 2487
f 2388 2389 2489 2488
f 2389 2390 2490 2489
f 2390 2391 2491 2490
f 2391 2392 2492 2491
f 2392 2393 2493 2492
f 2393 2394 2494 2493
f 2394 2395 2495 2494
f 2395 2396 2496 2495
f 2396 2397 2497 2496
f 2397 2398 2498 2497
f 2398 2399 2499 2498
f 2399 2400 2500 2499
f 2400 2301 2401 2500
f 2401 2402 2502 2501
f 2402 2403 2503 2502
f 2403 2404 2504 2503
f 2404 2405 2505 2504
f 2405 2406 2506 2505
f 2406 2407 2507 2506
f 2407 2408 2508 2507
f 2408 2409 2509 2508
f 2409 2410 2510 2509
f 2410 2411 2511 2510
f 2411 2412 2512 2511
f 2412 2413 2513 2512
f 2413 2414 2514 2513
f 2414 2415 2515 2514
f 2415 2416 2516 2515
f 2416 2417 2517 2516
f 2417 2418 2518 2517
f 2418 2419 2519 2518
f 2419 2420 2520 2519
f 2420 2421 2521 2520
f 2421 2422 2522 2521
f 2422 2423 2523 2522
f 2423 2424 2524 2523
f 2424 2425 2525 2524
f 2425 2426 2526 2525
f 2426 2427 2527 2526
f 2427 2428 2528 2527
f 2428 2429 2529 2528
f 2429 2430 2530 2529
f 2430 2431 2531 2530
f 2431 2432 2532 2531
f 2432 2433 2533 2532
f 2433 2434 2534 2533
f 2434 2435 2535 2534
f 2435 2436 2536 2535
f 2436 2437 2537 2536
f 2437 2438 2538 2537
f 2438 2439 2539 2538
f 2439 2440 2540 2539
f 2440 2441 2541 2540
f 2441 2442 2542 2541
f 2442 2443 2543 2542
f 2443 2444 2544 2543
f 2444 2445 2545 2544
f 2445 2446 2546 2545
f 2446 2447 2547 2546
f 2447 2448 2548 2547
f 2448 2449 2549 2548
f 2449 2450 2550 2549
f 2450 2451 2551 2550
f 2451 2452 2552 2551
f 2452 2453 2553 2552
f 2453 2454 2554 2553
f 2454 2455 2555 2554
f 2455 2456 2556 2555
f 2456 2457 2557 2556
f 2457 2458 2558 2557
f 2458 2459 2559 2558
f 2459 2460 2560 2559
f 2460 2461 2561 2560
f 2461 2462 2562 2561
f 2462 2463 2563 2562
f 2463 2464 2564 2563
f 2464 2465 2565 2564
f 2465 2466 2566 2565
f 2466 2467 2567 2566
f 2467 2468 2568 2567
f 2468 2469 2569 2568
f 2469 2470 2570 2569
f 2470 2471 2571 2570
f 2471 2472 2572 2571
f 2472 2473 2573 2572
f 2473 2474 2574 2573
f 2474 2475 2575 2574
f 2475 2476 2576 2575
f 2476 2477 2577 2576
f 2477 2478 2578 2577
f 2478 2479 2579 2578
f 2479 2480 2580 2579
f 2480 2481 2581 2580
f 2481 2482 2582 2581
f 2482 2483 2583 2582
f 2483 2484 2584 2583
f 2484 2485 2585 2584
f 2485 2486 2586 2585
f 2486 2487 2587 2586
f 2487 2488 2588 2587
f 2488 2489 2589 2588
f 2489 2490 2590 2589
f 2490 2491 2591 2590
f 2491 2492 2592 2591
f 2492 2493 2593 2592
f 2493 2494 2594 2593
f 2494 2495 2595 2594
f 2495 2496 2596 2595
f 2496 2497 2597 2596
f 2497 2498 2598 2597
f 2498 2499 2599 2598
f 2499 2500 2600 2599
f 2500 2401 2501 2600
f 2501 2502 2602 2601
f 2502 2503 2603 2602
f 2503 2504 2604 2603
f 2504 2505 2605 2604
f 2505 2506 2606 2605
f 2506 2507 2607 2606
f 2507 2508 2608 2607
f 2508 2509 2609 2608
f 2509 2510 2610 2609
f 2510 2511 2611 2610
f 2511 2512 2612 2611
f 2512 2513 2613 2612
f 2513 2514 2614 2613
f 2514 2515 2615 2614
f 2515 2516 2616 2615
f 2516 2517 2617 2616
f 2517 2518 2618 2617
f 2518 2519 2619 2618
f 2519 2520 2620 2619
f 2520 2521 2621 2620
f 2521 2522 2622 2621
f 2522 2523 2623 2622
f 2523 2524 2624 2623
f 2524 2525 2625 2624
f 2525 2526 2626 2625
f 2526 2527 2627 2626
f 2527 2528 2628 2627
f 2528 2529 2629 2628
f 2529 2530 2630 2629
f 2530 2531 2631 2630
f 2531 2532 2632 2631
f 2532 2533 2633 2632
f 2533 2534 2634 2633
f 2534 2535 2635 2634
f 2535 2536 2636 2635
f 2536 2537 2637 2636
f 2537 2538 2638 2637
f 2538 2539 2639 2638
f 2539 2540 2640 2639
f 2540 2541 2641 2640
f 2541 2542 2642 2641
f 2542 2543 2643 2642
f 2543 2544 2644 2643
f 2544 2545 2645 2644
f 2545 2546 2646 2645
f 2546 2547 2647 2646
f 2547 2548 2648 2647
f 2548 2549 2649 2648
f 2549 2550 2650 2649
f 2550 2551 2651 2650
f 2551 2552 2652 2651
f 2552 2553 2653 2652
f 2553 2554 2654 2653
f 2554 2555 2655 2654
f 2555 2556 2656 2655
f 2556 2557 2657 2656
f 2557 2558 2658 2657
f 2558 2559 2659 2658
f 2559 2560 2660 2659
f 2560 2561 2661 2660
f 2561 2562 2662 2661
f 2562 2563 2663 2662
f 2563 2564 2664 2663
f 2564 2565 2665 2664
f 2565 2566 2666 2665
f 2566 2567 2667 2666
f 2567 2568 2668 2667
f 2568 2569 2669 2668
f 2569 2570 2670 2669
f 2570 2571 2671 2670
f 2571 2572 2672 2671
f 2572 2573 2673 2672
f 2573 2574 2674 2673
f 2574 2575 2675 2674
f 2575 2576 2676 2675
f 2576 2577 2677 2676
f 2577 2578 2678 2677
f 2578 2579 2679 2678
f 2579 2580 2680 2679
f 2580 2581 2681 2680
f 2581 2582 2682 2681
f 2582 2583 2683 2682
f 2583 2584 2684 2683
f 2584 2585 2685 2684
f 2585 2586 2686 2685
f 2586 2587 2687 2686
f 2587 2588 2688 2687
f 2588 2589 2689 2688
f 2589 2590 2690 2689
f 2590 2591 2691 2690
f 2591 2592 2692 2691
f 2592 2593 2693 2692
f 2593 2594 2694 2693
f 2594 2595 2695 2694
f 2595 2596 2696 2695
f 2596 2597 2697 2696
f 2597 2598 2698 2697
f 2598 2599 2699 2698
f 2599 2600 2700 2699
f 2600 2501 2601 2700
f 2601 2602 2702 2701
f 2602 2603 2703 2702
f 2603 2604 2704 2703
f 2604 2605 2705 2704
f 2605 2606 2706 2705
f 2606 2607 2707 2706
f 2607 2608 2708 2707
f 2608 2609 2709 2708
f 2609 2610 2710 2709
f 2610 2611 2711 2710
f 2611 2612 2712 2711
f 2612 2613 2713 2712
f 2613 2614 2714 2713
f 2614 2615 2715 2714
f 2615 2616 2716 2715
f 2616 2617 2717 2716
f 2617 2618 2718 2717
f 2618 2619 2719 2718
f 2619 2620 2720 2719
f 2620 2621 2721 2720
f 2621 2622 2722 2721
f 2622 2623 2723 2722
f 2623 2624 2724 2723
f 2624 2625 2725 2724
f 2625 2626 2726 2725
f 2626 2627 2727 2726
f 2627 2628 2728 2727
f 2628 2629 2729 2728
f 2629 2630 2730 2729
f 2630 2631 2731 2730
f 2631 2632 2732 2731
f 2632 2633 2733 2732
f 2633 2634 2734 2733
f 2634 2635 2735 2734
f 2635 2636 2736 2735
f 2636 2637 2737 2736
f 2637 2638 2738 2737
f 2638 2639 2739 2738
f 2639 2640 2740 2739
f 2640 2641 2741 2740
f 2641 2642 2742 2741
f 2642 2643 2743 2742
f 2643 2644 2744 2743
f 2644 2645 2745 2744
f 2645 2646 2746 2745
f 2646 2647 2747 2746
f 2647 2648 2748 2747
f 2648 2649 2749 2748
f 2649 2650 2750 2749
f 2650 2651 2751 2750
f 2651 2652 2752 2751
f 2652 2653 2753 2752
f 2653 2654 2754 2753
f 2654 2655 2755 2754
f 2655 2656 2756 2755
f 2656 2657 2757 2756
f 2657 2658 2758 2757
f 2658 2659 2759 2758
f 2659 2660 2760 2759
f 2660 2661 2761 2760
f 2661 2662 2762 2761
f 2662 2663 2763 2762
f 2663 2664 2764 2763
f 2664 2665 2765 2764
f 2665 2666 2766 2765
f 2666 2667 2767 2766
f 2667 2668 2768 2767
f 2668 2669 2769 2768
f 2669 2670 2770 2769
f 2670 2671 2771 2770
f 2671 2672 2772 2771
f 2672 2673 2773 2772
f 2673 2674 2774 2773
f 2674 2675 2775 2774
f 2675 2676 2776 2775
f 2676 2677 2777 2776
f 2677 2678 2778 2777
f 2678 2679 2779 2778
f 2679 2680 2780 2779
f 2680 2681 2781 2780
f 2681 2682 2782 2781
f 2682 2683 2783 2782
f 2683 2684 2784 2783
f 2684 2685 2785 2784
f 2685 2686 2786 2785
f 2686 2687 2787 2786
f 2687 2688 2788 2787
f 2688 2689 2789 2788
f 2689 2690 2790 2789
f 2690 2691 2791 2790
f 2691 2692 2792 2791
f 2692 2693 2793 2792
f 2693 2694 2794 2793
f 2694 2695 2795 2794
f 2695 2696 2796 2795
f 2696 2697 2797 2796
f 2697 2698 2798 2797
f 2698 2699 2799 2798
f 2699 2700 2800 2799
f 2700 2601 2701 2800
f 2701 2702 2802 2801
f 2702 2703 2803 2802
f 2703 2704 2804 2803
f 2704 2705 2805 2804
f 2705 2706 2806 2805
f 2706 2707 2807 2806
f 2707 2708 2808 2807
f 2708 2709 2809 2808
f 2709 2710 2810 2809
f 2710 2711 2811 2810
f 2711 2712 2812 2811
f 2712 2713 2813 2812
f 2713 2714 2814 2813
f 2714 2715 2815 2814
f 2715 2716 2816 2815
f 2716 2717 2817 2816
f 2717 2718 2818 2817
f 2718 2719 2819 2818
f 2719 2720 2820 2819
f 2720 2721 2821 2820
f 2721 2722 2822 2821
f 2722 2723 2823 2822
f 2723 2724 2824 2823
f 2724 2725 2825 2824
f 2725 2726 2826 2825
f 2726 2727 2827 2826
f 2727 2728 2828 2827
f 2728 2729 2829 2828
f 2729 2730 2830 2829
f 2730 2731 2831 2830
f 2731 2732 2832 2831
f 2732 2733 2833 2832
f 2733 2734 2834 2833
f 2734 2735 2835 2834
f 2735 2736 2836 2835
f 2736 2737 2837 2836
f 2737 2738 2838 2837
f 2738 2739 2839 2838
f 2739 2740 2840 2839
f 2740 2741 2841 2840
f 2741 2742 2842 2841
f 2742 2743 2843 2842
f 2743 2744 2844 2843
f 2744 2745 2845 2844
f 2745 2746 2846 2845
f 2746 2747 2847 2846
f 2747 2748 2848 2847
f 2748 2749 2849 2848
f 2749 2750 2850 2849
f 2750 2751 2851 2850
f 2751 2752 2852 2851
f 2752 2753 2853 2852
f 2753 2754 2854 2853
f 2754 2755 2855 2854
f 2755 2756 2856 2855
f 2756 2757 2857 2856
f 2757 2758 2858 2857
f 2758 2759 2859 2858
f 2759 2760 2860 2859
f 2760 2761 2861 2860
f 2761 2762 2862 2861
f 2762 2763 2863 2862
f 2763 2764 2864 2863
f 2764 2765 2865 2864
f 2765 2766 2866 2865
f 2766 2767 2867 2866
f 2767 2768 2868 2867
f 2768 2769 2869 2868
f 2769 2770 2870 2869
f 2770 2771 2871 2870
f 2771 2772 2872 2871
f 2772 2773 2873 2872
f 2773 2774 2874 2873
f 2774 2775 2875 2874
f 2775 2776 2876 2875
f 2776 2777 2877 2876
f 2777 2778 2878 2877
f 2778 2779 2879 2878
f 2779 2780 2880 2879
f 2780 2781 2881 2880
f 2781 2782 2882 2881
f 2782 2783 2883 2882
f 2783 2784 2884 2883
f 2784 2785 2885 2884
f 2785 2786 2886 2885
f 2786 2787 2887 2886
f 2787 2788 2888 2887
f 2788 2789 2889 2888
f 2789 2790 2890 2889
f 2790 2791 2891 2890
f 2791 2792 2892 2891
f 2792 2793 2893 2892
f 2793 2794 2894 2893
f 2794 2795 2895 2894
f 2795 2796 2896 2895
f 2796 2797 2897 2896
f 2797 2798 2898 2897
f 2798 2799 2899 2898
f 2799 2800 2900 2899
f 2800 2701 2801 2900
f 2801 2802 2902 2901
f 2802 2803 2903 2902
f 2803 2804 2904 2903
f 2804 2805 2905 2904
f 2805 2806 2906 2905
f 2806 2807 2907 2906
f 2807 2808 2908 2907
f 2808 2809 2909 2908
f 2809 2810 2910 2909
f 2810 2811 2911 2910
f 2811 2812 2912 2911
f 2812 2813 2913 2912
f 2813 2814 2914 2913
f 2814 2815 2915 2914
f 2815 2816 2916 2915
f 2816 2817 2917 2916
f 2817 2818 2918 2917
f 2818 2819 2919 2918
f 2819 2820 2920 2919
f 2820 2821 2921 2920
f 2821 2822 2922 2921
f 2822 2823 2923 2922
f 2823 2824 2924 2923
f 2824 2825 2925 2924
f 2825 2826 2926 2925
f 2826 2827 2927 2926
f 2827 2828 2928 2927
f 2828 2829 2929 2928
f 2829 2830 2930 2929
f 2830 2831 2931 2930
f 2831 2832 2932 2931
f 2832 2833 2933 2932
f 2833 2834 2934 2933
f 2834 2835 2935 2934
f 2835 2836 2936 2935
f 2836 2837 2937 2936
f 2837 2838 2938 2937
f 2838 2839 2939 2938
f 2839 2840 2940 2939
f 2840 2841 2941 2940
f 2841 2842 2942 2941
f 2842 2843 2943 2942
f 2843 2844 2944 2943
f 2844 2845 2945 2944
f 2845 2846 2946 2945
f 2846 2847 2947 2946
f 2847 2848 2948 2947
f 2848 2849 2949 2948
f 2849 2850 2950 2949
f 2850 2851 2951 2950
f 2851 2852 2952 2951
f 2852 2853 2953 2952
f 2853 2854 2954 2953
f 2854 2855 2955 2954
f 2855 2856 2956 2955
f 2856 2857 2957 2956
f 2857 2858 2958 2957
f 2858 2859 2959 2958
f 2859 2860 2960 2959
f 2860 2861 2961 2960
f 2861 2862 2962 2961
f 2862 2863 2963 2962
f 2863 2864 2964 2963
f 2864 2865 2965 2964
f 2865 2866 2966 2965
f 2866 2867 2967 2966
f 2867 2868 2968 2967
f 2868 2869 2969 2968
f 2869 2870 2970 2969
f 2870 2871 2971 2970
f 2871 2872 2972 2971
f 2872 2873 2973 2972
f 2873 2874 2974 2973
f 2874 2875 2975 2974
f 2875 2876 2976 2975
f 2876 2877 2977 2976
f 2877 2878 2978 2977
f 2878 2879 2979 2978
f 2879 2880 2980 2979
f 2880 2881 2981 2980
f 2881 2882 2982 2981
f 2882 2883 2983 2982
f 2883 2884 2984 2983
f 2884 2885 2985 2984
f 2885 2886 2986 2985
f 2886 2887 2987 2986
f 2887 2888 2988 2987
f 2888 2889 2989 2988
f 2889 2890 2990 2989
f 2890 2891 2991 2990
f 2891 2892 2992 2991
f 2892 2893 2993 2992
f 2893 2894 2994 2993
f 2894 2895 2995 2994
f 2895 2896 2996 2995
f 2896 2897 2997 2996
f 2897 2898 2998 2997
f 2898 2899 2999 2998
f 2899 2900 3000 2999
f 2900 2801 2901 3000
f 2901 2902 3002 3001
f 2902 2903 3003 3002
f 2903 2904 3004 3003
f 2904 2905 3005 3004
f 2905 2906 3006 3005
f 2906 2907 3007 3006
f 2907 2908 3008 3007
f 2908 2909 3009 3008
f 2909 2910 3010 3009
f 2910 2911 3011 3010
f 2911 2912 3012 3011
f 2912 2913 3013 3012
f 2913 2914 3014 3013
f 2914 2915 3015 3014
f 2915 2916 3016 3015
f 2916 2917 3017 3016
f 2917 2918 3018 3017
f 2918 2919 3019 3018
f 2919 2920 3020 3019
f 2920 2921 3021 3020
f 2921 2922 3022 3021
f 2922 2923 3023 3022
f 2923 2924 3024 3023
f 2924 2925 3025 3024
f 2925 2926 3026 3025
f 2926 2927 3027 3026
f 2927 2928 3028 3027
f 2928 2929 3029 3028
f 2929 2930 3030 3029
f 2930 2931 3031 3030
f 2931 2932 3032 3031
f 2932 2933 3033 3032
f 2933 2934 3034 3033
f 2934 2935 3035 3034
f 2935 2936 3036 3035
f 2936 2937 3037 3036
f 2937 2938 3038 3037
f 2938 2939 3039 3038
f 2939 2940 3040 3039
f 2940 2941 3041 3040
f 2941 2942 3042 3041
f 2942 2943 3043 3042
f 2943 2944 3044 3043
f 2944 2945 3045 3044
f 2945 2946 3046 3045
f 2946 2947 3047 3046
f 2947 2948 3048 3047
f 2948 2949 3049 3048
f 2949 2950 3050 3049
f 2950 2951 3051 3050
f 2951 2952 3052 3051
f 2952 2953 3053 3052
f 2953 2954 3054 3053
f 2954 2955 3055 3054
f 2955 2956 3056 3055
f 2956 2957 3057 3056
f 2957 2958 3058 3057
f 2958 2959 3059 3058
f 2959 2960 3060 3059
f 2960 2961 3061 3060
f 2961 2962 3062 3061
f 2962 2963 3063 3062
f 2963 2964 3064 3063
f 2964 2965 3065 3064
f 2965 2966 3066 3065
f 2966 2967 3067 3066
f 2967 2968 3068 3067
f 2968 2969 3069 3068
f 2969 2970 3070 3069
f 2970 2971 3071 3070
f 2971 2972 3072 3071
f 2972 2973 3073 3072
f 2973 2974 3074 3073
f 2974 2975 3075 3074
f 2975 2976 3076 3075
f 2976 2977 3077 3076
f 2977 2978 3078 3077
f 2978 2979 3079 3078
f 2979 2980 3080 3079
f 2980 2981 3081 3080
f 2981 2982 3082 3081
f 2982 2983 3083 3082
f 2983 2984 3084 3083
f 2984 2985 3085 3084
f 2985 2986 3086 3085
f 2986 2987 3087 3086
f 2987 2988 3088 3087
f 2988 2989 3089 3088
f 2989 2990 3090 3089
f 2990 2991 3091 3090
f 2991 2992 3092 3091
f 2992 2993 3093 3092
f 2993 2994 3094 3093
f 2994 2995 3095 3094
f 2995 2996 3096 3095
f 2996 2997 3097 3096
f 2997 2998 3098 3097
f 2998 2999 3099 3098
f 2999 3000 3100 3099
f 3000 2901 3001 3100
f 3001 3002 3102 3101
f 3002 3003 3103 3102
f 3003 3004 3104 3103
f 3004 3005 3105 3104
f 3005 3006 3106 3105
f 3006 3007 3107 3106
f 3007 3008 3108 3107
f 3008 3009 3109 3108
f 3009 3010 3110 3109
f 3010 3011 3111 3110
f 3011 3012 3112 3111
f 3012 3013 3113 3112
f 3013 3014 3114 3113
f 3014 3015 3115 3114
f 3015 3016 3116 3115
f 3016 3017 3117 3116
f 3017 3018 3118 3117
f 3018 3019 3119 3118
f 3019 3020 3120 3119
f 3020 3021 3121 3120
f 3021 3022 3122 3121
f 3022 3023 3123 3122
f 3023 3024 3124 3123
f 3024 3025 3125 3124
f 3025 3026 3126 3125
f 3026 3027 3127 3126
f 3027 3028 3128 3127
f 3028 3029 3129 3128
f 3029 3030 3130 3129
f 3030 3031 3131 3130
f 3031 3032 3132 3131
f 3032 3033 3133 3132
f 3033 3034 3134 3133
f 3034 3035 3135 3134
f 3035 3036 3136 3135
f 3036 3037 3137 3136
f 3037 3038 3138 3137
f 3038 3039 3139 3138
f 3039 3040 3140 3139
f 3040 3041 3141 3140
f 3041 3042 3142 3141
f 3042 3043 3143 3142
f 3043 3044 3144 3143
f 3044 3045 3145 3144
f 3045 3046 3146 3145
f 3046 3047 3147 3146
f 3047 3048 3148 3147
f 3048 3049 3149 3148
f 3049 3050 3150 3149
f 3050 3051 3151 3150
f 3051 3052 3152 3151
f 3052 3053 3153 3152
f 3053 3054 3154 3153
f 3054 3055 3155 3154
f 3055 3056 3156 3155
f 3056 3057 3157 3156
f 3057 3058 3158 3157
f 3058 3059 3159 3158
f 3059 3060 3160 3159
f 3060 3061 3161 3160
f 3061 3062 3162 3161
f 3062 3063 3163 3162
f 3063 3064 3164 3163
f 3064 3065 3165 3164
f 3065 3066 3166 3165
f 3066 3067 3167 3166
f 3067 3068 3168 3167
f 3068 3069 3169 3168
f 3069 3070 3170 3169
f 3070 3071 3171 3170
f 3071 3072 3172 3171
f 3072 3073 3173 3172
f 3073 3074 3174 3173
f 3074 3075 3175 3174
f 3075 3076 3176 3175
f 3076 3077 3177 3176
f 3077 3078 3178 3177
f 3078 3079 3179 3178
f 3079 3080 3180 3179
f 3080 3081 3181 3180
f 3081 3082 3182 3181
f 3082 3083 3183 3182
f 3083 3084 3184 3183
f 3084 3085 3185 3184
f 3085 3086 3186 3185
f 3086 3087 3187 3186
f 3087 3088 3188 3187
f 3088 3089 3189 3188
f 3089 3090 3190 3189
f 3090 3091 3191 3190
f 3091 3092 3192 3191
f 3092 3093 3193 3192
f 3093 3094 3194 3193
f 3094 3095 3195 3194
f 3095 3096 3196 3195
f 3096 3097 3197 3196
f 3097 3098 3198 3197
f 3098 3099 3199 3198
f 3099 3100 3200 3199
f 3100 3001 3101 3200
f 3101 3102 3202 3201
f 3102 3103 3203 3202
f 3103 3104 3204 3203
f 3104 3105 3205 3204
f 3105 3106 3206 3205
f 3106 3107 3207 3206
f 3107 3108 3208 3207
f 3108 3109 3209 3208
f 3109 3110 3210 3209
f 3110 3111 3211 3210
f 3111 3112 3212 3211
f 3112 3113 3213 3212
f 3113 3114 3214 3213
f 3114 3115 3215 3214
f 3115 3116 3216 3215
f 3116 3117 3217 3216
f 3117 3118 3218 3217
f 3118 3119 3219 3218
f 3119 3120 3220 3219
f 3120 3121 3221 3220
f 3121 3122 3222 3221
f 3122 3123 3223 3222
f 3123 3124 3224 3223
f 3124 3125 3225 3224
f 3125 3126 3226 3225
f 3126 3127 3227 3226
f 3127 3128 3228 3227
f 3128 3129 3229 3228
f 3129 3130 3230 3229
f 3130 3131 3231 3230
f 3131 3132 3232 3231
f 3132 3133 3233 3232
f 3133 3134 3234 3233
f 3134 3135 3235 3234
f 3135 3136 3236 3235
f 3136 3137 3237 3236
f 3137 3138 3238 3237
f 3138 3139 3239 3238
f 3139 3140 3240 3239
f 3140 3141 3241 3240
f 3141 3142 3242 3241
f 3142 3143 3243 3242
f 3143 3144 3244 3243
f 3144 3145 3245 3244
f 3145 3146 3246 3245
f 3146 3147 3247 3246
f 3147 3148 3248 3247
f 3148 3149 3249 3248
f 3149 3150 3250 3249
f 3150 3151 3251 3250
f 3151 3152 3252 3251
f 3152 3153 3253 3252
f 3153 3154 3254 3253
f 3154 3155 3255 3254
f 3155 3156 3256 3255
f 3156 3157 3257 3256
f 3157 3158 3258 3257
f 3158 3159 3259 3258
f 3159 3160 3260 3259
f 3160 3161 3261 3260
f 3161 3162 3262 3261
f 3162 3163 3263 3262
f 3163 3164 3264 3263
f 3164 3165 3265 3264
f 3165 3166 3266 3265
f 3166 3167 3267 3266
f 3167 3168 3268 3267
f 3168 3169 3269 3268
f 3169 3170 3270 3269
f 3170 3171 3271 3270
f 3171 3172 3272 3271
f 3172 3173 3273 3272
f 3173 3174 3274 3273
f 3174 3175 3275 3274
f 3175 3176 3276 3275
f 3176 3177 3277 3276
f 3177 3178 3278 3277
f 3178 3179 3279 3278
f 3179 3180 3280 3279
f 3180 3181 3281 3280
f 3181 3182 3282 3281
f 3182 3183 3283 3282
f 3183 3184 3284 3283
f 3184 3185 3285 3284
f 3185 3186 3286 3285
f 3186 3187 3287 3286
f 3187 3188 3288 3287
f 3188 3189 3289 3288
f 3189 3190 3290 3289
f 3190 3191 3291 3290
f 3191 3192 3292 3291
f 3192 3193 3293 3292
f 3193 3194 3294 3293
f 3194 3195 3295 3294
f 3195 3196 3296 3295
f 3196 3197 3297 3296
f 3197 3198 3298 3297
f 3198 3199 3299 3298
f 3199 3200 3300 3299
f 3200 3101 3201 3300
f 3201 3202 3302 3301
f 3202 3203 3303 3302
f 3203 3204 3304 3303
f 3204 3205 3305 3304
f 3205 3206 3306 3305
f 3206 3207 3307 3306
f 3207 3208 3308 3307
f 3208 3209 3309 3308
f 3209 3210 3310 3309
f 3210 3211 3311 3310
f 3211 3212 3312 3311
f 3212 3213 3313 3312
f 3213 3214 3314 3313
f 3214 3215 3315 3314
f 3215 3216 3316 3315
f 3216 3217 3317 3316
f 3217 3218 3318 3317
f 3218 3219 3319 3318
f 3219 3220 3320 3319
f 3220 3221 3321 3320
f 3221 3222 3322 3321
f 3222 3223 3323 3322
f 3223 3224 3324 3323
f 3224 3225 3325 3324
f 3225 3226 3326 3325
f 3226 3227 3327 3326
f 3227 3228 3328 3327
f 3228 3229 3329 3328
f 3229 3230 3330 3329
f 3230 3231 3331 3330
f 3231 3232 3332 3331
f 3232 3233 3333 3332
f 3233 3234 3334 3333
f 3234 3235 3335 3334
f 3235 3236 3336 3335
f 3236 3237 3337 3336
f 3237 3238 3338 3337
f 3238 3239 3339 3338
f 3239 3240 3340 3339
f 3240 3241 3341 3340
f 3241 3242 3342 3341
f 3242 3243 3343 3342
f 3243 3244 3344 3343
f 3244 3245 3345 3344
f 3245 3246 3346 3345
f 3246 3247 3347 3346
f 3247 3248 3348 3347
f 3248 3249 3349 3348
f 3249 3250 3350 3349
f 3250 3251 3351 3350
f 3251 3252 3352 3351
f 3252 3253 3353 3352
f 3253 3254 3354 3353
f 3254 3255 3355 3354
f 3255 3256 3356 3355
f 3256 3257 3357 3356
f 3257 3258 3358 3357
f 3258 3259 3359 3358
f 3259 3260 3360 3359
f 3260 3261 3361 3360
f 3261 3262 3362 3361
f 3262 3263 3363 3362
f 3263 3264 3364 3363
f 3264 3265 3365 3364
f 3265 3266 3366 3365
f 3266 3267 3367 3366
f 3267 3268 3368 3367
f 3268 3269 3369 3368
f 3269 3270 3370 3369
f 3270 3271 3371 3370
f 3271 3272 3372 3371
f 3272 3273 3373 3372
f 3273 3274 3374 3373
f 3274 3275 3375 3374
f 3275 3276 3376 3375
f 3276 3277 3377 3376
f 3277 3278 3378 3377
f 3278 3279 3379 3378
f 3279 3280 3380 3379
f 3280 3281 3381 3380
f 3281 3282 3382 3381
f 3282 3283 3383 3382
f 3283 3284 3384 3383
f 3284 3285 3385 3384
f 3285 3286 3386 3385
f 3286 3287 3387 3386
f 3287 3288 3388 3387
f 3288 3289 3389 3388
f 3289 3290 3390 3389
f 3290 3291 3391 3390
f 3291 3292 3392 3391
f 3292 3293 3393 3392
f 3293 3294 3394 3393
f 3294 3295 3395 3394
f 3295 3296 3396 3395
f 3296 3297 3397 3396
f 3297 3298 3398 3397
f 3298 3299 3399 3398
f 3299 3300 3400 3399
f 3300 3201 3301 3400
f 3301 3302 3402 3401
f 3302 3303 3403 3402
f 3303 3304 3404 3403
f 3304 3305 3405 3404
f 3305 3306 3406 3405
f 3306 3307 3407 3406
f 3307 3308 3408 3407
f 3308 3309 3409 3408
f 3309 3310 3410 3409
f 3310 3311 3411 3410
f 3311 3312 3412 3411
f 3312 3313 3413 3412
f 3313 3314 3414 3413
f 3314 3315 3415 3414
f 3315 3316 3416 3415
f 3316 3317 3417 3416
f 3317 3318 3418 3417
f 3318 3319 3419 3418
f 3319 3320 3420 3419
f 3320 3321 3421 3420
f 3321 3322 3422 3421
f 3322 3323 3423 3422
f 3323 3324 3424 3423
f 3324 3325 3425 3424
f 3325 3326 3426 3425
f 3326 3327 3427 3426
f 3327 3328 3428 3427
f 3328 3329 3429 3428
f 3329 3330 3430 3429
f 3330 3331 3431 3430
f 3331 3332 3432 3431
f 3332 3333 3433 3432
f 3333 3334 3434 3433
f 3334 3335 3435 3434
f 3335 3336 3436 3435
f 3336 3337 3437 3436
f 3337 3338 3438 3437
f 3338 3339 3439 3438
f 3339 3340 3440 3439
f 3340 3341 3441 3440
f 3341 3342 3442 3441
f 3342 3343 3443 3442
f 3343 3344 3444 3443
f 3344 3345 3445 3444
f 3345 3346 3446 3445
f 3346 3347 3447 3446
f 3347 3348 3448 3447
f 3348 3349 3449 3448
f 3349 3350 3450 3449
f 3350 3351 3451 3450
f 3351 3352 3452 3451
f 3352 3353 3453 3452
f 3353 3354 3454 3453
f 3354 3355 3455 3454
f 3355 3356 3456 3455
f 3356 3357 3457 3456
f 3357 3358 3458 3457
f 3358 3359 3459 3458
f 3359 3360 3460 3459
f 3360 3361 3461 3460
f 3361 3362 3462 3461
f 3362 3363 3463 3462
f 3363 3364 3464 3463
f 3364 3365 3465 3464
f 3365 3366 3466 3465
f 3366 3367 3467 3466
f 3367 3368 3468 3467
f 3368 3369 3469 3468
f 3369 3370 3470 3469
f 3370 3371 3471 3470
f 3371 3372 3472 3471
f 3372 3373 3473 3472
f 3373 3374 3474 3473
f 3374 3375 3475 3474
f 3375 3376 3476 3475
f 3376 3377 3477 3476
f 3377 3378 3478 3477
f 3378 3379 3479 3478
f 3379 3380 3480 3479
f 3380 3381 3481 3480
f 3381 3382 3482 3481
f 3382 3383 3483 3482
f 3383 3384 3484 3483
f 3384 3385 3485 3484
f 3385 3386 3486 3485
f 3386 3387 3487 3486
f 3387 3388 3488 3487
f 3388 3389 3489 3488
f 3389 3390 3490 3489
f 3390 3391 3491 3490
f 3391 3392 3492 3491
f 3392 3393 3493 3492
f 3393 3394 3494 3493
f 3394 3395 3495 3494
f 3395 3396 3496 3495
f 3396 3397 3497 3496
f 3397 3398 3498 3497
f 3398 3399 3499 3498
f 3399 3400 3500 3499
f 3400 3301 3401 3500
f 3401 3402 3502 3501
f 3402 3403 3503 3502
f 3403 3404 3504 3503
f 3404 3405 3505 3504
f 3405 3406 3506 3505
f 3406 3407 3507 3506
f 3407 3408 3508 3507
f 3408 3409 3509 3508
f 3409 3410 3510 3509
f 3410 3411 3511 3510
f 3411 3412 3512 3511
f 3412 3413 3513 3512
f 3413 3414 3514 3513
f 3414 3415 3515 3514
f 3415 3416 3516 3515
f 3416 3417 3517 3516
f 3417 3418 3518 3517
f 3418 3419 3519 3518
f 3419 3420 3520 3519
f 3420 3421 3521 3520
f 3421 3422 3522 3521
f 3422 3423 3523 3522
f 3423 3424 3524 3523
f 3424 3425 3525 3524
f 3425 3426 3526 3525
f 3426 3427 3527 3526
f 3427 3428 3528 3527
f 3428 3429 3529 3528
f 3429 3430 3530 3529
f 3430 3431 3531 3530
f 3431 3432 3532 3531
f 3432 3433 3533 3532
f 3433 3434 3534 3533
f 3434 3435 3535 3534
f 3435 3436 3536 3535
f 3436 3437 3537 3536
f 3437 3438 3538 3537
f 3438 3439 3539 3538
f 3439 3440 3540 3539
f 3440 3441 3541 3540
f 3441 3442 3542 3541
f 3442 3443 3543 3542
f 3443 3444 3544 3543
f 3444 3445 3545 3544
f 3445 3446 3546 3545
f 3446 3447 3547 3546
f 3447 3448 3548 3547
f 3448 3449 3549 3548
f 3449 3450 3550 3549
f 3450 3451 3551 3550
f 3451 3452 3552 3551
f 3452 3453 3553 3552
f 3453 3454 3554 3553
f 3454 3455 3555 3554
f 3455 3456 3556 3555
f 3456 3457 3557 3556
f 3457 3458 3558 3557
f 3458 3459 3559 3558
f 3459 3460 3560 3559
f 3460 3461 3561 3560
f 3461 3462 3562 3561
f 3462 3463 3563 3562
f 3463 3464 3564 3563
f 3464 3465 3565 3564
f 3465 3466 3566 3565
f 3466 3467 3567 3566
f 3467 3468 3568 3567
f 3468 3469 3569 3568
f 3469 3470 3570 3569
f 3470 3471 3571 3570
f 3471 3472 3572 3571
f 3472 3473 3573 3572
f 3473 3474 3574 3573
f 3474 3475 3575 3574
f 3475 3476 3576 3575
f 3476 3477 3577 3576
f 3477 3478 3578 3577
f 3478 3479 3579 3578
f 3479 3480 3580 3579
f 3480 3481 3581 3580
f 3481 3482 3582 3581
f 3482 3483 3583 3582
f 3483 3484 3584 3583
f 3484 3485 3585 3584
f 3485 3486 3586 3585
f 3486 3487 3587 3586
f 3487 3488 3588 3587
f 3488 3489 3589 3588
f 3489 3490 3590 3589
f 3490 3491 3591 3590
f 3491 3492 3592 3591
f 3492 3493 3593 3592
f 3493 3494 3594 3593
f 3494 3495 3595 3594
f 3495 3496 3596 3595
f 3496 3497 3597 3596
f 3497 3498 3598 3597
f 3498 3499 3599 3598
f 3499 3500 3600 3599
f 3500 3401 3501 3600
f 3501 3502 3602 3601
f 3502 3503 3603 3602
f 3503 3504 3604 3603
f 3504 3505 3605 3604
f 3505 3506 3606 3605
f 3506 3507 3607 3606
f 3507 3508 3608 3607
f 3508 3509 3609 3608
f 3509 3510 3610 3609
f 3510 3511 3611 3610
f 3511 3512 3612 3611
f 3512 3513 3613 3612
f 3513 3514 3614 3613
f 3514 3515 3615 3614
f 3515 3516 3616 3615
f 3516 3517 3617 3616
f 3517 3518 3618 3617
f 3518 3519 3619 3618
f 3519 3520 3620 3619
f 3520 3521 3621 3620
f 3521 3522 3622 3621
f 3522 3523 3623 3622
f 3523 3524 3624 3623
f 3524 3525 3625 3624
f 3525 3526 3626 3625
f 3526 3527 3627 3626
f 3527 3528 3628 3627
f 3528 3529 3629 3628
f 3529 3530 3630 3629
f 3530 3531 3631 3630
f 3531 3532 3632 3631
f 3532 3533 3633 3632
f 3533 3534 3634 3633
f 3534 3535 3635 3634
f 3535 3536 3636 3635
f 3536 3537 3637 3636
f 3537 3538 3638 3637
f 3538 3539 3639 3638
f 3539 3540 3640 3639
f 3540 3541 3641 3640
f 3541 3542 3642 3641
f 3542 3543 3643 3642
f 3543 3544 3644 3643
f 3544 3545 3645 3644
f 3545 3546 3646 3645
f 3546 3547 3647 3646
f 3547 3548 3648 3647
f 3548 3549 3649 3648
f 3549 3550 3650 3649
f 3550 3551 3651 3650
f 3551 3552 3652 3651
f 3552 3553 3653 3652
f 3553 3554 3654 3653
f 3554 3555 3655 3654
f 3555 3556 3656 3655
f 3556 3557 3657 3656
f 3557 3558 3658 3657
f 3558 3559 3659 3658
f 3559 3560 3660 3659
f 3560 3561 3661 3660
f 3561 3562 3662 3661
f 3562 3563 3663 3662
f 3563 3564 3664 3663
f 3564 3565 3665 3664
f 3565 3566 3666 3665
f 3566 3567 3667 3666
f 3567 3568 3668 3667
f 3568 3569 3669 3668
f 3569 3570 3670 3669
f 3570 3571 3671 3670
f 3571 3572 3672 3671
f 3572 3573 3673 3672
f 3573 3574 3674 3673
f 3574 3575 3675 3674
f 3575 3576 3676 3675
f 3576 3577 3677 3676
f 3577 3578 3678 3677
f 3578 3579 3679 3678
f 3579 3580 3680 3679
f 3580 3581 3681 3680
f 3581 3582 3682 3681
f 3582 3583 3683 3682
f 3583 3584 3684 3683
f 3584 3585 3685 3684
f 3585 3586 3686 3685
f 3586 3587 3687 3686
f 3587 3588 3688 3687
f 3588 3589 3689 3688
f 3589 3590 3690 3689
f 3590 3591 3691 3690
f 3591 3592 3692 3691
f 3592 3593 3693 3692
f 3593 3594 3694 3693
f 3594 3595 3695 3694
f 3595 3596 3696 3695
f 3596 3597 3697 3696
f 3597 3598 3698 3697
f 3598 3599 3699 3698
f 3599 3600 3700 3699
f 3600 3501 3601 3700
f 3601 3602 3702 3701
f 3602 3603 3703 3702
f 3603 3604 3704 3703
f 3604 3605 3705 3704
f 3605 3606 3706 3705
f 3606 3607 3707 3706
f 3607 3608 3708 3707
f 3608 3609 3709 3708
f 3609 3610 3710 3709
f 3610 3611 3711 3710
f 3611 3612 3712 3711
f 3612 3613 3713 3712
f 3613 3614 3714 3713
f 3614 3615 3715 3714
f 3615 3616 3716 3715
f 3616 3617 3717 3716
f 3617 3618 3718 3717
f 3618 3619 3719 3718
f 3619 3620 3720 3719
f 3620 3621 3721 3720
f 3621 3622 3722 3721
f 3622 3623 3723 3722
f 3623 3624 3724 3723
f 3624 3625 3725 3724
f 3625 3626 3726 3725
f 3626 3627 3727 3726
f 3627 3628 3728 3727
f 3628 3629 3729 3728
f 3629 3630 3730 3729
f 3630 3631 3731 3730
f 3631 3632 3732 3731
f 3632 3633 3733 3732
f 3633 3634 3734 3733
f 3634 3635 3735 3734
f 3635 3636 3736 3735
f 3636 3637 3737 3736
f 3637 3638 3738 3737
f 3638 3639 3739 3738
f 3639 3640 3740 3739
f 3640 3641 3741 3740
f 3641 3642 3742 3741
f 3642 3643 3743 3742
f 3643 3644 3744 3743
f 3644 3645 3745 3744
f 3645 3646 3746 3745
f 3646 3647 3747 3746
f 3647 3648 3748 3747
f 3648 3649 3749 3748
f 3649 3650 3750 3749
f 3650 3651 3751 3750
f 3651 3652 3752 3751
f 3652 3653 3753 3752
f 3653 3654 3754 3753
f 3654 3655 3755 3754
f 3655 3656 3756 3755
f 3656 3657 3757 3756
f 3657 3658 3758 3757
f 3658 3659 3759 3758
f 3659 3660 3760 3759
f 3660 3661 3761 3760
f 3661 3662 3762 3761
f 3662 3663 3763 3762
f 3663 3664 3764 3763
f 3664 3665 3765 3764
f 3665 3666 3766 3765
f 3666 3667 3767 3766
f 3667 3668 3768 3767
f 3668 3669 3769 3768
f 3669 3670 3770 3769
f 3670 3671 3771 3770
f 3671 3672 3772 3771
f 3672 3673 3773 3772
f 3673 3674 3774 3773
f 3674 3675 3775 3774
f 3675 3676 3776 3775
f 3676 3677 3777 3776
f 3677 3678 3778 3777
f 3678 3679 3779 3778
f 3679 3680 3780 3779
f 3680 3681 3781 3780
f 3681 3682 3782 3781
f 3682 3683 3783 3782
f 3683 3684 3784 3783
f 3684 3685 3785 3784
f 3685 3686 3786 3785
f 3686 3687 3787 3786
f 3687 3688 3788 3787
f 3688 3689 3789 3788
f 3689 3690 3790 3789
f 3690 3691 3791 3790
f 3691 3692 3792 3791
f 3692 3693 3793 3792
f 3693 3694 3794 3793
f 3694 3695 3795 3794
f 3695 3696 3796 3795
f 3696 3697 3797 3796
f 3697 3698 3798 3797
f 3698 3699 3799 3798
f 3699 3700 3800 3799
f 3700 3601 3701 3800
f 3701 3702 3802 3801
f 3702 3703 3803 3802
f 3703 3704 3804 3803
f 3704 3705 3805 3804
f 3705 3706 3806 3805
f 3706 3707 3807 3806
f 3707 3708 3808 3807
f 3708 3709 3809 3808
f 3709 3710 3810 3809
f 3710 3711 3811 3810
f 3711 3712 3812 3811
f 3712 3713 3813 3812
f 3713 3714 3814 3813
f 3714 3715 3815 3814
f 3715 3716 3816 3815
f 3716 3717 3817 3816
f 3717 3718 3818 3817
f 3718 3719 3819 3818
f 3719 3720 3820 3819
f 3720 3721 3821 3820
f 3721 3722 3822 3821
f 3722 3723 3823 3822
f 3723 3724 3824 3823
f 3724 3725 3825 3824
f 3725 3726 3826 3825
f 3726 3727 3827 3826
f 3727 3728 3828 3827
f 3728 3729 3829 3828
f 3729 3730 3830 3829
f 3730 3731 3831 3830
f 3731 3732 3832 3831
f 3732 3733 3833 3832
f 3733 3734 3834 3833
f 3734 3735 3835 3834
f 3735 3736 3836 3835
f 3736 3737 3837 3836
f 3737 3738 3838 3837
f 3738 3739 3839 3838
f 3739 3740 3840 3839
f 3740 3741 3841 3840
f 3741 3742 3842 3841
f 3742 3743 3843 3842
f 3743 3744 3844 3843
f 3744 3745 3845 3844
f 3745 3746 3846 3845
f 3746 3747 3847 3846
f 3747 3748 3848 3847
f 3748 3749 3849 3848
f 3749 3750 3850 3849
f 3750 3751 3851 3850
f 3751 3752 3852 3851
f 3752 3753 3853 3852
f 3753 3754 3854 3853
f 3754 3755 3855 3854
f 3755 3756 3856 3855
f 3756 3757 3857 3856
f 3757 3758 3858 3857
f 3758 3759 3859 3858
f 3759 3760 3860 3859
f 3760 3761 3861 3860
f 3761 3762 3862 3861
f 3762 3763 3863 3862
f 3763 3764 3864 3863
f 3764 3765 3865 3864
f 3765 3766 3866 3865
f 3766 3767 3867 3866
f 3767 3768 3868 3867
f 3768 3769 3869 3868
f 3769 3770 3870 3869
f 3770 3771 3871 3870
f 3771 3772 3872 3871
f 3772 3773 3873 3872
f 3773 3774 3874 3873
f 3774 3775 3875 3874
f 3775 3776 3876 3875
f 3776 3777 3877 3876
f 3777 3778 3878 3877
f 3778 3779 3879 3878
f 3779 3780 3880 3879
f 3780 3781 3881 3880
f 3781 3782 3882 3881
f 3782 3783 3883 3882
f 3783 3784 3884 3883
f 3784 3785 3885 3884
f 3785 3786 3886 3885
f 3786 3787 3887 3886
f 3787 3788 3888 3887
f 3788 3789 3889 3888
f 3789 3790 3890 3889
f 3790 3791 3891 3890
f 3791 3792 3892 3891
f 3792 3793 3893 3892
f 3793 3794 3894 3893
f 3794 3795 3895 3894
f 3795 3796 3896 3895
f 3796 3797 3897 3896
f 3797 3798 3898 3897
f 3798 3799 3899 3898
f 3799 3800 3900 3899
f 3800 3701 3801 3900
f 3801 3802 3902 3901
f 3802 3803 3903 3902
f 3803 3804 3904 3903
f 3804 3805 3905 3904
f 3805 3806 3906 3905
f 3806 3807 3907 3906
f 3807 3808 3908 3907
f 3808 3809 3909 3908
f 3809 3810 3910 3909
f 3810 3811 3911 3910
f 3811 3812 3912 3911
f 3812 3813 3913 3912
f 3813 3814 3914 3913
f 3814 3815 3915 3914
f 3815 3816 3916 3915
f 3816 3817 3917 3916
f 3817 3818 3918 3917
f 3818 3819 3919 3918
f 3819 3820 3920 3919
f 3820 3821 3921 3920
f 3821 3822 3922 3921
f 3822 3823 3923 3922
f 3823 3824 3924 3923
f 3824 3825 3925 3924
f 3825 3826 3926 3925
f 3826 3827 3927 3926
f 3827 3828 3928 3927
f 3828 3829 3929 3928
f 3829 3830 3930 3929
f 3830 3831 3931 3930
f 3831 3832 3932 3931
f 3832 3833 3933 3932
f 3833 3834 3934 3933
f 3834 3835 3935 3934
f 3835 3836 3936 3935
f 3836 3837 3937 3936
f 3837 3838 3938 3937
f 3838 3839 3939 3938
f 3839 3840 3940 3939
f 3840 3841 3941 3940
f 3841 3842 3942 3941
f 3842 3843 3943 3942
f 3843 3844 3944 3943
f 3844 3845 3945 3944
f 3845 3846 3946 3945
f 3846 3847 3947 3946
f 3847 3848 3948 3947
f 3848 3849 3949 3948
f 3849 3850 3950 3949
f 3850 3851 3951 3950
f 3851 3852 3952 3951
f 3852 3853 3953 3952
f 3853 3854 3954 3953
f 3854 3855 3955 3954
f 3855 3856 3956 3955
f 3856 3857 3957 3956
f 3857 3858 3958 3957
f 3858 3859 3959 3958
f 3859 3860 3960 3959
f 3860 3861 3961 3960
f 3861 3862 3962 3961
f 3862 3863 3963 3962
f 3863 3864 3964 3963
f 3864 3865 3965 3964
f 3865 3866 3966 3965
f 3866 3867 3967 3966
f 3867 3868 3968 3967
f 3868 3869 3969 3968
f 3869 3870 3970 3969
f 3870 3871 3971 3970
f 3871 3872 3972 3971
f 3872 3873 3973 3972
f 3873 3874 3974 3973
f 3874 3875 3975 3974
f 3875 3876 3976 3975
f 3876 3877 3977 3976
f 3877 3878 3978 3977
f 3878 3879 3979 3978
f 3879 3880 3980 3979
f 3880 3881 3981 3980
f 3881 3882 3982 3981
f 3882 3883 3983 3982
f 3883 3884 3984 3983
f 3884 3885 3985 3984
f 3885 3886 3986 3985
f 3886 3887 3987 3986
f 3887 3888 3988 3987
f 3888 3889 3989 3988
f 3889 3890 3990 3989
f 3890 3891 3991 3990
f 3891 3892 3992 3991
f 3892 3893 3993 3992
f 3893 3894 3994 3993
f 3894 3895 3995 3994
f 3895 3896 3996 3995
f 3896 3897 3997 3996
f 3897 3898 3998 3997
f 3898 3899 3999 3998
f 3899 3900 4000 3999
f 3900 3801 3901 4000
f 3901 3902 4002 4001
f 3902 3903 4003 4002
f 3903 3904 4004 4003
f 3904 3905 4005 4004
f 3905 3906 4006 4005
f 3906 3907 4007 4006
f 3907 3908 4008 4007
f 3908 3909 4009 4008
f 3909 3910 4010 4009
f 3910 3911 4011 4010
f 3911 3912 4012 4011
f 3912 3913 4013 4012
f 3913 3914 4014 4013
f 3914 3915 4015 4014
f 3915 3916 4016 4015
f 3916 3917 4017 4016
f 3917 3918 4018 4017
f 3918 3919 4019 4018
f 3919 3920 4020 4019
f 3920 3921 4021 4020
f 3921 3922 4022 4021
f 3922 3923 4023 4022
f 3923 3924 4024 4023
f 3924 3925 4025 4024
f 3925 3926 4026 4025
f 3926 3927 4027 4026
f 3927 3928 4028 4027
f 3928 3929 4029 4028
f 3929 3930 4030 4029
f 3930 3931 4031 4030
f 3931 3932 4032 4031
f 3932 3933 4033 4032
f 3933 3934 4034 4033
f 3934 3935 4035 4034
f 3935 3936 4036 4035
f 3936 3937 4037 4036
f 3937 3938 4038 4037
f 3938 3939 4039 4038
f 3939 3940 4040 4039
f 3940 3941 4041 4040
f 3941 3942 4042 4041
f 3942 3943 4043 4042
f 3943 3944 4044 4043
f 3944 3945 4045 4044
f 3945 3946 4046 4045
f 3946 3947 4047 4046
f 3947 3948 4048 4047
f 3948 3949 4049 4048
f 3949 3950 4050 4049
f 3950 3951 4051 4050
f 3951 3952 4052 4051
f 3952 3953 4053 4052
f 3953 3954 4054 4053
f 3954 3955 4055 4054
f 3955 3956 4056 4055
f 3956 3957 4057 4056
f 3957 3958 4058 4057
f 3958 3959 4059 4058
f 3959 3960 4060 4059
f 3960 3961 4061 4060
f 3961 3962 4062 4061
f 3962 3963 4063 4062
f 3963 3964 4064 4063
f 3964 3965 4065 4064
f 3965 3966 4066 4065
f 3966 3967 4067 4066
f 3967 3968 4068 4067
f 3968 3969 4069 4068
f 3969 3970 4070 4069
f 3970 3971 4071 4070
f 3971 3972 4072 4071
f 3972 3973 4073 4072
f 3973 3974 4074 4073
f 3974 3975 4075 4074
f 3975 3976 4076 4075
f 3976 3977 4077 4076
f 3977 3978 4078 4077
f 3978 3979 4079 4078
f 3979 3980 4080 4079
f 3980 3981 4081 4080
f 3981 3982 4082 4081
f 3982 3983 4083 4082
f 3983 3984 4084 4083
f 3984 3985 4085 4084
f 3985 3986 4086 4085
f 3986 3987 4087 4086
f 3987 3988 4088 4087
f 3988 3989 4089 4088
f 3989 3990 4090 4089
f 3990 3991 4091 4090
f 3991 3992 4092 4091
f 3992 3993 4093 4092
f 3993 3994 4094 4093
f 3994 3995 4095 4094
f 3995 3996 4096 4095
f 3996 3997 4097 4096
f 3997 3998 4098 4097
f 3998 3999 4099 4098
f 3999 4000 4100 4099
f 4000 3901 4001 4100
f 4001 4002 4102 4101
f 4002 4003 4103 4102
f 4003 4004 4104 4103
f 4004 4005 4105 4104
f 4005 4006 4106 4105
f 4006 4007 4107 4106
f 4007 4008 4108 4107
f 4008 4009 4109 4108
f 4009 4010 4110 4109
f 4010 4011 4111 4110
f 4011 4012 4112 4111
f 4012 4013 4113 4112
f 4013 4014 4114 4113
f 4014 4015 4115 4114
f 4015 4016 4116 4115
f 4016 4017 4117 4116
f 4017 4018 4118 4117
f 4018 4019 4119 4118
f 4019 4020 4120 4119
f 4020 4021 4121 4120
f 4021 4022 4122 4121
f 4022 4023 4123 4122
f 4023 4024 4124 4123
f 4024 4025 4125 4124
f 4025 4026 4126 4125
f 4026 4027 4127 4126
f 4027 4028 4128 4127
f 4028 4029 4129 4128
f 4029 4030 4130 4129
f 4030 4031 4131 4130
f 4031 4032 4132 4131
f 4032 4033 4133 4132
f 4033 4034 4134 4133
f 4034 4035 4135 4134
f 4035 4036 4136 4135
f 4036 4037 4137 4136
f 4037 4038 4138 4137
f 4038 4039 4139 4138
f 4039 4040 4140 4139
f 4040 4041 4141 4140
f 4041 4042 4142 4141
f 4042 4043 4143 4142
f 4043 4044 4144 4143
f 4044 4045 4145 4144
f 4045 4046 4146 4145
f 4046 4047 4147 4146
f 4047 4048 4148 4147
f 4048 4049 4149 4148
f 4049 4050 4150 4149
f 4050 4051 4151 4150
f 4051 4052 4152 4151
f 4052 4053 4153 4152
f 4053 4054 4154 4153
f 4054 4055 4155 4154
f 4055 4056 4156 4155
f 4056 4057 4157 4156
f 4057 4058 4158 4157
f 4058 4059 4159 4158
f 4059 4060 4160 4159
f 4060 4061 4161 4160
f 4061 4062 4162 4161
f 4062 4063 4163 4162
f 4063 4064 4164 4163
f 4064 4065 4165 4164
f 4065 4066 4166 4165
f 4066 4067 4167 4166
f 4067 4068 4168 4167
f 4068 4069 4169 4168
f 4069 4070 4170 4169
f 4070 4071 4171 4170
f 4071 4072 4172 4171
f 4072 4073 4173 4172
f 4073 4074 4174 4173
f 4074 4075 4175 4174
f 4075 4076 4176 4175
f 4076 4077 4177 4176
f 4077 4078 4178 4177
f 4078 4079 4179 4178
f 4079 4080 4180 4179
f 4080 4081 4181 4180
f 4081 4082 4182 4181
f 4082 4083 4183 4182
f 4083 4084 4184 4183
f 4084 4085 4185 4184
f 4085 4086 4186 4185
f 4086 4087 4187 4186
f 4087 4088 4188 4187
f 4088 4089 4189 4188
f 4089 4090 4190 4189
f 4090 4091 4191 4190
f 4091 4092 4192 4191
f 4092 4093 4193 4192
f 4093 4094 4194 4193
f 4094 4095 4195 4194
f 4095 4096 4196 4195
f 4096 4097 4197 4196
f 4097 4098 4198 4197
f 4098 4099 4199 4198
f 4099 4100 4200 4199
f 4100 4001 4101 4200
f 4101 4102 4202 4201
f 4102 4103 4203 4202
f 4103 4104 4204 4203
f 4104 4105 4205 4204
f 4105 4106 4206 4205
f 4106 4107 4207 4206
f 4107 4108 4208 4207
f 4108 4109 4209 4208
f 4109 4110 4210 4209
f 4110 4111 4211 4210
f 4111 4112 4212 4211
f 4112 4113 4213 4212
f 4113 4114 4214 4213
f 4114 4115 4215 4214
f 4115 4116 4216 4215
f 4116 4117 4217 4216
f 4117 4118 4218 4217
f 4118 4119 4219 4218
f 4119 4120 4220 4219
f 4120 4121 4221 4220
f 4121 4122 4222 4221
f 4122 4123 4223 4222
f 4123 4124 4224 4223
f 4124 4125 4225 4224
f 4125 4126 4226 4225
f 4126 4127 4227 4226
f 4127 4128 4228 4227
f 4128 4129 4229 4228
f 4129 4130 4230 4229
f 4130 4131 4231 4230
f 4131 4132 4232 4231
f 4132 4133 4233 4232
f 4133 4134 4234 4233
f 4134 4135 4235 4234
f 4135 4136 4236 4235
f 4136 4137 4237 4236
f 4137 4138 4238 4237
f 4138 4139 4239 4238
f 4139 4140 4240 4239
f 4140 4141 4241 4240
f 4141 4142 4242 4241
f 4142 4143 4243 4242
f 4143 4144 4244 4243
f 4144 4145 4245 4244
f 4145 4146 4246 4245
f 4146 4147 4247 4246
f 4147 4148 4248 4247
f 4148 4149 4249 4248
f 4149 4150 4250 4249
f 4150 4151 4251 4250
f 4151 4152 4252 4251
f 4152 4153 4253 4252
f 4153 4154 4254 4253
f 4154 4155 4255 4254
f 4155 4156 4256 4255
f 4156 4157 4257 4256
f 4157 4158 4258 4257
f 4158 4159 4259 4258
f 4159 4160 4260 4259
f 4160 4161 4261 4260
f 4161 4162 4262 4261
f 4162 4163 4263 4262
f 4163 4164 4264 4263
f 4164 4165 4265 4264
f 4165 4166 4266 4265
f 4166 4167 4267 4266
f 4167 4168 4268 4267
f 4168 4169 4269 4268
f 4169 4170 4270 4269
f 4170 4171 4271 4270
f 4171 4172 4272 4271
f 4172 4173 4273 4272
f 4173 4174 4274 4273
f 4174 4175 4275 4274
f 4175 4176 4276 4275
f 4176 4177 4277 4276
f 4177 4178 4278 4277
f 4178 4179 4279 4278
f 4179 4180 4280 4279
f 4180 4181 4281 4280
f 4181 4182 4282 4281
f 4182 4183 4283 4282
f 4183 4184 4284 4283
f 4184 4185 4285 4284
f 4185 4186 4286 4285
f 4186 4187 4287 4286
f 4187 4188 4288 4287
f 4188 4189 4289 4288
f 4189 4190 4290 4289
f 4190 4191 4291 4290
f 4191 4192 4292 4291
f 4192 4193 4293 4292
f 4193 4194 4294 4293
f 4194 4195 4295 4294
f 4195 4196 4296 4295
f 4196 4197 4297 4296
f 4197 4198 4298 4297
f 4198 4199 4299 4298
f 4199 4200 4300 4299
f 4200 4101 4201 4300
f 4201 4202 4302 4301
f 4202 4203 4303 4302
f 4203 4204 4304 4303
f 4204 4205 4305 4304
f 4205 4206 4306 4305
f 4206 4207 4307 4306
f 4207 4208 4308 4307
f 4208 4209 4309 4308
f 4209 4210 4310 4309
f 4210 4211 4311 4310
f 4211 4212 4312 4311
f 4212 4213 4313 4312
f 4213 4214 4314 4313
f 4214 4215 4315 4314
f 4215 4216 4316 4315
f 4216 4217 4317 4316
f 4217 4218 4318 4317
f 4218 4219 4319 4318
f 4219 4220 4320 4319
f 4220 4221 4321 4320
f 4221 4222 4322 4321
f 4222 4223 4323 4322
f 4223 4224 4324 4323
f 4224 4225 4325 4324
f 4225 4226 4326 4325
f 4226 4227 4327 4326
f 4227 4228 4328 4327
f 4228 4229 4329 4328
f 4229 4230 4330 4329
f 4230 4231 4331 4330
f 4231 4232 4332 4331
f 4232 4233 4333 4332
f 4233 4234 4334 4333
f 4234 4235 4335 4334
f 4235 4236 4336 4335
f 4236 4237 4337 4336
f 4237 4238 4338 4337
f 4238 4239 4339 4338
f 4239 4240 4340 4339
f 4240 4241 4341 4340
f 4241 4242 4342 4341
f 4242 4243 4343 4342
f 4243 4244 4344 4343
f 4244 4245 4345 4344
f 4245 4246 4346 4345
f 4246 4247 4347 4346
f 4247 4248 4348 4347
f 4248 4249 4349 4348
f 4249 4250 4350 4349
f 4250 4251 4351 4350
f 4251 4252 4352 4351
f 4252 4253 4353 4352
f 4253 4254 4354 4353
f 4254 4255 4355 4354
f 4255 4256 4356 4355
f 4256 4257 4357 4356
f 4257 4258 4358 4357
f 4258 4259 4359 4358
f 4259 4260 4360 4359
f 4260 4261 4361 4360
f 4261 4262 4362 4361
f 4262 4263 4363 4362
f 4263 4264 4364 4363
f 4264 4265 4365 4364
f 4265 4266 4366 4365
f 4266 4267 4367 4366
f 4267 4268 4368 4367
f 4268 4269 4369 4368
f 4269 4270 4370 4369
f 4270 4271 4371 4370
f 4271 4272 4372 4371
f 4272 4273 4373 4372
f 4273 4274 4374 4373
f 4274 4275 4375 4374
f 4275 4276 4376 4375
f 4276 4277 4377 4376
f 4277 4278 4378 4377
f 4278 4279 4379 4378
f 4279 4280 4380 4379
f 4280 4281 4381 4380
f 4281 4282 4382 4381
f 4282 4283 4383 4382
f 4283 4284 4384 4383
f 4284 4285 4385 4384
f 4285 4286 4386 4385
f 4286 4287 4387 4386
f 4287 4288 4388 4387
f 4288 4289 4389 4388
f 4289 4290 4390 4389
f 4290 4291 4391 4390
f 4291 4292 4392 4391
f 4292 4293 4393 4392
f 4293 4294 4394 4393
f 4294 4295 4395 4394
f 4295 4296 4396 4395
f 4296 4297 4397 4396
f 4297 4298 4398 4397
f 4298 4299 4399 4398
f 4299 4300 4400 4399
f 4300 4201 4301 4400
f 4301 4302 4402 4401
f 4302 4303 4403 4402
f 4303 4304 4404 4403
f 4304 4305 4405 4404
f 4305 4306 4406 4405
f 4306 4307 4407 4406
f 4307 4308 4408 4407
f 4308 4309 4409 4408
f 4309 4310 4410 4409
f 4310 4311 4411 4410
f 4311 4312 4412 4411
f 4312 4313 4413 4412
f 4313 4314 4414 4413
f 4314 4315 4415 4414
f 4315 4316 4416 4415
f 4316 4317 4417 4416
f 4317 4318 4418 4417
f 4318 4319 4419 4418
f 4319 4320 4420 4419
f 4320 4321 4421 4420
f 4321 4322 4422 4421
f 4322 4323 4423 4422
f 4323 4324 4424 4423
f 4324 4325 4425 4424
f 4325 4326 4426 4425
f 4326 4327 4427 4426
f 4327 4328 4428 4427
f 4328 4329 4429 4428
f 4329 4330 4430 4429
f 4330 4331 4431 4430
f 4331 4332 4432 4431
f 4332 4333 4433 4432
f 4333 4334 4434 4433
f 4334 4335 4435 4434
f 4335 4336 4436 4435
f 4336 4337 4437 4436
f 4337 4338 4438 4437
f 4338 4339 4439 4438
f 4339 4340 4440 4439
f 4340 4341 4441 4440
f 4341 4342 4442 4441
f 4342 4343 4443 4442
f 4343 4344 4444 4443
f 4344 4345 4445 4444
f 4345 4346 4446 4445
f 4346 4347 4447 4446
f 4347 4348 4448 4447
f 4348 4349 4449 4448
f 4349 4350 4450 4449
f 4350 4351 4451 4450
f 4351 4352 4452 4451
f 4352 4353 4453 4452
f 4353 4354 4454 4453
f 4354 4355 4455 4454
f 4355 4356 4456 4455
f 4356 4357 4457 4456
f 4357 4358 4458 4457
f 4358 4359 4459 4458
f 4359 4360 4460 4459
f 4360 4361 4461 4460
f 4361 4362 4462 4461
f 4362 4363 4463 4462
f 4363 4364 4464 4463
f 4364 4365 4465 4464
f 4365 4366 4466 4465
f 4366 4367 4467 4466
f 4367 4368 4468 4467
f 4368 4369 4469 4468
f 4369 4370 4470 4469
f 4370 4371 4471 4470
f 4371 4372 4472 4471
f 4372 4373 4473 4472
f 4373 4374 4474 4473
f 4374 4375 4475 4474
f 4375 4376 4476 4475
f 4376 4377 4477 4476
f 4377 4378 4478 4477
f 4378 4379 4479 4478
f 4379 4380 4480 4479
f 4380 4381 4481 4480
f 4381 4382 4482 4481
f 4382 4383 4483 4482
f 4383 4384 4484 4483
f 4384 4385 4485 4484
f 4385 4386 4486 4485
f 4386 4387 4487 4486
f 4387 4388 4488 4487
f 4388 4389 4489 4488
f 4389 4390 4490 4489
f 4390 4391 4491 4490
f 4391 4392 4492 4491
f 4392 4393 4493 4492
f 4393 4394 4494 4493
f 4394 4395 4495 4494
f 4395 4396 4496 4495
f 4396 4397 4497 4496
f 4397 4398 4498 4497
f 4398 4399 4499 4498
f 4399 4400 4500 4499
f 4400 4301 4401 4500
f 4401 4402 4502 4501
f 4402 4403 4503 4502
f 4403 4404 4504 4503
f 4404 4405 4505 4504
f 4405 4406 4506 4505
f 4406 4407 4507 4506
f 4407 4408 4508 4507
f 4408 4409 4509 4508
f 4409 4410 4510 4509
f 4410 4411 4511 4510
f 4411 4412 4512 4511
f 4412 4413 4513 4512
f 4413 4414 4514 4513
f 4414 4415 4515 4514
f 4415 4416 4516 4515
f 4416 4417 4517 4516
f 4417 4418 4518 4517
f 4418 4419 4519 4518
f 4419 4420 4520 4519
f 4420 4421 4521 4520
f 4421 4422 4522 4521
f 4422 4423 4523 4522
f 4423 4424 4524 4523
f 4424 4425 4525 4524
f 4425 4426 4526 4525
f 4426 4427 4527 4526
f 4427 4428 4528 4527
f 4428 4429 4529 4528
f 4429 4430 4530 4529
f 4430 4431 4531 4530
f 4431 4432 4532 4531
f 4432 4433 4533 4532
f 4433 4434 4534 4533
f 4434 4435 4535 4534
f 4435 4436 4536 4535
f 4436 4437 4537 4536
f 4437 4438 4538 4537
f 4438 4439 4539 4538
f 4439 4440 4540 4539
f 4440 4441 4541 4540
f 4441 4442 4542 4541
f 4442 4443 4543 4542
f 4443 4444 4544 4543
f 4444 4445 4545 4544
f 4445 4446 4546 4545
f 4446 4447 4547 4546
f 4447 4448 4548 4547
f 4448 4449 4549 4548
f 4449 4450 4550 4549
f 4450 4451 4551 4550
f 4451 4452 4552 4551
f 4452 4453 4553 4552
f 4453 4454 4554 4553
f 4454 4455 4555 4554
f 4455 4456 4556 4555
f 4456 4457 4557 4556
f 4457 4458 4558 4557
f 4458 4459 4559 4558
f 4459 4460 4560 4559
f 4460 4461 4561 4560
f 4461 4462 4562 4561
f 4462 4463 4563 4562
f 4463 4464 4564 4563
f 4464 4465 4565 4564
f 4465 4466 4566 4565
f 4466 4467 4567 4566
f 4467 4468 4568 4567
f 4468 4469 4569 4568
f 4469 4470 4570 4569
f 4470 4471 4571 4570
f 4471 4472 4572 4571
f 4472 4473 4573 4572
f 4473 4474 4574 4573
f 4474 4475 4575 4574
f 4475 4476 4576 4575
f 4476 4477 4577 4576
f 4477 4478 4578 4577
f 4478 4479 4579 4578
f 4479 4480 4580 4579
f 4480 4481 4581 4580
f 4481 4482 4582 4581
f 4482 4483 4583 4582
f 4483 4484 4584 4583
f 4484 4485 4585 4584
f 4485 4486 4586 4585
f 4486 4487 4587 4586
f 4487 4488 4588 4587
f 4488 4489 4589 4588
f 4489 4490 4590 4589
f 4490 4491 4591 4590
f 4491 4492 4592 4591
f 4492 4493 4593 4592
f 4493 4494 4594 4593
f 4494 4495 4595 4594
f 4495 4496 4596 4595
f 4496 4497 4597 4596
f 4497 4498 4598 4597
f 4498 4499 4599 4598
f 4499 4500 4600 4599
f 4500 4401 4501 4600
f 4501 4502 4602 4601
f 4502 4503 4603 4602
f 4503 4504 4604 4603
f 4504 4505 4605 4604
f 4505 4506 4606 4605
f 4506 4507 4607 4606
f 4507 4508 4608 4607
f 4508 4509 4609 4608
f 4509 4510 4610 4609
f 4510 4511 4611 4610
f 4511 4512 4612 4611
f 4512 4513 4613 4612
f 4513 4514 4614 4613
f 4514 4515 4615 4614
f 4515 4516 4616 4615
f 4516 4517 4617 4616
f 4517 4518 4618 4617
f 4518 4519 4619 4618
f 4519 4520 4620 4619
f 4520 4521 4621 4620
f 4521 4522 4622 4621
f 4522 4523 4623 4622
f 4523 4524 4624 4623
f 4524 4525 4625 4624
f 4525 4526 4626 4625
f 4526 4527 4627 4626
f 4527 4528 4628 4627
f 4528 4529 4629 4628
f 4529 4530 4630 4629
f 4530 4531 4631 4630
f 4531 4532 4632 4631
f 4532 4533 4633 4632
f 4533 4534 4634 4633
f 4534 4535 4635 4634
f 4535 4536 4636 4635
f 4536 4537 4637 4636
f 4537 4538 4638 4637
f 4538 4539 4639 4638
f 4539 4540 4640 4639
f 4540 4541 4641 4640
f 4541 4542 4642 4641
f 4542 4543 4643 4642
f 4543 4544 4644 4643
f 4544 4545 4645 4644
f 4545 4546 4646 4645
f 4546 4547 4647 4646
f 4547 4548 4648 4647
f 4548 4549 4649 4648
f 4549 4550 4650 4649
f 4550 4551 4651 4650
f 4551 4552 4652 4651
f 4552 4553 4653 4652
f 4553 4554 4654 4653
f 4554 4555 4655 4654
f 4555 4556 4656 4655
f 4556 4557 4657 4656
f 4557 4558 4658 4657
f 4558 4559 4659 4658
f 4559 4560 4660 4659
f 4560 4561 4661 4660
f 4561 4562 4662 4661
f 4562 4563 4663 4662
f 4563 4564 4664 4663
f 4564 4565 4665 4664
f 4565 4566 4666 4665
f 4566 4567 4667 4666
f 4567 4568 4668 4667
f 4568 4569 4669 4668
f 4569 4570 4670 4669
f 4570 4571 4671 4670
f 4571 4572 4672 4671
f 4572 4573 4673 4672
f 4573 4574 4674 4673
f 4574 4575 4675 4674
f 4575 4576 4676 4675
f 4576 4577 4677 4676
f 4577 4578 4678 4677
f 4578 4579 4679 4678
f 4579 4580 4680 4679
f 4580 4581 4681 4680
f 4581 4582 4682 4681
f 4582 4583 4683 4682
f 4583 4584 4684 4683
f 4584 4585 4685 4684
f 4585 4586 4686 4685
f 4586 4587 4687 4686
f 4587 4588 4688 4687
f 4588 4589 4689 4688
f 4589 4590 4690 4689
f 4590 4591 4691 4690
f 4591 4592 4692 4691
f 4592 4593 4693 4692
f 4593 4594 4694 4693
f 4594 4595 4695 4694
f 4595 4596 4696 4695
f 4596 4597 4697 4696
f 4597 4598 4698 4697
f 4598 4599 4699 4698
f 4599 4600 4700 4699
f 4600 4501 4601 4700
f 4601 4602 4702 4701
f 4602 4603 4703 4702
f 4603 4604 4704 4703
f 4604 4605 4705 4704
f 4605 4606 4706 4705
f 4606 4607 4707 4706
f 4607 4608 4708 4707
f 4608 4609 4709 4708
f 4609 4610 4710 4709
f 4610 4611 4711 4710
f 4611 4612 4712 4711
f 4612 4613 4713 4712
f 4613 4614 4714 4713
f 4614 4615 4715 4714
f 4615 4616 4716 4715
f 4616 4617 4717 4716
f 4617 4618 4718 4717
f 4618 4619 4719 4718
f 4619 4620 4720 4719
f 4620 4621 4721 4720
f 4621 4622 4722 4721
f 4622 4623 4723 4722
f 4623 4624 4724 4723
f 4624 4625 4725 4724
f 4625 4626 4726 4725
f 4626 4627 4727 4726
f 4627 4628 4728 4727
f 4628 4629 4729 4728
f 4629 4630 4730 4729
f 4630 4631 4731 4730
f 4631 4632 4732 4731
f 4632 4633 4733 4732
f 4633 4634 4734 4733
f 4634 4635 4735 4734
f 4635 4636 4736 4735
f 4636 4637 4737 4736
f 4637 4638 4738 4737
f 4638 4639 4739 4738
f 4639 4640 4740 4739
f 4640 4641 4741 4740
f 4641 4642 4742 4741
f 4642 4643 4743 4742
f 4643 4644 4744 4743
f 4644 4645 4745 4744
f 4645 4646 4746 4745
f 4646 4647 4747 4746
f 4647 4648 4748 4747
f 4648 4649 4749 4748
f 4649 4650 4750 4749
f 4650 4651 4751 4750
f 4651 4652 4752 4751
f 4652 4653 4753 4752
f 4653 4654 4754 4753
f 4654 4655 4755 4754
f 4655 4656 4756 4755
f 4656 4657 4757 4756
f 4657 4658 4758 4757
f 4658 4659 4759 4758
f 4659 4660 4760 4759
f 4660 4661 4761 4760
f 4661 4662 4762 4761
f 4662 4663 4763 4762
f 4663 4664 4764 4763
f 4664 4665 4765 4764
f 4665 4666 4766 4765
f 4666 4667 4767 4766
f 4667 4668 4768 4767
f 4668 4669 4769 4768
f 4669 4670 4770 4769
f 4670 4671 4771 4770
f 4671 4672 4772 4771
f 4672 4673 4773 4772
f 4673 4674 4774 4773
f 4674 4675 4775 4774
f 4675 4676 4776 4775
f 4676 4677 4777 4776
f 4677 4678 4778 4777
f 4678 4679 4779 4778
f 4679 4680 4780 4779
f 4680 4681 4781 4780
f 4681 4682 4782 4781
f 4682 4683 4783 4782
f 4683 4684 4784 4783
f 4684 4685 4785 4784
f 4685 4686 4786 4785
f 4686 4687 4787 4786
f 4687 4688 4788 4787
f 4688 4689 4789 4788
f 4689 4690 4790 4789
f 4690 4691 4791 4790
f 4691 4692 4792 4791
f 4692 4693 4793 4792
f 4693 4694 4794 4793
f 4694 4695 4795 4794
f 4695 4696 4796 4795
f 4696 4697 4797 4796
f 4697 4698 4798 4797
f 4698 4699 4799 4798
f 4699 4700 4800 4799
f 4700 4601 4701 4800
f 4701 4702 4802 4801
f 4702 4703 4803 4802
f 4703 4704 4804 4803
f 4704 4705 4805 4804
f 4705 4706 4806 4805
f 4706 4707 4807 4806
f 4707 4708 4808 4807
f 4708 4709 4809 4808
f 4709 4710 4810 4809
f 4710 4711 4811 4810
f 4711 4712 4812 4811
f 4712 4713 4813 4812
f 4713 4714 4814 4813
f 4714 4715 4815 4814
f 4715 4716 4816 4815
f 4716 4717 4817 4816
f 4717 4718 4818 4817
f 4718 4719 4819 4818
f 4719 4720 4820 4819
f 4720 4721 4821 4820
f 4721 4722 4822 4821
f 4722 4723 4823 4822
f 4723 4724 4824 4823
f 4724 4725 4825 4824
f 4725 4726 4826 4825
f 4726 4727 4827 4826
f 4727 4728 4828 4827
f 4728 4729 4829 4828
f 4729 4730 4830 4829
f 4730 4731 4831 4830
f 4731 4732 4832 4831
f 4732 4733 4833 4832
f 4733 4734 4834 4833
f 4734 4735 4835 4834
f 4735 4736 4836 4835
f 4736 4737 4837 4836
f 4737 4738 4838 4837
f 4738 4739 4839 4838
f 4739 4740 4840 4839
f 4740 4741 4841 4840
f 4741 4742 4842 4841
f 4742 4743 4843 4842
f 4743 4744 4844 4843
f 4744 4745 4845 4844
f 4745 4746 4846 4845
f 4746 4747 4847 4846
f 4747 4748 4848 4847
f 4748 4749 4849 4848
f 4749 4750 4850 4849
f 4750 4751 4851 4850
f 4751 4752 4852 4851
f 4752 4753 4853 4852
f 4753 4754 4854 4853
f 4754 4755 4855 4854
f 4755 4756 4856 4855
f 4756 4757 4857 4856
f 4757 4758 4858 4857
f 4758 4759 4859 4858
f 4759 4760 4860 4859
f 4760 4761 4861 4860
f 4761 4762 4862 4861
f 4762 4763 4863 4862
f 4763 4764 4864 4863
f 4764 4765 4865 4864
f 4765 4766 4866 4865
f 4766 4767 4867 4866
f 4767 4768 4868 4867
f 4768 4769 4869 4868
f 4769 4770 4870 4869
f 4770 4771 4871 4870
f 4771 4772 4872 4871
f 4772 4773 4873 4872
f 4773 4774 4874 4873
f 4774 4775 4875 4874
f 4775 4776 4876 4875
f 4776 4777 4877 4876
f 4777 4778 4878 4877
f 4778 4779 4879 4878
f 4779 4780 4880 4879
f 4780 4781 4881 4880
f 4781 4782 4882 4881
f 4782 4783 4883 4882
f 4783 4784 4884 4883
f 4784 4785 4885 4884
f 4785 4786 4886 4885
f 4786 4787 4887 4886
f 4787 4788 4888 4887
f 4788 4789 4889 4888
f 4789 4790 4890 4889
f 4790 4791 4891 4890
f 4791 4792 4892 4891
f 4792 4793 4893 4892
f 4793 4794 4894 4893
f 4794 4795 4895 4894
f 4795 4796 4896 4895
f 4796 4797 4897 4896
f 4797 4798 4898 4897
f 4798 4799 4899 4898
f 4799 4800 4900 4899
f 4800 4701 4801 4900
f 4801 4802 4902 4901
f 4802 4803 4903 4902
f 4803 4804 4904 4903
f 4804 4805 4905 4904
f 4805 4806 4906 4905
f 4806 4807 4907 4906
f 4807 4808 4908 4907
f 4808 4809 4909 4908
f 4809 4810 4910 4909
f 4810 4811 4911 4910
f 4811 4812 4912 4911
f 4812 4813 4913 4912
f 4813 4814 4914 4913
f 4814 4815 4915 4914
f 4815 4816 4916 4915
f 4816 4817 4917 4916
f 4817 4818 4918 4917
f 4818 4819 4919 4918
f 4819 4820 4920 4919
f 4820 4821 4921 4920
f 4821 4822 4922 4921
f 4822 4823 4923 4922
f 4823 4824 4924 4923
f 4824 4825 4925 4924
f 4825 4826 4926 4925
f 4826 4827 4927 4926
f 4827 4828 4928 4927
f 4828 4829 4929 4928
f 4829 4830 4930 4929
f 4830 4831 4931 4930
f 4831 4832 4932 4931
f 4832 4833 4933 4932
f 4833 4834 4934 4933
f 4834 4835 4935 4934
f 4835 4836 4936 4935
f 4836 4837 4937 4936
f 4837 4838 4938 4937
f 4838 4839 4939 4938
f 4839 4840 4940 4939
f 4840 4841 4941 4940
f 4841 4842 4942 4941
f 4842 4843 4943 4942
f 4843 4844 4944 4943
f 4844 4845 4945 4944
f 4845 4846 4946 4945
f 4846 4847 4947 4946
f 4847 4848 4948 4947
f 4848 4849 4949 4948
f 4849 4850 4950 4949
f 4850 4851 4951 4950
f 4851 4852 4952 4951
f 4852 4853 4953 4952
f 4853 4854 4954 4953
f 4854 4855 4955 4954
f 4855 4856 4956 4955
f 4856 4857 4957 4956
f 4857 4858 4958 4957
f 4858 4859 4959 4958
f 4859 4860 4960 4959
f 4860 4861 4961 4960
f 4861 4862 4962 4961
f 4862 4863 4963 4962
f 4863 4864 4964 4963
f 4864 4865 4965 4964
f 4865 4866 4966 4965
f 4866 4867 4967 4966
f 4867 4868 4968 4967
f 4868 4869 4969 4968
f 4869 4870 4970 4969
f 4870 4871 4971 4970
f 4871 4872 4972 4971
f 4872 4873 4973 4972
f 4873 4874 4974 4973
f 4874 4875 4975 4974
f 4875 4876 4976 4975
f 4876 4877 4977 4976
f 4877 4878 4978 4977
f 4878 4879 4979 4978
f 4879 4880 4980 4979
f 4880 4881 4981 4980
f 4881 4882 4982 4981
f 4882 4883 4983 4982
f 4883 4884 4984 4983
f 4884 4885 4985 4984
f 4885 4886 4986 4985
f 4886 4887 4987 4986
f 4887 4888 4988 4987
f 4888 4889 4989 4988
f 4889 4890 4990 4989
f 4890 4891 4991 4990
f 4891 4892 4992 4991
f 4892 4893 4993 4992
f 4893 4894 4994 4993
f 4894 4895 4995 4994
f 4895 4896 4996 4995
f 4896 4897 4997 4996
f 4897 4898 4998 4997
f 4898 4899 4999 4998
f 4899 4900 5000 4999
f 4900 4801 4901 5000
