# Swiss Roll OBJ File
v 3000.0 3000.0 0.0
v 3001.919335591396 3000.6303705973705 0.0
v 3003.2536172021455 3002.39558759214 0.0
v 3003.5154964216435 3004.9368239518203 0.0
v 3002.3993565683095 3007.716381749043 0.0
v 2999.8397377390424 3010.0997386633726 0.0
v 2996.035539838577 3011.4545553783596 0.0
v 2991.435822606134 3011.2531977448803 0.0
v 2986.688055249619 3009.1646038604085 0.0
v 2982.5546732070093 3005.1224101243897 0.0
v 2979.8081506589256 2999.359031646504 0.0
v 2979.117941760313 2992.3995523705407 0.0
v 2980.944167400175 2985.0143276067733 0.0
v 2985.4526043833143 2978.134529070198 0.0
v 2992.4633668855345 2972.7398177376986 0.0
v 3001.4418762370833 2969.73129275203 0.0
v 3011.5357162534747 2969.8053216884005 0.0
v 3021.655344122095 2973.3444648627074 0.0
v 3030.5910375574977 2980.3403339107053 0.0
v 3037.153586518244 2990.359976249615 0.0
v 3040.322693998864 3002.5625826123864 0.0
v 3039.3853062491667 3015.767498118923 0.0
v 3034.0464196941766 3028.5683382082907 0.0
v 3024.49734495968 3039.482191694624 0.0
v 3011.430736267124 3047.11813664599 0.0
v 2995.997476926425 3050.3462008056536 0.0
v 2979.707124711068 3048.4468922155943 0.0
v 2964.2803236029845 3041.222704055687 0.0
v 2951.4676049079203 3029.0564989172835 0.0
v 2942.8536084450975 3012.9070817188076 0.0
v 2939.668368328904 2994.2390276785345 0.0
v 2942.627551150719 2974.8912189947373 0.0
v 2951.8212881017694 2956.895741380765 0.0
v 2966.6666666666665 2942.2649730810376 0.0
v 2985.932471284411 2932.7691249064596 0.0
v 3007.837044437445 2929.7285934219317 0.0
v 3030.2120009455916 2933.8449457923984 0.0
v 3050.7168651062907 2945.0911248074167 0.0
v 3067.083386522529 2962.6758061175397 0.0
v 3077.3640791782736 2985.0892958988766 0.0
v 3080.1579646731957 3010.2296932180807 0.0
v 3074.7878546863667 3035.5991745366787 0.0
v 3061.4077365664907 3058.5521585499973 0.0
v 3041.0255681115664 3076.5706962186787 0.0
v 3015.435393570394 3087.5384669344185 0.0
v 2987.0622874297014 3089.9837674437213 0.0
v 2958.7332036770395 3083.264067913942 0.0
v 2933.395313692531 3067.669951625872 0.0
v 2913.8098958880073 3044.4340869553853 0.0
v 2902.2535241512255 3015.640542227665 0.0
v 2900.2586981134955 2984.040263032995 0.0
v 2908.4230143810078 2952.788782609903 0.0
v 2926.3097087662045 2925.1311173500994 0.0
v 2952.453473801806 2904.0653130556752 0.0
v 2984.4747449156416 2892.0194790675346 0.0
v 3019.294241962992 2890.576916331977 0.0
v 3053.42864684297 2900.2800235291625 0.0
v 3083.339071054523 2920.536356253575 0.0
v 3105.7974529709577 2949.6401921188444 0.0
v 3118.2329978929633 2984.911202503331 0.0
v 3119.0216602742676 3022.939544770959 0.0
v 3107.686488891428 3059.9151533376335 0.0
v 3084.985017205136 3092.0094665389233 0.0
v 3052.8710016547857 3115.771344863302 0.0
v 3014.3305955427572 3128.4962863141823 0.0
v 2973.106195102551 3128.5296141494155 0.0
v 2933.3333333333335 3115.470053837925 0.0
v 2899.12582196308 3090.2495414840237 0.0
v 2874.1507573628674 3055.07732607606 0.0
v 2861.237247156479 3013.250236339371 0.0
v 2862.060434177821 2968.8449751614994 0.0
v 2876.935712445084 2926.3210206026024 0.0
v 2904.7475296079588 2890.072789184835 0.0
v 2943.023850150306 2863.976033394678 0.0
v 2988.1525317022174 2850.975245615265 0.0
v 3035.7210508347616 2852.7558229812817 0.0
v 3080.9477485624207 2869.537105704721 0.0
v 3119.1624689296186 2900.0108162709826 0.0
v 3146.288280354048 2941.4350069868574 0.0
v 3159.274641295513 2989.8777986810733 0.0
v 3156.4361537610275 3040.5895736858306 0.0
v 3137.659669008739 3088.468497401825 0.0
v 3104.4551892948098 3128.5737577210584 0.0
v 3059.8415280648996 3156.634893741422 0.0
v 3008.0745069276654 3169.5047605886316 0.0
v 2954.2418703764592 3165.5082494496874 0.0
v 2903.763382843464 3144.648499997152 0.0
v 2861.845213651268 3108.6461248508945 0.0
v 2832.9435340825053 3060.8035810356746 0.0
v 2820.2925408644373 3005.704618346117 0.0
v 2825.5467320700914 2948.7758987561037 0.0
v 2848.576628464414 2895.7526310878548 0.0
v 2887.442239966332 2852.1008296387145 0.0
v 2938.5508674979387 2822.454391635426 0.0
v 2996.987069493996 2810.1249131285977 0.0
v 3056.9847184973455 2816.7359334602284 0.0
v 3112.4958854925962 2842.021633541753 0.0
v 3157.8004343040657 2883.8140017812116 0.0
v 3188.094887956793 2938.223681457673 0.0
v 3200.0 2999.9999999999995 0.0
v 3000.0 3000.0 20.408163265306122
v 3001.919335591396 3000.6303705973705 20.408163265306122
v 3003.2536172021455 3002.39558759214 20.408163265306122
v 3003.5154964216435 3004.9368239518203 20.408163265306122
v 3002.3993565683095 3007.716381749043 20.408163265306122
v 2999.8397377390424 3010.0997386633726 20.408163265306122
v 2996.035539838577 3011.4545553783596 20.408163265306122
v 2991.435822606134 3011.2531977448803 20.408163265306122
v 2986.688055249619 3009.1646038604085 20.408163265306122
v 2982.5546732070093 3005.1224101243897 20.408163265306122
v 2979.8081506589256 2999.359031646504 20.408163265306122
v 2979.117941760313 2992.3995523705407 20.408163265306122
v 2980.944167400175 2985.0143276067733 20.408163265306122
v 2985.4526043833143 2978.134529070198 20.408163265306122
v 2992.4633668855345 2972.7398177376986 20.408163265306122
v 3001.4418762370833 2969.73129275203 20.408163265306122
v 3011.5357162534747 2969.8053216884005 20.408163265306122
v 3021.655344122095 2973.3444648627074 20.408163265306122
v 3030.5910375574977 2980.3403339107053 20.408163265306122
v 3037.153586518244 2990.359976249615 20.408163265306122
v 3040.322693998864 3002.5625826123864 20.408163265306122
v 3039.3853062491667 3015.767498118923 20.408163265306122
v 3034.0464196941766 3028.5683382082907 20.408163265306122
v 3024.49734495968 3039.482191694624 20.408163265306122
v 3011.430736267124 3047.11813664599 20.408163265306122
v 2995.997476926425 3050.3462008056536 20.408163265306122
v 2979.707124711068 3048.4468922155943 20.408163265306122
v 2964.2803236029845 3041.222704055687 20.408163265306122
v 2951.4676049079203 3029.0564989172835 20.408163265306122
v 2942.8536084450975 3012.9070817188076 20.408163265306122
v 2939.668368328904 2994.2390276785345 20.408163265306122
v 2942.627551150719 2974.8912189947373 20.408163265306122
v 2951.8212881017694 2956.895741380765 20.408163265306122
v 2966.6666666666665 2942.2649730810376 20.408163265306122
v 2985.932471284411 2932.7691249064596 20.408163265306122
v 3007.837044437445 2929.7285934219317 20.408163265306122
v 3030.2120009455916 2933.8449457923984 20.408163265306122
v 3050.7168651062907 2945.0911248074167 20.408163265306122
v 3067.083386522529 2962.6758061175397 20.408163265306122
v 3077.3640791782736 2985.0892958988766 20.408163265306122
v 3080.1579646731957 3010.2296932180807 20.408163265306122
v 3074.7878546863667 3035.5991745366787 20.408163265306122
v 3061.4077365664907 3058.5521585499973 20.408163265306122
v 3041.0255681115664 3076.5706962186787 20.408163265306122
v 3015.435393570394 3087.5384669344185 20.408163265306122
v 2987.0622874297014 3089.9837674437213 20.408163265306122
v 2958.7332036770395 3083.264067913942 20.408163265306122
v 2933.395313692531 3067.669951625872 20.408163265306122
v 2913.8098958880073 3044.4340869553853 20.408163265306122
v 2902.2535241512255 3015.640542227665 20.408163265306122
v 2900.2586981134955 2984.040263032995 20.408163265306122
v 2908.4230143810078 2952.788782609903 20.408163265306122
v 2926.3097087662045 2925.1311173500994 20.408163265306122
v 2952.453473801806 2904.0653130556752 20.408163265306122
v 2984.4747449156416 2892.0194790675346 20.408163265306122
v 3019.294241962992 2890.576916331977 20.408163265306122
v 3053.42864684297 2900.2800235291625 20.408163265306122
v 3083.339071054523 2920.536356253575 20.408163265306122
v 3105.7974529709577 2949.6401921188444 20.408163265306122
v 3118.2329978929633 2984.911202503331 20.408163265306122
v 3119.0216602742676 3022.939544770959 20.408163265306122
v 3107.686488891428 3059.9151533376335 20.408163265306122
v 3084.985017205136 3092.0094665389233 20.408163265306122
v 3052.8710016547857 3115.771344863302 20.408163265306122
v 3014.3305955427572 3128.4962863141823 20.408163265306122
v 2973.106195102551 3128.5296141494155 20.408163265306122
v 2933.3333333333335 3115.470053837925 20.408163265306122
v 2899.12582196308 3090.2495414840237 20.408163265306122
v 2874.1507573628674 3055.07732607606 20.408163265306122
v 2861.237247156479 3013.250236339371 20.408163265306122
v 2862.060434177821 2968.8449751614994 20.408163265306122
v 2876.935712445084 2926.3210206026024 20.408163265306122
v 2904.7475296079588 2890.072789184835 20.408163265306122
v 2943.023850150306 2863.976033394678 20.408163265306122
v 2988.1525317022174 2850.975245615265 20.408163265306122
v 3035.7210508347616 2852.7558229812817 20.408163265306122
v 3080.9477485624207 2869.537105704721 20.408163265306122
v 3119.1624689296186 2900.0108162709826 20.408163265306122
v 3146.288280354048 2941.4350069868574 20.408163265306122
v 3159.274641295513 2989.8777986810733 20.408163265306122
v 3156.4361537610275 3040.5895736858306 20.408163265306122
v 3137.659669008739 3088.468497401825 20.408163265306122
v 3104.4551892948098 3128.5737577210584 20.408163265306122
v 3059.8415280648996 3156.634893741422 20.408163265306122
v 3008.0745069276654 3169.5047605886316 20.408163265306122
v 2954.2418703764592 3165.5082494496874 20.408163265306122
v 2903.763382843464 3144.648499997152 20.408163265306122
v 2861.845213651268 3108.6461248508945 20.408163265306122
v 2832.9435340825053 3060.8035810356746 20.408163265306122
v 2820.2925408644373 3005.704618346117 20.408163265306122
v 2825.5467320700914 2948.7758987561037 20.408163265306122
v 2848.576628464414 2895.7526310878548 20.408163265306122
v 2887.442239966332 2852.1008296387145 20.408163265306122
v 2938.5508674979387 2822.454391635426 20.408163265306122
v 2996.987069493996 2810.1249131285977 20.408163265306122
v 3056.9847184973455 2816.7359334602284 20.408163265306122
v 3112.4958854925962 2842.021633541753 20.408163265306122
v 3157.8004343040657 2883.8140017812116 20.408163265306122
v 3188.094887956793 2938.223681457673 20.408163265306122
v 3200.0 2999.9999999999995 20.408163265306122
v 3000.0 3000.0 40.816326530612244
v 3001.919335591396 3000.6303705973705 40.816326530612244
v 3003.2536172021455 3002.39558759214 40.816326530612244
v 3003.5154964216435 3004.9368239518203 40.816326530612244
v 3002.3993565683095 3007.716381749043 40.816326530612244
v 2999.8397377390424 3010.0997386633726 40.816326530612244
v 2996.035539838577 3011.4545553783596 40.816326530612244
v 2991.435822606134 3011.2531977448803 40.816326530612244
v 2986.688055249619 3009.1646038604085 40.816326530612244
v 2982.5546732070093 3005.1224101243897 40.816326530612244
v 2979.8081506589256 2999.359031646504 40.816326530612244
v 2979.117941760313 2992.3995523705407 40.816326530612244
v 2980.944167400175 2985.0143276067733 40.816326530612244
v 2985.4526043833143 2978.134529070198 40.816326530612244
v 2992.4633668855345 2972.7398177376986 40.816326530612244
v 3001.4418762370833 2969.73129275203 40.816326530612244
v 3011.5357162534747 2969.8053216884005 40.816326530612244
v 3021.655344122095 2973.3444648627074 40.816326530612244
v 3030.5910375574977 2980.3403339107053 40.816326530612244
v 3037.153586518244 2990.359976249615 40.816326530612244
v 3040.322693998864 3002.5625826123864 40.816326530612244
v 3039.3853062491667 3015.767498118923 40.816326530612244
v 3034.0464196941766 3028.5683382082907 40.816326530612244
v 3024.49734495968 3039.482191694624 40.816326530612244
v 3011.430736267124 3047.11813664599 40.816326530612244
v 2995.997476926425 3050.3462008056536 40.816326530612244
v 2979.707124711068 3048.4468922155943 40.816326530612244
v 2964.2803236029845 3041.222704055687 40.816326530612244
v 2951.4676049079203 3029.0564989172835 40.816326530612244
v 2942.8536084450975 3012.9070817188076 40.816326530612244
v 2939.668368328904 2994.2390276785345 40.816326530612244
v 2942.627551150719 2974.8912189947373 40.816326530612244
v 2951.8212881017694 2956.895741380765 40.816326530612244
v 2966.6666666666665 2942.2649730810376 40.816326530612244
v 2985.932471284411 2932.7691249064596 40.816326530612244
v 3007.837044437445 2929.7285934219317 40.816326530612244
v 3030.2120009455916 2933.8449457923984 40.816326530612244
v 3050.7168651062907 2945.0911248074167 40.816326530612244
v 3067.083386522529 2962.6758061175397 40.816326530612244
v 3077.3640791782736 2985.0892958988766 40.816326530612244
v 3080.1579646731957 3010.2296932180807 40.816326530612244
v 3074.7878546863667 3035.5991745366787 40.816326530612244
v 3061.4077365664907 3058.5521585499973 40.816326530612244
v 3041.0255681115664 3076.5706962186787 40.816326530612244
v 3015.435393570394 3087.5384669344185 40.816326530612244
v 2987.0622874297014 3089.9837674437213 40.816326530612244
v 2958.7332036770395 3083.264067913942 40.816326530612244
v 2933.395313692531 3067.669951625872 40.816326530612244
v 2913.8098958880073 3044.4340869553853 40.816326530612244
v 2902.2535241512255 3015.640542227665 40.816326530612244
v 2900.2586981134955 2984.040263032995 40.816326530612244
v 2908.4230143810078 2952.788782609903 40.816326530612244
v 2926.3097087662045 2925.1311173500994 40.816326530612244
v 2952.453473801806 2904.0653130556752 40.816326530612244
v 2984.4747449156416 2892.0194790675346 40.816326530612244
v 3019.294241962992 2890.576916331977 40.816326530612244
v 3053.42864684297 2900.2800235291625 40.816326530612244
v 3083.339071054523 2920.536356253575 40.816326530612244
v 3105.7974529709577 2949.6401921188444 40.816326530612244
v 3118.2329978929633 2984.911202503331 40.816326530612244
v 3119.0216602742676 3022.939544770959 40.816326530612244
v 3107.686488891428 3059.9151533376335 40.816326530612244
v 3084.985017205136 3092.0094665389233 40.816326530612244
v 3052.8710016547857 3115.771344863302 40.816326530612244
v 3014.3305955427572 3128.4962863141823 40.816326530612244
v 2973.106195102551 3128.5296141494155 40.816326530612244
v 2933.3333333333335 3115.470053837925 40.816326530612244
v 2899.12582196308 3090.2495414840237 40.816326530612244
v 2874.1507573628674 3055.07732607606 40.816326530612244
v 2861.237247156479 3013.250236339371 40.816326530612244
v 2862.060434177821 2968.8449751614994 40.816326530612244
v 2876.935712445084 2926.3210206026024 40.816326530612244
v 2904.7475296079588 2890.072789184835 40.816326530612244
v 2943.023850150306 2863.976033394678 40.816326530612244
v 2988.1525317022174 2850.975245615265 40.816326530612244
v 3035.7210508347616 2852.7558229812817 40.816326530612244
v 3080.9477485624207 2869.537105704721 40.816326530612244
v 3119.1624689296186 2900.0108162709826 40.816326530612244
v 3146.288280354048 2941.4350069868574 40.816326530612244
v 3159.274641295513 2989.8777986810733 40.816326530612244
v 3156.4361537610275 3040.5895736858306 40.816326530612244
v 3137.659669008739 3088.468497401825 40.816326530612244
v 3104.4551892948098 3128.5737577210584 40.816326530612244
v 3059.8415280648996 3156.634893741422 40.816326530612244
v 3008.0745069276654 3169.5047605886316 40.816326530612244
v 2954.2418703764592 3165.5082494496874 40.816326530612244
v 2903.763382843464 3144.648499997152 40.816326530612244
v 2861.845213651268 3108.6461248508945 40.816326530612244
v 2832.9435340825053 3060.8035810356746 40.816326530612244
v 2820.2925408644373 3005.704618346117 40.816326530612244
v 2825.5467320700914 2948.7758987561037 40.816326530612244
v 2848.576628464414 2895.7526310878548 40.816326530612244
v 2887.442239966332 2852.1008296387145 40.816326530612244
v 2938.5508674979387 2822.454391635426 40.816326530612244
v 2996.987069493996 2810.1249131285977 40.816326530612244
v 3056.9847184973455 2816.7359334602284 40.816326530612244
v 3112.4958854925962 2842.021633541753 40.816326530612244
v 3157.8004343040657 2883.8140017812116 40.816326530612244
v 3188.094887956793 2938.223681457673 40.816326530612244
v 3200.0 2999.9999999999995 40.816326530612244
v 3000.0 3000.0 61.224489795918366
v 3001.919335591396 3000.6303705973705 61.224489795918366
v 3003.2536172021455 3002.39558759214 61.224489795918366
v 3003.5154964216435 3004.9368239518203 61.224489795918366
v 3002.3993565683095 3007.716381749043 61.224489795918366
v 2999.8397377390424 3010.0997386633726 61.224489795918366
v 2996.035539838577 3011.4545553783596 61.224489795918366
v 2991.435822606134 3011.2531977448803 61.224489795918366
v 2986.688055249619 3009.1646038604085 61.224489795918366
v 2982.5546732070093 3005.1224101243897 61.224489795918366
v 2979.8081506589256 2999.359031646504 61.224489795918366
v 2979.117941760313 2992.3995523705407 61.224489795918366
v 2980.944167400175 2985.0143276067733 61.224489795918366
v 2985.4526043833143 2978.134529070198 61.224489795918366
v 2992.4633668855345 2972.7398177376986 61.224489795918366
v 3001.4418762370833 2969.73129275203 61.224489795918366
v 3011.5357162534747 2969.8053216884005 61.224489795918366
v 3021.655344122095 2973.3444648627074 61.224489795918366
v 3030.5910375574977 2980.3403339107053 61.224489795918366
v 3037.153586518244 2990.359976249615 61.224489795918366
v 3040.322693998864 3002.5625826123864 61.224489795918366
v 3039.3853062491667 3015.767498118923 61.224489795918366
v 3034.0464196941766 3028.5683382082907 61.224489795918366
v 3024.49734495968 3039.482191694624 61.224489795918366
v 3011.430736267124 3047.11813664599 61.224489795918366
v 2995.997476926425 3050.3462008056536 61.224489795918366
v 2979.707124711068 3048.4468922155943 61.224489795918366
v 2964.2803236029845 3041.222704055687 61.224489795918366
v 2951.4676049079203 3029.0564989172835 61.224489795918366
v 2942.8536084450975 3012.9070817188076 61.224489795918366
v 2939.668368328904 2994.2390276785345 61.224489795918366
v 2942.627551150719 2974.8912189947373 61.224489795918366
v 2951.8212881017694 2956.895741380765 61.224489795918366
v 2966.6666666666665 2942.2649730810376 61.224489795918366
v 2985.932471284411 2932.7691249064596 61.224489795918366
v 3007.837044437445 2929.7285934219317 61.224489795918366
v 3030.2120009455916 2933.8449457923984 61.224489795918366
v 3050.7168651062907 2945.0911248074167 61.224489795918366
v 3067.083386522529 2962.6758061175397 61.224489795918366
v 3077.3640791782736 2985.0892958988766 61.224489795918366
v 3080.1579646731957 3010.2296932180807 61.224489795918366
v 3074.7878546863667 3035.5991745366787 61.224489795918366
v 3061.4077365664907 3058.5521585499973 61.224489795918366
v 3041.0255681115664 3076.5706962186787 61.224489795918366
v 3015.435393570394 3087.5384669344185 61.224489795918366
v 2987.0622874297014 3089.9837674437213 61.224489795918366
v 2958.7332036770395 3083.264067913942 61.224489795918366
v 2933.395313692531 3067.669951625872 61.224489795918366
v 2913.8098958880073 3044.4340869553853 61.224489795918366
v 2902.2535241512255 3015.640542227665 61.224489795918366
v 2900.2586981134955 2984.040263032995 61.224489795918366
v 2908.4230143810078 2952.788782609903 61.224489795918366
v 2926.3097087662045 2925.1311173500994 61.224489795918366
v 2952.453473801806 2904.0653130556752 61.224489795918366
v 2984.4747449156416 2892.0194790675346 61.224489795918366
v 3019.294241962992 2890.576916331977 61.224489795918366
v 3053.42864684297 2900.2800235291625 61.224489795918366
v 3083.339071054523 2920.536356253575 61.224489795918366
v 3105.7974529709577 2949.6401921188444 61.224489795918366
v 3118.2329978929633 2984.911202503331 61.224489795918366
v 3119.0216602742676 3022.939544770959 61.224489795918366
v 3107.686488891428 3059.9151533376335 61.224489795918366
v 3084.985017205136 3092.0094665389233 61.224489795918366
v 3052.8710016547857 3115.771344863302 61.224489795918366
v 3014.3305955427572 3128.4962863141823 61.224489795918366
v 2973.106195102551 3128.5296141494155 61.224489795918366
v 2933.3333333333335 3115.470053837925 61.224489795918366
v 2899.12582196308 3090.2495414840237 61.224489795918366
v 2874.1507573628674 3055.07732607606 61.224489795918366
v 2861.237247156479 3013.250236339371 61.224489795918366
v 2862.060434177821 2968.8449751614994 61.224489795918366
v 2876.935712445084 2926.3210206026024 61.224489795918366
v 2904.7475296079588 2890.072789184835 61.224489795918366
v 2943.023850150306 2863.976033394678 61.224489795918366
v 2988.1525317022174 2850.975245615265 61.224489795918366
v 3035.7210508347616 2852.7558229812817 61.224489795918366
v 3080.9477485624207 2869.537105704721 61.224489795918366
v 3119.1624689296186 2900.0108162709826 61.224489795918366
v 3146.288280354048 2941.4350069868574 61.224489795918366
v 3159.274641295513 2989.8777986810733 61.224489795918366
v 3156.4361537610275 3040.5895736858306 61.224489795918366
v 3137.659669008739 3088.468497401825 61.224489795918366
v 3104.4551892948098 3128.5737577210584 61.224489795918366
v 3059.8415280648996 3156.634893741422 61.224489795918366
v 3008.0745069276654 3169.5047605886316 61.224489795918366
v 2954.2418703764592 3165.5082494496874 61.224489795918366
v 2903.763382843464 3144.648499997152 61.224489795918366
v 2861.845213651268 3108.6461248508945 61.224489795918366
v 2832.9435340825053 3060.8035810356746 61.224489795918366
v 2820.2925408644373 3005.704618346117 61.224489795918366
v 2825.5467320700914 2948.7758987561037 61.224489795918366
v 2848.576628464414 2895.7526310878548 61.224489795918366
v 2887.442239966332 2852.1008296387145 61.224489795918366
v 2938.5508674979387 2822.454391635426 61.224489795918366
v 2996.987069493996 2810.1249131285977 61.224489795918366
v 3056.9847184973455 2816.7359334602284 61.224489795918366
v 3112.4958854925962 2842.021633541753 61.224489795918366
v 3157.8004343040657 2883.8140017812116 61.224489795918366
v 3188.094887956793 2938.223681457673 61.224489795918366
v 3200.0 2999.9999999999995 61.224489795918366
v 3000.0 3000.0 81.63265306122449
v 3001.919335591396 3000.6303705973705 81.63265306122449
v 3003.2536172021455 3002.39558759214 81.63265306122449
v 3003.5154964216435 3004.9368239518203 81.63265306122449
v 3002.3993565683095 3007.716381749043 81.63265306122449
v 2999.8397377390424 3010.0997386633726 81.63265306122449
v 2996.035539838577 3011.4545553783596 81.63265306122449
v 2991.435822606134 3011.2531977448803 81.63265306122449
v 2986.688055249619 3009.1646038604085 81.63265306122449
v 2982.5546732070093 3005.1224101243897 81.63265306122449
v 2979.8081506589256 2999.359031646504 81.63265306122449
v 2979.117941760313 2992.3995523705407 81.63265306122449
v 2980.944167400175 2985.0143276067733 81.63265306122449
v 2985.4526043833143 2978.134529070198 81.63265306122449
v 2992.4633668855345 2972.7398177376986 81.63265306122449
v 3001.4418762370833 2969.73129275203 81.63265306122449
v 3011.5357162534747 2969.8053216884005 81.63265306122449
v 3021.655344122095 2973.3444648627074 81.63265306122449
v 3030.5910375574977 2980.3403339107053 81.63265306122449
v 3037.153586518244 2990.359976249615 81.63265306122449
v 3040.322693998864 3002.5625826123864 81.63265306122449
v 3039.3853062491667 3015.767498118923 81.63265306122449
v 3034.0464196941766 3028.5683382082907 81.63265306122449
v 3024.49734495968 3039.482191694624 81.63265306122449
v 3011.430736267124 3047.11813664599 81.63265306122449
v 2995.997476926425 3050.3462008056536 81.63265306122449
v 2979.707124711068 3048.4468922155943 81.63265306122449
v 2964.2803236029845 3041.222704055687 81.63265306122449
v 2951.4676049079203 3029.0564989172835 81.63265306122449
v 2942.8536084450975 3012.9070817188076 81.63265306122449
v 2939.668368328904 2994.2390276785345 81.63265306122449
v 2942.627551150719 2974.8912189947373 81.63265306122449
v 2951.8212881017694 2956.895741380765 81.63265306122449
v 2966.6666666666665 2942.2649730810376 81.63265306122449
v 2985.932471284411 2932.7691249064596 81.63265306122449
v 3007.837044437445 2929.7285934219317 81.63265306122449
v 3030.2120009455916 2933.8449457923984 81.63265306122449
v 3050.7168651062907 2945.0911248074167 81.63265306122449
v 3067.083386522529 2962.6758061175397 81.63265306122449
v 3077.3640791782736 2985.0892958988766 81.63265306122449
v 3080.1579646731957 3010.2296932180807 81.63265306122449
v 3074.7878546863667 3035.5991745366787 81.63265306122449
v 3061.4077365664907 3058.5521585499973 81.63265306122449
v 3041.0255681115664 3076.5706962186787 81.63265306122449
v 3015.435393570394 3087.5384669344185 81.63265306122449
v 2987.0622874297014 3089.9837674437213 81.63265306122449
v 2958.7332036770395 3083.264067913942 81.63265306122449
v 2933.395313692531 3067.669951625872 81.63265306122449
v 2913.8098958880073 3044.4340869553853 81.63265306122449
v 2902.2535241512255 3015.640542227665 81.63265306122449
v 2900.2586981134955 2984.040263032995 81.63265306122449
v 2908.4230143810078 2952.788782609903 81.63265306122449
v 2926.3097087662045 2925.1311173500994 81.63265306122449
v 2952.453473801806 2904.0653130556752 81.63265306122449
v 2984.4747449156416 2892.0194790675346 81.63265306122449
v 3019.294241962992 2890.576916331977 81.63265306122449
v 3053.42864684297 2900.2800235291625 81.63265306122449
v 3083.339071054523 2920.536356253575 81.63265306122449
v 3105.7974529709577 2949.6401921188444 81.63265306122449
v 3118.2329978929633 2984.911202503331 81.63265306122449
v 3119.0216602742676 3022.939544770959 81.63265306122449
v 3107.686488891428 3059.9151533376335 81.63265306122449
v 3084.985017205136 3092.0094665389233 81.63265306122449
v 3052.8710016547857 3115.771344863302 81.63265306122449
v 3014.3305955427572 3128.4962863141823 81.63265306122449
v 2973.106195102551 3128.5296141494155 81.63265306122449
v 2933.3333333333335 3115.470053837925 81.63265306122449
v 2899.12582196308 3090.2495414840237 81.63265306122449
v 2874.1507573628674 3055.07732607606 81.63265306122449
v 2861.237247156479 3013.250236339371 81.63265306122449
v 2862.060434177821 2968.8449751614994 81.63265306122449
v 2876.935712445084 2926.3210206026024 81.63265306122449
v 2904.7475296079588 2890.072789184835 81.63265306122449
v 2943.023850150306 2863.976033394678 81.63265306122449
v 2988.1525317022174 2850.975245615265 81.63265306122449
v 3035.7210508347616 2852.7558229812817 81.63265306122449
v 3080.9477485624207 2869.537105704721 81.63265306122449
v 3119.1624689296186 2900.0108162709826 81.63265306122449
v 3146.288280354048 2941.4350069868574 81.63265306122449
v 3159.274641295513 2989.8777986810733 81.63265306122449
v 3156.4361537610275 3040.5895736858306 81.63265306122449
v 3137.659669008739 3088.468497401825 81.63265306122449
v 3104.4551892948098 3128.5737577210584 81.63265306122449
v 3059.8415280648996 3156.634893741422 81.63265306122449
v 3008.0745069276654 3169.5047605886316 81.63265306122449
v 2954.2418703764592 3165.5082494496874 81.63265306122449
v 2903.763382843464 3144.648499997152 81.63265306122449
v 2861.845213651268 3108.6461248508945 81.63265306122449
v 2832.9435340825053 3060.8035810356746 81.63265306122449
v 2820.2925408644373 3005.704618346117 81.63265306122449
v 2825.5467320700914 2948.7758987561037 81.63265306122449
v 2848.576628464414 2895.7526310878548 81.63265306122449
v 2887.442239966332 2852.1008296387145 81.63265306122449
v 2938.5508674979387 2822.454391635426 81.63265306122449
v 2996.987069493996 2810.1249131285977 81.63265306122449
v 3056.9847184973455 2816.7359334602284 81.63265306122449
v 3112.4958854925962 2842.021633541753 81.63265306122449
v 3157.8004343040657 2883.8140017812116 81.63265306122449
v 3188.094887956793 2938.223681457673 81.63265306122449
v 3200.0 2999.9999999999995 81.63265306122449
v 3000.0 3000.0 102.0408163265306
v 3001.919335591396 3000.6303705973705 102.0408163265306
v 3003.2536172021455 3002.39558759214 102.0408163265306
v 3003.5154964216435 3004.9368239518203 102.0408163265306
v 3002.3993565683095 3007.716381749043 102.0408163265306
v 2999.8397377390424 3010.0997386633726 102.0408163265306
v 2996.035539838577 3011.4545553783596 102.0408163265306
v 2991.435822606134 3011.2531977448803 102.0408163265306
v 2986.688055249619 3009.1646038604085 102.0408163265306
v 2982.5546732070093 3005.1224101243897 102.0408163265306
v 2979.8081506589256 2999.359031646504 102.0408163265306
v 2979.117941760313 2992.3995523705407 102.0408163265306
v 2980.944167400175 2985.0143276067733 102.0408163265306
v 2985.4526043833143 2978.134529070198 102.0408163265306
v 2992.4633668855345 2972.7398177376986 102.0408163265306
v 3001.4418762370833 2969.73129275203 102.0408163265306
v 3011.5357162534747 2969.8053216884005 102.0408163265306
v 3021.655344122095 2973.3444648627074 102.0408163265306
v 3030.5910375574977 2980.3403339107053 102.0408163265306
v 3037.153586518244 2990.359976249615 102.0408163265306
v 3040.322693998864 3002.5625826123864 102.0408163265306
v 3039.3853062491667 3015.767498118923 102.0408163265306
v 3034.0464196941766 3028.5683382082907 102.0408163265306
v 3024.49734495968 3039.482191694624 102.0408163265306
v 3011.430736267124 3047.11813664599 102.0408163265306
v 2995.997476926425 3050.3462008056536 102.0408163265306
v 2979.707124711068 3048.4468922155943 102.0408163265306
v 2964.2803236029845 3041.222704055687 102.0408163265306
v 2951.4676049079203 3029.0564989172835 102.0408163265306
v 2942.8536084450975 3012.9070817188076 102.0408163265306
v 2939.668368328904 2994.2390276785345 102.0408163265306
v 2942.627551150719 2974.8912189947373 102.0408163265306
v 2951.8212881017694 2956.895741380765 102.0408163265306
v 2966.6666666666665 2942.2649730810376 102.0408163265306
v 2985.932471284411 2932.7691249064596 102.0408163265306
v 3007.837044437445 2929.7285934219317 102.0408163265306
v 3030.2120009455916 2933.8449457923984 102.0408163265306
v 3050.7168651062907 2945.0911248074167 102.0408163265306
v 3067.083386522529 2962.6758061175397 102.0408163265306
v 3077.3640791782736 2985.0892958988766 102.0408163265306
v 3080.1579646731957 3010.2296932180807 102.0408163265306
v 3074.7878546863667 3035.5991745366787 102.0408163265306
v 3061.4077365664907 3058.5521585499973 102.0408163265306
v 3041.0255681115664 3076.5706962186787 102.0408163265306
v 3015.435393570394 3087.5384669344185 102.0408163265306
v 2987.0622874297014 3089.9837674437213 102.0408163265306
v 2958.7332036770395 3083.264067913942 102.0408163265306
v 2933.395313692531 3067.669951625872 102.0408163265306
v 2913.8098958880073 3044.4340869553853 102.0408163265306
v 2902.2535241512255 3015.640542227665 102.0408163265306
v 2900.2586981134955 2984.040263032995 102.0408163265306
v 2908.4230143810078 2952.788782609903 102.0408163265306
v 2926.3097087662045 2925.1311173500994 102.0408163265306
v 2952.453473801806 2904.0653130556752 102.0408163265306
v 2984.4747449156416 2892.0194790675346 102.0408163265306
v 3019.294241962992 2890.576916331977 102.0408163265306
v 3053.42864684297 2900.2800235291625 102.0408163265306
v 3083.339071054523 2920.536356253575 102.0408163265306
v 3105.7974529709577 2949.6401921188444 102.0408163265306
v 3118.2329978929633 2984.911202503331 102.0408163265306
v 3119.0216602742676 3022.939544770959 102.0408163265306
v 3107.686488891428 3059.9151533376335 102.0408163265306
v 3084.985017205136 3092.0094665389233 102.0408163265306
v 3052.8710016547857 3115.771344863302 102.0408163265306
v 3014.3305955427572 3128.4962863141823 102.0408163265306
v 2973.106195102551 3128.5296141494155 102.0408163265306
v 2933.3333333333335 3115.470053837925 102.0408163265306
v 2899.12582196308 3090.2495414840237 102.0408163265306
v 2874.1507573628674 3055.07732607606 102.0408163265306
v 2861.237247156479 3013.250236339371 102.0408163265306
v 2862.060434177821 2968.8449751614994 102.0408163265306
v 2876.935712445084 2926.3210206026024 102.0408163265306
v 2904.7475296079588 2890.072789184835 102.0408163265306
v 2943.023850150306 2863.976033394678 102.0408163265306
v 2988.1525317022174 2850.975245615265 102.0408163265306
v 3035.7210508347616 2852.7558229812817 102.0408163265306
v 3080.9477485624207 2869.537105704721 102.0408163265306
v 3119.1624689296186 2900.0108162709826 102.0408163265306
v 3146.288280354048 2941.4350069868574 102.0408163265306
v 3159.274641295513 2989.8777986810733 102.0408163265306
v 3156.4361537610275 3040.5895736858306 102.0408163265306
v 3137.659669008739 3088.468497401825 102.0408163265306
v 3104.4551892948098 3128.5737577210584 102.0408163265306
v 3059.8415280648996 3156.634893741422 102.0408163265306
v 3008.0745069276654 3169.5047605886316 102.0408163265306
v 2954.2418703764592 3165.5082494496874 102.0408163265306
v 2903.763382843464 3144.648499997152 102.0408163265306
v 2861.845213651268 3108.6461248508945 102.0408163265306
v 2832.9435340825053 3060.8035810356746 102.0408163265306
v 2820.2925408644373 3005.704618346117 102.0408163265306
v 2825.5467320700914 2948.7758987561037 102.0408163265306
v 2848.576628464414 2895.7526310878548 102.0408163265306
v 2887.442239966332 2852.1008296387145 102.0408163265306
v 2938.5508674979387 2822.454391635426 102.0408163265306
v 2996.987069493996 2810.1249131285977 102.0408163265306
v 3056.9847184973455 2816.7359334602284 102.0408163265306
v 3112.4958854925962 2842.021633541753 102.0408163265306
v 3157.8004343040657 2883.8140017812116 102.0408163265306
v 3188.094887956793 2938.223681457673 102.0408163265306
v 3200.0 2999.9999999999995 102.0408163265306
v 3000.0 3000.0 122.44897959183673
v 3001.919335591396 3000.6303705973705 122.44897959183673
v 3003.2536172021455 3002.39558759214 122.44897959183673
v 3003.5154964216435 3004.9368239518203 122.44897959183673
v 3002.3993565683095 3007.716381749043 122.44897959183673
v 2999.8397377390424 3010.0997386633726 122.44897959183673
v 2996.035539838577 3011.4545553783596 122.44897959183673
v 2991.435822606134 3011.2531977448803 122.44897959183673
v 2986.688055249619 3009.1646038604085 122.44897959183673
v 2982.5546732070093 3005.1224101243897 122.44897959183673
v 2979.8081506589256 2999.359031646504 122.44897959183673
v 2979.117941760313 2992.3995523705407 122.44897959183673
v 2980.944167400175 2985.0143276067733 122.44897959183673
v 2985.4526043833143 2978.134529070198 122.44897959183673
v 2992.4633668855345 2972.7398177376986 122.44897959183673
v 3001.4418762370833 2969.73129275203 122.44897959183673
v 3011.5357162534747 2969.8053216884005 122.44897959183673
v 3021.655344122095 2973.3444648627074 122.44897959183673
v 3030.5910375574977 2980.3403339107053 122.44897959183673
v 3037.153586518244 2990.359976249615 122.44897959183673
v 3040.322693998864 3002.5625826123864 122.44897959183673
v 3039.3853062491667 3015.767498118923 122.44897959183673
v 3034.0464196941766 3028.5683382082907 122.44897959183673
v 3024.49734495968 3039.482191694624 122.44897959183673
v 3011.430736267124 3047.11813664599 122.44897959183673
v 2995.997476926425 3050.3462008056536 122.44897959183673
v 2979.707124711068 3048.4468922155943 122.44897959183673
v 2964.2803236029845 3041.222704055687 122.44897959183673
v 2951.4676049079203 3029.0564989172835 122.44897959183673
v 2942.8536084450975 3012.9070817188076 122.44897959183673
v 2939.668368328904 2994.2390276785345 122.44897959183673
v 2942.627551150719 2974.8912189947373 122.44897959183673
v 2951.8212881017694 2956.895741380765 122.44897959183673
v 2966.6666666666665 2942.2649730810376 122.44897959183673
v 2985.932471284411 2932.7691249064596 122.44897959183673
v 3007.837044437445 2929.7285934219317 122.44897959183673
v 3030.2120009455916 2933.8449457923984 122.44897959183673
v 3050.7168651062907 2945.0911248074167 122.44897959183673
v 3067.083386522529 2962.6758061175397 122.44897959183673
v 3077.3640791782736 2985.0892958988766 122.44897959183673
v 3080.1579646731957 3010.2296932180807 122.44897959183673
v 3074.7878546863667 3035.5991745366787 122.44897959183673
v 3061.4077365664907 3058.5521585499973 122.44897959183673
v 3041.0255681115664 3076.5706962186787 122.44897959183673
v 3015.435393570394 3087.5384669344185 122.44897959183673
v 2987.0622874297014 3089.9837674437213 122.44897959183673
v 2958.7332036770395 3083.264067913942 122.44897959183673
v 2933.395313692531 3067.669951625872 122.44897959183673
v 2913.8098958880073 3044.4340869553853 122.44897959183673
v 2902.2535241512255 3015.640542227665 122.44897959183673
v 2900.2586981134955 2984.040263032995 122.44897959183673
v 2908.4230143810078 2952.788782609903 122.44897959183673
v 2926.3097087662045 2925.1311173500994 122.44897959183673
v 2952.453473801806 2904.0653130556752 122.44897959183673
v 2984.4747449156416 2892.0194790675346 122.44897959183673
v 3019.294241962992 2890.576916331977 122.44897959183673
v 3053.42864684297 2900.2800235291625 122.44897959183673
v 3083.339071054523 2920.536356253575 122.44897959183673
v 3105.7974529709577 2949.6401921188444 122.44897959183673
v 3118.2329978929633 2984.911202503331 122.44897959183673
v 3119.0216602742676 3022.939544770959 122.44897959183673
v 3107.686488891428 3059.9151533376335 122.44897959183673
v 3084.985017205136 3092.0094665389233 122.44897959183673
v 3052.8710016547857 3115.771344863302 122.44897959183673
v 3014.3305955427572 3128.4962863141823 122.44897959183673
v 2973.106195102551 3128.5296141494155 122.44897959183673
v 2933.3333333333335 3115.470053837925 122.44897959183673
v 2899.12582196308 3090.2495414840237 122.44897959183673
v 2874.1507573628674 3055.07732607606 122.44897959183673
v 2861.237247156479 3013.250236339371 122.44897959183673
v 2862.060434177821 2968.8449751614994 122.44897959183673
v 2876.935712445084 2926.3210206026024 122.44897959183673
v 2904.7475296079588 2890.072789184835 122.44897959183673
v 2943.023850150306 2863.976033394678 122.44897959183673
v 2988.1525317022174 2850.975245615265 122.44897959183673
v 3035.7210508347616 2852.7558229812817 122.44897959183673
v 3080.9477485624207 2869.537105704721 122.44897959183673
v 3119.1624689296186 2900.0108162709826 122.44897959183673
v 3146.288280354048 2941.4350069868574 122.44897959183673
v 3159.274641295513 2989.8777986810733 122.44897959183673
v 3156.4361537610275 3040.5895736858306 122.44897959183673
v 3137.659669008739 3088.468497401825 122.44897959183673
v 3104.4551892948098 3128.5737577210584 122.44897959183673
v 3059.8415280648996 3156.634893741422 122.44897959183673
v 3008.0745069276654 3169.5047605886316 122.44897959183673
v 2954.2418703764592 3165.5082494496874 122.44897959183673
v 2903.763382843464 3144.648499997152 122.44897959183673
v 2861.845213651268 3108.6461248508945 122.44897959183673
v 2832.9435340825053 3060.8035810356746 122.44897959183673
v 2820.2925408644373 3005.704618346117 122.44897959183673
v 2825.5467320700914 2948.7758987561037 122.44897959183673
v 2848.576628464414 2895.7526310878548 122.44897959183673
v 2887.442239966332 2852.1008296387145 122.44897959183673
v 2938.5508674979387 2822.454391635426 122.44897959183673
v 2996.987069493996 2810.1249131285977 122.44897959183673
v 3056.9847184973455 2816.7359334602284 122.44897959183673
v 3112.4958854925962 2842.021633541753 122.44897959183673
v 3157.8004343040657 2883.8140017812116 122.44897959183673
v 3188.094887956793 2938.223681457673 122.44897959183673
v 3200.0 2999.9999999999995 122.44897959183673
v 3000.0 3000.0 142.85714285714286
v 3001.919335591396 3000.6303705973705 142.85714285714286
v 3003.2536172021455 3002.39558759214 142.85714285714286
v 3003.5154964216435 3004.9368239518203 142.85714285714286
v 3002.3993565683095 3007.716381749043 142.85714285714286
v 2999.8397377390424 3010.0997386633726 142.85714285714286
v 2996.035539838577 3011.4545553783596 142.85714285714286
v 2991.435822606134 3011.2531977448803 142.85714285714286
v 2986.688055249619 3009.1646038604085 142.85714285714286
v 2982.5546732070093 3005.1224101243897 142.85714285714286
v 2979.8081506589256 2999.359031646504 142.85714285714286
v 2979.117941760313 2992.3995523705407 142.85714285714286
v 2980.944167400175 2985.0143276067733 142.85714285714286
v 2985.4526043833143 2978.134529070198 142.85714285714286
v 2992.4633668855345 2972.7398177376986 142.85714285714286
v 3001.4418762370833 2969.73129275203 142.85714285714286
v 3011.5357162534747 2969.8053216884005 142.85714285714286
v 3021.655344122095 2973.3444648627074 142.85714285714286
v 3030.5910375574977 2980.3403339107053 142.85714285714286
v 3037.153586518244 2990.359976249615 142.85714285714286
v 3040.322693998864 3002.5625826123864 142.85714285714286
v 3039.3853062491667 3015.767498118923 142.85714285714286
v 3034.0464196941766 3028.5683382082907 142.85714285714286
v 3024.49734495968 3039.482191694624 142.85714285714286
v 3011.430736267124 3047.11813664599 142.85714285714286
v 2995.997476926425 3050.3462008056536 142.85714285714286
v 2979.707124711068 3048.4468922155943 142.85714285714286
v 2964.2803236029845 3041.222704055687 142.85714285714286
v 2951.4676049079203 3029.0564989172835 142.85714285714286
v 2942.8536084450975 3012.9070817188076 142.85714285714286
v 2939.668368328904 2994.2390276785345 142.85714285714286
v 2942.627551150719 2974.8912189947373 142.85714285714286
v 2951.8212881017694 2956.895741380765 142.85714285714286
v 2966.6666666666665 2942.2649730810376 142.85714285714286
v 2985.932471284411 2932.7691249064596 142.85714285714286
v 3007.837044437445 2929.7285934219317 142.85714285714286
v 3030.2120009455916 2933.8449457923984 142.85714285714286
v 3050.7168651062907 2945.0911248074167 142.85714285714286
v 3067.083386522529 2962.6758061175397 142.85714285714286
v 3077.3640791782736 2985.0892958988766 142.85714285714286
v 3080.1579646731957 3010.2296932180807 142.85714285714286
v 3074.7878546863667 3035.5991745366787 142.85714285714286
v 3061.4077365664907 3058.5521585499973 142.85714285714286
v 3041.0255681115664 3076.5706962186787 142.85714285714286
v 3015.435393570394 3087.5384669344185 142.85714285714286
v 2987.0622874297014 3089.9837674437213 142.85714285714286
v 2958.7332036770395 3083.264067913942 142.85714285714286
v 2933.395313692531 3067.669951625872 142.85714285714286
v 2913.8098958880073 3044.4340869553853 142.85714285714286
v 2902.2535241512255 3015.640542227665 142.85714285714286
v 2900.2586981134955 2984.040263032995 142.85714285714286
v 2908.4230143810078 2952.788782609903 142.85714285714286
v 2926.3097087662045 2925.1311173500994 142.85714285714286
v 2952.453473801806 2904.0653130556752 142.85714285714286
v 2984.4747449156416 2892.0194790675346 142.85714285714286
v 3019.294241962992 2890.576916331977 142.85714285714286
v 3053.42864684297 2900.2800235291625 142.85714285714286
v 3083.339071054523 2920.536356253575 142.85714285714286
v 3105.7974529709577 2949.6401921188444 142.85714285714286
v 3118.2329978929633 2984.911202503331 142.85714285714286
v 3119.0216602742676 3022.939544770959 142.85714285714286
v 3107.686488891428 3059.9151533376335 142.85714285714286
v 3084.985017205136 3092.0094665389233 142.85714285714286
v 3052.8710016547857 3115.771344863302 142.85714285714286
v 3014.3305955427572 3128.4962863141823 142.85714285714286
v 2973.106195102551 3128.5296141494155 142.85714285714286
v 2933.3333333333335 3115.470053837925 142.85714285714286
v 2899.12582196308 3090.2495414840237 142.85714285714286
v 2874.1507573628674 3055.07732607606 142.85714285714286
v 2861.237247156479 3013.250236339371 142.85714285714286
v 2862.060434177821 2968.8449751614994 142.85714285714286
v 2876.935712445084 2926.3210206026024 142.85714285714286
v 2904.7475296079588 2890.072789184835 142.85714285714286
v 2943.023850150306 2863.976033394678 142.85714285714286
v 2988.1525317022174 2850.975245615265 142.85714285714286
v 3035.7210508347616 2852.7558229812817 142.85714285714286
v 3080.9477485624207 2869.537105704721 142.85714285714286
v 3119.1624689296186 2900.0108162709826 142.85714285714286
v 3146.288280354048 2941.4350069868574 142.85714285714286
v 3159.274641295513 2989.8777986810733 142.85714285714286
v 3156.4361537610275 3040.5895736858306 142.85714285714286
v 3137.659669008739 3088.468497401825 142.85714285714286
v 3104.4551892948098 3128.5737577210584 142.85714285714286
v 3059.8415280648996 3156.634893741422 142.85714285714286
v 3008.0745069276654 3169.5047605886316 142.85714285714286
v 2954.2418703764592 3165.5082494496874 142.85714285714286
v 2903.763382843464 3144.648499997152 142.85714285714286
v 2861.845213651268 3108.6461248508945 142.85714285714286
v 2832.9435340825053 3060.8035810356746 142.85714285714286
v 2820.2925408644373 3005.704618346117 142.85714285714286
v 2825.5467320700914 2948.7758987561037 142.85714285714286
v 2848.576628464414 2895.7526310878548 142.85714285714286
v 2887.442239966332 2852.1008296387145 142.85714285714286
v 2938.5508674979387 2822.454391635426 142.85714285714286
v 2996.987069493996 2810.1249131285977 142.85714285714286
v 3056.9847184973455 2816.7359334602284 142.85714285714286
v 3112.4958854925962 2842.021633541753 142.85714285714286
v 3157.8004343040657 2883.8140017812116 142.85714285714286
v 3188.094887956793 2938.223681457673 142.85714285714286
v 3200.0 2999.9999999999995 142.85714285714286
v 3000.0 3000.0 163.26530612244898
v 3001.919335591396 3000.6303705973705 163.26530612244898
v 3003.2536172021455 3002.39558759214 163.26530612244898
v 3003.5154964216435 3004.9368239518203 163.26530612244898
v 3002.3993565683095 3007.716381749043 163.26530612244898
v 2999.8397377390424 3010.0997386633726 163.26530612244898
v 2996.035539838577 3011.4545553783596 163.26530612244898
v 2991.435822606134 3011.2531977448803 163.26530612244898
v 2986.688055249619 3009.1646038604085 163.26530612244898
v 2982.5546732070093 3005.1224101243897 163.26530612244898
v 2979.8081506589256 2999.359031646504 163.26530612244898
v 2979.117941760313 2992.3995523705407 163.26530612244898
v 2980.944167400175 2985.0143276067733 163.26530612244898
v 2985.4526043833143 2978.134529070198 163.26530612244898
v 2992.4633668855345 2972.7398177376986 163.26530612244898
v 3001.4418762370833 2969.73129275203 163.26530612244898
v 3011.5357162534747 2969.8053216884005 163.26530612244898
v 3021.655344122095 2973.3444648627074 163.26530612244898
v 3030.5910375574977 2980.3403339107053 163.26530612244898
v 3037.153586518244 2990.359976249615 163.26530612244898
v 3040.322693998864 3002.5625826123864 163.26530612244898
v 3039.3853062491667 3015.767498118923 163.26530612244898
v 3034.0464196941766 3028.5683382082907 163.26530612244898
v 3024.49734495968 3039.482191694624 163.26530612244898
v 3011.430736267124 3047.11813664599 163.26530612244898
v 2995.997476926425 3050.3462008056536 163.26530612244898
v 2979.707124711068 3048.4468922155943 163.26530612244898
v 2964.2803236029845 3041.222704055687 163.26530612244898
v 2951.4676049079203 3029.0564989172835 163.26530612244898
v 2942.8536084450975 3012.9070817188076 163.26530612244898
v 2939.668368328904 2994.2390276785345 163.26530612244898
v 2942.627551150719 2974.8912189947373 163.26530612244898
v 2951.8212881017694 2956.895741380765 163.26530612244898
v 2966.6666666666665 2942.2649730810376 163.26530612244898
v 2985.932471284411 2932.7691249064596 163.26530612244898
v 3007.837044437445 2929.7285934219317 163.26530612244898
v 3030.2120009455916 2933.8449457923984 163.26530612244898
v 3050.7168651062907 2945.0911248074167 163.26530612244898
v 3067.083386522529 2962.6758061175397 163.26530612244898
v 3077.3640791782736 2985.0892958988766 163.26530612244898
v 3080.1579646731957 3010.2296932180807 163.26530612244898
v 3074.7878546863667 3035.5991745366787 163.26530612244898
v 3061.4077365664907 3058.5521585499973 163.26530612244898
v 3041.0255681115664 3076.5706962186787 163.26530612244898
v 3015.435393570394 3087.5384669344185 163.26530612244898
v 2987.0622874297014 3089.9837674437213 163.26530612244898
v 2958.7332036770395 3083.264067913942 163.26530612244898
v 2933.395313692531 3067.669951625872 163.26530612244898
v 2913.8098958880073 3044.4340869553853 163.26530612244898
v 2902.2535241512255 3015.640542227665 163.26530612244898
v 2900.2586981134955 2984.040263032995 163.26530612244898
v 2908.4230143810078 2952.788782609903 163.26530612244898
v 2926.3097087662045 2925.1311173500994 163.26530612244898
v 2952.453473801806 2904.0653130556752 163.26530612244898
v 2984.4747449156416 2892.0194790675346 163.26530612244898
v 3019.294241962992 2890.576916331977 163.26530612244898
v 3053.42864684297 2900.2800235291625 163.26530612244898
v 3083.339071054523 2920.536356253575 163.26530612244898
v 3105.7974529709577 2949.6401921188444 163.26530612244898
v 3118.2329978929633 2984.911202503331 163.26530612244898
v 3119.0216602742676 3022.939544770959 163.26530612244898
v 3107.686488891428 3059.9151533376335 163.26530612244898
v 3084.985017205136 3092.0094665389233 163.26530612244898
v 3052.8710016547857 3115.771344863302 163.26530612244898
v 3014.3305955427572 3128.4962863141823 163.26530612244898
v 2973.106195102551 3128.5296141494155 163.26530612244898
v 2933.3333333333335 3115.470053837925 163.26530612244898
v 2899.12582196308 3090.2495414840237 163.26530612244898
v 2874.1507573628674 3055.07732607606 163.26530612244898
v 2861.237247156479 3013.250236339371 163.26530612244898
v 2862.060434177821 2968.8449751614994 163.26530612244898
v 2876.935712445084 2926.3210206026024 163.26530612244898
v 2904.7475296079588 2890.072789184835 163.26530612244898
v 2943.023850150306 2863.976033394678 163.26530612244898
v 2988.1525317022174 2850.975245615265 163.26530612244898
v 3035.7210508347616 2852.7558229812817 163.26530612244898
v 3080.9477485624207 2869.537105704721 163.26530612244898
v 3119.1624689296186 2900.0108162709826 163.26530612244898
v 3146.288280354048 2941.4350069868574 163.26530612244898
v 3159.274641295513 2989.8777986810733 163.26530612244898
v 3156.4361537610275 3040.5895736858306 163.26530612244898
v 3137.659669008739 3088.468497401825 163.26530612244898
v 3104.4551892948098 3128.5737577210584 163.26530612244898
v 3059.8415280648996 3156.634893741422 163.26530612244898
v 3008.0745069276654 3169.5047605886316 163.26530612244898
v 2954.2418703764592 3165.5082494496874 163.26530612244898
v 2903.763382843464 3144.648499997152 163.26530612244898
v 2861.845213651268 3108.6461248508945 163.26530612244898
v 2832.9435340825053 3060.8035810356746 163.26530612244898
v 2820.2925408644373 3005.704618346117 163.26530612244898
v 2825.5467320700914 2948.7758987561037 163.26530612244898
v 2848.576628464414 2895.7526310878548 163.26530612244898
v 2887.442239966332 2852.1008296387145 163.26530612244898
v 2938.5508674979387 2822.454391635426 163.26530612244898
v 2996.987069493996 2810.1249131285977 163.26530612244898
v 3056.9847184973455 2816.7359334602284 163.26530612244898
v 3112.4958854925962 2842.021633541753 163.26530612244898
v 3157.8004343040657 2883.8140017812116 163.26530612244898
v 3188.094887956793 2938.223681457673 163.26530612244898
v 3200.0 2999.9999999999995 163.26530612244898
v 3000.0 3000.0 183.6734693877551
v 3001.919335591396 3000.6303705973705 183.6734693877551
v 3003.2536172021455 3002.39558759214 183.6734693877551
v 3003.5154964216435 3004.9368239518203 183.6734693877551
v 3002.3993565683095 3007.716381749043 183.6734693877551
v 2999.8397377390424 3010.0997386633726 183.6734693877551
v 2996.035539838577 3011.4545553783596 183.6734693877551
v 2991.435822606134 3011.2531977448803 183.6734693877551
v 2986.688055249619 3009.1646038604085 183.6734693877551
v 2982.5546732070093 3005.1224101243897 183.6734693877551
v 2979.8081506589256 2999.359031646504 183.6734693877551
v 2979.117941760313 2992.3995523705407 183.6734693877551
v 2980.944167400175 2985.0143276067733 183.6734693877551
v 2985.4526043833143 2978.134529070198 183.6734693877551
v 2992.4633668855345 2972.7398177376986 183.6734693877551
v 3001.4418762370833 2969.73129275203 183.6734693877551
v 3011.5357162534747 2969.8053216884005 183.6734693877551
v 3021.655344122095 2973.3444648627074 183.6734693877551
v 3030.5910375574977 2980.3403339107053 183.6734693877551
v 3037.153586518244 2990.359976249615 183.6734693877551
v 3040.322693998864 3002.5625826123864 183.6734693877551
v 3039.3853062491667 3015.767498118923 183.6734693877551
v 3034.0464196941766 3028.5683382082907 183.6734693877551
v 3024.49734495968 3039.482191694624 183.6734693877551
v 3011.430736267124 3047.11813664599 183.6734693877551
v 2995.997476926425 3050.3462008056536 183.6734693877551
v 2979.707124711068 3048.4468922155943 183.6734693877551
v 2964.2803236029845 3041.222704055687 183.6734693877551
v 2951.4676049079203 3029.0564989172835 183.6734693877551
v 2942.8536084450975 3012.9070817188076 183.6734693877551
v 2939.668368328904 2994.2390276785345 183.6734693877551
v 2942.627551150719 2974.8912189947373 183.6734693877551
v 2951.8212881017694 2956.895741380765 183.6734693877551
v 2966.6666666666665 2942.2649730810376 183.6734693877551
v 2985.932471284411 2932.7691249064596 183.6734693877551
v 3007.837044437445 2929.7285934219317 183.6734693877551
v 3030.2120009455916 2933.8449457923984 183.6734693877551
v 3050.7168651062907 2945.0911248074167 183.6734693877551
v 3067.083386522529 2962.6758061175397 183.6734693877551
v 3077.3640791782736 2985.0892958988766 183.6734693877551
v 3080.1579646731957 3010.2296932180807 183.6734693877551
v 3074.7878546863667 3035.5991745366787 183.6734693877551
v 3061.4077365664907 3058.5521585499973 183.6734693877551
v 3041.0255681115664 3076.5706962186787 183.6734693877551
v 3015.435393570394 3087.5384669344185 183.6734693877551
v 2987.0622874297014 3089.9837674437213 183.6734693877551
v 2958.7332036770395 3083.264067913942 183.6734693877551
v 2933.395313692531 3067.669951625872 183.6734693877551
v 2913.8098958880073 3044.4340869553853 183.6734693877551
v 2902.2535241512255 3015.640542227665 183.6734693877551
v 2900.2586981134955 2984.040263032995 183.6734693877551
v 2908.4230143810078 2952.788782609903 183.6734693877551
v 2926.3097087662045 2925.1311173500994 183.6734693877551
v 2952.453473801806 2904.0653130556752 183.6734693877551
v 2984.4747449156416 2892.0194790675346 183.6734693877551
v 3019.294241962992 2890.576916331977 183.6734693877551
v 3053.42864684297 2900.2800235291625 183.6734693877551
v 3083.339071054523 2920.536356253575 183.6734693877551
v 3105.7974529709577 2949.6401921188444 183.6734693877551
v 3118.2329978929633 2984.911202503331 183.6734693877551
v 3119.0216602742676 3022.939544770959 183.6734693877551
v 3107.686488891428 3059.9151533376335 183.6734693877551
v 3084.985017205136 3092.0094665389233 183.6734693877551
v 3052.8710016547857 3115.771344863302 183.6734693877551
v 3014.3305955427572 3128.4962863141823 183.6734693877551
v 2973.106195102551 3128.5296141494155 183.6734693877551
v 2933.3333333333335 3115.470053837925 183.6734693877551
v 2899.12582196308 3090.2495414840237 183.6734693877551
v 2874.1507573628674 3055.07732607606 183.6734693877551
v 2861.237247156479 3013.250236339371 183.6734693877551
v 2862.060434177821 2968.8449751614994 183.6734693877551
v 2876.935712445084 2926.3210206026024 183.6734693877551
v 2904.7475296079588 2890.072789184835 183.6734693877551
v 2943.023850150306 2863.976033394678 183.6734693877551
v 2988.1525317022174 2850.975245615265 183.6734693877551
v 3035.7210508347616 2852.7558229812817 183.6734693877551
v 3080.9477485624207 2869.537105704721 183.6734693877551
v 3119.1624689296186 2900.0108162709826 183.6734693877551
v 3146.288280354048 2941.4350069868574 183.6734693877551
v 3159.274641295513 2989.8777986810733 183.6734693877551
v 3156.4361537610275 3040.5895736858306 183.6734693877551
v 3137.659669008739 3088.468497401825 183.6734693877551
v 3104.4551892948098 3128.5737577210584 183.6734693877551
v 3059.8415280648996 3156.634893741422 183.6734693877551
v 3008.0745069276654 3169.5047605886316 183.6734693877551
v 2954.2418703764592 3165.5082494496874 183.6734693877551
v 2903.763382843464 3144.648499997152 183.6734693877551
v 2861.845213651268 3108.6461248508945 183.6734693877551
v 2832.9435340825053 3060.8035810356746 183.6734693877551
v 2820.2925408644373 3005.704618346117 183.6734693877551
v 2825.5467320700914 2948.7758987561037 183.6734693877551
v 2848.576628464414 2895.7526310878548 183.6734693877551
v 2887.442239966332 2852.1008296387145 183.6734693877551
v 2938.5508674979387 2822.454391635426 183.6734693877551
v 2996.987069493996 2810.1249131285977 183.6734693877551
v 3056.9847184973455 2816.7359334602284 183.6734693877551
v 3112.4958854925962 2842.021633541753 183.6734693877551
v 3157.8004343040657 2883.8140017812116 183.6734693877551
v 3188.094887956793 2938.223681457673 183.6734693877551
v 3200.0 2999.9999999999995 183.6734693877551
v 3000.0 3000.0 204.0816326530612
v 3001.919335591396 3000.6303705973705 204.0816326530612
v 3003.2536172021455 3002.39558759214 204.0816326530612
v 3003.5154964216435 3004.9368239518203 204.0816326530612
v 3002.3993565683095 3007.716381749043 204.0816326530612
v 2999.8397377390424 3010.0997386633726 204.0816326530612
v 2996.035539838577 3011.4545553783596 204.0816326530612
v 2991.435822606134 3011.2531977448803 204.0816326530612
v 2986.688055249619 3009.1646038604085 204.0816326530612
v 2982.5546732070093 3005.1224101243897 204.0816326530612
v 2979.8081506589256 2999.359031646504 204.0816326530612
v 2979.117941760313 2992.3995523705407 204.0816326530612
v 2980.944167400175 2985.0143276067733 204.0816326530612
v 2985.4526043833143 2978.134529070198 204.0816326530612
v 2992.4633668855345 2972.7398177376986 204.0816326530612
v 3001.4418762370833 2969.73129275203 204.0816326530612
v 3011.5357162534747 2969.8053216884005 204.0816326530612
v 3021.655344122095 2973.3444648627074 204.0816326530612
v 3030.5910375574977 2980.3403339107053 204.0816326530612
v 3037.153586518244 2990.359976249615 204.0816326530612
v 3040.322693998864 3002.5625826123864 204.0816326530612
v 3039.3853062491667 3015.767498118923 204.0816326530612
v 3034.0464196941766 3028.5683382082907 204.0816326530612
v 3024.49734495968 3039.482191694624 204.0816326530612
v 3011.430736267124 3047.11813664599 204.0816326530612
v 2995.997476926425 3050.3462008056536 204.0816326530612
v 2979.707124711068 3048.4468922155943 204.0816326530612
v 2964.2803236029845 3041.222704055687 204.0816326530612
v 2951.4676049079203 3029.0564989172835 204.0816326530612
v 2942.8536084450975 3012.9070817188076 204.0816326530612
v 2939.668368328904 2994.2390276785345 204.0816326530612
v 2942.627551150719 2974.8912189947373 204.0816326530612
v 2951.8212881017694 2956.895741380765 204.0816326530612
v 2966.6666666666665 2942.2649730810376 204.0816326530612
v 2985.932471284411 2932.7691249064596 204.0816326530612
v 3007.837044437445 2929.7285934219317 204.0816326530612
v 3030.2120009455916 2933.8449457923984 204.0816326530612
v 3050.7168651062907 2945.0911248074167 204.0816326530612
v 3067.083386522529 2962.6758061175397 204.0816326530612
v 3077.3640791782736 2985.0892958988766 204.0816326530612
v 3080.1579646731957 3010.2296932180807 204.0816326530612
v 3074.7878546863667 3035.5991745366787 204.0816326530612
v 3061.4077365664907 3058.5521585499973 204.0816326530612
v 3041.0255681115664 3076.5706962186787 204.0816326530612
v 3015.435393570394 3087.5384669344185 204.0816326530612
v 2987.0622874297014 3089.9837674437213 204.0816326530612
v 2958.7332036770395 3083.264067913942 204.0816326530612
v 2933.395313692531 3067.669951625872 204.0816326530612
v 2913.8098958880073 3044.4340869553853 204.0816326530612
v 2902.2535241512255 3015.640542227665 204.0816326530612
v 2900.2586981134955 2984.040263032995 204.0816326530612
v 2908.4230143810078 2952.788782609903 204.0816326530612
v 2926.3097087662045 2925.1311173500994 204.0816326530612
v 2952.453473801806 2904.0653130556752 204.0816326530612
v 2984.4747449156416 2892.0194790675346 204.0816326530612
v 3019.294241962992 2890.576916331977 204.0816326530612
v 3053.42864684297 2900.2800235291625 204.0816326530612
v 3083.339071054523 2920.536356253575 204.0816326530612
v 3105.7974529709577 2949.6401921188444 204.0816326530612
v 3118.2329978929633 2984.911202503331 204.0816326530612
v 3119.0216602742676 3022.939544770959 204.0816326530612
v 3107.686488891428 3059.9151533376335 204.0816326530612
v 3084.985017205136 3092.0094665389233 204.0816326530612
v 3052.8710016547857 3115.771344863302 204.0816326530612
v 3014.3305955427572 3128.4962863141823 204.0816326530612
v 2973.106195102551 3128.5296141494155 204.0816326530612
v 2933.3333333333335 3115.470053837925 204.0816326530612
v 2899.12582196308 3090.2495414840237 204.0816326530612
v 2874.1507573628674 3055.07732607606 204.0816326530612
v 2861.237247156479 3013.250236339371 204.0816326530612
v 2862.060434177821 2968.8449751614994 204.0816326530612
v 2876.935712445084 2926.3210206026024 204.0816326530612
v 2904.7475296079588 2890.072789184835 204.0816326530612
v 2943.023850150306 2863.976033394678 204.0816326530612
v 2988.1525317022174 2850.975245615265 204.0816326530612
v 3035.7210508347616 2852.7558229812817 204.0816326530612
v 3080.9477485624207 2869.537105704721 204.0816326530612
v 3119.1624689296186 2900.0108162709826 204.0816326530612
v 3146.288280354048 2941.4350069868574 204.0816326530612
v 3159.274641295513 2989.8777986810733 204.0816326530612
v 3156.4361537610275 3040.5895736858306 204.0816326530612
v 3137.659669008739 3088.468497401825 204.0816326530612
v 3104.4551892948098 3128.5737577210584 204.0816326530612
v 3059.8415280648996 3156.634893741422 204.0816326530612
v 3008.0745069276654 3169.5047605886316 204.0816326530612
v 2954.2418703764592 3165.5082494496874 204.0816326530612
v 2903.763382843464 3144.648499997152 204.0816326530612
v 2861.845213651268 3108.6461248508945 204.0816326530612
v 2832.9435340825053 3060.8035810356746 204.0816326530612
v 2820.2925408644373 3005.704618346117 204.0816326530612
v 2825.5467320700914 2948.7758987561037 204.0816326530612
v 2848.576628464414 2895.7526310878548 204.0816326530612
v 2887.442239966332 2852.1008296387145 204.0816326530612
v 2938.5508674979387 2822.454391635426 204.0816326530612
v 2996.987069493996 2810.1249131285977 204.0816326530612
v 3056.9847184973455 2816.7359334602284 204.0816326530612
v 3112.4958854925962 2842.021633541753 204.0816326530612
v 3157.8004343040657 2883.8140017812116 204.0816326530612
v 3188.094887956793 2938.223681457673 204.0816326530612
v 3200.0 2999.9999999999995 204.0816326530612
v 3000.0 3000.0 224.48979591836735
v 3001.919335591396 3000.6303705973705 224.48979591836735
v 3003.2536172021455 3002.39558759214 224.48979591836735
v 3003.5154964216435 3004.9368239518203 224.48979591836735
v 3002.3993565683095 3007.716381749043 224.48979591836735
v 2999.8397377390424 3010.0997386633726 224.48979591836735
v 2996.035539838577 3011.4545553783596 224.48979591836735
v 2991.435822606134 3011.2531977448803 224.48979591836735
v 2986.688055249619 3009.1646038604085 224.48979591836735
v 2982.5546732070093 3005.1224101243897 224.48979591836735
v 2979.8081506589256 2999.359031646504 224.48979591836735
v 2979.117941760313 2992.3995523705407 224.48979591836735
v 2980.944167400175 2985.0143276067733 224.48979591836735
v 2985.4526043833143 2978.134529070198 224.48979591836735
v 2992.4633668855345 2972.7398177376986 224.48979591836735
v 3001.4418762370833 2969.73129275203 224.48979591836735
v 3011.5357162534747 2969.8053216884005 224.48979591836735
v 3021.655344122095 2973.3444648627074 224.48979591836735
v 3030.5910375574977 2980.3403339107053 224.48979591836735
v 3037.153586518244 2990.359976249615 224.48979591836735
v 3040.322693998864 3002.5625826123864 224.48979591836735
v 3039.3853062491667 3015.767498118923 224.48979591836735
v 3034.0464196941766 3028.5683382082907 224.48979591836735
v 3024.49734495968 3039.482191694624 224.48979591836735
v 3011.430736267124 3047.11813664599 224.48979591836735
v 2995.997476926425 3050.3462008056536 224.48979591836735
v 2979.707124711068 3048.4468922155943 224.48979591836735
v 2964.2803236029845 3041.222704055687 224.48979591836735
v 2951.4676049079203 3029.0564989172835 224.48979591836735
v 2942.8536084450975 3012.9070817188076 224.48979591836735
v 2939.668368328904 2994.2390276785345 224.48979591836735
v 2942.627551150719 2974.8912189947373 224.48979591836735
v 2951.8212881017694 2956.895741380765 224.48979591836735
v 2966.6666666666665 2942.2649730810376 224.48979591836735
v 2985.932471284411 2932.7691249064596 224.48979591836735
v 3007.837044437445 2929.7285934219317 224.48979591836735
v 3030.2120009455916 2933.8449457923984 224.48979591836735
v 3050.7168651062907 2945.0911248074167 224.48979591836735
v 3067.083386522529 2962.6758061175397 224.48979591836735
v 3077.3640791782736 2985.0892958988766 224.48979591836735
v 3080.1579646731957 3010.2296932180807 224.48979591836735
v 3074.7878546863667 3035.5991745366787 224.48979591836735
v 3061.4077365664907 3058.5521585499973 224.48979591836735
v 3041.0255681115664 3076.5706962186787 224.48979591836735
v 3015.435393570394 3087.5384669344185 224.48979591836735
v 2987.0622874297014 3089.9837674437213 224.48979591836735
v 2958.7332036770395 3083.264067913942 224.48979591836735
v 2933.395313692531 3067.669951625872 224.48979591836735
v 2913.8098958880073 3044.4340869553853 224.48979591836735
v 2902.2535241512255 3015.640542227665 224.48979591836735
v 2900.2586981134955 2984.040263032995 224.48979591836735
v 2908.4230143810078 2952.788782609903 224.48979591836735
v 2926.3097087662045 2925.1311173500994 224.48979591836735
v 2952.453473801806 2904.0653130556752 224.48979591836735
v 2984.4747449156416 2892.0194790675346 224.48979591836735
v 3019.294241962992 2890.576916331977 224.48979591836735
v 3053.42864684297 2900.2800235291625 224.48979591836735
v 3083.339071054523 2920.536356253575 224.48979591836735
v 3105.7974529709577 2949.6401921188444 224.48979591836735
v 3118.2329978929633 2984.911202503331 224.48979591836735
v 3119.0216602742676 3022.939544770959 224.48979591836735
v 3107.686488891428 3059.9151533376335 224.48979591836735
v 3084.985017205136 3092.0094665389233 224.48979591836735
v 3052.8710016547857 3115.771344863302 224.48979591836735
v 3014.3305955427572 3128.4962863141823 224.48979591836735
v 2973.106195102551 3128.5296141494155 224.48979591836735
v 2933.3333333333335 3115.470053837925 224.48979591836735
v 2899.12582196308 3090.2495414840237 224.48979591836735
v 2874.1507573628674 3055.07732607606 224.48979591836735
v 2861.237247156479 3013.250236339371 224.48979591836735
v 2862.060434177821 2968.8449751614994 224.48979591836735
v 2876.935712445084 2926.3210206026024 224.48979591836735
v 2904.7475296079588 2890.072789184835 224.48979591836735
v 2943.023850150306 2863.976033394678 224.48979591836735
v 2988.1525317022174 2850.975245615265 224.48979591836735
v 3035.7210508347616 2852.7558229812817 224.48979591836735
v 3080.9477485624207 2869.537105704721 224.48979591836735
v 3119.1624689296186 2900.0108162709826 224.48979591836735
v 3146.288280354048 2941.4350069868574 224.48979591836735
v 3159.274641295513 2989.8777986810733 224.48979591836735
v 3156.4361537610275 3040.5895736858306 224.48979591836735
v 3137.659669008739 3088.468497401825 224.48979591836735
v 3104.4551892948098 3128.5737577210584 224.48979591836735
v 3059.8415280648996 3156.634893741422 224.48979591836735
v 3008.0745069276654 3169.5047605886316 224.48979591836735
v 2954.2418703764592 3165.5082494496874 224.48979591836735
v 2903.763382843464 3144.648499997152 224.48979591836735
v 2861.845213651268 3108.6461248508945 224.48979591836735
v 2832.9435340825053 3060.8035810356746 224.48979591836735
v 2820.2925408644373 3005.704618346117 224.48979591836735
v 2825.5467320700914 2948.7758987561037 224.48979591836735
v 2848.576628464414 2895.7526310878548 224.48979591836735
v 2887.442239966332 2852.1008296387145 224.48979591836735
v 2938.5508674979387 2822.454391635426 224.48979591836735
v 2996.987069493996 2810.1249131285977 224.48979591836735
v 3056.9847184973455 2816.7359334602284 224.48979591836735
v 3112.4958854925962 2842.021633541753 224.48979591836735
v 3157.8004343040657 2883.8140017812116 224.48979591836735
v 3188.094887956793 2938.223681457673 224.48979591836735
v 3200.0 2999.9999999999995 224.48979591836735
v 3000.0 3000.0 244.89795918367346
v 3001.919335591396 3000.6303705973705 244.89795918367346
v 3003.2536172021455 3002.39558759214 244.89795918367346
v 3003.5154964216435 3004.9368239518203 244.89795918367346
v 3002.3993565683095 3007.716381749043 244.89795918367346
v 2999.8397377390424 3010.0997386633726 244.89795918367346
v 2996.035539838577 3011.4545553783596 244.89795918367346
v 2991.435822606134 3011.2531977448803 244.89795918367346
v 2986.688055249619 3009.1646038604085 244.89795918367346
v 2982.5546732070093 3005.1224101243897 244.89795918367346
v 2979.8081506589256 2999.359031646504 244.89795918367346
v 2979.117941760313 2992.3995523705407 244.89795918367346
v 2980.944167400175 2985.0143276067733 244.89795918367346
v 2985.4526043833143 2978.134529070198 244.89795918367346
v 2992.4633668855345 2972.7398177376986 244.89795918367346
v 3001.4418762370833 2969.73129275203 244.89795918367346
v 3011.5357162534747 2969.8053216884005 244.89795918367346
v 3021.655344122095 2973.3444648627074 244.89795918367346
v 3030.5910375574977 2980.3403339107053 244.89795918367346
v 3037.153586518244 2990.359976249615 244.89795918367346
v 3040.322693998864 3002.5625826123864 244.89795918367346
v 3039.3853062491667 3015.767498118923 244.89795918367346
v 3034.0464196941766 3028.5683382082907 244.89795918367346
v 3024.49734495968 3039.482191694624 244.89795918367346
v 3011.430736267124 3047.11813664599 244.89795918367346
v 2995.997476926425 3050.3462008056536 244.89795918367346
v 2979.707124711068 3048.4468922155943 244.89795918367346
v 2964.2803236029845 3041.222704055687 244.89795918367346
v 2951.4676049079203 3029.0564989172835 244.89795918367346
v 2942.8536084450975 3012.9070817188076 244.89795918367346
v 2939.668368328904 2994.2390276785345 244.89795918367346
v 2942.627551150719 2974.8912189947373 244.89795918367346
v 2951.8212881017694 2956.895741380765 244.89795918367346
v 2966.6666666666665 2942.2649730810376 244.89795918367346
v 2985.932471284411 2932.7691249064596 244.89795918367346
v 3007.837044437445 2929.7285934219317 244.89795918367346
v 3030.2120009455916 2933.8449457923984 244.89795918367346
v 3050.7168651062907 2945.0911248074167 244.89795918367346
v 3067.083386522529 2962.6758061175397 244.89795918367346
v 3077.3640791782736 2985.0892958988766 244.89795918367346
v 3080.1579646731957 3010.2296932180807 244.89795918367346
v 3074.7878546863667 3035.5991745366787 244.89795918367346
v 3061.4077365664907 3058.5521585499973 244.89795918367346
v 3041.0255681115664 3076.5706962186787 244.89795918367346
v 3015.435393570394 3087.5384669344185 244.89795918367346
v 2987.0622874297014 3089.9837674437213 244.89795918367346
v 2958.7332036770395 3083.264067913942 244.89795918367346
v 2933.395313692531 3067.669951625872 244.89795918367346
v 2913.8098958880073 3044.4340869553853 244.89795918367346
v 2902.2535241512255 3015.640542227665 244.89795918367346
v 2900.2586981134955 2984.040263032995 244.89795918367346
v 2908.4230143810078 2952.788782609903 244.89795918367346
v 2926.3097087662045 2925.1311173500994 244.89795918367346
v 2952.453473801806 2904.0653130556752 244.89795918367346
v 2984.4747449156416 2892.0194790675346 244.89795918367346
v 3019.294241962992 2890.576916331977 244.89795918367346
v 3053.42864684297 2900.2800235291625 244.89795918367346
v 3083.339071054523 2920.536356253575 244.89795918367346
v 3105.7974529709577 2949.6401921188444 244.89795918367346
v 3118.2329978929633 2984.911202503331 244.89795918367346
v 3119.0216602742676 3022.939544770959 244.89795918367346
v 3107.686488891428 3059.9151533376335 244.89795918367346
v 3084.985017205136 3092.0094665389233 244.89795918367346
v 3052.8710016547857 3115.771344863302 244.89795918367346
v 3014.3305955427572 3128.4962863141823 244.89795918367346
v 2973.106195102551 3128.5296141494155 244.89795918367346
v 2933.3333333333335 3115.470053837925 244.89795918367346
v 2899.12582196308 3090.2495414840237 244.89795918367346
v 2874.1507573628674 3055.07732607606 244.89795918367346
v 2861.237247156479 3013.250236339371 244.89795918367346
v 2862.060434177821 2968.8449751614994 244.89795918367346
v 2876.935712445084 2926.3210206026024 244.89795918367346
v 2904.7475296079588 2890.072789184835 244.89795918367346
v 2943.023850150306 2863.976033394678 244.89795918367346
v 2988.1525317022174 2850.975245615265 244.89795918367346
v 3035.7210508347616 2852.7558229812817 244.89795918367346
v 3080.9477485624207 2869.537105704721 244.89795918367346
v 3119.1624689296186 2900.0108162709826 244.89795918367346
v 3146.288280354048 2941.4350069868574 244.89795918367346
v 3159.274641295513 2989.8777986810733 244.89795918367346
v 3156.4361537610275 3040.5895736858306 244.89795918367346
v 3137.659669008739 3088.468497401825 244.89795918367346
v 3104.4551892948098 3128.5737577210584 244.89795918367346
v 3059.8415280648996 3156.634893741422 244.89795918367346
v 3008.0745069276654 3169.5047605886316 244.89795918367346
v 2954.2418703764592 3165.5082494496874 244.89795918367346
v 2903.763382843464 3144.648499997152 244.89795918367346
v 2861.845213651268 3108.6461248508945 244.89795918367346
v 2832.9435340825053 3060.8035810356746 244.89795918367346
v 2820.2925408644373 3005.704618346117 244.89795918367346
v 2825.5467320700914 2948.7758987561037 244.89795918367346
v 2848.576628464414 2895.7526310878548 244.89795918367346
v 2887.442239966332 2852.1008296387145 244.89795918367346
v 2938.5508674979387 2822.454391635426 244.89795918367346
v 2996.987069493996 2810.1249131285977 244.89795918367346
v 3056.9847184973455 2816.7359334602284 244.89795918367346
v 3112.4958854925962 2842.021633541753 244.89795918367346
v 3157.8004343040657 2883.8140017812116 244.89795918367346
v 3188.094887956793 2938.223681457673 244.89795918367346
v 3200.0 2999.9999999999995 244.89795918367346
v 3000.0 3000.0 265.3061224489796
v 3001.919335591396 3000.6303705973705 265.3061224489796
v 3003.2536172021455 3002.39558759214 265.3061224489796
v 3003.5154964216435 3004.9368239518203 265.3061224489796
v 3002.3993565683095 3007.716381749043 265.3061224489796
v 2999.8397377390424 3010.0997386633726 265.3061224489796
v 2996.035539838577 3011.4545553783596 265.3061224489796
v 2991.435822606134 3011.2531977448803 265.3061224489796
v 2986.688055249619 3009.1646038604085 265.3061224489796
v 2982.5546732070093 3005.1224101243897 265.3061224489796
v 2979.8081506589256 2999.359031646504 265.3061224489796
v 2979.117941760313 2992.3995523705407 265.3061224489796
v 2980.944167400175 2985.0143276067733 265.3061224489796
v 2985.4526043833143 2978.134529070198 265.3061224489796
v 2992.4633668855345 2972.7398177376986 265.3061224489796
v 3001.4418762370833 2969.73129275203 265.3061224489796
v 3011.5357162534747 2969.8053216884005 265.3061224489796
v 3021.655344122095 2973.3444648627074 265.3061224489796
v 3030.5910375574977 2980.3403339107053 265.3061224489796
v 3037.153586518244 2990.359976249615 265.3061224489796
v 3040.322693998864 3002.5625826123864 265.3061224489796
v 3039.3853062491667 3015.767498118923 265.3061224489796
v 3034.0464196941766 3028.5683382082907 265.3061224489796
v 3024.49734495968 3039.482191694624 265.3061224489796
v 3011.430736267124 3047.11813664599 265.3061224489796
v 2995.997476926425 3050.3462008056536 265.3061224489796
v 2979.707124711068 3048.4468922155943 265.3061224489796
v 2964.2803236029845 3041.222704055687 265.3061224489796
v 2951.4676049079203 3029.0564989172835 265.3061224489796
v 2942.8536084450975 3012.9070817188076 265.3061224489796
v 2939.668368328904 2994.2390276785345 265.3061224489796
v 2942.627551150719 2974.8912189947373 265.3061224489796
v 2951.8212881017694 2956.895741380765 265.3061224489796
v 2966.6666666666665 2942.2649730810376 265.3061224489796
v 2985.932471284411 2932.7691249064596 265.3061224489796
v 3007.837044437445 2929.7285934219317 265.3061224489796
v 3030.2120009455916 2933.8449457923984 265.3061224489796
v 3050.7168651062907 2945.0911248074167 265.3061224489796
v 3067.083386522529 2962.6758061175397 265.3061224489796
v 3077.3640791782736 2985.0892958988766 265.3061224489796
v 3080.1579646731957 3010.2296932180807 265.3061224489796
v 3074.7878546863667 3035.5991745366787 265.3061224489796
v 3061.4077365664907 3058.5521585499973 265.3061224489796
v 3041.0255681115664 3076.5706962186787 265.3061224489796
v 3015.435393570394 3087.5384669344185 265.3061224489796
v 2987.0622874297014 3089.9837674437213 265.3061224489796
v 2958.7332036770395 3083.264067913942 265.3061224489796
v 2933.395313692531 3067.669951625872 265.3061224489796
v 2913.8098958880073 3044.4340869553853 265.3061224489796
v 2902.2535241512255 3015.640542227665 265.3061224489796
v 2900.2586981134955 2984.040263032995 265.3061224489796
v 2908.4230143810078 2952.788782609903 265.3061224489796
v 2926.3097087662045 2925.1311173500994 265.3061224489796
v 2952.453473801806 2904.0653130556752 265.3061224489796
v 2984.4747449156416 2892.0194790675346 265.3061224489796
v 3019.294241962992 2890.576916331977 265.3061224489796
v 3053.42864684297 2900.2800235291625 265.3061224489796
v 3083.339071054523 2920.536356253575 265.3061224489796
v 3105.7974529709577 2949.6401921188444 265.3061224489796
v 3118.2329978929633 2984.911202503331 265.3061224489796
v 3119.0216602742676 3022.939544770959 265.3061224489796
v 3107.686488891428 3059.9151533376335 265.3061224489796
v 3084.985017205136 3092.0094665389233 265.3061224489796
v 3052.8710016547857 3115.771344863302 265.3061224489796
v 3014.3305955427572 3128.4962863141823 265.3061224489796
v 2973.106195102551 3128.5296141494155 265.3061224489796
v 2933.3333333333335 3115.470053837925 265.3061224489796
v 2899.12582196308 3090.2495414840237 265.3061224489796
v 2874.1507573628674 3055.07732607606 265.3061224489796
v 2861.237247156479 3013.250236339371 265.3061224489796
v 2862.060434177821 2968.8449751614994 265.3061224489796
v 2876.935712445084 2926.3210206026024 265.3061224489796
v 2904.7475296079588 2890.072789184835 265.3061224489796
v 2943.023850150306 2863.976033394678 265.3061224489796
v 2988.1525317022174 2850.975245615265 265.3061224489796
v 3035.7210508347616 2852.7558229812817 265.3061224489796
v 3080.9477485624207 2869.537105704721 265.3061224489796
v 3119.1624689296186 2900.0108162709826 265.3061224489796
v 3146.288280354048 2941.4350069868574 265.3061224489796
v 3159.274641295513 2989.8777986810733 265.3061224489796
v 3156.4361537610275 3040.5895736858306 265.3061224489796
v 3137.659669008739 3088.468497401825 265.3061224489796
v 3104.4551892948098 3128.5737577210584 265.3061224489796
v 3059.8415280648996 3156.634893741422 265.3061224489796
v 3008.0745069276654 3169.5047605886316 265.3061224489796
v 2954.2418703764592 3165.5082494496874 265.3061224489796
v 2903.763382843464 3144.648499997152 265.3061224489796
v 2861.845213651268 3108.6461248508945 265.3061224489796
v 2832.9435340825053 3060.8035810356746 265.3061224489796
v 2820.2925408644373 3005.704618346117 265.3061224489796
v 2825.5467320700914 2948.7758987561037 265.3061224489796
v 2848.576628464414 2895.7526310878548 265.3061224489796
v 2887.442239966332 2852.1008296387145 265.3061224489796
v 2938.5508674979387 2822.454391635426 265.3061224489796
v 2996.987069493996 2810.1249131285977 265.3061224489796
v 3056.9847184973455 2816.7359334602284 265.3061224489796
v 3112.4958854925962 2842.021633541753 265.3061224489796
v 3157.8004343040657 2883.8140017812116 265.3061224489796
v 3188.094887956793 2938.223681457673 265.3061224489796
v 3200.0 2999.9999999999995 265.3061224489796
v 3000.0 3000.0 285.7142857142857
v 3001.919335591396 3000.6303705973705 285.7142857142857
v 3003.2536172021455 3002.39558759214 285.7142857142857
v 3003.5154964216435 3004.9368239518203 285.7142857142857
v 3002.3993565683095 3007.716381749043 285.7142857142857
v 2999.8397377390424 3010.0997386633726 285.7142857142857
v 2996.035539838577 3011.4545553783596 285.7142857142857
v 2991.435822606134 3011.2531977448803 285.7142857142857
v 2986.688055249619 3009.1646038604085 285.7142857142857
v 2982.5546732070093 3005.1224101243897 285.7142857142857
v 2979.8081506589256 2999.359031646504 285.7142857142857
v 2979.117941760313 2992.3995523705407 285.7142857142857
v 2980.944167400175 2985.0143276067733 285.7142857142857
v 2985.4526043833143 2978.134529070198 285.7142857142857
v 2992.4633668855345 2972.7398177376986 285.7142857142857
v 3001.4418762370833 2969.73129275203 285.7142857142857
v 3011.5357162534747 2969.8053216884005 285.7142857142857
v 3021.655344122095 2973.3444648627074 285.7142857142857
v 3030.5910375574977 2980.3403339107053 285.7142857142857
v 3037.153586518244 2990.359976249615 285.7142857142857
v 3040.322693998864 3002.5625826123864 285.7142857142857
v 3039.3853062491667 3015.767498118923 285.7142857142857
v 3034.0464196941766 3028.5683382082907 285.7142857142857
v 3024.49734495968 3039.482191694624 285.7142857142857
v 3011.430736267124 3047.11813664599 285.7142857142857
v 2995.997476926425 3050.3462008056536 285.7142857142857
v 2979.707124711068 3048.4468922155943 285.7142857142857
v 2964.2803236029845 3041.222704055687 285.7142857142857
v 2951.4676049079203 3029.0564989172835 285.7142857142857
v 2942.8536084450975 3012.9070817188076 285.7142857142857
v 2939.668368328904 2994.2390276785345 285.7142857142857
v 2942.627551150719 2974.8912189947373 285.7142857142857
v 2951.8212881017694 2956.895741380765 285.7142857142857
v 2966.6666666666665 2942.2649730810376 285.7142857142857
v 2985.932471284411 2932.7691249064596 285.7142857142857
v 3007.837044437445 2929.7285934219317 285.7142857142857
v 3030.2120009455916 2933.8449457923984 285.7142857142857
v 3050.7168651062907 2945.0911248074167 285.7142857142857
v 3067.083386522529 2962.6758061175397 285.7142857142857
v 3077.3640791782736 2985.0892958988766 285.7142857142857
v 3080.1579646731957 3010.2296932180807 285.7142857142857
v 3074.7878546863667 3035.5991745366787 285.7142857142857
v 3061.4077365664907 3058.5521585499973 285.7142857142857
v 3041.0255681115664 3076.5706962186787 285.7142857142857
v 3015.435393570394 3087.5384669344185 285.7142857142857
v 2987.0622874297014 3089.9837674437213 285.7142857142857
v 2958.7332036770395 3083.264067913942 285.7142857142857
v 2933.395313692531 3067.669951625872 285.7142857142857
v 2913.8098958880073 3044.4340869553853 285.7142857142857
v 2902.2535241512255 3015.640542227665 285.7142857142857
v 2900.2586981134955 2984.040263032995 285.7142857142857
v 2908.4230143810078 2952.788782609903 285.7142857142857
v 2926.3097087662045 2925.1311173500994 285.7142857142857
v 2952.453473801806 2904.0653130556752 285.7142857142857
v 2984.4747449156416 2892.0194790675346 285.7142857142857
v 3019.294241962992 2890.576916331977 285.7142857142857
v 3053.42864684297 2900.2800235291625 285.7142857142857
v 3083.339071054523 2920.536356253575 285.7142857142857
v 3105.7974529709577 2949.6401921188444 285.7142857142857
v 3118.2329978929633 2984.911202503331 285.7142857142857
v 3119.0216602742676 3022.939544770959 285.7142857142857
v 3107.686488891428 3059.9151533376335 285.7142857142857
v 3084.985017205136 3092.0094665389233 285.7142857142857
v 3052.8710016547857 3115.771344863302 285.7142857142857
v 3014.3305955427572 3128.4962863141823 285.7142857142857
v 2973.106195102551 3128.5296141494155 285.7142857142857
v 2933.3333333333335 3115.470053837925 285.7142857142857
v 2899.12582196308 3090.2495414840237 285.7142857142857
v 2874.1507573628674 3055.07732607606 285.7142857142857
v 2861.237247156479 3013.250236339371 285.7142857142857
v 2862.060434177821 2968.8449751614994 285.7142857142857
v 2876.935712445084 2926.3210206026024 285.7142857142857
v 2904.7475296079588 2890.072789184835 285.7142857142857
v 2943.023850150306 2863.976033394678 285.7142857142857
v 2988.1525317022174 2850.975245615265 285.7142857142857
v 3035.7210508347616 2852.7558229812817 285.7142857142857
v 3080.9477485624207 2869.537105704721 285.7142857142857
v 3119.1624689296186 2900.0108162709826 285.7142857142857
v 3146.288280354048 2941.4350069868574 285.7142857142857
v 3159.274641295513 2989.8777986810733 285.7142857142857
v 3156.4361537610275 3040.5895736858306 285.7142857142857
v 3137.659669008739 3088.468497401825 285.7142857142857
v 3104.4551892948098 3128.5737577210584 285.7142857142857
v 3059.8415280648996 3156.634893741422 285.7142857142857
v 3008.0745069276654 3169.5047605886316 285.7142857142857
v 2954.2418703764592 3165.5082494496874 285.7142857142857
v 2903.763382843464 3144.648499997152 285.7142857142857
v 2861.845213651268 3108.6461248508945 285.7142857142857
v 2832.9435340825053 3060.8035810356746 285.7142857142857
v 2820.2925408644373 3005.704618346117 285.7142857142857
v 2825.5467320700914 2948.7758987561037 285.7142857142857
v 2848.576628464414 2895.7526310878548 285.7142857142857
v 2887.442239966332 2852.1008296387145 285.7142857142857
v 2938.5508674979387 2822.454391635426 285.7142857142857
v 2996.987069493996 2810.1249131285977 285.7142857142857
v 3056.9847184973455 2816.7359334602284 285.7142857142857
v 3112.4958854925962 2842.021633541753 285.7142857142857
v 3157.8004343040657 2883.8140017812116 285.7142857142857
v 3188.094887956793 2938.223681457673 285.7142857142857
v 3200.0 2999.9999999999995 285.7142857142857
v 3000.0 3000.0 306.1224489795918
v 3001.919335591396 3000.6303705973705 306.1224489795918
v 3003.2536172021455 3002.39558759214 306.1224489795918
v 3003.5154964216435 3004.9368239518203 306.1224489795918
v 3002.3993565683095 3007.716381749043 306.1224489795918
v 2999.8397377390424 3010.0997386633726 306.1224489795918
v 2996.035539838577 3011.4545553783596 306.1224489795918
v 2991.435822606134 3011.2531977448803 306.1224489795918
v 2986.688055249619 3009.1646038604085 306.1224489795918
v 2982.5546732070093 3005.1224101243897 306.1224489795918
v 2979.8081506589256 2999.359031646504 306.1224489795918
v 2979.117941760313 2992.3995523705407 306.1224489795918
v 2980.944167400175 2985.0143276067733 306.1224489795918
v 2985.4526043833143 2978.134529070198 306.1224489795918
v 2992.4633668855345 2972.7398177376986 306.1224489795918
v 3001.4418762370833 2969.73129275203 306.1224489795918
v 3011.5357162534747 2969.8053216884005 306.1224489795918
v 3021.655344122095 2973.3444648627074 306.1224489795918
v 3030.5910375574977 2980.3403339107053 306.1224489795918
v 3037.153586518244 2990.359976249615 306.1224489795918
v 3040.322693998864 3002.5625826123864 306.1224489795918
v 3039.3853062491667 3015.767498118923 306.1224489795918
v 3034.0464196941766 3028.5683382082907 306.1224489795918
v 3024.49734495968 3039.482191694624 306.1224489795918
v 3011.430736267124 3047.11813664599 306.1224489795918
v 2995.997476926425 3050.3462008056536 306.1224489795918
v 2979.707124711068 3048.4468922155943 306.1224489795918
v 2964.2803236029845 3041.222704055687 306.1224489795918
v 2951.4676049079203 3029.0564989172835 306.1224489795918
v 2942.8536084450975 3012.9070817188076 306.1224489795918
v 2939.668368328904 2994.2390276785345 306.1224489795918
v 2942.627551150719 2974.8912189947373 306.1224489795918
v 2951.8212881017694 2956.895741380765 306.1224489795918
v 2966.6666666666665 2942.2649730810376 306.1224489795918
v 2985.932471284411 2932.7691249064596 306.1224489795918
v 3007.837044437445 2929.7285934219317 306.1224489795918
v 3030.2120009455916 2933.8449457923984 306.1224489795918
v 3050.7168651062907 2945.0911248074167 306.1224489795918
v 3067.083386522529 2962.6758061175397 306.1224489795918
v 3077.3640791782736 2985.0892958988766 306.1224489795918
v 3080.1579646731957 3010.2296932180807 306.1224489795918
v 3074.7878546863667 3035.5991745366787 306.1224489795918
v 3061.4077365664907 3058.5521585499973 306.1224489795918
v 3041.0255681115664 3076.5706962186787 306.1224489795918
v 3015.435393570394 3087.5384669344185 306.1224489795918
v 2987.0622874297014 3089.9837674437213 306.1224489795918
v 2958.7332036770395 3083.264067913942 306.1224489795918
v 2933.395313692531 3067.669951625872 306.1224489795918
v 2913.8098958880073 3044.4340869553853 306.1224489795918
v 2902.2535241512255 3015.640542227665 306.1224489795918
v 2900.2586981134955 2984.040263032995 306.1224489795918
v 2908.4230143810078 2952.788782609903 306.1224489795918
v 2926.3097087662045 2925.1311173500994 306.1224489795918
v 2952.453473801806 2904.0653130556752 306.1224489795918
v 2984.4747449156416 2892.0194790675346 306.1224489795918
v 3019.294241962992 2890.576916331977 306.1224489795918
v 3053.42864684297 2900.2800235291625 306.1224489795918
v 3083.339071054523 2920.536356253575 306.1224489795918
v 3105.7974529709577 2949.6401921188444 306.1224489795918
v 3118.2329978929633 2984.911202503331 306.1224489795918
v 3119.0216602742676 3022.939544770959 306.1224489795918
v 3107.686488891428 3059.9151533376335 306.1224489795918
v 3084.985017205136 3092.0094665389233 306.1224489795918
v 3052.8710016547857 3115.771344863302 306.1224489795918
v 3014.3305955427572 3128.4962863141823 306.1224489795918
v 2973.106195102551 3128.5296141494155 306.1224489795918
v 2933.3333333333335 3115.470053837925 306.1224489795918
v 2899.12582196308 3090.2495414840237 306.1224489795918
v 2874.1507573628674 3055.07732607606 306.1224489795918
v 2861.237247156479 3013.250236339371 306.1224489795918
v 2862.060434177821 2968.8449751614994 306.1224489795918
v 2876.935712445084 2926.3210206026024 306.1224489795918
v 2904.7475296079588 2890.072789184835 306.1224489795918
v 2943.023850150306 2863.976033394678 306.1224489795918
v 2988.1525317022174 2850.975245615265 306.1224489795918
v 3035.7210508347616 2852.7558229812817 306.1224489795918
v 3080.9477485624207 2869.537105704721 306.1224489795918
v 3119.1624689296186 2900.0108162709826 306.1224489795918
v 3146.288280354048 2941.4350069868574 306.1224489795918
v 3159.274641295513 2989.8777986810733 306.1224489795918
v 3156.4361537610275 3040.5895736858306 306.1224489795918
v 3137.659669008739 3088.468497401825 306.1224489795918
v 3104.4551892948098 3128.5737577210584 306.1224489795918
v 3059.8415280648996 3156.634893741422 306.1224489795918
v 3008.0745069276654 3169.5047605886316 306.1224489795918
v 2954.2418703764592 3165.5082494496874 306.1224489795918
v 2903.763382843464 3144.648499997152 306.1224489795918
v 2861.845213651268 3108.6461248508945 306.1224489795918
v 2832.9435340825053 3060.8035810356746 306.1224489795918
v 2820.2925408644373 3005.704618346117 306.1224489795918
v 2825.5467320700914 2948.7758987561037 306.1224489795918
v 2848.576628464414 2895.7526310878548 306.1224489795918
v 2887.442239966332 2852.1008296387145 306.1224489795918
v 2938.5508674979387 2822.454391635426 306.1224489795918
v 2996.987069493996 2810.1249131285977 306.1224489795918
v 3056.9847184973455 2816.7359334602284 306.1224489795918
v 3112.4958854925962 2842.021633541753 306.1224489795918
v 3157.8004343040657 2883.8140017812116 306.1224489795918
v 3188.094887956793 2938.223681457673 306.1224489795918
v 3200.0 2999.9999999999995 306.1224489795918
v 3000.0 3000.0 326.53061224489795
v 3001.919335591396 3000.6303705973705 326.53061224489795
v 3003.2536172021455 3002.39558759214 326.53061224489795
v 3003.5154964216435 3004.9368239518203 326.53061224489795
v 3002.3993565683095 3007.716381749043 326.53061224489795
v 2999.8397377390424 3010.0997386633726 326.53061224489795
v 2996.035539838577 3011.4545553783596 326.53061224489795
v 2991.435822606134 3011.2531977448803 326.53061224489795
v 2986.688055249619 3009.1646038604085 326.53061224489795
v 2982.5546732070093 3005.1224101243897 326.53061224489795
v 2979.8081506589256 2999.359031646504 326.53061224489795
v 2979.117941760313 2992.3995523705407 326.53061224489795
v 2980.944167400175 2985.0143276067733 326.53061224489795
v 2985.4526043833143 2978.134529070198 326.53061224489795
v 2992.4633668855345 2972.7398177376986 326.53061224489795
v 3001.4418762370833 2969.73129275203 326.53061224489795
v 3011.5357162534747 2969.8053216884005 326.53061224489795
v 3021.655344122095 2973.3444648627074 326.53061224489795
v 3030.5910375574977 2980.3403339107053 326.53061224489795
v 3037.153586518244 2990.359976249615 326.53061224489795
v 3040.322693998864 3002.5625826123864 326.53061224489795
v 3039.3853062491667 3015.767498118923 326.53061224489795
v 3034.0464196941766 3028.5683382082907 326.53061224489795
v 3024.49734495968 3039.482191694624 326.53061224489795
v 3011.430736267124 3047.11813664599 326.53061224489795
v 2995.997476926425 3050.3462008056536 326.53061224489795
v 2979.707124711068 3048.4468922155943 326.53061224489795
v 2964.2803236029845 3041.222704055687 326.53061224489795
v 2951.4676049079203 3029.0564989172835 326.53061224489795
v 2942.8536084450975 3012.9070817188076 326.53061224489795
v 2939.668368328904 2994.2390276785345 326.53061224489795
v 2942.627551150719 2974.8912189947373 326.53061224489795
v 2951.8212881017694 2956.895741380765 326.53061224489795
v 2966.6666666666665 2942.2649730810376 326.53061224489795
v 2985.932471284411 2932.7691249064596 326.53061224489795
v 3007.837044437445 2929.7285934219317 326.53061224489795
v 3030.2120009455916 2933.8449457923984 326.53061224489795
v 3050.7168651062907 2945.0911248074167 326.53061224489795
v 3067.083386522529 2962.6758061175397 326.53061224489795
v 3077.3640791782736 2985.0892958988766 326.53061224489795
v 3080.1579646731957 3010.2296932180807 326.53061224489795
v 3074.7878546863667 3035.5991745366787 326.53061224489795
v 3061.4077365664907 3058.5521585499973 326.53061224489795
v 3041.0255681115664 3076.5706962186787 326.53061224489795
v 3015.435393570394 3087.5384669344185 326.53061224489795
v 2987.0622874297014 3089.9837674437213 326.53061224489795
v 2958.7332036770395 3083.264067913942 326.53061224489795
v 2933.395313692531 3067.669951625872 326.53061224489795
v 2913.8098958880073 3044.4340869553853 326.53061224489795
v 2902.2535241512255 3015.640542227665 326.53061224489795
v 2900.2586981134955 2984.040263032995 326.53061224489795
v 2908.4230143810078 2952.788782609903 326.53061224489795
v 2926.3097087662045 2925.1311173500994 326.53061224489795
v 2952.453473801806 2904.0653130556752 326.53061224489795
v 2984.4747449156416 2892.0194790675346 326.53061224489795
v 3019.294241962992 2890.576916331977 326.53061224489795
v 3053.42864684297 2900.2800235291625 326.53061224489795
v 3083.339071054523 2920.536356253575 326.53061224489795
v 3105.7974529709577 2949.6401921188444 326.53061224489795
v 3118.2329978929633 2984.911202503331 326.53061224489795
v 3119.0216602742676 3022.939544770959 326.53061224489795
v 3107.686488891428 3059.9151533376335 326.53061224489795
v 3084.985017205136 3092.0094665389233 326.53061224489795
v 3052.8710016547857 3115.771344863302 326.53061224489795
v 3014.3305955427572 3128.4962863141823 326.53061224489795
v 2973.106195102551 3128.5296141494155 326.53061224489795
v 2933.3333333333335 3115.470053837925 326.53061224489795
v 2899.12582196308 3090.2495414840237 326.53061224489795
v 2874.1507573628674 3055.07732607606 326.53061224489795
v 2861.237247156479 3013.250236339371 326.53061224489795
v 2862.060434177821 2968.8449751614994 326.53061224489795
v 2876.935712445084 2926.3210206026024 326.53061224489795
v 2904.7475296079588 2890.072789184835 326.53061224489795
v 2943.023850150306 2863.976033394678 326.53061224489795
v 2988.1525317022174 2850.975245615265 326.53061224489795
v 3035.7210508347616 2852.7558229812817 326.53061224489795
v 3080.9477485624207 2869.537105704721 326.53061224489795
v 3119.1624689296186 2900.0108162709826 326.53061224489795
v 3146.288280354048 2941.4350069868574 326.53061224489795
v 3159.274641295513 2989.8777986810733 326.53061224489795
v 3156.4361537610275 3040.5895736858306 326.53061224489795
v 3137.659669008739 3088.468497401825 326.53061224489795
v 3104.4551892948098 3128.5737577210584 326.53061224489795
v 3059.8415280648996 3156.634893741422 326.53061224489795
v 3008.0745069276654 3169.5047605886316 326.53061224489795
v 2954.2418703764592 3165.5082494496874 326.53061224489795
v 2903.763382843464 3144.648499997152 326.53061224489795
v 2861.845213651268 3108.6461248508945 326.53061224489795
v 2832.9435340825053 3060.8035810356746 326.53061224489795
v 2820.2925408644373 3005.704618346117 326.53061224489795
v 2825.5467320700914 2948.7758987561037 326.53061224489795
v 2848.576628464414 2895.7526310878548 326.53061224489795
v 2887.442239966332 2852.1008296387145 326.53061224489795
v 2938.5508674979387 2822.454391635426 326.53061224489795
v 2996.987069493996 2810.1249131285977 326.53061224489795
v 3056.9847184973455 2816.7359334602284 326.53061224489795
v 3112.4958854925962 2842.021633541753 326.53061224489795
v 3157.8004343040657 2883.8140017812116 326.53061224489795
v 3188.094887956793 2938.223681457673 326.53061224489795
v 3200.0 2999.9999999999995 326.53061224489795
v 3000.0 3000.0 346.9387755102041
v 3001.919335591396 3000.6303705973705 346.9387755102041
v 3003.2536172021455 3002.39558759214 346.9387755102041
v 3003.5154964216435 3004.9368239518203 346.9387755102041
v 3002.3993565683095 3007.716381749043 346.9387755102041
v 2999.8397377390424 3010.0997386633726 346.9387755102041
v 2996.035539838577 3011.4545553783596 346.9387755102041
v 2991.435822606134 3011.2531977448803 346.9387755102041
v 2986.688055249619 3009.1646038604085 346.9387755102041
v 2982.5546732070093 3005.1224101243897 346.9387755102041
v 2979.8081506589256 2999.359031646504 346.9387755102041
v 2979.117941760313 2992.3995523705407 346.9387755102041
v 2980.944167400175 2985.0143276067733 346.9387755102041
v 2985.4526043833143 2978.134529070198 346.9387755102041
v 2992.4633668855345 2972.7398177376986 346.9387755102041
v 3001.4418762370833 2969.73129275203 346.9387755102041
v 3011.5357162534747 2969.8053216884005 346.9387755102041
v 3021.655344122095 2973.3444648627074 346.9387755102041
v 3030.5910375574977 2980.3403339107053 346.9387755102041
v 3037.153586518244 2990.359976249615 346.9387755102041
v 3040.322693998864 3002.5625826123864 346.9387755102041
v 3039.3853062491667 3015.767498118923 346.9387755102041
v 3034.0464196941766 3028.5683382082907 346.9387755102041
v 3024.49734495968 3039.482191694624 346.9387755102041
v 3011.430736267124 3047.11813664599 346.9387755102041
v 2995.997476926425 3050.3462008056536 346.9387755102041
v 2979.707124711068 3048.4468922155943 346.9387755102041
v 2964.2803236029845 3041.222704055687 346.9387755102041
v 2951.4676049079203 3029.0564989172835 346.9387755102041
v 2942.8536084450975 3012.9070817188076 346.9387755102041
v 2939.668368328904 2994.2390276785345 346.9387755102041
v 2942.627551150719 2974.8912189947373 346.9387755102041
v 2951.8212881017694 2956.895741380765 346.9387755102041
v 2966.6666666666665 2942.2649730810376 346.9387755102041
v 2985.932471284411 2932.7691249064596 346.9387755102041
v 3007.837044437445 2929.7285934219317 346.9387755102041
v 3030.2120009455916 2933.8449457923984 346.9387755102041
v 3050.7168651062907 2945.0911248074167 346.9387755102041
v 3067.083386522529 2962.6758061175397 346.9387755102041
v 3077.3640791782736 2985.0892958988766 346.9387755102041
v 3080.1579646731957 3010.2296932180807 346.9387755102041
v 3074.7878546863667 3035.5991745366787 346.9387755102041
v 3061.4077365664907 3058.5521585499973 346.9387755102041
v 3041.0255681115664 3076.5706962186787 346.9387755102041
v 3015.435393570394 3087.5384669344185 346.9387755102041
v 2987.0622874297014 3089.9837674437213 346.9387755102041
v 2958.7332036770395 3083.264067913942 346.9387755102041
v 2933.395313692531 3067.669951625872 346.9387755102041
v 2913.8098958880073 3044.4340869553853 346.9387755102041
v 2902.2535241512255 3015.640542227665 346.9387755102041
v 2900.2586981134955 2984.040263032995 346.9387755102041
v 2908.4230143810078 2952.788782609903 346.9387755102041
v 2926.3097087662045 2925.1311173500994 346.9387755102041
v 2952.453473801806 2904.0653130556752 346.9387755102041
v 2984.4747449156416 2892.0194790675346 346.9387755102041
v 3019.294241962992 2890.576916331977 346.9387755102041
v 3053.42864684297 2900.2800235291625 346.9387755102041
v 3083.339071054523 2920.536356253575 346.9387755102041
v 3105.7974529709577 2949.6401921188444 346.9387755102041
v 3118.2329978929633 2984.911202503331 346.9387755102041
v 3119.0216602742676 3022.939544770959 346.9387755102041
v 3107.686488891428 3059.9151533376335 346.9387755102041
v 3084.985017205136 3092.0094665389233 346.9387755102041
v 3052.8710016547857 3115.771344863302 346.9387755102041
v 3014.3305955427572 3128.4962863141823 346.9387755102041
v 2973.106195102551 3128.5296141494155 346.9387755102041
v 2933.3333333333335 3115.470053837925 346.9387755102041
v 2899.12582196308 3090.2495414840237 346.9387755102041
v 2874.1507573628674 3055.07732607606 346.9387755102041
v 2861.237247156479 3013.250236339371 346.9387755102041
v 2862.060434177821 2968.8449751614994 346.9387755102041
v 2876.935712445084 2926.3210206026024 346.9387755102041
v 2904.7475296079588 2890.072789184835 346.9387755102041
v 2943.023850150306 2863.976033394678 346.9387755102041
v 2988.1525317022174 2850.975245615265 346.9387755102041
v 3035.7210508347616 2852.7558229812817 346.9387755102041
v 3080.9477485624207 2869.537105704721 346.9387755102041
v 3119.1624689296186 2900.0108162709826 346.9387755102041
v 3146.288280354048 2941.4350069868574 346.9387755102041
v 3159.274641295513 2989.8777986810733 346.9387755102041
v 3156.4361537610275 3040.5895736858306 346.9387755102041
v 3137.659669008739 3088.468497401825 346.9387755102041
v 3104.4551892948098 3128.5737577210584 346.9387755102041
v 3059.8415280648996 3156.634893741422 346.9387755102041
v 3008.0745069276654 3169.5047605886316 346.9387755102041
v 2954.2418703764592 3165.5082494496874 346.9387755102041
v 2903.763382843464 3144.648499997152 346.9387755102041
v 2861.845213651268 3108.6461248508945 346.9387755102041
v 2832.9435340825053 3060.8035810356746 346.9387755102041
v 2820.2925408644373 3005.704618346117 346.9387755102041
v 2825.5467320700914 2948.7758987561037 346.9387755102041
v 2848.576628464414 2895.7526310878548 346.9387755102041
v 2887.442239966332 2852.1008296387145 346.9387755102041
v 2938.5508674979387 2822.454391635426 346.9387755102041
v 2996.987069493996 2810.1249131285977 346.9387755102041
v 3056.9847184973455 2816.7359334602284 346.9387755102041
v 3112.4958854925962 2842.021633541753 346.9387755102041
v 3157.8004343040657 2883.8140017812116 346.9387755102041
v 3188.094887956793 2938.223681457673 346.9387755102041
v 3200.0 2999.9999999999995 346.9387755102041
v 3000.0 3000.0 367.3469387755102
v 3001.919335591396 3000.6303705973705 367.3469387755102
v 3003.2536172021455 3002.39558759214 367.3469387755102
v 3003.5154964216435 3004.9368239518203 367.3469387755102
v 3002.3993565683095 3007.716381749043 367.3469387755102
v 2999.8397377390424 3010.0997386633726 367.3469387755102
v 2996.035539838577 3011.4545553783596 367.3469387755102
v 2991.435822606134 3011.2531977448803 367.3469387755102
v 2986.688055249619 3009.1646038604085 367.3469387755102
v 2982.5546732070093 3005.1224101243897 367.3469387755102
v 2979.8081506589256 2999.359031646504 367.3469387755102
v 2979.117941760313 2992.3995523705407 367.3469387755102
v 2980.944167400175 2985.0143276067733 367.3469387755102
v 2985.4526043833143 2978.134529070198 367.3469387755102
v 2992.4633668855345 2972.7398177376986 367.3469387755102
v 3001.4418762370833 2969.73129275203 367.3469387755102
v 3011.5357162534747 2969.8053216884005 367.3469387755102
v 3021.655344122095 2973.3444648627074 367.3469387755102
v 3030.5910375574977 2980.3403339107053 367.3469387755102
v 3037.153586518244 2990.359976249615 367.3469387755102
v 3040.322693998864 3002.5625826123864 367.3469387755102
v 3039.3853062491667 3015.767498118923 367.3469387755102
v 3034.0464196941766 3028.5683382082907 367.3469387755102
v 3024.49734495968 3039.482191694624 367.3469387755102
v 3011.430736267124 3047.11813664599 367.3469387755102
v 2995.997476926425 3050.3462008056536 367.3469387755102
v 2979.707124711068 3048.4468922155943 367.3469387755102
v 2964.2803236029845 3041.222704055687 367.3469387755102
v 2951.4676049079203 3029.0564989172835 367.3469387755102
v 2942.8536084450975 3012.9070817188076 367.3469387755102
v 2939.668368328904 2994.2390276785345 367.3469387755102
v 2942.627551150719 2974.8912189947373 367.3469387755102
v 2951.8212881017694 2956.895741380765 367.3469387755102
v 2966.6666666666665 2942.2649730810376 367.3469387755102
v 2985.932471284411 2932.7691249064596 367.3469387755102
v 3007.837044437445 2929.7285934219317 367.3469387755102
v 3030.2120009455916 2933.8449457923984 367.3469387755102
v 3050.7168651062907 2945.0911248074167 367.3469387755102
v 3067.083386522529 2962.6758061175397 367.3469387755102
v 3077.3640791782736 2985.0892958988766 367.3469387755102
v 3080.1579646731957 3010.2296932180807 367.3469387755102
v 3074.7878546863667 3035.5991745366787 367.3469387755102
v 3061.4077365664907 3058.5521585499973 367.3469387755102
v 3041.0255681115664 3076.5706962186787 367.3469387755102
v 3015.435393570394 3087.5384669344185 367.3469387755102
v 2987.0622874297014 3089.9837674437213 367.3469387755102
v 2958.7332036770395 3083.264067913942 367.3469387755102
v 2933.395313692531 3067.669951625872 367.3469387755102
v 2913.8098958880073 3044.4340869553853 367.3469387755102
v 2902.2535241512255 3015.640542227665 367.3469387755102
v 2900.2586981134955 2984.040263032995 367.3469387755102
v 2908.4230143810078 2952.788782609903 367.3469387755102
v 2926.3097087662045 2925.1311173500994 367.3469387755102
v 2952.453473801806 2904.0653130556752 367.3469387755102
v 2984.4747449156416 2892.0194790675346 367.3469387755102
v 3019.294241962992 2890.576916331977 367.3469387755102
v 3053.42864684297 2900.2800235291625 367.3469387755102
v 3083.339071054523 2920.536356253575 367.3469387755102
v 3105.7974529709577 2949.6401921188444 367.3469387755102
v 3118.2329978929633 2984.911202503331 367.3469387755102
v 3119.0216602742676 3022.939544770959 367.3469387755102
v 3107.686488891428 3059.9151533376335 367.3469387755102
v 3084.985017205136 3092.0094665389233 367.3469387755102
v 3052.8710016547857 3115.771344863302 367.3469387755102
v 3014.3305955427572 3128.4962863141823 367.3469387755102
v 2973.106195102551 3128.5296141494155 367.3469387755102
v 2933.3333333333335 3115.470053837925 367.3469387755102
v 2899.12582196308 3090.2495414840237 367.3469387755102
v 2874.1507573628674 3055.07732607606 367.3469387755102
v 2861.237247156479 3013.250236339371 367.3469387755102
v 2862.060434177821 2968.8449751614994 367.3469387755102
v 2876.935712445084 2926.3210206026024 367.3469387755102
v 2904.7475296079588 2890.072789184835 367.3469387755102
v 2943.023850150306 2863.976033394678 367.3469387755102
v 2988.1525317022174 2850.975245615265 367.3469387755102
v 3035.7210508347616 2852.7558229812817 367.3469387755102
v 3080.9477485624207 2869.537105704721 367.3469387755102
v 3119.1624689296186 2900.0108162709826 367.3469387755102
v 3146.288280354048 2941.4350069868574 367.3469387755102
v 3159.274641295513 2989.8777986810733 367.3469387755102
v 3156.4361537610275 3040.5895736858306 367.3469387755102
v 3137.659669008739 3088.468497401825 367.3469387755102
v 3104.4551892948098 3128.5737577210584 367.3469387755102
v 3059.8415280648996 3156.634893741422 367.3469387755102
v 3008.0745069276654 3169.5047605886316 367.3469387755102
v 2954.2418703764592 3165.5082494496874 367.3469387755102
v 2903.763382843464 3144.648499997152 367.3469387755102
v 2861.845213651268 3108.6461248508945 367.3469387755102
v 2832.9435340825053 3060.8035810356746 367.3469387755102
v 2820.2925408644373 3005.704618346117 367.3469387755102
v 2825.5467320700914 2948.7758987561037 367.3469387755102
v 2848.576628464414 2895.7526310878548 367.3469387755102
v 2887.442239966332 2852.1008296387145 367.3469387755102
v 2938.5508674979387 2822.454391635426 367.3469387755102
v 2996.987069493996 2810.1249131285977 367.3469387755102
v 3056.9847184973455 2816.7359334602284 367.3469387755102
v 3112.4958854925962 2842.021633541753 367.3469387755102
v 3157.8004343040657 2883.8140017812116 367.3469387755102
v 3188.094887956793 2938.223681457673 367.3469387755102
v 3200.0 2999.9999999999995 367.3469387755102
v 3000.0 3000.0 387.7551020408163
v 3001.919335591396 3000.6303705973705 387.7551020408163
v 3003.2536172021455 3002.39558759214 387.7551020408163
v 3003.5154964216435 3004.9368239518203 387.7551020408163
v 3002.3993565683095 3007.716381749043 387.7551020408163
v 2999.8397377390424 3010.0997386633726 387.7551020408163
v 2996.035539838577 3011.4545553783596 387.7551020408163
v 2991.435822606134 3011.2531977448803 387.7551020408163
v 2986.688055249619 3009.1646038604085 387.7551020408163
v 2982.5546732070093 3005.1224101243897 387.7551020408163
v 2979.8081506589256 2999.359031646504 387.7551020408163
v 2979.117941760313 2992.3995523705407 387.7551020408163
v 2980.944167400175 2985.0143276067733 387.7551020408163
v 2985.4526043833143 2978.134529070198 387.7551020408163
v 2992.4633668855345 2972.7398177376986 387.7551020408163
v 3001.4418762370833 2969.73129275203 387.7551020408163
v 3011.5357162534747 2969.8053216884005 387.7551020408163
v 3021.655344122095 2973.3444648627074 387.7551020408163
v 3030.5910375574977 2980.3403339107053 387.7551020408163
v 3037.153586518244 2990.359976249615 387.7551020408163
v 3040.322693998864 3002.5625826123864 387.7551020408163
v 3039.3853062491667 3015.767498118923 387.7551020408163
v 3034.0464196941766 3028.5683382082907 387.7551020408163
v 3024.49734495968 3039.482191694624 387.7551020408163
v 3011.430736267124 3047.11813664599 387.7551020408163
v 2995.997476926425 3050.3462008056536 387.7551020408163
v 2979.707124711068 3048.4468922155943 387.7551020408163
v 2964.2803236029845 3041.222704055687 387.7551020408163
v 2951.4676049079203 3029.0564989172835 387.7551020408163
v 2942.8536084450975 3012.9070817188076 387.7551020408163
v 2939.668368328904 2994.2390276785345 387.7551020408163
v 2942.627551150719 2974.8912189947373 387.7551020408163
v 2951.8212881017694 2956.895741380765 387.7551020408163
v 2966.6666666666665 2942.2649730810376 387.7551020408163
v 2985.932471284411 2932.7691249064596 387.7551020408163
v 3007.837044437445 2929.7285934219317 387.7551020408163
v 3030.2120009455916 2933.8449457923984 387.7551020408163
v 3050.7168651062907 2945.0911248074167 387.7551020408163
v 3067.083386522529 2962.6758061175397 387.7551020408163
v 3077.3640791782736 2985.0892958988766 387.7551020408163
v 3080.1579646731957 3010.2296932180807 387.7551020408163
v 3074.7878546863667 3035.5991745366787 387.7551020408163
v 3061.4077365664907 3058.5521585499973 387.7551020408163
v 3041.0255681115664 3076.5706962186787 387.7551020408163
v 3015.435393570394 3087.5384669344185 387.7551020408163
v 2987.0622874297014 3089.9837674437213 387.7551020408163
v 2958.7332036770395 3083.264067913942 387.7551020408163
v 2933.395313692531 3067.669951625872 387.7551020408163
v 2913.8098958880073 3044.4340869553853 387.7551020408163
v 2902.2535241512255 3015.640542227665 387.7551020408163
v 2900.2586981134955 2984.040263032995 387.7551020408163
v 2908.4230143810078 2952.788782609903 387.7551020408163
v 2926.3097087662045 2925.1311173500994 387.7551020408163
v 2952.453473801806 2904.0653130556752 387.7551020408163
v 2984.4747449156416 2892.0194790675346 387.7551020408163
v 3019.294241962992 2890.576916331977 387.7551020408163
v 3053.42864684297 2900.2800235291625 387.7551020408163
v 3083.339071054523 2920.536356253575 387.7551020408163
v 3105.7974529709577 2949.6401921188444 387.7551020408163
v 3118.2329978929633 2984.911202503331 387.7551020408163
v 3119.0216602742676 3022.939544770959 387.7551020408163
v 3107.686488891428 3059.9151533376335 387.7551020408163
v 3084.985017205136 3092.0094665389233 387.7551020408163
v 3052.8710016547857 3115.771344863302 387.7551020408163
v 3014.3305955427572 3128.4962863141823 387.7551020408163
v 2973.106195102551 3128.5296141494155 387.7551020408163
v 2933.3333333333335 3115.470053837925 387.7551020408163
v 2899.12582196308 3090.2495414840237 387.7551020408163
v 2874.1507573628674 3055.07732607606 387.7551020408163
v 2861.237247156479 3013.250236339371 387.7551020408163
v 2862.060434177821 2968.8449751614994 387.7551020408163
v 2876.935712445084 2926.3210206026024 387.7551020408163
v 2904.7475296079588 2890.072789184835 387.7551020408163
v 2943.023850150306 2863.976033394678 387.7551020408163
v 2988.1525317022174 2850.975245615265 387.7551020408163
v 3035.7210508347616 2852.7558229812817 387.7551020408163
v 3080.9477485624207 2869.537105704721 387.7551020408163
v 3119.1624689296186 2900.0108162709826 387.7551020408163
v 3146.288280354048 2941.4350069868574 387.7551020408163
v 3159.274641295513 2989.8777986810733 387.7551020408163
v 3156.4361537610275 3040.5895736858306 387.7551020408163
v 3137.659669008739 3088.468497401825 387.7551020408163
v 3104.4551892948098 3128.5737577210584 387.7551020408163
v 3059.8415280648996 3156.634893741422 387.7551020408163
v 3008.0745069276654 3169.5047605886316 387.7551020408163
v 2954.2418703764592 3165.5082494496874 387.7551020408163
v 2903.763382843464 3144.648499997152 387.7551020408163
v 2861.845213651268 3108.6461248508945 387.7551020408163
v 2832.9435340825053 3060.8035810356746 387.7551020408163
v 2820.2925408644373 3005.704618346117 387.7551020408163
v 2825.5467320700914 2948.7758987561037 387.7551020408163
v 2848.576628464414 2895.7526310878548 387.7551020408163
v 2887.442239966332 2852.1008296387145 387.7551020408163
v 2938.5508674979387 2822.454391635426 387.7551020408163
v 2996.987069493996 2810.1249131285977 387.7551020408163
v 3056.9847184973455 2816.7359334602284 387.7551020408163
v 3112.4958854925962 2842.021633541753 387.7551020408163
v 3157.8004343040657 2883.8140017812116 387.7551020408163
v 3188.094887956793 2938.223681457673 387.7551020408163
v 3200.0 2999.9999999999995 387.7551020408163
v 3000.0 3000.0 408.1632653061224
v 3001.919335591396 3000.6303705973705 408.1632653061224
v 3003.2536172021455 3002.39558759214 408.1632653061224
v 3003.5154964216435 3004.9368239518203 408.1632653061224
v 3002.3993565683095 3007.716381749043 408.1632653061224
v 2999.8397377390424 3010.0997386633726 408.1632653061224
v 2996.035539838577 3011.4545553783596 408.1632653061224
v 2991.435822606134 3011.2531977448803 408.1632653061224
v 2986.688055249619 3009.1646038604085 408.1632653061224
v 2982.5546732070093 3005.1224101243897 408.1632653061224
v 2979.8081506589256 2999.359031646504 408.1632653061224
v 2979.117941760313 2992.3995523705407 408.1632653061224
v 2980.944167400175 2985.0143276067733 408.1632653061224
v 2985.4526043833143 2978.134529070198 408.1632653061224
v 2992.4633668855345 2972.7398177376986 408.1632653061224
v 3001.4418762370833 2969.73129275203 408.1632653061224
v 3011.5357162534747 2969.8053216884005 408.1632653061224
v 3021.655344122095 2973.3444648627074 408.1632653061224
v 3030.5910375574977 2980.3403339107053 408.1632653061224
v 3037.153586518244 2990.359976249615 408.1632653061224
v 3040.322693998864 3002.5625826123864 408.1632653061224
v 3039.3853062491667 3015.767498118923 408.1632653061224
v 3034.0464196941766 3028.5683382082907 408.1632653061224
v 3024.49734495968 3039.482191694624 408.1632653061224
v 3011.430736267124 3047.11813664599 408.1632653061224
v 2995.997476926425 3050.3462008056536 408.1632653061224
v 2979.707124711068 3048.4468922155943 408.1632653061224
v 2964.2803236029845 3041.222704055687 408.1632653061224
v 2951.4676049079203 3029.0564989172835 408.1632653061224
v 2942.8536084450975 3012.9070817188076 408.1632653061224
v 2939.668368328904 2994.2390276785345 408.1632653061224
v 2942.627551150719 2974.8912189947373 408.1632653061224
v 2951.8212881017694 2956.895741380765 408.1632653061224
v 2966.6666666666665 2942.2649730810376 408.1632653061224
v 2985.932471284411 2932.7691249064596 408.1632653061224
v 3007.837044437445 2929.7285934219317 408.1632653061224
v 3030.2120009455916 2933.8449457923984 408.1632653061224
v 3050.7168651062907 2945.0911248074167 408.1632653061224
v 3067.083386522529 2962.6758061175397 408.1632653061224
v 3077.3640791782736 2985.0892958988766 408.1632653061224
v 3080.1579646731957 3010.2296932180807 408.1632653061224
v 3074.7878546863667 3035.5991745366787 408.1632653061224
v 3061.4077365664907 3058.5521585499973 408.1632653061224
v 3041.0255681115664 3076.5706962186787 408.1632653061224
v 3015.435393570394 3087.5384669344185 408.1632653061224
v 2987.0622874297014 3089.9837674437213 408.1632653061224
v 2958.7332036770395 3083.264067913942 408.1632653061224
v 2933.395313692531 3067.669951625872 408.1632653061224
v 2913.8098958880073 3044.4340869553853 408.1632653061224
v 2902.2535241512255 3015.640542227665 408.1632653061224
v 2900.2586981134955 2984.040263032995 408.1632653061224
v 2908.4230143810078 2952.788782609903 408.1632653061224
v 2926.3097087662045 2925.1311173500994 408.1632653061224
v 2952.453473801806 2904.0653130556752 408.1632653061224
v 2984.4747449156416 2892.0194790675346 408.1632653061224
v 3019.294241962992 2890.576916331977 408.1632653061224
v 3053.42864684297 2900.2800235291625 408.1632653061224
v 3083.339071054523 2920.536356253575 408.1632653061224
v 3105.7974529709577 2949.6401921188444 408.1632653061224
v 3118.2329978929633 2984.911202503331 408.1632653061224
v 3119.0216602742676 3022.939544770959 408.1632653061224
v 3107.686488891428 3059.9151533376335 408.1632653061224
v 3084.985017205136 3092.0094665389233 408.1632653061224
v 3052.8710016547857 3115.771344863302 408.1632653061224
v 3014.3305955427572 3128.4962863141823 408.1632653061224
v 2973.106195102551 3128.5296141494155 408.1632653061224
v 2933.3333333333335 3115.470053837925 408.1632653061224
v 2899.12582196308 3090.2495414840237 408.1632653061224
v 2874.1507573628674 3055.07732607606 408.1632653061224
v 2861.237247156479 3013.250236339371 408.1632653061224
v 2862.060434177821 2968.8449751614994 408.1632653061224
v 2876.935712445084 2926.3210206026024 408.1632653061224
v 2904.7475296079588 2890.072789184835 408.1632653061224
v 2943.023850150306 2863.976033394678 408.1632653061224
v 2988.1525317022174 2850.975245615265 408.1632653061224
v 3035.7210508347616 2852.7558229812817 408.1632653061224
v 3080.9477485624207 2869.537105704721 408.1632653061224
v 3119.1624689296186 2900.0108162709826 408.1632653061224
v 3146.288280354048 2941.4350069868574 408.1632653061224
v 3159.274641295513 2989.8777986810733 408.1632653061224
v 3156.4361537610275 3040.5895736858306 408.1632653061224
v 3137.659669008739 3088.468497401825 408.1632653061224
v 3104.4551892948098 3128.5737577210584 408.1632653061224
v 3059.8415280648996 3156.634893741422 408.1632653061224
v 3008.0745069276654 3169.5047605886316 408.1632653061224
v 2954.2418703764592 3165.5082494496874 408.1632653061224
v 2903.763382843464 3144.648499997152 408.1632653061224
v 2861.845213651268 3108.6461248508945 408.1632653061224
v 2832.9435340825053 3060.8035810356746 408.1632653061224
v 2820.2925408644373 3005.704618346117 408.1632653061224
v 2825.5467320700914 2948.7758987561037 408.1632653061224
v 2848.576628464414 2895.7526310878548 408.1632653061224
v 2887.442239966332 2852.1008296387145 408.1632653061224
v 2938.5508674979387 2822.454391635426 408.1632653061224
v 2996.987069493996 2810.1249131285977 408.1632653061224
v 3056.9847184973455 2816.7359334602284 408.1632653061224
v 3112.4958854925962 2842.021633541753 408.1632653061224
v 3157.8004343040657 2883.8140017812116 408.1632653061224
v 3188.094887956793 2938.223681457673 408.1632653061224
v 3200.0 2999.9999999999995 408.1632653061224
v 3000.0 3000.0 428.57142857142856
v 3001.919335591396 3000.6303705973705 428.57142857142856
v 3003.2536172021455 3002.39558759214 428.57142857142856
v 3003.5154964216435 3004.9368239518203 428.57142857142856
v 3002.3993565683095 3007.716381749043 428.57142857142856
v 2999.8397377390424 3010.0997386633726 428.57142857142856
v 2996.035539838577 3011.4545553783596 428.57142857142856
v 2991.435822606134 3011.2531977448803 428.57142857142856
v 2986.688055249619 3009.1646038604085 428.57142857142856
v 2982.5546732070093 3005.1224101243897 428.57142857142856
v 2979.8081506589256 2999.359031646504 428.57142857142856
v 2979.117941760313 2992.3995523705407 428.57142857142856
v 2980.944167400175 2985.0143276067733 428.57142857142856
v 2985.4526043833143 2978.134529070198 428.57142857142856
v 2992.4633668855345 2972.7398177376986 428.57142857142856
v 3001.4418762370833 2969.73129275203 428.57142857142856
v 3011.5357162534747 2969.8053216884005 428.57142857142856
v 3021.655344122095 2973.3444648627074 428.57142857142856
v 3030.5910375574977 2980.3403339107053 428.57142857142856
v 3037.153586518244 2990.359976249615 428.57142857142856
v 3040.322693998864 3002.5625826123864 428.57142857142856
v 3039.3853062491667 3015.767498118923 428.57142857142856
v 3034.0464196941766 3028.5683382082907 428.57142857142856
v 3024.49734495968 3039.482191694624 428.57142857142856
v 3011.430736267124 3047.11813664599 428.57142857142856
v 2995.997476926425 3050.3462008056536 428.57142857142856
v 2979.707124711068 3048.4468922155943 428.57142857142856
v 2964.2803236029845 3041.222704055687 428.57142857142856
v 2951.4676049079203 3029.0564989172835 428.57142857142856
v 2942.8536084450975 3012.9070817188076 428.57142857142856
v 2939.668368328904 2994.2390276785345 428.57142857142856
v 2942.627551150719 2974.8912189947373 428.57142857142856
v 2951.8212881017694 2956.895741380765 428.57142857142856
v 2966.6666666666665 2942.2649730810376 428.57142857142856
v 2985.932471284411 2932.7691249064596 428.57142857142856
v 3007.837044437445 2929.7285934219317 428.57142857142856
v 3030.2120009455916 2933.8449457923984 428.57142857142856
v 3050.7168651062907 2945.0911248074167 428.57142857142856
v 3067.083386522529 2962.6758061175397 428.57142857142856
v 3077.3640791782736 2985.0892958988766 428.57142857142856
v 3080.1579646731957 3010.2296932180807 428.57142857142856
v 3074.7878546863667 3035.5991745366787 428.57142857142856
v 3061.4077365664907 3058.5521585499973 428.57142857142856
v 3041.0255681115664 3076.5706962186787 428.57142857142856
v 3015.435393570394 3087.5384669344185 428.57142857142856
v 2987.0622874297014 3089.9837674437213 428.57142857142856
v 2958.7332036770395 3083.264067913942 428.57142857142856
v 2933.395313692531 3067.669951625872 428.57142857142856
v 2913.8098958880073 3044.4340869553853 428.57142857142856
v 2902.2535241512255 3015.640542227665 428.57142857142856
v 2900.2586981134955 2984.040263032995 428.57142857142856
v 2908.4230143810078 2952.788782609903 428.57142857142856
v 2926.3097087662045 2925.1311173500994 428.57142857142856
v 2952.453473801806 2904.0653130556752 428.57142857142856
v 2984.4747449156416 2892.0194790675346 428.57142857142856
v 3019.294241962992 2890.576916331977 428.57142857142856
v 3053.42864684297 2900.2800235291625 428.57142857142856
v 3083.339071054523 2920.536356253575 428.57142857142856
v 3105.7974529709577 2949.6401921188444 428.57142857142856
v 3118.2329978929633 2984.911202503331 428.57142857142856
v 3119.0216602742676 3022.939544770959 428.57142857142856
v 3107.686488891428 3059.9151533376335 428.57142857142856
v 3084.985017205136 3092.0094665389233 428.57142857142856
v 3052.8710016547857 3115.771344863302 428.57142857142856
v 3014.3305955427572 3128.4962863141823 428.57142857142856
v 2973.106195102551 3128.5296141494155 428.57142857142856
v 2933.3333333333335 3115.470053837925 428.57142857142856
v 2899.12582196308 3090.2495414840237 428.57142857142856
v 2874.1507573628674 3055.07732607606 428.57142857142856
v 2861.237247156479 3013.250236339371 428.57142857142856
v 2862.060434177821 2968.8449751614994 428.57142857142856
v 2876.935712445084 2926.3210206026024 428.57142857142856
v 2904.7475296079588 2890.072789184835 428.57142857142856
v 2943.023850150306 2863.976033394678 428.57142857142856
v 2988.1525317022174 2850.975245615265 428.57142857142856
v 3035.7210508347616 2852.7558229812817 428.57142857142856
v 3080.9477485624207 2869.537105704721 428.57142857142856
v 3119.1624689296186 2900.0108162709826 428.57142857142856
v 3146.288280354048 2941.4350069868574 428.57142857142856
v 3159.274641295513 2989.8777986810733 428.57142857142856
v 3156.4361537610275 3040.5895736858306 428.57142857142856
v 3137.659669008739 3088.468497401825 428.57142857142856
v 3104.4551892948098 3128.5737577210584 428.57142857142856
v 3059.8415280648996 3156.634893741422 428.57142857142856
v 3008.0745069276654 3169.5047605886316 428.57142857142856
v 2954.2418703764592 3165.5082494496874 428.57142857142856
v 2903.763382843464 3144.648499997152 428.57142857142856
v 2861.845213651268 3108.6461248508945 428.57142857142856
v 2832.9435340825053 3060.8035810356746 428.57142857142856
v 2820.2925408644373 3005.704618346117 428.57142857142856
v 2825.5467320700914 2948.7758987561037 428.57142857142856
v 2848.576628464414 2895.7526310878548 428.57142857142856
v 2887.442239966332 2852.1008296387145 428.57142857142856
v 2938.5508674979387 2822.454391635426 428.57142857142856
v 2996.987069493996 2810.1249131285977 428.57142857142856
v 3056.9847184973455 2816.7359334602284 428.57142857142856
v 3112.4958854925962 2842.021633541753 428.57142857142856
v 3157.8004343040657 2883.8140017812116 428.57142857142856
v 3188.094887956793 2938.223681457673 428.57142857142856
v 3200.0 2999.9999999999995 428.57142857142856
v 3000.0 3000.0 448.9795918367347
v 3001.919335591396 3000.6303705973705 448.9795918367347
v 3003.2536172021455 3002.39558759214 448.9795918367347
v 3003.5154964216435 3004.9368239518203 448.9795918367347
v 3002.3993565683095 3007.716381749043 448.9795918367347
v 2999.8397377390424 3010.0997386633726 448.9795918367347
v 2996.035539838577 3011.4545553783596 448.9795918367347
v 2991.435822606134 3011.2531977448803 448.9795918367347
v 2986.688055249619 3009.1646038604085 448.9795918367347
v 2982.5546732070093 3005.1224101243897 448.9795918367347
v 2979.8081506589256 2999.359031646504 448.9795918367347
v 2979.117941760313 2992.3995523705407 448.9795918367347
v 2980.944167400175 2985.0143276067733 448.9795918367347
v 2985.4526043833143 2978.134529070198 448.9795918367347
v 2992.4633668855345 2972.7398177376986 448.9795918367347
v 3001.4418762370833 2969.73129275203 448.9795918367347
v 3011.5357162534747 2969.8053216884005 448.9795918367347
v 3021.655344122095 2973.3444648627074 448.9795918367347
v 3030.5910375574977 2980.3403339107053 448.9795918367347
v 3037.153586518244 2990.359976249615 448.9795918367347
v 3040.322693998864 3002.5625826123864 448.9795918367347
v 3039.3853062491667 3015.767498118923 448.9795918367347
v 3034.0464196941766 3028.5683382082907 448.9795918367347
v 3024.49734495968 3039.482191694624 448.9795918367347
v 3011.430736267124 3047.11813664599 448.9795918367347
v 2995.997476926425 3050.3462008056536 448.9795918367347
v 2979.707124711068 3048.4468922155943 448.9795918367347
v 2964.2803236029845 3041.222704055687 448.9795918367347
v 2951.4676049079203 3029.0564989172835 448.9795918367347
v 2942.8536084450975 3012.9070817188076 448.9795918367347
v 2939.668368328904 2994.2390276785345 448.9795918367347
v 2942.627551150719 2974.8912189947373 448.9795918367347
v 2951.8212881017694 2956.895741380765 448.9795918367347
v 2966.6666666666665 2942.2649730810376 448.9795918367347
v 2985.932471284411 2932.7691249064596 448.9795918367347
v 3007.837044437445 2929.7285934219317 448.9795918367347
v 3030.2120009455916 2933.8449457923984 448.9795918367347
v 3050.7168651062907 2945.0911248074167 448.9795918367347
v 3067.083386522529 2962.6758061175397 448.9795918367347
v 3077.3640791782736 2985.0892958988766 448.9795918367347
v 3080.1579646731957 3010.2296932180807 448.9795918367347
v 3074.7878546863667 3035.5991745366787 448.9795918367347
v 3061.4077365664907 3058.5521585499973 448.9795918367347
v 3041.0255681115664 3076.5706962186787 448.9795918367347
v 3015.435393570394 3087.5384669344185 448.9795918367347
v 2987.0622874297014 3089.9837674437213 448.9795918367347
v 2958.7332036770395 3083.264067913942 448.9795918367347
v 2933.395313692531 3067.669951625872 448.9795918367347
v 2913.8098958880073 3044.4340869553853 448.9795918367347
v 2902.2535241512255 3015.640542227665 448.9795918367347
v 2900.2586981134955 2984.040263032995 448.9795918367347
v 2908.4230143810078 2952.788782609903 448.9795918367347
v 2926.3097087662045 2925.1311173500994 448.9795918367347
v 2952.453473801806 2904.0653130556752 448.9795918367347
v 2984.4747449156416 2892.0194790675346 448.9795918367347
v 3019.294241962992 2890.576916331977 448.9795918367347
v 3053.42864684297 2900.2800235291625 448.9795918367347
v 3083.339071054523 2920.536356253575 448.9795918367347
v 3105.7974529709577 2949.6401921188444 448.9795918367347
v 3118.2329978929633 2984.911202503331 448.9795918367347
v 3119.0216602742676 3022.939544770959 448.9795918367347
v 3107.686488891428 3059.9151533376335 448.9795918367347
v 3084.985017205136 3092.0094665389233 448.9795918367347
v 3052.8710016547857 3115.771344863302 448.9795918367347
v 3014.3305955427572 3128.4962863141823 448.9795918367347
v 2973.106195102551 3128.5296141494155 448.9795918367347
v 2933.3333333333335 3115.470053837925 448.9795918367347
v 2899.12582196308 3090.2495414840237 448.9795918367347
v 2874.1507573628674 3055.07732607606 448.9795918367347
v 2861.237247156479 3013.250236339371 448.9795918367347
v 2862.060434177821 2968.8449751614994 448.9795918367347
v 2876.935712445084 2926.3210206026024 448.9795918367347
v 2904.7475296079588 2890.072789184835 448.9795918367347
v 2943.023850150306 2863.976033394678 448.9795918367347
v 2988.1525317022174 2850.975245615265 448.9795918367347
v 3035.7210508347616 2852.7558229812817 448.9795918367347
v 3080.9477485624207 2869.537105704721 448.9795918367347
v 3119.1624689296186 2900.0108162709826 448.9795918367347
v 3146.288280354048 2941.4350069868574 448.9795918367347
v 3159.274641295513 2989.8777986810733 448.9795918367347
v 3156.4361537610275 3040.5895736858306 448.9795918367347
v 3137.659669008739 3088.468497401825 448.9795918367347
v 3104.4551892948098 3128.5737577210584 448.9795918367347
v 3059.8415280648996 3156.634893741422 448.9795918367347
v 3008.0745069276654 3169.5047605886316 448.9795918367347
v 2954.2418703764592 3165.5082494496874 448.9795918367347
v 2903.763382843464 3144.648499997152 448.9795918367347
v 2861.845213651268 3108.6461248508945 448.9795918367347
v 2832.9435340825053 3060.8035810356746 448.9795918367347
v 2820.2925408644373 3005.704618346117 448.9795918367347
v 2825.5467320700914 2948.7758987561037 448.9795918367347
v 2848.576628464414 2895.7526310878548 448.9795918367347
v 2887.442239966332 2852.1008296387145 448.9795918367347
v 2938.5508674979387 2822.454391635426 448.9795918367347
v 2996.987069493996 2810.1249131285977 448.9795918367347
v 3056.9847184973455 2816.7359334602284 448.9795918367347
v 3112.4958854925962 2842.021633541753 448.9795918367347
v 3157.8004343040657 2883.8140017812116 448.9795918367347
v 3188.094887956793 2938.223681457673 448.9795918367347
v 3200.0 2999.9999999999995 448.9795918367347
v 3000.0 3000.0 469.3877551020408
v 3001.919335591396 3000.6303705973705 469.3877551020408
v 3003.2536172021455 3002.39558759214 469.3877551020408
v 3003.5154964216435 3004.9368239518203 469.3877551020408
v 3002.3993565683095 3007.716381749043 469.3877551020408
v 2999.8397377390424 3010.0997386633726 469.3877551020408
v 2996.035539838577 3011.4545553783596 469.3877551020408
v 2991.435822606134 3011.2531977448803 469.3877551020408
v 2986.688055249619 3009.1646038604085 469.3877551020408
v 2982.5546732070093 3005.1224101243897 469.3877551020408
v 2979.8081506589256 2999.359031646504 469.3877551020408
v 2979.117941760313 2992.3995523705407 469.3877551020408
v 2980.944167400175 2985.0143276067733 469.3877551020408
v 2985.4526043833143 2978.134529070198 469.3877551020408
v 2992.4633668855345 2972.7398177376986 469.3877551020408
v 3001.4418762370833 2969.73129275203 469.3877551020408
v 3011.5357162534747 2969.8053216884005 469.3877551020408
v 3021.655344122095 2973.3444648627074 469.3877551020408
v 3030.5910375574977 2980.3403339107053 469.3877551020408
v 3037.153586518244 2990.359976249615 469.3877551020408
v 3040.322693998864 3002.5625826123864 469.3877551020408
v 3039.3853062491667 3015.767498118923 469.3877551020408
v 3034.0464196941766 3028.5683382082907 469.3877551020408
v 3024.49734495968 3039.482191694624 469.3877551020408
v 3011.430736267124 3047.11813664599 469.3877551020408
v 2995.997476926425 3050.3462008056536 469.3877551020408
v 2979.707124711068 3048.4468922155943 469.3877551020408
v 2964.2803236029845 3041.222704055687 469.3877551020408
v 2951.4676049079203 3029.0564989172835 469.3877551020408
v 2942.8536084450975 3012.9070817188076 469.3877551020408
v 2939.668368328904 2994.2390276785345 469.3877551020408
v 2942.627551150719 2974.8912189947373 469.3877551020408
v 2951.8212881017694 2956.895741380765 469.3877551020408
v 2966.6666666666665 2942.2649730810376 469.3877551020408
v 2985.932471284411 2932.7691249064596 469.3877551020408
v 3007.837044437445 2929.7285934219317 469.3877551020408
v 3030.2120009455916 2933.8449457923984 469.3877551020408
v 3050.7168651062907 2945.0911248074167 469.3877551020408
v 3067.083386522529 2962.6758061175397 469.3877551020408
v 3077.3640791782736 2985.0892958988766 469.3877551020408
v 3080.1579646731957 3010.2296932180807 469.3877551020408
v 3074.7878546863667 3035.5991745366787 469.3877551020408
v 3061.4077365664907 3058.5521585499973 469.3877551020408
v 3041.0255681115664 3076.5706962186787 469.3877551020408
v 3015.435393570394 3087.5384669344185 469.3877551020408
v 2987.0622874297014 3089.9837674437213 469.3877551020408
v 2958.7332036770395 3083.264067913942 469.3877551020408
v 2933.395313692531 3067.669951625872 469.3877551020408
v 2913.8098958880073 3044.4340869553853 469.3877551020408
v 2902.2535241512255 3015.640542227665 469.3877551020408
v 2900.2586981134955 2984.040263032995 469.3877551020408
v 2908.4230143810078 2952.788782609903 469.3877551020408
v 2926.3097087662045 2925.1311173500994 469.3877551020408
v 2952.453473801806 2904.0653130556752 469.3877551020408
v 2984.4747449156416 2892.0194790675346 469.3877551020408
v 3019.294241962992 2890.576916331977 469.3877551020408
v 3053.42864684297 2900.2800235291625 469.3877551020408
v 3083.339071054523 2920.536356253575 469.3877551020408
v 3105.7974529709577 2949.6401921188444 469.3877551020408
v 3118.2329978929633 2984.911202503331 469.3877551020408
v 3119.0216602742676 3022.939544770959 469.3877551020408
v 3107.686488891428 3059.9151533376335 469.3877551020408
v 3084.985017205136 3092.0094665389233 469.3877551020408
v 3052.8710016547857 3115.771344863302 469.3877551020408
v 3014.3305955427572 3128.4962863141823 469.3877551020408
v 2973.106195102551 3128.5296141494155 469.3877551020408
v 2933.3333333333335 3115.470053837925 469.3877551020408
v 2899.12582196308 3090.2495414840237 469.3877551020408
v 2874.1507573628674 3055.07732607606 469.3877551020408
v 2861.237247156479 3013.250236339371 469.3877551020408
v 2862.060434177821 2968.8449751614994 469.3877551020408
v 2876.935712445084 2926.3210206026024 469.3877551020408
v 2904.7475296079588 2890.072789184835 469.3877551020408
v 2943.023850150306 2863.976033394678 469.3877551020408
v 2988.1525317022174 2850.975245615265 469.3877551020408
v 3035.7210508347616 2852.7558229812817 469.3877551020408
v 3080.9477485624207 2869.537105704721 469.3877551020408
v 3119.1624689296186 2900.0108162709826 469.3877551020408
v 3146.288280354048 2941.4350069868574 469.3877551020408
v 3159.274641295513 2989.8777986810733 469.3877551020408
v 3156.4361537610275 3040.5895736858306 469.3877551020408
v 3137.659669008739 3088.468497401825 469.3877551020408
v 3104.4551892948098 3128.5737577210584 469.3877551020408
v 3059.8415280648996 3156.634893741422 469.3877551020408
v 3008.0745069276654 3169.5047605886316 469.3877551020408
v 2954.2418703764592 3165.5082494496874 469.3877551020408
v 2903.763382843464 3144.648499997152 469.3877551020408
v 2861.845213651268 3108.6461248508945 469.3877551020408
v 2832.9435340825053 3060.8035810356746 469.3877551020408
v 2820.2925408644373 3005.704618346117 469.3877551020408
v 2825.5467320700914 2948.7758987561037 469.3877551020408
v 2848.576628464414 2895.7526310878548 469.3877551020408
v 2887.442239966332 2852.1008296387145 469.3877551020408
v 2938.5508674979387 2822.454391635426 469.3877551020408
v 2996.987069493996 2810.1249131285977 469.3877551020408
v 3056.9847184973455 2816.7359334602284 469.3877551020408
v 3112.4958854925962 2842.021633541753 469.3877551020408
v 3157.8004343040657 2883.8140017812116 469.3877551020408
v 3188.094887956793 2938.223681457673 469.3877551020408
v 3200.0 2999.9999999999995 469.3877551020408
v 3000.0 3000.0 489.7959183673469
v 3001.919335591396 3000.6303705973705 489.7959183673469
v 3003.2536172021455 3002.39558759214 489.7959183673469
v 3003.5154964216435 3004.9368239518203 489.7959183673469
v 3002.3993565683095 3007.716381749043 489.7959183673469
v 2999.8397377390424 3010.0997386633726 489.7959183673469
v 2996.035539838577 3011.4545553783596 489.7959183673469
v 2991.435822606134 3011.2531977448803 489.7959183673469
v 2986.688055249619 3009.1646038604085 489.7959183673469
v 2982.5546732070093 3005.1224101243897 489.7959183673469
v 2979.8081506589256 2999.359031646504 489.7959183673469
v 2979.117941760313 2992.3995523705407 489.7959183673469
v 2980.944167400175 2985.0143276067733 489.7959183673469
v 2985.4526043833143 2978.134529070198 489.7959183673469
v 2992.4633668855345 2972.7398177376986 489.7959183673469
v 3001.4418762370833 2969.73129275203 489.7959183673469
v 3011.5357162534747 2969.8053216884005 489.7959183673469
v 3021.655344122095 2973.3444648627074 489.7959183673469
v 3030.5910375574977 2980.3403339107053 489.7959183673469
v 3037.153586518244 2990.359976249615 489.7959183673469
v 3040.322693998864 3002.5625826123864 489.7959183673469
v 3039.3853062491667 3015.767498118923 489.7959183673469
v 3034.0464196941766 3028.5683382082907 489.7959183673469
v 3024.49734495968 3039.482191694624 489.7959183673469
v 3011.430736267124 3047.11813664599 489.7959183673469
v 2995.997476926425 3050.3462008056536 489.7959183673469
v 2979.707124711068 3048.4468922155943 489.7959183673469
v 2964.2803236029845 3041.222704055687 489.7959183673469
v 2951.4676049079203 3029.0564989172835 489.7959183673469
v 2942.8536084450975 3012.9070817188076 489.7959183673469
v 2939.668368328904 2994.2390276785345 489.7959183673469
v 2942.627551150719 2974.8912189947373 489.7959183673469
v 2951.8212881017694 2956.895741380765 489.7959183673469
v 2966.6666666666665 2942.2649730810376 489.7959183673469
v 2985.932471284411 2932.7691249064596 489.7959183673469
v 3007.837044437445 2929.7285934219317 489.7959183673469
v 3030.2120009455916 2933.8449457923984 489.7959183673469
v 3050.7168651062907 2945.0911248074167 489.7959183673469
v 3067.083386522529 2962.6758061175397 489.7959183673469
v 3077.3640791782736 2985.0892958988766 489.7959183673469
v 3080.1579646731957 3010.2296932180807 489.7959183673469
v 3074.7878546863667 3035.5991745366787 489.7959183673469
v 3061.4077365664907 3058.5521585499973 489.7959183673469
v 3041.0255681115664 3076.5706962186787 489.7959183673469
v 3015.435393570394 3087.5384669344185 489.7959183673469
v 2987.0622874297014 3089.9837674437213 489.7959183673469
v 2958.7332036770395 3083.264067913942 489.7959183673469
v 2933.395313692531 3067.669951625872 489.7959183673469
v 2913.8098958880073 3044.4340869553853 489.7959183673469
v 2902.2535241512255 3015.640542227665 489.7959183673469
v 2900.2586981134955 2984.040263032995 489.7959183673469
v 2908.4230143810078 2952.788782609903 489.7959183673469
v 2926.3097087662045 2925.1311173500994 489.7959183673469
v 2952.453473801806 2904.0653130556752 489.7959183673469
v 2984.4747449156416 2892.0194790675346 489.7959183673469
v 3019.294241962992 2890.576916331977 489.7959183673469
v 3053.42864684297 2900.2800235291625 489.7959183673469
v 3083.339071054523 2920.536356253575 489.7959183673469
v 3105.7974529709577 2949.6401921188444 489.7959183673469
v 3118.2329978929633 2984.911202503331 489.7959183673469
v 3119.0216602742676 3022.939544770959 489.7959183673469
v 3107.686488891428 3059.9151533376335 489.7959183673469
v 3084.985017205136 3092.0094665389233 489.7959183673469
v 3052.8710016547857 3115.771344863302 489.7959183673469
v 3014.3305955427572 3128.4962863141823 489.7959183673469
v 2973.106195102551 3128.5296141494155 489.7959183673469
v 2933.3333333333335 3115.470053837925 489.7959183673469
v 2899.12582196308 3090.2495414840237 489.7959183673469
v 2874.1507573628674 3055.07732607606 489.7959183673469
v 2861.237247156479 3013.250236339371 489.7959183673469
v 2862.060434177821 2968.8449751614994 489.7959183673469
v 2876.935712445084 2926.3210206026024 489.7959183673469
v 2904.7475296079588 2890.072789184835 489.7959183673469
v 2943.023850150306 2863.976033394678 489.7959183673469
v 2988.1525317022174 2850.975245615265 489.7959183673469
v 3035.7210508347616 2852.7558229812817 489.7959183673469
v 3080.9477485624207 2869.537105704721 489.7959183673469
v 3119.1624689296186 2900.0108162709826 489.7959183673469
v 3146.288280354048 2941.4350069868574 489.7959183673469
v 3159.274641295513 2989.8777986810733 489.7959183673469
v 3156.4361537610275 3040.5895736858306 489.7959183673469
v 3137.659669008739 3088.468497401825 489.7959183673469
v 3104.4551892948098 3128.5737577210584 489.7959183673469
v 3059.8415280648996 3156.634893741422 489.7959183673469
v 3008.0745069276654 3169.5047605886316 489.7959183673469
v 2954.2418703764592 3165.5082494496874 489.7959183673469
v 2903.763382843464 3144.648499997152 489.7959183673469
v 2861.845213651268 3108.6461248508945 489.7959183673469
v 2832.9435340825053 3060.8035810356746 489.7959183673469
v 2820.2925408644373 3005.704618346117 489.7959183673469
v 2825.5467320700914 2948.7758987561037 489.7959183673469
v 2848.576628464414 2895.7526310878548 489.7959183673469
v 2887.442239966332 2852.1008296387145 489.7959183673469
v 2938.5508674979387 2822.454391635426 489.7959183673469
v 2996.987069493996 2810.1249131285977 489.7959183673469
v 3056.9847184973455 2816.7359334602284 489.7959183673469
v 3112.4958854925962 2842.021633541753 489.7959183673469
v 3157.8004343040657 2883.8140017812116 489.7959183673469
v 3188.094887956793 2938.223681457673 489.7959183673469
v 3200.0 2999.9999999999995 489.7959183673469
v 3000.0 3000.0 510.2040816326531
v 3001.919335591396 3000.6303705973705 510.2040816326531
v 3003.2536172021455 3002.39558759214 510.2040816326531
v 3003.5154964216435 3004.9368239518203 510.2040816326531
v 3002.3993565683095 3007.716381749043 510.2040816326531
v 2999.8397377390424 3010.0997386633726 510.2040816326531
v 2996.035539838577 3011.4545553783596 510.2040816326531
v 2991.435822606134 3011.2531977448803 510.2040816326531
v 2986.688055249619 3009.1646038604085 510.2040816326531
v 2982.5546732070093 3005.1224101243897 510.2040816326531
v 2979.8081506589256 2999.359031646504 510.2040816326531
v 2979.117941760313 2992.3995523705407 510.2040816326531
v 2980.944167400175 2985.0143276067733 510.2040816326531
v 2985.4526043833143 2978.134529070198 510.2040816326531
v 2992.4633668855345 2972.7398177376986 510.2040816326531
v 3001.4418762370833 2969.73129275203 510.2040816326531
v 3011.5357162534747 2969.8053216884005 510.2040816326531
v 3021.655344122095 2973.3444648627074 510.2040816326531
v 3030.5910375574977 2980.3403339107053 510.2040816326531
v 3037.153586518244 2990.359976249615 510.2040816326531
v 3040.322693998864 3002.5625826123864 510.2040816326531
v 3039.3853062491667 3015.767498118923 510.2040816326531
v 3034.0464196941766 3028.5683382082907 510.2040816326531
v 3024.49734495968 3039.482191694624 510.2040816326531
v 3011.430736267124 3047.11813664599 510.2040816326531
v 2995.997476926425 3050.3462008056536 510.2040816326531
v 2979.707124711068 3048.4468922155943 510.2040816326531
v 2964.2803236029845 3041.222704055687 510.2040816326531
v 2951.4676049079203 3029.0564989172835 510.2040816326531
v 2942.8536084450975 3012.9070817188076 510.2040816326531
v 2939.668368328904 2994.2390276785345 510.2040816326531
v 2942.627551150719 2974.8912189947373 510.2040816326531
v 2951.8212881017694 2956.895741380765 510.2040816326531
v 2966.6666666666665 2942.2649730810376 510.2040816326531
v 2985.932471284411 2932.7691249064596 510.2040816326531
v 3007.837044437445 2929.7285934219317 510.2040816326531
v 3030.2120009455916 2933.8449457923984 510.2040816326531
v 3050.7168651062907 2945.0911248074167 510.2040816326531
v 3067.083386522529 2962.6758061175397 510.2040816326531
v 3077.3640791782736 2985.0892958988766 510.2040816326531
v 3080.1579646731957 3010.2296932180807 510.2040816326531
v 3074.7878546863667 3035.5991745366787 510.2040816326531
v 3061.4077365664907 3058.5521585499973 510.2040816326531
v 3041.0255681115664 3076.5706962186787 510.2040816326531
v 3015.435393570394 3087.5384669344185 510.2040816326531
v 2987.0622874297014 3089.9837674437213 510.2040816326531
v 2958.7332036770395 3083.264067913942 510.2040816326531
v 2933.395313692531 3067.669951625872 510.2040816326531
v 2913.8098958880073 3044.4340869553853 510.2040816326531
v 2902.2535241512255 3015.640542227665 510.2040816326531
v 2900.2586981134955 2984.040263032995 510.2040816326531
v 2908.4230143810078 2952.788782609903 510.2040816326531
v 2926.3097087662045 2925.1311173500994 510.2040816326531
v 2952.453473801806 2904.0653130556752 510.2040816326531
v 2984.4747449156416 2892.0194790675346 510.2040816326531
v 3019.294241962992 2890.576916331977 510.2040816326531
v 3053.42864684297 2900.2800235291625 510.2040816326531
v 3083.339071054523 2920.536356253575 510.2040816326531
v 3105.7974529709577 2949.6401921188444 510.2040816326531
v 3118.2329978929633 2984.911202503331 510.2040816326531
v 3119.0216602742676 3022.939544770959 510.2040816326531
v 3107.686488891428 3059.9151533376335 510.2040816326531
v 3084.985017205136 3092.0094665389233 510.2040816326531
v 3052.8710016547857 3115.771344863302 510.2040816326531
v 3014.3305955427572 3128.4962863141823 510.2040816326531
v 2973.106195102551 3128.5296141494155 510.2040816326531
v 2933.3333333333335 3115.470053837925 510.2040816326531
v 2899.12582196308 3090.2495414840237 510.2040816326531
v 2874.1507573628674 3055.07732607606 510.2040816326531
v 2861.237247156479 3013.250236339371 510.2040816326531
v 2862.060434177821 2968.8449751614994 510.2040816326531
v 2876.935712445084 2926.3210206026024 510.2040816326531
v 2904.7475296079588 2890.072789184835 510.2040816326531
v 2943.023850150306 2863.976033394678 510.2040816326531
v 2988.1525317022174 2850.975245615265 510.2040816326531
v 3035.7210508347616 2852.7558229812817 510.2040816326531
v 3080.9477485624207 2869.537105704721 510.2040816326531
v 3119.1624689296186 2900.0108162709826 510.2040816326531
v 3146.288280354048 2941.4350069868574 510.2040816326531
v 3159.274641295513 2989.8777986810733 510.2040816326531
v 3156.4361537610275 3040.5895736858306 510.2040816326531
v 3137.659669008739 3088.468497401825 510.2040816326531
v 3104.4551892948098 3128.5737577210584 510.2040816326531
v 3059.8415280648996 3156.634893741422 510.2040816326531
v 3008.0745069276654 3169.5047605886316 510.2040816326531
v 2954.2418703764592 3165.5082494496874 510.2040816326531
v 2903.763382843464 3144.648499997152 510.2040816326531
v 2861.845213651268 3108.6461248508945 510.2040816326531
v 2832.9435340825053 3060.8035810356746 510.2040816326531
v 2820.2925408644373 3005.704618346117 510.2040816326531
v 2825.5467320700914 2948.7758987561037 510.2040816326531
v 2848.576628464414 2895.7526310878548 510.2040816326531
v 2887.442239966332 2852.1008296387145 510.2040816326531
v 2938.5508674979387 2822.454391635426 510.2040816326531
v 2996.987069493996 2810.1249131285977 510.2040816326531
v 3056.9847184973455 2816.7359334602284 510.2040816326531
v 3112.4958854925962 2842.021633541753 510.2040816326531
v 3157.8004343040657 2883.8140017812116 510.2040816326531
v 3188.094887956793 2938.223681457673 510.2040816326531
v 3200.0 2999.9999999999995 510.2040816326531
v 3000.0 3000.0 530.6122448979592
v 3001.919335591396 3000.6303705973705 530.6122448979592
v 3003.2536172021455 3002.39558759214 530.6122448979592
v 3003.5154964216435 3004.9368239518203 530.6122448979592
v 3002.3993565683095 3007.716381749043 530.6122448979592
v 2999.8397377390424 3010.0997386633726 530.6122448979592
v 2996.035539838577 3011.4545553783596 530.6122448979592
v 2991.435822606134 3011.2531977448803 530.6122448979592
v 2986.688055249619 3009.1646038604085 530.6122448979592
v 2982.5546732070093 3005.1224101243897 530.6122448979592
v 2979.8081506589256 2999.359031646504 530.6122448979592
v 2979.117941760313 2992.3995523705407 530.6122448979592
v 2980.944167400175 2985.0143276067733 530.6122448979592
v 2985.4526043833143 2978.134529070198 530.6122448979592
v 2992.4633668855345 2972.7398177376986 530.6122448979592
v 3001.4418762370833 2969.73129275203 530.6122448979592
v 3011.5357162534747 2969.8053216884005 530.6122448979592
v 3021.655344122095 2973.3444648627074 530.6122448979592
v 3030.5910375574977 2980.3403339107053 530.6122448979592
v 3037.153586518244 2990.359976249615 530.6122448979592
v 3040.322693998864 3002.5625826123864 530.6122448979592
v 3039.3853062491667 3015.767498118923 530.6122448979592
v 3034.0464196941766 3028.5683382082907 530.6122448979592
v 3024.49734495968 3039.482191694624 530.6122448979592
v 3011.430736267124 3047.11813664599 530.6122448979592
v 2995.997476926425 3050.3462008056536 530.6122448979592
v 2979.707124711068 3048.4468922155943 530.6122448979592
v 2964.2803236029845 3041.222704055687 530.6122448979592
v 2951.4676049079203 3029.0564989172835 530.6122448979592
v 2942.8536084450975 3012.9070817188076 530.6122448979592
v 2939.668368328904 2994.2390276785345 530.6122448979592
v 2942.627551150719 2974.8912189947373 530.6122448979592
v 2951.8212881017694 2956.895741380765 530.6122448979592
v 2966.6666666666665 2942.2649730810376 530.6122448979592
v 2985.932471284411 2932.7691249064596 530.6122448979592
v 3007.837044437445 2929.7285934219317 530.6122448979592
v 3030.2120009455916 2933.8449457923984 530.6122448979592
v 3050.7168651062907 2945.0911248074167 530.6122448979592
v 3067.083386522529 2962.6758061175397 530.6122448979592
v 3077.3640791782736 2985.0892958988766 530.6122448979592
v 3080.1579646731957 3010.2296932180807 530.6122448979592
v 3074.7878546863667 3035.5991745366787 530.6122448979592
v 3061.4077365664907 3058.5521585499973 530.6122448979592
v 3041.0255681115664 3076.5706962186787 530.6122448979592
v 3015.435393570394 3087.5384669344185 530.6122448979592
v 2987.0622874297014 3089.9837674437213 530.6122448979592
v 2958.7332036770395 3083.264067913942 530.6122448979592
v 2933.395313692531 3067.669951625872 530.6122448979592
v 2913.8098958880073 3044.4340869553853 530.6122448979592
v 2902.2535241512255 3015.640542227665 530.6122448979592
v 2900.2586981134955 2984.040263032995 530.6122448979592
v 2908.4230143810078 2952.788782609903 530.6122448979592
v 2926.3097087662045 2925.1311173500994 530.6122448979592
v 2952.453473801806 2904.0653130556752 530.6122448979592
v 2984.4747449156416 2892.0194790675346 530.6122448979592
v 3019.294241962992 2890.576916331977 530.6122448979592
v 3053.42864684297 2900.2800235291625 530.6122448979592
v 3083.339071054523 2920.536356253575 530.6122448979592
v 3105.7974529709577 2949.6401921188444 530.6122448979592
v 3118.2329978929633 2984.911202503331 530.6122448979592
v 3119.0216602742676 3022.939544770959 530.6122448979592
v 3107.686488891428 3059.9151533376335 530.6122448979592
v 3084.985017205136 3092.0094665389233 530.6122448979592
v 3052.8710016547857 3115.771344863302 530.6122448979592
v 3014.3305955427572 3128.4962863141823 530.6122448979592
v 2973.106195102551 3128.5296141494155 530.6122448979592
v 2933.3333333333335 3115.470053837925 530.6122448979592
v 2899.12582196308 3090.2495414840237 530.6122448979592
v 2874.1507573628674 3055.07732607606 530.6122448979592
v 2861.237247156479 3013.250236339371 530.6122448979592
v 2862.060434177821 2968.8449751614994 530.6122448979592
v 2876.935712445084 2926.3210206026024 530.6122448979592
v 2904.7475296079588 2890.072789184835 530.6122448979592
v 2943.023850150306 2863.976033394678 530.6122448979592
v 2988.1525317022174 2850.975245615265 530.6122448979592
v 3035.7210508347616 2852.7558229812817 530.6122448979592
v 3080.9477485624207 2869.537105704721 530.6122448979592
v 3119.1624689296186 2900.0108162709826 530.6122448979592
v 3146.288280354048 2941.4350069868574 530.6122448979592
v 3159.274641295513 2989.8777986810733 530.6122448979592
v 3156.4361537610275 3040.5895736858306 530.6122448979592
v 3137.659669008739 3088.468497401825 530.6122448979592
v 3104.4551892948098 3128.5737577210584 530.6122448979592
v 3059.8415280648996 3156.634893741422 530.6122448979592
v 3008.0745069276654 3169.5047605886316 530.6122448979592
v 2954.2418703764592 3165.5082494496874 530.6122448979592
v 2903.763382843464 3144.648499997152 530.6122448979592
v 2861.845213651268 3108.6461248508945 530.6122448979592
v 2832.9435340825053 3060.8035810356746 530.6122448979592
v 2820.2925408644373 3005.704618346117 530.6122448979592
v 2825.5467320700914 2948.7758987561037 530.6122448979592
v 2848.576628464414 2895.7526310878548 530.6122448979592
v 2887.442239966332 2852.1008296387145 530.6122448979592
v 2938.5508674979387 2822.454391635426 530.6122448979592
v 2996.987069493996 2810.1249131285977 530.6122448979592
v 3056.9847184973455 2816.7359334602284 530.6122448979592
v 3112.4958854925962 2842.021633541753 530.6122448979592
v 3157.8004343040657 2883.8140017812116 530.6122448979592
v 3188.094887956793 2938.223681457673 530.6122448979592
v 3200.0 2999.9999999999995 530.6122448979592
v 3000.0 3000.0 551.0204081632653
v 3001.919335591396 3000.6303705973705 551.0204081632653
v 3003.2536172021455 3002.39558759214 551.0204081632653
v 3003.5154964216435 3004.9368239518203 551.0204081632653
v 3002.3993565683095 3007.716381749043 551.0204081632653
v 2999.8397377390424 3010.0997386633726 551.0204081632653
v 2996.035539838577 3011.4545553783596 551.0204081632653
v 2991.435822606134 3011.2531977448803 551.0204081632653
v 2986.688055249619 3009.1646038604085 551.0204081632653
v 2982.5546732070093 3005.1224101243897 551.0204081632653
v 2979.8081506589256 2999.359031646504 551.0204081632653
v 2979.117941760313 2992.3995523705407 551.0204081632653
v 2980.944167400175 2985.0143276067733 551.0204081632653
v 2985.4526043833143 2978.134529070198 551.0204081632653
v 2992.4633668855345 2972.7398177376986 551.0204081632653
v 3001.4418762370833 2969.73129275203 551.0204081632653
v 3011.5357162534747 2969.8053216884005 551.0204081632653
v 3021.655344122095 2973.3444648627074 551.0204081632653
v 3030.5910375574977 2980.3403339107053 551.0204081632653
v 3037.153586518244 2990.359976249615 551.0204081632653
v 3040.322693998864 3002.5625826123864 551.0204081632653
v 3039.3853062491667 3015.767498118923 551.0204081632653
v 3034.0464196941766 3028.5683382082907 551.0204081632653
v 3024.49734495968 3039.482191694624 551.0204081632653
v 3011.430736267124 3047.11813664599 551.0204081632653
v 2995.997476926425 3050.3462008056536 551.0204081632653
v 2979.707124711068 3048.4468922155943 551.0204081632653
v 2964.2803236029845 3041.222704055687 551.0204081632653
v 2951.4676049079203 3029.0564989172835 551.0204081632653
v 2942.8536084450975 3012.9070817188076 551.0204081632653
v 2939.668368328904 2994.2390276785345 551.0204081632653
v 2942.627551150719 2974.8912189947373 551.0204081632653
v 2951.8212881017694 2956.895741380765 551.0204081632653
v 2966.6666666666665 2942.2649730810376 551.0204081632653
v 2985.932471284411 2932.7691249064596 551.0204081632653
v 3007.837044437445 2929.7285934219317 551.0204081632653
v 3030.2120009455916 2933.8449457923984 551.0204081632653
v 3050.7168651062907 2945.0911248074167 551.0204081632653
v 3067.083386522529 2962.6758061175397 551.0204081632653
v 3077.3640791782736 2985.0892958988766 551.0204081632653
v 3080.1579646731957 3010.2296932180807 551.0204081632653
v 3074.7878546863667 3035.5991745366787 551.0204081632653
v 3061.4077365664907 3058.5521585499973 551.0204081632653
v 3041.0255681115664 3076.5706962186787 551.0204081632653
v 3015.435393570394 3087.5384669344185 551.0204081632653
v 2987.0622874297014 3089.9837674437213 551.0204081632653
v 2958.7332036770395 3083.264067913942 551.0204081632653
v 2933.395313692531 3067.669951625872 551.0204081632653
v 2913.8098958880073 3044.4340869553853 551.0204081632653
v 2902.2535241512255 3015.640542227665 551.0204081632653
v 2900.2586981134955 2984.040263032995 551.0204081632653
v 2908.4230143810078 2952.788782609903 551.0204081632653
v 2926.3097087662045 2925.1311173500994 551.0204081632653
v 2952.453473801806 2904.0653130556752 551.0204081632653
v 2984.4747449156416 2892.0194790675346 551.0204081632653
v 3019.294241962992 2890.576916331977 551.0204081632653
v 3053.42864684297 2900.2800235291625 551.0204081632653
v 3083.339071054523 2920.536356253575 551.0204081632653
v 3105.7974529709577 2949.6401921188444 551.0204081632653
v 3118.2329978929633 2984.911202503331 551.0204081632653
v 3119.0216602742676 3022.939544770959 551.0204081632653
v 3107.686488891428 3059.9151533376335 551.0204081632653
v 3084.985017205136 3092.0094665389233 551.0204081632653
v 3052.8710016547857 3115.771344863302 551.0204081632653
v 3014.3305955427572 3128.4962863141823 551.0204081632653
v 2973.106195102551 3128.5296141494155 551.0204081632653
v 2933.3333333333335 3115.470053837925 551.0204081632653
v 2899.12582196308 3090.2495414840237 551.0204081632653
v 2874.1507573628674 3055.07732607606 551.0204081632653
v 2861.237247156479 3013.250236339371 551.0204081632653
v 2862.060434177821 2968.8449751614994 551.0204081632653
v 2876.935712445084 2926.3210206026024 551.0204081632653
v 2904.7475296079588 2890.072789184835 551.0204081632653
v 2943.023850150306 2863.976033394678 551.0204081632653
v 2988.1525317022174 2850.975245615265 551.0204081632653
v 3035.7210508347616 2852.7558229812817 551.0204081632653
v 3080.9477485624207 2869.537105704721 551.0204081632653
v 3119.1624689296186 2900.0108162709826 551.0204081632653
v 3146.288280354048 2941.4350069868574 551.0204081632653
v 3159.274641295513 2989.8777986810733 551.0204081632653
v 3156.4361537610275 3040.5895736858306 551.0204081632653
v 3137.659669008739 3088.468497401825 551.0204081632653
v 3104.4551892948098 3128.5737577210584 551.0204081632653
v 3059.8415280648996 3156.634893741422 551.0204081632653
v 3008.0745069276654 3169.5047605886316 551.0204081632653
v 2954.2418703764592 3165.5082494496874 551.0204081632653
v 2903.763382843464 3144.648499997152 551.0204081632653
v 2861.845213651268 3108.6461248508945 551.0204081632653
v 2832.9435340825053 3060.8035810356746 551.0204081632653
v 2820.2925408644373 3005.704618346117 551.0204081632653
v 2825.5467320700914 2948.7758987561037 551.0204081632653
v 2848.576628464414 2895.7526310878548 551.0204081632653
v 2887.442239966332 2852.1008296387145 551.0204081632653
v 2938.5508674979387 2822.454391635426 551.0204081632653
v 2996.987069493996 2810.1249131285977 551.0204081632653
v 3056.9847184973455 2816.7359334602284 551.0204081632653
v 3112.4958854925962 2842.021633541753 551.0204081632653
v 3157.8004343040657 2883.8140017812116 551.0204081632653
v 3188.094887956793 2938.223681457673 551.0204081632653
v 3200.0 2999.9999999999995 551.0204081632653
v 3000.0 3000.0 571.4285714285714
v 3001.919335591396 3000.6303705973705 571.4285714285714
v 3003.2536172021455 3002.39558759214 571.4285714285714
v 3003.5154964216435 3004.9368239518203 571.4285714285714
v 3002.3993565683095 3007.716381749043 571.4285714285714
v 2999.8397377390424 3010.0997386633726 571.4285714285714
v 2996.035539838577 3011.4545553783596 571.4285714285714
v 2991.435822606134 3011.2531977448803 571.4285714285714
v 2986.688055249619 3009.1646038604085 571.4285714285714
v 2982.5546732070093 3005.1224101243897 571.4285714285714
v 2979.8081506589256 2999.359031646504 571.4285714285714
v 2979.117941760313 2992.3995523705407 571.4285714285714
v 2980.944167400175 2985.0143276067733 571.4285714285714
v 2985.4526043833143 2978.134529070198 571.4285714285714
v 2992.4633668855345 2972.7398177376986 571.4285714285714
v 3001.4418762370833 2969.73129275203 571.4285714285714
v 3011.5357162534747 2969.8053216884005 571.4285714285714
v 3021.655344122095 2973.3444648627074 571.4285714285714
v 3030.5910375574977 2980.3403339107053 571.4285714285714
v 3037.153586518244 2990.359976249615 571.4285714285714
v 3040.322693998864 3002.5625826123864 571.4285714285714
v 3039.3853062491667 3015.767498118923 571.4285714285714
v 3034.0464196941766 3028.5683382082907 571.4285714285714
v 3024.49734495968 3039.482191694624 571.4285714285714
v 3011.430736267124 3047.11813664599 571.4285714285714
v 2995.997476926425 3050.3462008056536 571.4285714285714
v 2979.707124711068 3048.4468922155943 571.4285714285714
v 2964.2803236029845 3041.222704055687 571.4285714285714
v 2951.4676049079203 3029.0564989172835 571.4285714285714
v 2942.8536084450975 3012.9070817188076 571.4285714285714
v 2939.668368328904 2994.2390276785345 571.4285714285714
v 2942.627551150719 2974.8912189947373 571.4285714285714
v 2951.8212881017694 2956.895741380765 571.4285714285714
v 2966.6666666666665 2942.2649730810376 571.4285714285714
v 2985.932471284411 2932.7691249064596 571.4285714285714
v 3007.837044437445 2929.7285934219317 571.4285714285714
v 3030.2120009455916 2933.8449457923984 571.4285714285714
v 3050.7168651062907 2945.0911248074167 571.4285714285714
v 3067.083386522529 2962.6758061175397 571.4285714285714
v 3077.3640791782736 2985.0892958988766 571.4285714285714
v 3080.1579646731957 3010.2296932180807 571.4285714285714
v 3074.7878546863667 3035.5991745366787 571.4285714285714
v 3061.4077365664907 3058.5521585499973 571.4285714285714
v 3041.0255681115664 3076.5706962186787 571.4285714285714
v 3015.435393570394 3087.5384669344185 571.4285714285714
v 2987.0622874297014 3089.9837674437213 571.4285714285714
v 2958.7332036770395 3083.264067913942 571.4285714285714
v 2933.395313692531 3067.669951625872 571.4285714285714
v 2913.8098958880073 3044.4340869553853 571.4285714285714
v 2902.2535241512255 3015.640542227665 571.4285714285714
v 2900.2586981134955 2984.040263032995 571.4285714285714
v 2908.4230143810078 2952.788782609903 571.4285714285714
v 2926.3097087662045 2925.1311173500994 571.4285714285714
v 2952.453473801806 2904.0653130556752 571.4285714285714
v 2984.4747449156416 2892.0194790675346 571.4285714285714
v 3019.294241962992 2890.576916331977 571.4285714285714
v 3053.42864684297 2900.2800235291625 571.4285714285714
v 3083.339071054523 2920.536356253575 571.4285714285714
v 3105.7974529709577 2949.6401921188444 571.4285714285714
v 3118.2329978929633 2984.911202503331 571.4285714285714
v 3119.0216602742676 3022.939544770959 571.4285714285714
v 3107.686488891428 3059.9151533376335 571.4285714285714
v 3084.985017205136 3092.0094665389233 571.4285714285714
v 3052.8710016547857 3115.771344863302 571.4285714285714
v 3014.3305955427572 3128.4962863141823 571.4285714285714
v 2973.106195102551 3128.5296141494155 571.4285714285714
v 2933.3333333333335 3115.470053837925 571.4285714285714
v 2899.12582196308 3090.2495414840237 571.4285714285714
v 2874.1507573628674 3055.07732607606 571.4285714285714
v 2861.237247156479 3013.250236339371 571.4285714285714
v 2862.060434177821 2968.8449751614994 571.4285714285714
v 2876.935712445084 2926.3210206026024 571.4285714285714
v 2904.7475296079588 2890.072789184835 571.4285714285714
v 2943.023850150306 2863.976033394678 571.4285714285714
v 2988.1525317022174 2850.975245615265 571.4285714285714
v 3035.7210508347616 2852.7558229812817 571.4285714285714
v 3080.9477485624207 2869.537105704721 571.4285714285714
v 3119.1624689296186 2900.0108162709826 571.4285714285714
v 3146.288280354048 2941.4350069868574 571.4285714285714
v 3159.274641295513 2989.8777986810733 571.4285714285714
v 3156.4361537610275 3040.5895736858306 571.4285714285714
v 3137.659669008739 3088.468497401825 571.4285714285714
v 3104.4551892948098 3128.5737577210584 571.4285714285714
v 3059.8415280648996 3156.634893741422 571.4285714285714
v 3008.0745069276654 3169.5047605886316 571.4285714285714
v 2954.2418703764592 3165.5082494496874 571.4285714285714
v 2903.763382843464 3144.648499997152 571.4285714285714
v 2861.845213651268 3108.6461248508945 571.4285714285714
v 2832.9435340825053 3060.8035810356746 571.4285714285714
v 2820.2925408644373 3005.704618346117 571.4285714285714
v 2825.5467320700914 2948.7758987561037 571.4285714285714
v 2848.576628464414 2895.7526310878548 571.4285714285714
v 2887.442239966332 2852.1008296387145 571.4285714285714
v 2938.5508674979387 2822.454391635426 571.4285714285714
v 2996.987069493996 2810.1249131285977 571.4285714285714
v 3056.9847184973455 2816.7359334602284 571.4285714285714
v 3112.4958854925962 2842.021633541753 571.4285714285714
v 3157.8004343040657 2883.8140017812116 571.4285714285714
v 3188.094887956793 2938.223681457673 571.4285714285714
v 3200.0 2999.9999999999995 571.4285714285714
v 3000.0 3000.0 591.8367346938776
v 3001.919335591396 3000.6303705973705 591.8367346938776
v 3003.2536172021455 3002.39558759214 591.8367346938776
v 3003.5154964216435 3004.9368239518203 591.8367346938776
v 3002.3993565683095 3007.716381749043 591.8367346938776
v 2999.8397377390424 3010.0997386633726 591.8367346938776
v 2996.035539838577 3011.4545553783596 591.8367346938776
v 2991.435822606134 3011.2531977448803 591.8367346938776
v 2986.688055249619 3009.1646038604085 591.8367346938776
v 2982.5546732070093 3005.1224101243897 591.8367346938776
v 2979.8081506589256 2999.359031646504 591.8367346938776
v 2979.117941760313 2992.3995523705407 591.8367346938776
v 2980.944167400175 2985.0143276067733 591.8367346938776
v 2985.4526043833143 2978.134529070198 591.8367346938776
v 2992.4633668855345 2972.7398177376986 591.8367346938776
v 3001.4418762370833 2969.73129275203 591.8367346938776
v 3011.5357162534747 2969.8053216884005 591.8367346938776
v 3021.655344122095 2973.3444648627074 591.8367346938776
v 3030.5910375574977 2980.3403339107053 591.8367346938776
v 3037.153586518244 2990.359976249615 591.8367346938776
v 3040.322693998864 3002.5625826123864 591.8367346938776
v 3039.3853062491667 3015.767498118923 591.8367346938776
v 3034.0464196941766 3028.5683382082907 591.8367346938776
v 3024.49734495968 3039.482191694624 591.8367346938776
v 3011.430736267124 3047.11813664599 591.8367346938776
v 2995.997476926425 3050.3462008056536 591.8367346938776
v 2979.707124711068 3048.4468922155943 591.8367346938776
v 2964.2803236029845 3041.222704055687 591.8367346938776
v 2951.4676049079203 3029.0564989172835 591.8367346938776
v 2942.8536084450975 3012.9070817188076 591.8367346938776
v 2939.668368328904 2994.2390276785345 591.8367346938776
v 2942.627551150719 2974.8912189947373 591.8367346938776
v 2951.8212881017694 2956.895741380765 591.8367346938776
v 2966.6666666666665 2942.2649730810376 591.8367346938776
v 2985.932471284411 2932.7691249064596 591.8367346938776
v 3007.837044437445 2929.7285934219317 591.8367346938776
v 3030.2120009455916 2933.8449457923984 591.8367346938776
v 3050.7168651062907 2945.0911248074167 591.8367346938776
v 3067.083386522529 2962.6758061175397 591.8367346938776
v 3077.3640791782736 2985.0892958988766 591.8367346938776
v 3080.1579646731957 3010.2296932180807 591.8367346938776
v 3074.7878546863667 3035.5991745366787 591.8367346938776
v 3061.4077365664907 3058.5521585499973 591.8367346938776
v 3041.0255681115664 3076.5706962186787 591.8367346938776
v 3015.435393570394 3087.5384669344185 591.8367346938776
v 2987.0622874297014 3089.9837674437213 591.8367346938776
v 2958.7332036770395 3083.264067913942 591.8367346938776
v 2933.395313692531 3067.669951625872 591.8367346938776
v 2913.8098958880073 3044.4340869553853 591.8367346938776
v 2902.2535241512255 3015.640542227665 591.8367346938776
v 2900.2586981134955 2984.040263032995 591.8367346938776
v 2908.4230143810078 2952.788782609903 591.8367346938776
v 2926.3097087662045 2925.1311173500994 591.8367346938776
v 2952.453473801806 2904.0653130556752 591.8367346938776
v 2984.4747449156416 2892.0194790675346 591.8367346938776
v 3019.294241962992 2890.576916331977 591.8367346938776
v 3053.42864684297 2900.2800235291625 591.8367346938776
v 3083.339071054523 2920.536356253575 591.8367346938776
v 3105.7974529709577 2949.6401921188444 591.8367346938776
v 3118.2329978929633 2984.911202503331 591.8367346938776
v 3119.0216602742676 3022.939544770959 591.8367346938776
v 3107.686488891428 3059.9151533376335 591.8367346938776
v 3084.985017205136 3092.0094665389233 591.8367346938776
v 3052.8710016547857 3115.771344863302 591.8367346938776
v 3014.3305955427572 3128.4962863141823 591.8367346938776
v 2973.106195102551 3128.5296141494155 591.8367346938776
v 2933.3333333333335 3115.470053837925 591.8367346938776
v 2899.12582196308 3090.2495414840237 591.8367346938776
v 2874.1507573628674 3055.07732607606 591.8367346938776
v 2861.237247156479 3013.250236339371 591.8367346938776
v 2862.060434177821 2968.8449751614994 591.8367346938776
v 2876.935712445084 2926.3210206026024 591.8367346938776
v 2904.7475296079588 2890.072789184835 591.8367346938776
v 2943.023850150306 2863.976033394678 591.8367346938776
v 2988.1525317022174 2850.975245615265 591.8367346938776
v 3035.7210508347616 2852.7558229812817 591.8367346938776
v 3080.9477485624207 2869.537105704721 591.8367346938776
v 3119.1624689296186 2900.0108162709826 591.8367346938776
v 3146.288280354048 2941.4350069868574 591.8367346938776
v 3159.274641295513 2989.8777986810733 591.8367346938776
v 3156.4361537610275 3040.5895736858306 591.8367346938776
v 3137.659669008739 3088.468497401825 591.8367346938776
v 3104.4551892948098 3128.5737577210584 591.8367346938776
v 3059.8415280648996 3156.634893741422 591.8367346938776
v 3008.0745069276654 3169.5047605886316 591.8367346938776
v 2954.2418703764592 3165.5082494496874 591.8367346938776
v 2903.763382843464 3144.648499997152 591.8367346938776
v 2861.845213651268 3108.6461248508945 591.8367346938776
v 2832.9435340825053 3060.8035810356746 591.8367346938776
v 2820.2925408644373 3005.704618346117 591.8367346938776
v 2825.5467320700914 2948.7758987561037 591.8367346938776
v 2848.576628464414 2895.7526310878548 591.8367346938776
v 2887.442239966332 2852.1008296387145 591.8367346938776
v 2938.5508674979387 2822.454391635426 591.8367346938776
v 2996.987069493996 2810.1249131285977 591.8367346938776
v 3056.9847184973455 2816.7359334602284 591.8367346938776
v 3112.4958854925962 2842.021633541753 591.8367346938776
v 3157.8004343040657 2883.8140017812116 591.8367346938776
v 3188.094887956793 2938.223681457673 591.8367346938776
v 3200.0 2999.9999999999995 591.8367346938776
v 3000.0 3000.0 612.2448979591836
v 3001.919335591396 3000.6303705973705 612.2448979591836
v 3003.2536172021455 3002.39558759214 612.2448979591836
v 3003.5154964216435 3004.9368239518203 612.2448979591836
v 3002.3993565683095 3007.716381749043 612.2448979591836
v 2999.8397377390424 3010.0997386633726 612.2448979591836
v 2996.035539838577 3011.4545553783596 612.2448979591836
v 2991.435822606134 3011.2531977448803 612.2448979591836
v 2986.688055249619 3009.1646038604085 612.2448979591836
v 2982.5546732070093 3005.1224101243897 612.2448979591836
v 2979.8081506589256 2999.359031646504 612.2448979591836
v 2979.117941760313 2992.3995523705407 612.2448979591836
v 2980.944167400175 2985.0143276067733 612.2448979591836
v 2985.4526043833143 2978.134529070198 612.2448979591836
v 2992.4633668855345 2972.7398177376986 612.2448979591836
v 3001.4418762370833 2969.73129275203 612.2448979591836
v 3011.5357162534747 2969.8053216884005 612.2448979591836
v 3021.655344122095 2973.3444648627074 612.2448979591836
v 3030.5910375574977 2980.3403339107053 612.2448979591836
v 3037.153586518244 2990.359976249615 612.2448979591836
v 3040.322693998864 3002.5625826123864 612.2448979591836
v 3039.3853062491667 3015.767498118923 612.2448979591836
v 3034.0464196941766 3028.5683382082907 612.2448979591836
v 3024.49734495968 3039.482191694624 612.2448979591836
v 3011.430736267124 3047.11813664599 612.2448979591836
v 2995.997476926425 3050.3462008056536 612.2448979591836
v 2979.707124711068 3048.4468922155943 612.2448979591836
v 2964.2803236029845 3041.222704055687 612.2448979591836
v 2951.4676049079203 3029.0564989172835 612.2448979591836
v 2942.8536084450975 3012.9070817188076 612.2448979591836
v 2939.668368328904 2994.2390276785345 612.2448979591836
v 2942.627551150719 2974.8912189947373 612.2448979591836
v 2951.8212881017694 2956.895741380765 612.2448979591836
v 2966.6666666666665 2942.2649730810376 612.2448979591836
v 2985.932471284411 2932.7691249064596 612.2448979591836
v 3007.837044437445 2929.7285934219317 612.2448979591836
v 3030.2120009455916 2933.8449457923984 612.2448979591836
v 3050.7168651062907 2945.0911248074167 612.2448979591836
v 3067.083386522529 2962.6758061175397 612.2448979591836
v 3077.3640791782736 2985.0892958988766 612.2448979591836
v 3080.1579646731957 3010.2296932180807 612.2448979591836
v 3074.7878546863667 3035.5991745366787 612.2448979591836
v 3061.4077365664907 3058.5521585499973 612.2448979591836
v 3041.0255681115664 3076.5706962186787 612.2448979591836
v 3015.435393570394 3087.5384669344185 612.2448979591836
v 2987.0622874297014 3089.9837674437213 612.2448979591836
v 2958.7332036770395 3083.264067913942 612.2448979591836
v 2933.395313692531 3067.669951625872 612.2448979591836
v 2913.8098958880073 3044.4340869553853 612.2448979591836
v 2902.2535241512255 3015.640542227665 612.2448979591836
v 2900.2586981134955 2984.040263032995 612.2448979591836
v 2908.4230143810078 2952.788782609903 612.2448979591836
v 2926.3097087662045 2925.1311173500994 612.2448979591836
v 2952.453473801806 2904.0653130556752 612.2448979591836
v 2984.4747449156416 2892.0194790675346 612.2448979591836
v 3019.294241962992 2890.576916331977 612.2448979591836
v 3053.42864684297 2900.2800235291625 612.2448979591836
v 3083.339071054523 2920.536356253575 612.2448979591836
v 3105.7974529709577 2949.6401921188444 612.2448979591836
v 3118.2329978929633 2984.911202503331 612.2448979591836
v 3119.0216602742676 3022.939544770959 612.2448979591836
v 3107.686488891428 3059.9151533376335 612.2448979591836
v 3084.985017205136 3092.0094665389233 612.2448979591836
v 3052.8710016547857 3115.771344863302 612.2448979591836
v 3014.3305955427572 3128.4962863141823 612.2448979591836
v 2973.106195102551 3128.5296141494155 612.2448979591836
v 2933.3333333333335 3115.470053837925 612.2448979591836
v 2899.12582196308 3090.2495414840237 612.2448979591836
v 2874.1507573628674 3055.07732607606 612.2448979591836
v 2861.237247156479 3013.250236339371 612.2448979591836
v 2862.060434177821 2968.8449751614994 612.2448979591836
v 2876.935712445084 2926.3210206026024 612.2448979591836
v 2904.7475296079588 2890.072789184835 612.2448979591836
v 2943.023850150306 2863.976033394678 612.2448979591836
v 2988.1525317022174 2850.975245615265 612.2448979591836
v 3035.7210508347616 2852.7558229812817 612.2448979591836
v 3080.9477485624207 2869.537105704721 612.2448979591836
v 3119.1624689296186 2900.0108162709826 612.2448979591836
v 3146.288280354048 2941.4350069868574 612.2448979591836
v 3159.274641295513 2989.8777986810733 612.2448979591836
v 3156.4361537610275 3040.5895736858306 612.2448979591836
v 3137.659669008739 3088.468497401825 612.2448979591836
v 3104.4551892948098 3128.5737577210584 612.2448979591836
v 3059.8415280648996 3156.634893741422 612.2448979591836
v 3008.0745069276654 3169.5047605886316 612.2448979591836
v 2954.2418703764592 3165.5082494496874 612.2448979591836
v 2903.763382843464 3144.648499997152 612.2448979591836
v 2861.845213651268 3108.6461248508945 612.2448979591836
v 2832.9435340825053 3060.8035810356746 612.2448979591836
v 2820.2925408644373 3005.704618346117 612.2448979591836
v 2825.5467320700914 2948.7758987561037 612.2448979591836
v 2848.576628464414 2895.7526310878548 612.2448979591836
v 2887.442239966332 2852.1008296387145 612.2448979591836
v 2938.5508674979387 2822.454391635426 612.2448979591836
v 2996.987069493996 2810.1249131285977 612.2448979591836
v 3056.9847184973455 2816.7359334602284 612.2448979591836
v 3112.4958854925962 2842.021633541753 612.2448979591836
v 3157.8004343040657 2883.8140017812116 612.2448979591836
v 3188.094887956793 2938.223681457673 612.2448979591836
v 3200.0 2999.9999999999995 612.2448979591836
v 3000.0 3000.0 632.6530612244898
v 3001.919335591396 3000.6303705973705 632.6530612244898
v 3003.2536172021455 3002.39558759214 632.6530612244898
v 3003.5154964216435 3004.9368239518203 632.6530612244898
v 3002.3993565683095 3007.716381749043 632.6530612244898
v 2999.8397377390424 3010.0997386633726 632.6530612244898
v 2996.035539838577 3011.4545553783596 632.6530612244898
v 2991.435822606134 3011.2531977448803 632.6530612244898
v 2986.688055249619 3009.1646038604085 632.6530612244898
v 2982.5546732070093 3005.1224101243897 632.6530612244898
v 2979.8081506589256 2999.359031646504 632.6530612244898
v 2979.117941760313 2992.3995523705407 632.6530612244898
v 2980.944167400175 2985.0143276067733 632.6530612244898
v 2985.4526043833143 2978.134529070198 632.6530612244898
v 2992.4633668855345 2972.7398177376986 632.6530612244898
v 3001.4418762370833 2969.73129275203 632.6530612244898
v 3011.5357162534747 2969.8053216884005 632.6530612244898
v 3021.655344122095 2973.3444648627074 632.6530612244898
v 3030.5910375574977 2980.3403339107053 632.6530612244898
v 3037.153586518244 2990.359976249615 632.6530612244898
v 3040.322693998864 3002.5625826123864 632.6530612244898
v 3039.3853062491667 3015.767498118923 632.6530612244898
v 3034.0464196941766 3028.5683382082907 632.6530612244898
v 3024.49734495968 3039.482191694624 632.6530612244898
v 3011.430736267124 3047.11813664599 632.6530612244898
v 2995.997476926425 3050.3462008056536 632.6530612244898
v 2979.707124711068 3048.4468922155943 632.6530612244898
v 2964.2803236029845 3041.222704055687 632.6530612244898
v 2951.4676049079203 3029.0564989172835 632.6530612244898
v 2942.8536084450975 3012.9070817188076 632.6530612244898
v 2939.668368328904 2994.2390276785345 632.6530612244898
v 2942.627551150719 2974.8912189947373 632.6530612244898
v 2951.8212881017694 2956.895741380765 632.6530612244898
v 2966.6666666666665 2942.2649730810376 632.6530612244898
v 2985.932471284411 2932.7691249064596 632.6530612244898
v 3007.837044437445 2929.7285934219317 632.6530612244898
v 3030.2120009455916 2933.8449457923984 632.6530612244898
v 3050.7168651062907 2945.0911248074167 632.6530612244898
v 3067.083386522529 2962.6758061175397 632.6530612244898
v 3077.3640791782736 2985.0892958988766 632.6530612244898
v 3080.1579646731957 3010.2296932180807 632.6530612244898
v 3074.7878546863667 3035.5991745366787 632.6530612244898
v 3061.4077365664907 3058.5521585499973 632.6530612244898
v 3041.0255681115664 3076.5706962186787 632.6530612244898
v 3015.435393570394 3087.5384669344185 632.6530612244898
v 2987.0622874297014 3089.9837674437213 632.6530612244898
v 2958.7332036770395 3083.264067913942 632.6530612244898
v 2933.395313692531 3067.669951625872 632.6530612244898
v 2913.8098958880073 3044.4340869553853 632.6530612244898
v 2902.2535241512255 3015.640542227665 632.6530612244898
v 2900.2586981134955 2984.040263032995 632.6530612244898
v 2908.4230143810078 2952.788782609903 632.6530612244898
v 2926.3097087662045 2925.1311173500994 632.6530612244898
v 2952.453473801806 2904.0653130556752 632.6530612244898
v 2984.4747449156416 2892.0194790675346 632.6530612244898
v 3019.294241962992 2890.576916331977 632.6530612244898
v 3053.42864684297 2900.2800235291625 632.6530612244898
v 3083.339071054523 2920.536356253575 632.6530612244898
v 3105.7974529709577 2949.6401921188444 632.6530612244898
v 3118.2329978929633 2984.911202503331 632.6530612244898
v 3119.0216602742676 3022.939544770959 632.6530612244898
v 3107.686488891428 3059.9151533376335 632.6530612244898
v 3084.985017205136 3092.0094665389233 632.6530612244898
v 3052.8710016547857 3115.771344863302 632.6530612244898
v 3014.3305955427572 3128.4962863141823 632.6530612244898
v 2973.106195102551 3128.5296141494155 632.6530612244898
v 2933.3333333333335 3115.470053837925 632.6530612244898
v 2899.12582196308 3090.2495414840237 632.6530612244898
v 2874.1507573628674 3055.07732607606 632.6530612244898
v 2861.237247156479 3013.250236339371 632.6530612244898
v 2862.060434177821 2968.8449751614994 632.6530612244898
v 2876.935712445084 2926.3210206026024 632.6530612244898
v 2904.7475296079588 2890.072789184835 632.6530612244898
v 2943.023850150306 2863.976033394678 632.6530612244898
v 2988.1525317022174 2850.975245615265 632.6530612244898
v 3035.7210508347616 2852.7558229812817 632.6530612244898
v 3080.9477485624207 2869.537105704721 632.6530612244898
v 3119.1624689296186 2900.0108162709826 632.6530612244898
v 3146.288280354048 2941.4350069868574 632.6530612244898
v 3159.274641295513 2989.8777986810733 632.6530612244898
v 3156.4361537610275 3040.5895736858306 632.6530612244898
v 3137.659669008739 3088.468497401825 632.6530612244898
v 3104.4551892948098 3128.5737577210584 632.6530612244898
v 3059.8415280648996 3156.634893741422 632.6530612244898
v 3008.0745069276654 3169.5047605886316 632.6530612244898
v 2954.2418703764592 3165.5082494496874 632.6530612244898
v 2903.763382843464 3144.648499997152 632.6530612244898
v 2861.845213651268 3108.6461248508945 632.6530612244898
v 2832.9435340825053 3060.8035810356746 632.6530612244898
v 2820.2925408644373 3005.704618346117 632.6530612244898
v 2825.5467320700914 2948.7758987561037 632.6530612244898
v 2848.576628464414 2895.7526310878548 632.6530612244898
v 2887.442239966332 2852.1008296387145 632.6530612244898
v 2938.5508674979387 2822.454391635426 632.6530612244898
v 2996.987069493996 2810.1249131285977 632.6530612244898
v 3056.9847184973455 2816.7359334602284 632.6530612244898
v 3112.4958854925962 2842.021633541753 632.6530612244898
v 3157.8004343040657 2883.8140017812116 632.6530612244898
v 3188.094887956793 2938.223681457673 632.6530612244898
v 3200.0 2999.9999999999995 632.6530612244898
v 3000.0 3000.0 653.0612244897959
v 3001.919335591396 3000.6303705973705 653.0612244897959
v 3003.2536172021455 3002.39558759214 653.0612244897959
v 3003.5154964216435 3004.9368239518203 653.0612244897959
v 3002.3993565683095 3007.716381749043 653.0612244897959
v 2999.8397377390424 3010.0997386633726 653.0612244897959
v 2996.035539838577 3011.4545553783596 653.0612244897959
v 2991.435822606134 3011.2531977448803 653.0612244897959
v 2986.688055249619 3009.1646038604085 653.0612244897959
v 2982.5546732070093 3005.1224101243897 653.0612244897959
v 2979.8081506589256 2999.359031646504 653.0612244897959
v 2979.117941760313 2992.3995523705407 653.0612244897959
v 2980.944167400175 2985.0143276067733 653.0612244897959
v 2985.4526043833143 2978.134529070198 653.0612244897959
v 2992.4633668855345 2972.7398177376986 653.0612244897959
v 3001.4418762370833 2969.73129275203 653.0612244897959
v 3011.5357162534747 2969.8053216884005 653.0612244897959
v 3021.655344122095 2973.3444648627074 653.0612244897959
v 3030.5910375574977 2980.3403339107053 653.0612244897959
v 3037.153586518244 2990.359976249615 653.0612244897959
v 3040.322693998864 3002.5625826123864 653.0612244897959
v 3039.3853062491667 3015.767498118923 653.0612244897959
v 3034.0464196941766 3028.5683382082907 653.0612244897959
v 3024.49734495968 3039.482191694624 653.0612244897959
v 3011.430736267124 3047.11813664599 653.0612244897959
v 2995.997476926425 3050.3462008056536 653.0612244897959
v 2979.707124711068 3048.4468922155943 653.0612244897959
v 2964.2803236029845 3041.222704055687 653.0612244897959
v 2951.4676049079203 3029.0564989172835 653.0612244897959
v 2942.8536084450975 3012.9070817188076 653.0612244897959
v 2939.668368328904 2994.2390276785345 653.0612244897959
v 2942.627551150719 2974.8912189947373 653.0612244897959
v 2951.8212881017694 2956.895741380765 653.0612244897959
v 2966.6666666666665 2942.2649730810376 653.0612244897959
v 2985.932471284411 2932.7691249064596 653.0612244897959
v 3007.837044437445 2929.7285934219317 653.0612244897959
v 3030.2120009455916 2933.8449457923984 653.0612244897959
v 3050.7168651062907 2945.0911248074167 653.0612244897959
v 3067.083386522529 2962.6758061175397 653.0612244897959
v 3077.3640791782736 2985.0892958988766 653.0612244897959
v 3080.1579646731957 3010.2296932180807 653.0612244897959
v 3074.7878546863667 3035.5991745366787 653.0612244897959
v 3061.4077365664907 3058.5521585499973 653.0612244897959
v 3041.0255681115664 3076.5706962186787 653.0612244897959
v 3015.435393570394 3087.5384669344185 653.0612244897959
v 2987.0622874297014 3089.9837674437213 653.0612244897959
v 2958.7332036770395 3083.264067913942 653.0612244897959
v 2933.395313692531 3067.669951625872 653.0612244897959
v 2913.8098958880073 3044.4340869553853 653.0612244897959
v 2902.2535241512255 3015.640542227665 653.0612244897959
v 2900.2586981134955 2984.040263032995 653.0612244897959
v 2908.4230143810078 2952.788782609903 653.0612244897959
v 2926.3097087662045 2925.1311173500994 653.0612244897959
v 2952.453473801806 2904.0653130556752 653.0612244897959
v 2984.4747449156416 2892.0194790675346 653.0612244897959
v 3019.294241962992 2890.576916331977 653.0612244897959
v 3053.42864684297 2900.2800235291625 653.0612244897959
v 3083.339071054523 2920.536356253575 653.0612244897959
v 3105.7974529709577 2949.6401921188444 653.0612244897959
v 3118.2329978929633 2984.911202503331 653.0612244897959
v 3119.0216602742676 3022.939544770959 653.0612244897959
v 3107.686488891428 3059.9151533376335 653.0612244897959
v 3084.985017205136 3092.0094665389233 653.0612244897959
v 3052.8710016547857 3115.771344863302 653.0612244897959
v 3014.3305955427572 3128.4962863141823 653.0612244897959
v 2973.106195102551 3128.5296141494155 653.0612244897959
v 2933.3333333333335 3115.470053837925 653.0612244897959
v 2899.12582196308 3090.2495414840237 653.0612244897959
v 2874.1507573628674 3055.07732607606 653.0612244897959
v 2861.237247156479 3013.250236339371 653.0612244897959
v 2862.060434177821 2968.8449751614994 653.0612244897959
v 2876.935712445084 2926.3210206026024 653.0612244897959
v 2904.7475296079588 2890.072789184835 653.0612244897959
v 2943.023850150306 2863.976033394678 653.0612244897959
v 2988.1525317022174 2850.975245615265 653.0612244897959
v 3035.7210508347616 2852.7558229812817 653.0612244897959
v 3080.9477485624207 2869.537105704721 653.0612244897959
v 3119.1624689296186 2900.0108162709826 653.0612244897959
v 3146.288280354048 2941.4350069868574 653.0612244897959
v 3159.274641295513 2989.8777986810733 653.0612244897959
v 3156.4361537610275 3040.5895736858306 653.0612244897959
v 3137.659669008739 3088.468497401825 653.0612244897959
v 3104.4551892948098 3128.5737577210584 653.0612244897959
v 3059.8415280648996 3156.634893741422 653.0612244897959
v 3008.0745069276654 3169.5047605886316 653.0612244897959
v 2954.2418703764592 3165.5082494496874 653.0612244897959
v 2903.763382843464 3144.648499997152 653.0612244897959
v 2861.845213651268 3108.6461248508945 653.0612244897959
v 2832.9435340825053 3060.8035810356746 653.0612244897959
v 2820.2925408644373 3005.704618346117 653.0612244897959
v 2825.5467320700914 2948.7758987561037 653.0612244897959
v 2848.576628464414 2895.7526310878548 653.0612244897959
v 2887.442239966332 2852.1008296387145 653.0612244897959
v 2938.5508674979387 2822.454391635426 653.0612244897959
v 2996.987069493996 2810.1249131285977 653.0612244897959
v 3056.9847184973455 2816.7359334602284 653.0612244897959
v 3112.4958854925962 2842.021633541753 653.0612244897959
v 3157.8004343040657 2883.8140017812116 653.0612244897959
v 3188.094887956793 2938.223681457673 653.0612244897959
v 3200.0 2999.9999999999995 653.0612244897959
v 3000.0 3000.0 673.469387755102
v 3001.919335591396 3000.6303705973705 673.469387755102
v 3003.2536172021455 3002.39558759214 673.469387755102
v 3003.5154964216435 3004.9368239518203 673.469387755102
v 3002.3993565683095 3007.716381749043 673.469387755102
v 2999.8397377390424 3010.0997386633726 673.469387755102
v 2996.035539838577 3011.4545553783596 673.469387755102
v 2991.435822606134 3011.2531977448803 673.469387755102
v 2986.688055249619 3009.1646038604085 673.469387755102
v 2982.5546732070093 3005.1224101243897 673.469387755102
v 2979.8081506589256 2999.359031646504 673.469387755102
v 2979.117941760313 2992.3995523705407 673.469387755102
v 2980.944167400175 2985.0143276067733 673.469387755102
v 2985.4526043833143 2978.134529070198 673.469387755102
v 2992.4633668855345 2972.7398177376986 673.469387755102
v 3001.4418762370833 2969.73129275203 673.469387755102
v 3011.5357162534747 2969.8053216884005 673.469387755102
v 3021.655344122095 2973.3444648627074 673.469387755102
v 3030.5910375574977 2980.3403339107053 673.469387755102
v 3037.153586518244 2990.359976249615 673.469387755102
v 3040.322693998864 3002.5625826123864 673.469387755102
v 3039.3853062491667 3015.767498118923 673.469387755102
v 3034.0464196941766 3028.5683382082907 673.469387755102
v 3024.49734495968 3039.482191694624 673.469387755102
v 3011.430736267124 3047.11813664599 673.469387755102
v 2995.997476926425 3050.3462008056536 673.469387755102
v 2979.707124711068 3048.4468922155943 673.469387755102
v 2964.2803236029845 3041.222704055687 673.469387755102
v 2951.4676049079203 3029.0564989172835 673.469387755102
v 2942.8536084450975 3012.9070817188076 673.469387755102
v 2939.668368328904 2994.2390276785345 673.469387755102
v 2942.627551150719 2974.8912189947373 673.469387755102
v 2951.8212881017694 2956.895741380765 673.469387755102
v 2966.6666666666665 2942.2649730810376 673.469387755102
v 2985.932471284411 2932.7691249064596 673.469387755102
v 3007.837044437445 2929.7285934219317 673.469387755102
v 3030.2120009455916 2933.8449457923984 673.469387755102
v 3050.7168651062907 2945.0911248074167 673.469387755102
v 3067.083386522529 2962.6758061175397 673.469387755102
v 3077.3640791782736 2985.0892958988766 673.469387755102
v 3080.1579646731957 3010.2296932180807 673.469387755102
v 3074.7878546863667 3035.5991745366787 673.469387755102
v 3061.4077365664907 3058.5521585499973 673.469387755102
v 3041.0255681115664 3076.5706962186787 673.469387755102
v 3015.435393570394 3087.5384669344185 673.469387755102
v 2987.0622874297014 3089.9837674437213 673.469387755102
v 2958.7332036770395 3083.264067913942 673.469387755102
v 2933.395313692531 3067.669951625872 673.469387755102
v 2913.8098958880073 3044.4340869553853 673.469387755102
v 2902.2535241512255 3015.640542227665 673.469387755102
v 2900.2586981134955 2984.040263032995 673.469387755102
v 2908.4230143810078 2952.788782609903 673.469387755102
v 2926.3097087662045 2925.1311173500994 673.469387755102
v 2952.453473801806 2904.0653130556752 673.469387755102
v 2984.4747449156416 2892.0194790675346 673.469387755102
v 3019.294241962992 2890.576916331977 673.469387755102
v 3053.42864684297 2900.2800235291625 673.469387755102
v 3083.339071054523 2920.536356253575 673.469387755102
v 3105.7974529709577 2949.6401921188444 673.469387755102
v 3118.2329978929633 2984.911202503331 673.469387755102
v 3119.0216602742676 3022.939544770959 673.469387755102
v 3107.686488891428 3059.9151533376335 673.469387755102
v 3084.985017205136 3092.0094665389233 673.469387755102
v 3052.8710016547857 3115.771344863302 673.469387755102
v 3014.3305955427572 3128.4962863141823 673.469387755102
v 2973.106195102551 3128.5296141494155 673.469387755102
v 2933.3333333333335 3115.470053837925 673.469387755102
v 2899.12582196308 3090.2495414840237 673.469387755102
v 2874.1507573628674 3055.07732607606 673.469387755102
v 2861.237247156479 3013.250236339371 673.469387755102
v 2862.060434177821 2968.8449751614994 673.469387755102
v 2876.935712445084 2926.3210206026024 673.469387755102
v 2904.7475296079588 2890.072789184835 673.469387755102
v 2943.023850150306 2863.976033394678 673.469387755102
v 2988.1525317022174 2850.975245615265 673.469387755102
v 3035.7210508347616 2852.7558229812817 673.469387755102
v 3080.9477485624207 2869.537105704721 673.469387755102
v 3119.1624689296186 2900.0108162709826 673.469387755102
v 3146.288280354048 2941.4350069868574 673.469387755102
v 3159.274641295513 2989.8777986810733 673.469387755102
v 3156.4361537610275 3040.5895736858306 673.469387755102
v 3137.659669008739 3088.468497401825 673.469387755102
v 3104.4551892948098 3128.5737577210584 673.469387755102
v 3059.8415280648996 3156.634893741422 673.469387755102
v 3008.0745069276654 3169.5047605886316 673.469387755102
v 2954.2418703764592 3165.5082494496874 673.469387755102
v 2903.763382843464 3144.648499997152 673.469387755102
v 2861.845213651268 3108.6461248508945 673.469387755102
v 2832.9435340825053 3060.8035810356746 673.469387755102
v 2820.2925408644373 3005.704618346117 673.469387755102
v 2825.5467320700914 2948.7758987561037 673.469387755102
v 2848.576628464414 2895.7526310878548 673.469387755102
v 2887.442239966332 2852.1008296387145 673.469387755102
v 2938.5508674979387 2822.454391635426 673.469387755102
v 2996.987069493996 2810.1249131285977 673.469387755102
v 3056.9847184973455 2816.7359334602284 673.469387755102
v 3112.4958854925962 2842.021633541753 673.469387755102
v 3157.8004343040657 2883.8140017812116 673.469387755102
v 3188.094887956793 2938.223681457673 673.469387755102
v 3200.0 2999.9999999999995 673.469387755102
v 3000.0 3000.0 693.8775510204082
v 3001.919335591396 3000.6303705973705 693.8775510204082
v 3003.2536172021455 3002.39558759214 693.8775510204082
v 3003.5154964216435 3004.9368239518203 693.8775510204082
v 3002.3993565683095 3007.716381749043 693.8775510204082
v 2999.8397377390424 3010.0997386633726 693.8775510204082
v 2996.035539838577 3011.4545553783596 693.8775510204082
v 2991.435822606134 3011.2531977448803 693.8775510204082
v 2986.688055249619 3009.1646038604085 693.8775510204082
v 2982.5546732070093 3005.1224101243897 693.8775510204082
v 2979.8081506589256 2999.359031646504 693.8775510204082
v 2979.117941760313 2992.3995523705407 693.8775510204082
v 2980.944167400175 2985.0143276067733 693.8775510204082
v 2985.4526043833143 2978.134529070198 693.8775510204082
v 2992.4633668855345 2972.7398177376986 693.8775510204082
v 3001.4418762370833 2969.73129275203 693.8775510204082
v 3011.5357162534747 2969.8053216884005 693.8775510204082
v 3021.655344122095 2973.3444648627074 693.8775510204082
v 3030.5910375574977 2980.3403339107053 693.8775510204082
v 3037.153586518244 2990.359976249615 693.8775510204082
v 3040.322693998864 3002.5625826123864 693.8775510204082
v 3039.3853062491667 3015.767498118923 693.8775510204082
v 3034.0464196941766 3028.5683382082907 693.8775510204082
v 3024.49734495968 3039.482191694624 693.8775510204082
v 3011.430736267124 3047.11813664599 693.8775510204082
v 2995.997476926425 3050.3462008056536 693.8775510204082
v 2979.707124711068 3048.4468922155943 693.8775510204082
v 2964.2803236029845 3041.222704055687 693.8775510204082
v 2951.4676049079203 3029.0564989172835 693.8775510204082
v 2942.8536084450975 3012.9070817188076 693.8775510204082
v 2939.668368328904 2994.2390276785345 693.8775510204082
v 2942.627551150719 2974.8912189947373 693.8775510204082
v 2951.8212881017694 2956.895741380765 693.8775510204082
v 2966.6666666666665 2942.2649730810376 693.8775510204082
v 2985.932471284411 2932.7691249064596 693.8775510204082
v 3007.837044437445 2929.7285934219317 693.8775510204082
v 3030.2120009455916 2933.8449457923984 693.8775510204082
v 3050.7168651062907 2945.0911248074167 693.8775510204082
v 3067.083386522529 2962.6758061175397 693.8775510204082
v 3077.3640791782736 2985.0892958988766 693.8775510204082
v 3080.1579646731957 3010.2296932180807 693.8775510204082
v 3074.7878546863667 3035.5991745366787 693.8775510204082
v 3061.4077365664907 3058.5521585499973 693.8775510204082
v 3041.0255681115664 3076.5706962186787 693.8775510204082
v 3015.435393570394 3087.5384669344185 693.8775510204082
v 2987.0622874297014 3089.9837674437213 693.8775510204082
v 2958.7332036770395 3083.264067913942 693.8775510204082
v 2933.395313692531 3067.669951625872 693.8775510204082
v 2913.8098958880073 3044.4340869553853 693.8775510204082
v 2902.2535241512255 3015.640542227665 693.8775510204082
v 2900.2586981134955 2984.040263032995 693.8775510204082
v 2908.4230143810078 2952.788782609903 693.8775510204082
v 2926.3097087662045 2925.1311173500994 693.8775510204082
v 2952.453473801806 2904.0653130556752 693.8775510204082
v 2984.4747449156416 2892.0194790675346 693.8775510204082
v 3019.294241962992 2890.576916331977 693.8775510204082
v 3053.42864684297 2900.2800235291625 693.8775510204082
v 3083.339071054523 2920.536356253575 693.8775510204082
v 3105.7974529709577 2949.6401921188444 693.8775510204082
v 3118.2329978929633 2984.911202503331 693.8775510204082
v 3119.0216602742676 3022.939544770959 693.8775510204082
v 3107.686488891428 3059.9151533376335 693.8775510204082
v 3084.985017205136 3092.0094665389233 693.8775510204082
v 3052.8710016547857 3115.771344863302 693.8775510204082
v 3014.3305955427572 3128.4962863141823 693.8775510204082
v 2973.106195102551 3128.5296141494155 693.8775510204082
v 2933.3333333333335 3115.470053837925 693.8775510204082
v 2899.12582196308 3090.2495414840237 693.8775510204082
v 2874.1507573628674 3055.07732607606 693.8775510204082
v 2861.237247156479 3013.250236339371 693.8775510204082
v 2862.060434177821 2968.8449751614994 693.8775510204082
v 2876.935712445084 2926.3210206026024 693.8775510204082
v 2904.7475296079588 2890.072789184835 693.8775510204082
v 2943.023850150306 2863.976033394678 693.8775510204082
v 2988.1525317022174 2850.975245615265 693.8775510204082
v 3035.7210508347616 2852.7558229812817 693.8775510204082
v 3080.9477485624207 2869.537105704721 693.8775510204082
v 3119.1624689296186 2900.0108162709826 693.8775510204082
v 3146.288280354048 2941.4350069868574 693.8775510204082
v 3159.274641295513 2989.8777986810733 693.8775510204082
v 3156.4361537610275 3040.5895736858306 693.8775510204082
v 3137.659669008739 3088.468497401825 693.8775510204082
v 3104.4551892948098 3128.5737577210584 693.8775510204082
v 3059.8415280648996 3156.634893741422 693.8775510204082
v 3008.0745069276654 3169.5047605886316 693.8775510204082
v 2954.2418703764592 3165.5082494496874 693.8775510204082
v 2903.763382843464 3144.648499997152 693.8775510204082
v 2861.845213651268 3108.6461248508945 693.8775510204082
v 2832.9435340825053 3060.8035810356746 693.8775510204082
v 2820.2925408644373 3005.704618346117 693.8775510204082
v 2825.5467320700914 2948.7758987561037 693.8775510204082
v 2848.576628464414 2895.7526310878548 693.8775510204082
v 2887.442239966332 2852.1008296387145 693.8775510204082
v 2938.5508674979387 2822.454391635426 693.8775510204082
v 2996.987069493996 2810.1249131285977 693.8775510204082
v 3056.9847184973455 2816.7359334602284 693.8775510204082
v 3112.4958854925962 2842.021633541753 693.8775510204082
v 3157.8004343040657 2883.8140017812116 693.8775510204082
v 3188.094887956793 2938.223681457673 693.8775510204082
v 3200.0 2999.9999999999995 693.8775510204082
v 3000.0 3000.0 714.2857142857142
v 3001.919335591396 3000.6303705973705 714.2857142857142
v 3003.2536172021455 3002.39558759214 714.2857142857142
v 3003.5154964216435 3004.9368239518203 714.2857142857142
v 3002.3993565683095 3007.716381749043 714.2857142857142
v 2999.8397377390424 3010.0997386633726 714.2857142857142
v 2996.035539838577 3011.4545553783596 714.2857142857142
v 2991.435822606134 3011.2531977448803 714.2857142857142
v 2986.688055249619 3009.1646038604085 714.2857142857142
v 2982.5546732070093 3005.1224101243897 714.2857142857142
v 2979.8081506589256 2999.359031646504 714.2857142857142
v 2979.117941760313 2992.3995523705407 714.2857142857142
v 2980.944167400175 2985.0143276067733 714.2857142857142
v 2985.4526043833143 2978.134529070198 714.2857142857142
v 2992.4633668855345 2972.7398177376986 714.2857142857142
v 3001.4418762370833 2969.73129275203 714.2857142857142
v 3011.5357162534747 2969.8053216884005 714.2857142857142
v 3021.655344122095 2973.3444648627074 714.2857142857142
v 3030.5910375574977 2980.3403339107053 714.2857142857142
v 3037.153586518244 2990.359976249615 714.2857142857142
v 3040.322693998864 3002.5625826123864 714.2857142857142
v 3039.3853062491667 3015.767498118923 714.2857142857142
v 3034.0464196941766 3028.5683382082907 714.2857142857142
v 3024.49734495968 3039.482191694624 714.2857142857142
v 3011.430736267124 3047.11813664599 714.2857142857142
v 2995.997476926425 3050.3462008056536 714.2857142857142
v 2979.707124711068 3048.4468922155943 714.2857142857142
v 2964.2803236029845 3041.222704055687 714.2857142857142
v 2951.4676049079203 3029.0564989172835 714.2857142857142
v 2942.8536084450975 3012.9070817188076 714.2857142857142
v 2939.668368328904 2994.2390276785345 714.2857142857142
v 2942.627551150719 2974.8912189947373 714.2857142857142
v 2951.8212881017694 2956.895741380765 714.2857142857142
v 2966.6666666666665 2942.2649730810376 714.2857142857142
v 2985.932471284411 2932.7691249064596 714.2857142857142
v 3007.837044437445 2929.7285934219317 714.2857142857142
v 3030.2120009455916 2933.8449457923984 714.2857142857142
v 3050.7168651062907 2945.0911248074167 714.2857142857142
v 3067.083386522529 2962.6758061175397 714.2857142857142
v 3077.3640791782736 2985.0892958988766 714.2857142857142
v 3080.1579646731957 3010.2296932180807 714.2857142857142
v 3074.7878546863667 3035.5991745366787 714.2857142857142
v 3061.4077365664907 3058.5521585499973 714.2857142857142
v 3041.0255681115664 3076.5706962186787 714.2857142857142
v 3015.435393570394 3087.5384669344185 714.2857142857142
v 2987.0622874297014 3089.9837674437213 714.2857142857142
v 2958.7332036770395 3083.264067913942 714.2857142857142
v 2933.395313692531 3067.669951625872 714.2857142857142
v 2913.8098958880073 3044.4340869553853 714.2857142857142
v 2902.2535241512255 3015.640542227665 714.2857142857142
v 2900.2586981134955 2984.040263032995 714.2857142857142
v 2908.4230143810078 2952.788782609903 714.2857142857142
v 2926.3097087662045 2925.1311173500994 714.2857142857142
v 2952.453473801806 2904.0653130556752 714.2857142857142
v 2984.4747449156416 2892.0194790675346 714.2857142857142
v 3019.294241962992 2890.576916331977 714.2857142857142
v 3053.42864684297 2900.2800235291625 714.2857142857142
v 3083.339071054523 2920.536356253575 714.2857142857142
v 3105.7974529709577 2949.6401921188444 714.2857142857142
v 3118.2329978929633 2984.911202503331 714.2857142857142
v 3119.0216602742676 3022.939544770959 714.2857142857142
v 3107.686488891428 3059.9151533376335 714.2857142857142
v 3084.985017205136 3092.0094665389233 714.2857142857142
v 3052.8710016547857 3115.771344863302 714.2857142857142
v 3014.3305955427572 3128.4962863141823 714.2857142857142
v 2973.106195102551 3128.5296141494155 714.2857142857142
v 2933.3333333333335 3115.470053837925 714.2857142857142
v 2899.12582196308 3090.2495414840237 714.2857142857142
v 2874.1507573628674 3055.07732607606 714.2857142857142
v 2861.237247156479 3013.250236339371 714.2857142857142
v 2862.060434177821 2968.8449751614994 714.2857142857142
v 2876.935712445084 2926.3210206026024 714.2857142857142
v 2904.7475296079588 2890.072789184835 714.2857142857142
v 2943.023850150306 2863.976033394678 714.2857142857142
v 2988.1525317022174 2850.975245615265 714.2857142857142
v 3035.7210508347616 2852.7558229812817 714.2857142857142
v 3080.9477485624207 2869.537105704721 714.2857142857142
v 3119.1624689296186 2900.0108162709826 714.2857142857142
v 3146.288280354048 2941.4350069868574 714.2857142857142
v 3159.274641295513 2989.8777986810733 714.2857142857142
v 3156.4361537610275 3040.5895736858306 714.2857142857142
v 3137.659669008739 3088.468497401825 714.2857142857142
v 3104.4551892948098 3128.5737577210584 714.2857142857142
v 3059.8415280648996 3156.634893741422 714.2857142857142
v 3008.0745069276654 3169.5047605886316 714.2857142857142
v 2954.2418703764592 3165.5082494496874 714.2857142857142
v 2903.763382843464 3144.648499997152 714.2857142857142
v 2861.845213651268 3108.6461248508945 714.2857142857142
v 2832.9435340825053 3060.8035810356746 714.2857142857142
v 2820.2925408644373 3005.704618346117 714.2857142857142
v 2825.5467320700914 2948.7758987561037 714.2857142857142
v 2848.576628464414 2895.7526310878548 714.2857142857142
v 2887.442239966332 2852.1008296387145 714.2857142857142
v 2938.5508674979387 2822.454391635426 714.2857142857142
v 2996.987069493996 2810.1249131285977 714.2857142857142
v 3056.9847184973455 2816.7359334602284 714.2857142857142
v 3112.4958854925962 2842.021633541753 714.2857142857142
v 3157.8004343040657 2883.8140017812116 714.2857142857142
v 3188.094887956793 2938.223681457673 714.2857142857142
v 3200.0 2999.9999999999995 714.2857142857142
v 3000.0 3000.0 734.6938775510204
v 3001.919335591396 3000.6303705973705 734.6938775510204
v 3003.2536172021455 3002.39558759214 734.6938775510204
v 3003.5154964216435 3004.9368239518203 734.6938775510204
v 3002.3993565683095 3007.716381749043 734.6938775510204
v 2999.8397377390424 3010.0997386633726 734.6938775510204
v 2996.035539838577 3011.4545553783596 734.6938775510204
v 2991.435822606134 3011.2531977448803 734.6938775510204
v 2986.688055249619 3009.1646038604085 734.6938775510204
v 2982.5546732070093 3005.1224101243897 734.6938775510204
v 2979.8081506589256 2999.359031646504 734.6938775510204
v 2979.117941760313 2992.3995523705407 734.6938775510204
v 2980.944167400175 2985.0143276067733 734.6938775510204
v 2985.4526043833143 2978.134529070198 734.6938775510204
v 2992.4633668855345 2972.7398177376986 734.6938775510204
v 3001.4418762370833 2969.73129275203 734.6938775510204
v 3011.5357162534747 2969.8053216884005 734.6938775510204
v 3021.655344122095 2973.3444648627074 734.6938775510204
v 3030.5910375574977 2980.3403339107053 734.6938775510204
v 3037.153586518244 2990.359976249615 734.6938775510204
v 3040.322693998864 3002.5625826123864 734.6938775510204
v 3039.3853062491667 3015.767498118923 734.6938775510204
v 3034.0464196941766 3028.5683382082907 734.6938775510204
v 3024.49734495968 3039.482191694624 734.6938775510204
v 3011.430736267124 3047.11813664599 734.6938775510204
v 2995.997476926425 3050.3462008056536 734.6938775510204
v 2979.707124711068 3048.4468922155943 734.6938775510204
v 2964.2803236029845 3041.222704055687 734.6938775510204
v 2951.4676049079203 3029.0564989172835 734.6938775510204
v 2942.8536084450975 3012.9070817188076 734.6938775510204
v 2939.668368328904 2994.2390276785345 734.6938775510204
v 2942.627551150719 2974.8912189947373 734.6938775510204
v 2951.8212881017694 2956.895741380765 734.6938775510204
v 2966.6666666666665 2942.2649730810376 734.6938775510204
v 2985.932471284411 2932.7691249064596 734.6938775510204
v 3007.837044437445 2929.7285934219317 734.6938775510204
v 3030.2120009455916 2933.8449457923984 734.6938775510204
v 3050.7168651062907 2945.0911248074167 734.6938775510204
v 3067.083386522529 2962.6758061175397 734.6938775510204
v 3077.3640791782736 2985.0892958988766 734.6938775510204
v 3080.1579646731957 3010.2296932180807 734.6938775510204
v 3074.7878546863667 3035.5991745366787 734.6938775510204
v 3061.4077365664907 3058.5521585499973 734.6938775510204
v 3041.0255681115664 3076.5706962186787 734.6938775510204
v 3015.435393570394 3087.5384669344185 734.6938775510204
v 2987.0622874297014 3089.9837674437213 734.6938775510204
v 2958.7332036770395 3083.264067913942 734.6938775510204
v 2933.395313692531 3067.669951625872 734.6938775510204
v 2913.8098958880073 3044.4340869553853 734.6938775510204
v 2902.2535241512255 3015.640542227665 734.6938775510204
v 2900.2586981134955 2984.040263032995 734.6938775510204
v 2908.4230143810078 2952.788782609903 734.6938775510204
v 2926.3097087662045 2925.1311173500994 734.6938775510204
v 2952.453473801806 2904.0653130556752 734.6938775510204
v 2984.4747449156416 2892.0194790675346 734.6938775510204
v 3019.294241962992 2890.576916331977 734.6938775510204
v 3053.42864684297 2900.2800235291625 734.6938775510204
v 3083.339071054523 2920.536356253575 734.6938775510204
v 3105.7974529709577 2949.6401921188444 734.6938775510204
v 3118.2329978929633 2984.911202503331 734.6938775510204
v 3119.0216602742676 3022.939544770959 734.6938775510204
v 3107.686488891428 3059.9151533376335 734.6938775510204
v 3084.985017205136 3092.0094665389233 734.6938775510204
v 3052.8710016547857 3115.771344863302 734.6938775510204
v 3014.3305955427572 3128.4962863141823 734.6938775510204
v 2973.106195102551 3128.5296141494155 734.6938775510204
v 2933.3333333333335 3115.470053837925 734.6938775510204
v 2899.12582196308 3090.2495414840237 734.6938775510204
v 2874.1507573628674 3055.07732607606 734.6938775510204
v 2861.237247156479 3013.250236339371 734.6938775510204
v 2862.060434177821 2968.8449751614994 734.6938775510204
v 2876.935712445084 2926.3210206026024 734.6938775510204
v 2904.7475296079588 2890.072789184835 734.6938775510204
v 2943.023850150306 2863.976033394678 734.6938775510204
v 2988.1525317022174 2850.975245615265 734.6938775510204
v 3035.7210508347616 2852.7558229812817 734.6938775510204
v 3080.9477485624207 2869.537105704721 734.6938775510204
v 3119.1624689296186 2900.0108162709826 734.6938775510204
v 3146.288280354048 2941.4350069868574 734.6938775510204
v 3159.274641295513 2989.8777986810733 734.6938775510204
v 3156.4361537610275 3040.5895736858306 734.6938775510204
v 3137.659669008739 3088.468497401825 734.6938775510204
v 3104.4551892948098 3128.5737577210584 734.6938775510204
v 3059.8415280648996 3156.634893741422 734.6938775510204
v 3008.0745069276654 3169.5047605886316 734.6938775510204
v 2954.2418703764592 3165.5082494496874 734.6938775510204
v 2903.763382843464 3144.648499997152 734.6938775510204
v 2861.845213651268 3108.6461248508945 734.6938775510204
v 2832.9435340825053 3060.8035810356746 734.6938775510204
v 2820.2925408644373 3005.704618346117 734.6938775510204
v 2825.5467320700914 2948.7758987561037 734.6938775510204
v 2848.576628464414 2895.7526310878548 734.6938775510204
v 2887.442239966332 2852.1008296387145 734.6938775510204
v 2938.5508674979387 2822.454391635426 734.6938775510204
v 2996.987069493996 2810.1249131285977 734.6938775510204
v 3056.9847184973455 2816.7359334602284 734.6938775510204
v 3112.4958854925962 2842.021633541753 734.6938775510204
v 3157.8004343040657 2883.8140017812116 734.6938775510204
v 3188.094887956793 2938.223681457673 734.6938775510204
v 3200.0 2999.9999999999995 734.6938775510204
v 3000.0 3000.0 755.1020408163265
v 3001.919335591396 3000.6303705973705 755.1020408163265
v 3003.2536172021455 3002.39558759214 755.1020408163265
v 3003.5154964216435 3004.9368239518203 755.1020408163265
v 3002.3993565683095 3007.716381749043 755.1020408163265
v 2999.8397377390424 3010.0997386633726 755.1020408163265
v 2996.035539838577 3011.4545553783596 755.1020408163265
v 2991.435822606134 3011.2531977448803 755.1020408163265
v 2986.688055249619 3009.1646038604085 755.1020408163265
v 2982.5546732070093 3005.1224101243897 755.1020408163265
v 2979.8081506589256 2999.359031646504 755.1020408163265
v 2979.117941760313 2992.3995523705407 755.1020408163265
v 2980.944167400175 2985.0143276067733 755.1020408163265
v 2985.4526043833143 2978.134529070198 755.1020408163265
v 2992.4633668855345 2972.7398177376986 755.1020408163265
v 3001.4418762370833 2969.73129275203 755.1020408163265
v 3011.5357162534747 2969.8053216884005 755.1020408163265
v 3021.655344122095 2973.3444648627074 755.1020408163265
v 3030.5910375574977 2980.3403339107053 755.1020408163265
v 3037.153586518244 2990.359976249615 755.1020408163265
v 3040.322693998864 3002.5625826123864 755.1020408163265
v 3039.3853062491667 3015.767498118923 755.1020408163265
v 3034.0464196941766 3028.5683382082907 755.1020408163265
v 3024.49734495968 3039.482191694624 755.1020408163265
v 3011.430736267124 3047.11813664599 755.1020408163265
v 2995.997476926425 3050.3462008056536 755.1020408163265
v 2979.707124711068 3048.4468922155943 755.1020408163265
v 2964.2803236029845 3041.222704055687 755.1020408163265
v 2951.4676049079203 3029.0564989172835 755.1020408163265
v 2942.8536084450975 3012.9070817188076 755.1020408163265
v 2939.668368328904 2994.2390276785345 755.1020408163265
v 2942.627551150719 2974.8912189947373 755.1020408163265
v 2951.8212881017694 2956.895741380765 755.1020408163265
v 2966.6666666666665 2942.2649730810376 755.1020408163265
v 2985.932471284411 2932.7691249064596 755.1020408163265
v 3007.837044437445 2929.7285934219317 755.1020408163265
v 3030.2120009455916 2933.8449457923984 755.1020408163265
v 3050.7168651062907 2945.0911248074167 755.1020408163265
v 3067.083386522529 2962.6758061175397 755.1020408163265
v 3077.3640791782736 2985.0892958988766 755.1020408163265
v 3080.1579646731957 3010.2296932180807 755.1020408163265
v 3074.7878546863667 3035.5991745366787 755.1020408163265
v 3061.4077365664907 3058.5521585499973 755.1020408163265
v 3041.0255681115664 3076.5706962186787 755.1020408163265
v 3015.435393570394 3087.5384669344185 755.1020408163265
v 2987.0622874297014 3089.9837674437213 755.1020408163265
v 2958.7332036770395 3083.264067913942 755.1020408163265
v 2933.395313692531 3067.669951625872 755.1020408163265
v 2913.8098958880073 3044.4340869553853 755.1020408163265
v 2902.2535241512255 3015.640542227665 755.1020408163265
v 2900.2586981134955 2984.040263032995 755.1020408163265
v 2908.4230143810078 2952.788782609903 755.1020408163265
v 2926.3097087662045 2925.1311173500994 755.1020408163265
v 2952.453473801806 2904.0653130556752 755.1020408163265
v 2984.4747449156416 2892.0194790675346 755.1020408163265
v 3019.294241962992 2890.576916331977 755.1020408163265
v 3053.42864684297 2900.2800235291625 755.1020408163265
v 3083.339071054523 2920.536356253575 755.1020408163265
v 3105.7974529709577 2949.6401921188444 755.1020408163265
v 3118.2329978929633 2984.911202503331 755.1020408163265
v 3119.0216602742676 3022.939544770959 755.1020408163265
v 3107.686488891428 3059.9151533376335 755.1020408163265
v 3084.985017205136 3092.0094665389233 755.1020408163265
v 3052.8710016547857 3115.771344863302 755.1020408163265
v 3014.3305955427572 3128.4962863141823 755.1020408163265
v 2973.106195102551 3128.5296141494155 755.1020408163265
v 2933.3333333333335 3115.470053837925 755.1020408163265
v 2899.12582196308 3090.2495414840237 755.1020408163265
v 2874.1507573628674 3055.07732607606 755.1020408163265
v 2861.237247156479 3013.250236339371 755.1020408163265
v 2862.060434177821 2968.8449751614994 755.1020408163265
v 2876.935712445084 2926.3210206026024 755.1020408163265
v 2904.7475296079588 2890.072789184835 755.1020408163265
v 2943.023850150306 2863.976033394678 755.1020408163265
v 2988.1525317022174 2850.975245615265 755.1020408163265
v 3035.7210508347616 2852.7558229812817 755.1020408163265
v 3080.9477485624207 2869.537105704721 755.1020408163265
v 3119.1624689296186 2900.0108162709826 755.1020408163265
v 3146.288280354048 2941.4350069868574 755.1020408163265
v 3159.274641295513 2989.8777986810733 755.1020408163265
v 3156.4361537610275 3040.5895736858306 755.1020408163265
v 3137.659669008739 3088.468497401825 755.1020408163265
v 3104.4551892948098 3128.5737577210584 755.1020408163265
v 3059.8415280648996 3156.634893741422 755.1020408163265
v 3008.0745069276654 3169.5047605886316 755.1020408163265
v 2954.2418703764592 3165.5082494496874 755.1020408163265
v 2903.763382843464 3144.648499997152 755.1020408163265
v 2861.845213651268 3108.6461248508945 755.1020408163265
v 2832.9435340825053 3060.8035810356746 755.1020408163265
v 2820.2925408644373 3005.704618346117 755.1020408163265
v 2825.5467320700914 2948.7758987561037 755.1020408163265
v 2848.576628464414 2895.7526310878548 755.1020408163265
v 2887.442239966332 2852.1008296387145 755.1020408163265
v 2938.5508674979387 2822.454391635426 755.1020408163265
v 2996.987069493996 2810.1249131285977 755.1020408163265
v 3056.9847184973455 2816.7359334602284 755.1020408163265
v 3112.4958854925962 2842.021633541753 755.1020408163265
v 3157.8004343040657 2883.8140017812116 755.1020408163265
v 3188.094887956793 2938.223681457673 755.1020408163265
v 3200.0 2999.9999999999995 755.1020408163265
v 3000.0 3000.0 775.5102040816327
v 3001.919335591396 3000.6303705973705 775.5102040816327
v 3003.2536172021455 3002.39558759214 775.5102040816327
v 3003.5154964216435 3004.9368239518203 775.5102040816327
v 3002.3993565683095 3007.716381749043 775.5102040816327
v 2999.8397377390424 3010.0997386633726 775.5102040816327
v 2996.035539838577 3011.4545553783596 775.5102040816327
v 2991.435822606134 3011.2531977448803 775.5102040816327
v 2986.688055249619 3009.1646038604085 775.5102040816327
v 2982.5546732070093 3005.1224101243897 775.5102040816327
v 2979.8081506589256 2999.359031646504 775.5102040816327
v 2979.117941760313 2992.3995523705407 775.5102040816327
v 2980.944167400175 2985.0143276067733 775.5102040816327
v 2985.4526043833143 2978.134529070198 775.5102040816327
v 2992.4633668855345 2972.7398177376986 775.5102040816327
v 3001.4418762370833 2969.73129275203 775.5102040816327
v 3011.5357162534747 2969.8053216884005 775.5102040816327
v 3021.655344122095 2973.3444648627074 775.5102040816327
v 3030.5910375574977 2980.3403339107053 775.5102040816327
v 3037.153586518244 2990.359976249615 775.5102040816327
v 3040.322693998864 3002.5625826123864 775.5102040816327
v 3039.3853062491667 3015.767498118923 775.5102040816327
v 3034.0464196941766 3028.5683382082907 775.5102040816327
v 3024.49734495968 3039.482191694624 775.5102040816327
v 3011.430736267124 3047.11813664599 775.5102040816327
v 2995.997476926425 3050.3462008056536 775.5102040816327
v 2979.707124711068 3048.4468922155943 775.5102040816327
v 2964.2803236029845 3041.222704055687 775.5102040816327
v 2951.4676049079203 3029.0564989172835 775.5102040816327
v 2942.8536084450975 3012.9070817188076 775.5102040816327
v 2939.668368328904 2994.2390276785345 775.5102040816327
v 2942.627551150719 2974.8912189947373 775.5102040816327
v 2951.8212881017694 2956.895741380765 775.5102040816327
v 2966.6666666666665 2942.2649730810376 775.5102040816327
v 2985.932471284411 2932.7691249064596 775.5102040816327
v 3007.837044437445 2929.7285934219317 775.5102040816327
v 3030.2120009455916 2933.8449457923984 775.5102040816327
v 3050.7168651062907 2945.0911248074167 775.5102040816327
v 3067.083386522529 2962.6758061175397 775.5102040816327
v 3077.3640791782736 2985.0892958988766 775.5102040816327
v 3080.1579646731957 3010.2296932180807 775.5102040816327
v 3074.7878546863667 3035.5991745366787 775.5102040816327
v 3061.4077365664907 3058.5521585499973 775.5102040816327
v 3041.0255681115664 3076.5706962186787 775.5102040816327
v 3015.435393570394 3087.5384669344185 775.5102040816327
v 2987.0622874297014 3089.9837674437213 775.5102040816327
v 2958.7332036770395 3083.264067913942 775.5102040816327
v 2933.395313692531 3067.669951625872 775.5102040816327
v 2913.8098958880073 3044.4340869553853 775.5102040816327
v 2902.2535241512255 3015.640542227665 775.5102040816327
v 2900.2586981134955 2984.040263032995 775.5102040816327
v 2908.4230143810078 2952.788782609903 775.5102040816327
v 2926.3097087662045 2925.1311173500994 775.5102040816327
v 2952.453473801806 2904.0653130556752 775.5102040816327
v 2984.4747449156416 2892.0194790675346 775.5102040816327
v 3019.294241962992 2890.576916331977 775.5102040816327
v 3053.42864684297 2900.2800235291625 775.5102040816327
v 3083.339071054523 2920.536356253575 775.5102040816327
v 3105.7974529709577 2949.6401921188444 775.5102040816327
v 3118.2329978929633 2984.911202503331 775.5102040816327
v 3119.0216602742676 3022.939544770959 775.5102040816327
v 3107.686488891428 3059.9151533376335 775.5102040816327
v 3084.985017205136 3092.0094665389233 775.5102040816327
v 3052.8710016547857 3115.771344863302 775.5102040816327
v 3014.3305955427572 3128.4962863141823 775.5102040816327
v 2973.106195102551 3128.5296141494155 775.5102040816327
v 2933.3333333333335 3115.470053837925 775.5102040816327
v 2899.12582196308 3090.2495414840237 775.5102040816327
v 2874.1507573628674 3055.07732607606 775.5102040816327
v 2861.237247156479 3013.250236339371 775.5102040816327
v 2862.060434177821 2968.8449751614994 775.5102040816327
v 2876.935712445084 2926.3210206026024 775.5102040816327
v 2904.7475296079588 2890.072789184835 775.5102040816327
v 2943.023850150306 2863.976033394678 775.5102040816327
v 2988.1525317022174 2850.975245615265 775.5102040816327
v 3035.7210508347616 2852.7558229812817 775.5102040816327
v 3080.9477485624207 2869.537105704721 775.5102040816327
v 3119.1624689296186 2900.0108162709826 775.5102040816327
v 3146.288280354048 2941.4350069868574 775.5102040816327
v 3159.274641295513 2989.8777986810733 775.5102040816327
v 3156.4361537610275 3040.5895736858306 775.5102040816327
v 3137.659669008739 3088.468497401825 775.5102040816327
v 3104.4551892948098 3128.5737577210584 775.5102040816327
v 3059.8415280648996 3156.634893741422 775.5102040816327
v 3008.0745069276654 3169.5047605886316 775.5102040816327
v 2954.2418703764592 3165.5082494496874 775.5102040816327
v 2903.763382843464 3144.648499997152 775.5102040816327
v 2861.845213651268 3108.6461248508945 775.5102040816327
v 2832.9435340825053 3060.8035810356746 775.5102040816327
v 2820.2925408644373 3005.704618346117 775.5102040816327
v 2825.5467320700914 2948.7758987561037 775.5102040816327
v 2848.576628464414 2895.7526310878548 775.5102040816327
v 2887.442239966332 2852.1008296387145 775.5102040816327
v 2938.5508674979387 2822.454391635426 775.5102040816327
v 2996.987069493996 2810.1249131285977 775.5102040816327
v 3056.9847184973455 2816.7359334602284 775.5102040816327
v 3112.4958854925962 2842.021633541753 775.5102040816327
v 3157.8004343040657 2883.8140017812116 775.5102040816327
v 3188.094887956793 2938.223681457673 775.5102040816327
v 3200.0 2999.9999999999995 775.5102040816327
v 3000.0 3000.0 795.9183673469388
v 3001.919335591396 3000.6303705973705 795.9183673469388
v 3003.2536172021455 3002.39558759214 795.9183673469388
v 3003.5154964216435 3004.9368239518203 795.9183673469388
v 3002.3993565683095 3007.716381749043 795.9183673469388
v 2999.8397377390424 3010.0997386633726 795.9183673469388
v 2996.035539838577 3011.4545553783596 795.9183673469388
v 2991.435822606134 3011.2531977448803 795.9183673469388
v 2986.688055249619 3009.1646038604085 795.9183673469388
v 2982.5546732070093 3005.1224101243897 795.9183673469388
v 2979.8081506589256 2999.359031646504 795.9183673469388
v 2979.117941760313 2992.3995523705407 795.9183673469388
v 2980.944167400175 2985.0143276067733 795.9183673469388
v 2985.4526043833143 2978.134529070198 795.9183673469388
v 2992.4633668855345 2972.7398177376986 795.9183673469388
v 3001.4418762370833 2969.73129275203 795.9183673469388
v 3011.5357162534747 2969.8053216884005 795.9183673469388
v 3021.655344122095 2973.3444648627074 795.9183673469388
v 3030.5910375574977 2980.3403339107053 795.9183673469388
v 3037.153586518244 2990.359976249615 795.9183673469388
v 3040.322693998864 3002.5625826123864 795.9183673469388
v 3039.3853062491667 3015.767498118923 795.9183673469388
v 3034.0464196941766 3028.5683382082907 795.9183673469388
v 3024.49734495968 3039.482191694624 795.9183673469388
v 3011.430736267124 3047.11813664599 795.9183673469388
v 2995.997476926425 3050.3462008056536 795.9183673469388
v 2979.707124711068 3048.4468922155943 795.9183673469388
v 2964.2803236029845 3041.222704055687 795.9183673469388
v 2951.4676049079203 3029.0564989172835 795.9183673469388
v 2942.8536084450975 3012.9070817188076 795.9183673469388
v 2939.668368328904 2994.2390276785345 795.9183673469388
v 2942.627551150719 2974.8912189947373 795.9183673469388
v 2951.8212881017694 2956.895741380765 795.9183673469388
v 2966.6666666666665 2942.2649730810376 795.9183673469388
v 2985.932471284411 2932.7691249064596 795.9183673469388
v 3007.837044437445 2929.7285934219317 795.9183673469388
v 3030.2120009455916 2933.8449457923984 795.9183673469388
v 3050.7168651062907 2945.0911248074167 795.9183673469388
v 3067.083386522529 2962.6758061175397 795.9183673469388
v 3077.3640791782736 2985.0892958988766 795.9183673469388
v 3080.1579646731957 3010.2296932180807 795.9183673469388
v 3074.7878546863667 3035.5991745366787 795.9183673469388
v 3061.4077365664907 3058.5521585499973 795.9183673469388
v 3041.0255681115664 3076.5706962186787 795.9183673469388
v 3015.435393570394 3087.5384669344185 795.9183673469388
v 2987.0622874297014 3089.9837674437213 795.9183673469388
v 2958.7332036770395 3083.264067913942 795.9183673469388
v 2933.395313692531 3067.669951625872 795.9183673469388
v 2913.8098958880073 3044.4340869553853 795.9183673469388
v 2902.2535241512255 3015.640542227665 795.9183673469388
v 2900.2586981134955 2984.040263032995 795.9183673469388
v 2908.4230143810078 2952.788782609903 795.9183673469388
v 2926.3097087662045 2925.1311173500994 795.9183673469388
v 2952.453473801806 2904.0653130556752 795.9183673469388
v 2984.4747449156416 2892.0194790675346 795.9183673469388
v 3019.294241962992 2890.576916331977 795.9183673469388
v 3053.42864684297 2900.2800235291625 795.9183673469388
v 3083.339071054523 2920.536356253575 795.9183673469388
v 3105.7974529709577 2949.6401921188444 795.9183673469388
v 3118.2329978929633 2984.911202503331 795.9183673469388
v 3119.0216602742676 3022.939544770959 795.9183673469388
v 3107.686488891428 3059.9151533376335 795.9183673469388
v 3084.985017205136 3092.0094665389233 795.9183673469388
v 3052.8710016547857 3115.771344863302 795.9183673469388
v 3014.3305955427572 3128.4962863141823 795.9183673469388
v 2973.106195102551 3128.5296141494155 795.9183673469388
v 2933.3333333333335 3115.470053837925 795.9183673469388
v 2899.12582196308 3090.2495414840237 795.9183673469388
v 2874.1507573628674 3055.07732607606 795.9183673469388
v 2861.237247156479 3013.250236339371 795.9183673469388
v 2862.060434177821 2968.8449751614994 795.9183673469388
v 2876.935712445084 2926.3210206026024 795.9183673469388
v 2904.7475296079588 2890.072789184835 795.9183673469388
v 2943.023850150306 2863.976033394678 795.9183673469388
v 2988.1525317022174 2850.975245615265 795.9183673469388
v 3035.7210508347616 2852.7558229812817 795.9183673469388
v 3080.9477485624207 2869.537105704721 795.9183673469388
v 3119.1624689296186 2900.0108162709826 795.9183673469388
v 3146.288280354048 2941.4350069868574 795.9183673469388
v 3159.274641295513 2989.8777986810733 795.9183673469388
v 3156.4361537610275 3040.5895736858306 795.9183673469388
v 3137.659669008739 3088.468497401825 795.9183673469388
v 3104.4551892948098 3128.5737577210584 795.9183673469388
v 3059.8415280648996 3156.634893741422 795.9183673469388
v 3008.0745069276654 3169.5047605886316 795.9183673469388
v 2954.2418703764592 3165.5082494496874 795.9183673469388
v 2903.763382843464 3144.648499997152 795.9183673469388
v 2861.845213651268 3108.6461248508945 795.9183673469388
v 2832.9435340825053 3060.8035810356746 795.9183673469388
v 2820.2925408644373 3005.704618346117 795.9183673469388
v 2825.5467320700914 2948.7758987561037 795.9183673469388
v 2848.576628464414 2895.7526310878548 795.9183673469388
v 2887.442239966332 2852.1008296387145 795.9183673469388
v 2938.5508674979387 2822.454391635426 795.9183673469388
v 2996.987069493996 2810.1249131285977 795.9183673469388
v 3056.9847184973455 2816.7359334602284 795.9183673469388
v 3112.4958854925962 2842.021633541753 795.9183673469388
v 3157.8004343040657 2883.8140017812116 795.9183673469388
v 3188.094887956793 2938.223681457673 795.9183673469388
v 3200.0 2999.9999999999995 795.9183673469388
v 3000.0 3000.0 816.3265306122448
v 3001.919335591396 3000.6303705973705 816.3265306122448
v 3003.2536172021455 3002.39558759214 816.3265306122448
v 3003.5154964216435 3004.9368239518203 816.3265306122448
v 3002.3993565683095 3007.716381749043 816.3265306122448
v 2999.8397377390424 3010.0997386633726 816.3265306122448
v 2996.035539838577 3011.4545553783596 816.3265306122448
v 2991.435822606134 3011.2531977448803 816.3265306122448
v 2986.688055249619 3009.1646038604085 816.3265306122448
v 2982.5546732070093 3005.1224101243897 816.3265306122448
v 2979.8081506589256 2999.359031646504 816.3265306122448
v 2979.117941760313 2992.3995523705407 816.3265306122448
v 2980.944167400175 2985.0143276067733 816.3265306122448
v 2985.4526043833143 2978.134529070198 816.3265306122448
v 2992.4633668855345 2972.7398177376986 816.3265306122448
v 3001.4418762370833 2969.73129275203 816.3265306122448
v 3011.5357162534747 2969.8053216884005 816.3265306122448
v 3021.655344122095 2973.3444648627074 816.3265306122448
v 3030.5910375574977 2980.3403339107053 816.3265306122448
v 3037.153586518244 2990.359976249615 816.3265306122448
v 3040.322693998864 3002.5625826123864 816.3265306122448
v 3039.3853062491667 3015.767498118923 816.3265306122448
v 3034.0464196941766 3028.5683382082907 816.3265306122448
v 3024.49734495968 3039.482191694624 816.3265306122448
v 3011.430736267124 3047.11813664599 816.3265306122448
v 2995.997476926425 3050.3462008056536 816.3265306122448
v 2979.707124711068 3048.4468922155943 816.3265306122448
v 2964.2803236029845 3041.222704055687 816.3265306122448
v 2951.4676049079203 3029.0564989172835 816.3265306122448
v 2942.8536084450975 3012.9070817188076 816.3265306122448
v 2939.668368328904 2994.2390276785345 816.3265306122448
v 2942.627551150719 2974.8912189947373 816.3265306122448
v 2951.8212881017694 2956.895741380765 816.3265306122448
v 2966.6666666666665 2942.2649730810376 816.3265306122448
v 2985.932471284411 2932.7691249064596 816.3265306122448
v 3007.837044437445 2929.7285934219317 816.3265306122448
v 3030.2120009455916 2933.8449457923984 816.3265306122448
v 3050.7168651062907 2945.0911248074167 816.3265306122448
v 3067.083386522529 2962.6758061175397 816.3265306122448
v 3077.3640791782736 2985.0892958988766 816.3265306122448
v 3080.1579646731957 3010.2296932180807 816.3265306122448
v 3074.7878546863667 3035.5991745366787 816.3265306122448
v 3061.4077365664907 3058.5521585499973 816.3265306122448
v 3041.0255681115664 3076.5706962186787 816.3265306122448
v 3015.435393570394 3087.5384669344185 816.3265306122448
v 2987.0622874297014 3089.9837674437213 816.3265306122448
v 2958.7332036770395 3083.264067913942 816.3265306122448
v 2933.395313692531 3067.669951625872 816.3265306122448
v 2913.8098958880073 3044.4340869553853 816.3265306122448
v 2902.2535241512255 3015.640542227665 816.3265306122448
v 2900.2586981134955 2984.040263032995 816.3265306122448
v 2908.4230143810078 2952.788782609903 816.3265306122448
v 2926.3097087662045 2925.1311173500994 816.3265306122448
v 2952.453473801806 2904.0653130556752 816.3265306122448
v 2984.4747449156416 2892.0194790675346 816.3265306122448
v 3019.294241962992 2890.576916331977 816.3265306122448
v 3053.42864684297 2900.2800235291625 816.3265306122448
v 3083.339071054523 2920.536356253575 816.3265306122448
v 3105.7974529709577 2949.6401921188444 816.3265306122448
v 3118.2329978929633 2984.911202503331 816.3265306122448
v 3119.0216602742676 3022.939544770959 816.3265306122448
v 3107.686488891428 3059.9151533376335 816.3265306122448
v 3084.985017205136 3092.0094665389233 816.3265306122448
v 3052.8710016547857 3115.771344863302 816.3265306122448
v 3014.3305955427572 3128.4962863141823 816.3265306122448
v 2973.106195102551 3128.5296141494155 816.3265306122448
v 2933.3333333333335 3115.470053837925 816.3265306122448
v 2899.12582196308 3090.2495414840237 816.3265306122448
v 2874.1507573628674 3055.07732607606 816.3265306122448
v 2861.237247156479 3013.250236339371 816.3265306122448
v 2862.060434177821 2968.8449751614994 816.3265306122448
v 2876.935712445084 2926.3210206026024 816.3265306122448
v 2904.7475296079588 2890.072789184835 816.3265306122448
v 2943.023850150306 2863.976033394678 816.3265306122448
v 2988.1525317022174 2850.975245615265 816.3265306122448
v 3035.7210508347616 2852.7558229812817 816.3265306122448
v 3080.9477485624207 2869.537105704721 816.3265306122448
v 3119.1624689296186 2900.0108162709826 816.3265306122448
v 3146.288280354048 2941.4350069868574 816.3265306122448
v 3159.274641295513 2989.8777986810733 816.3265306122448
v 3156.4361537610275 3040.5895736858306 816.3265306122448
v 3137.659669008739 3088.468497401825 816.3265306122448
v 3104.4551892948098 3128.5737577210584 816.3265306122448
v 3059.8415280648996 3156.634893741422 816.3265306122448
v 3008.0745069276654 3169.5047605886316 816.3265306122448
v 2954.2418703764592 3165.5082494496874 816.3265306122448
v 2903.763382843464 3144.648499997152 816.3265306122448
v 2861.845213651268 3108.6461248508945 816.3265306122448
v 2832.9435340825053 3060.8035810356746 816.3265306122448
v 2820.2925408644373 3005.704618346117 816.3265306122448
v 2825.5467320700914 2948.7758987561037 816.3265306122448
v 2848.576628464414 2895.7526310878548 816.3265306122448
v 2887.442239966332 2852.1008296387145 816.3265306122448
v 2938.5508674979387 2822.454391635426 816.3265306122448
v 2996.987069493996 2810.1249131285977 816.3265306122448
v 3056.9847184973455 2816.7359334602284 816.3265306122448
v 3112.4958854925962 2842.021633541753 816.3265306122448
v 3157.8004343040657 2883.8140017812116 816.3265306122448
v 3188.094887956793 2938.223681457673 816.3265306122448
v 3200.0 2999.9999999999995 816.3265306122448
v 3000.0 3000.0 836.734693877551
v 3001.919335591396 3000.6303705973705 836.734693877551
v 3003.2536172021455 3002.39558759214 836.734693877551
v 3003.5154964216435 3004.9368239518203 836.734693877551
v 3002.3993565683095 3007.716381749043 836.734693877551
v 2999.8397377390424 3010.0997386633726 836.734693877551
v 2996.035539838577 3011.4545553783596 836.734693877551
v 2991.435822606134 3011.2531977448803 836.734693877551
v 2986.688055249619 3009.1646038604085 836.734693877551
v 2982.5546732070093 3005.1224101243897 836.734693877551
v 2979.8081506589256 2999.359031646504 836.734693877551
v 2979.117941760313 2992.3995523705407 836.734693877551
v 2980.944167400175 2985.0143276067733 836.734693877551
v 2985.4526043833143 2978.134529070198 836.734693877551
v 2992.4633668855345 2972.7398177376986 836.734693877551
v 3001.4418762370833 2969.73129275203 836.734693877551
v 3011.5357162534747 2969.8053216884005 836.734693877551
v 3021.655344122095 2973.3444648627074 836.734693877551
v 3030.5910375574977 2980.3403339107053 836.734693877551
v 3037.153586518244 2990.359976249615 836.734693877551
v 3040.322693998864 3002.5625826123864 836.734693877551
v 3039.3853062491667 3015.767498118923 836.734693877551
v 3034.0464196941766 3028.5683382082907 836.734693877551
v 3024.49734495968 3039.482191694624 836.734693877551
v 3011.430736267124 3047.11813664599 836.734693877551
v 2995.997476926425 3050.3462008056536 836.734693877551
v 2979.707124711068 3048.4468922155943 836.734693877551
v 2964.2803236029845 3041.222704055687 836.734693877551
v 2951.4676049079203 3029.0564989172835 836.734693877551
v 2942.8536084450975 3012.9070817188076 836.734693877551
v 2939.668368328904 2994.2390276785345 836.734693877551
v 2942.627551150719 2974.8912189947373 836.734693877551
v 2951.8212881017694 2956.895741380765 836.734693877551
v 2966.6666666666665 2942.2649730810376 836.734693877551
v 2985.932471284411 2932.7691249064596 836.734693877551
v 3007.837044437445 2929.7285934219317 836.734693877551
v 3030.2120009455916 2933.8449457923984 836.734693877551
v 3050.7168651062907 2945.0911248074167 836.734693877551
v 3067.083386522529 2962.6758061175397 836.734693877551
v 3077.3640791782736 2985.0892958988766 836.734693877551
v 3080.1579646731957 3010.2296932180807 836.734693877551
v 3074.7878546863667 3035.5991745366787 836.734693877551
v 3061.4077365664907 3058.5521585499973 836.734693877551
v 3041.0255681115664 3076.5706962186787 836.734693877551
v 3015.435393570394 3087.5384669344185 836.734693877551
v 2987.0622874297014 3089.9837674437213 836.734693877551
v 2958.7332036770395 3083.264067913942 836.734693877551
v 2933.395313692531 3067.669951625872 836.734693877551
v 2913.8098958880073 3044.4340869553853 836.734693877551
v 2902.2535241512255 3015.640542227665 836.734693877551
v 2900.2586981134955 2984.040263032995 836.734693877551
v 2908.4230143810078 2952.788782609903 836.734693877551
v 2926.3097087662045 2925.1311173500994 836.734693877551
v 2952.453473801806 2904.0653130556752 836.734693877551
v 2984.4747449156416 2892.0194790675346 836.734693877551
v 3019.294241962992 2890.576916331977 836.734693877551
v 3053.42864684297 2900.2800235291625 836.734693877551
v 3083.339071054523 2920.536356253575 836.734693877551
v 3105.7974529709577 2949.6401921188444 836.734693877551
v 3118.2329978929633 2984.911202503331 836.734693877551
v 3119.0216602742676 3022.939544770959 836.734693877551
v 3107.686488891428 3059.9151533376335 836.734693877551
v 3084.985017205136 3092.0094665389233 836.734693877551
v 3052.8710016547857 3115.771344863302 836.734693877551
v 3014.3305955427572 3128.4962863141823 836.734693877551
v 2973.106195102551 3128.5296141494155 836.734693877551
v 2933.3333333333335 3115.470053837925 836.734693877551
v 2899.12582196308 3090.2495414840237 836.734693877551
v 2874.1507573628674 3055.07732607606 836.734693877551
v 2861.237247156479 3013.250236339371 836.734693877551
v 2862.060434177821 2968.8449751614994 836.734693877551
v 2876.935712445084 2926.3210206026024 836.734693877551
v 2904.7475296079588 2890.072789184835 836.734693877551
v 2943.023850150306 2863.976033394678 836.734693877551
v 2988.1525317022174 2850.975245615265 836.734693877551
v 3035.7210508347616 2852.7558229812817 836.734693877551
v 3080.9477485624207 2869.537105704721 836.734693877551
v 3119.1624689296186 2900.0108162709826 836.734693877551
v 3146.288280354048 2941.4350069868574 836.734693877551
v 3159.274641295513 2989.8777986810733 836.734693877551
v 3156.4361537610275 3040.5895736858306 836.734693877551
v 3137.659669008739 3088.468497401825 836.734693877551
v 3104.4551892948098 3128.5737577210584 836.734693877551
v 3059.8415280648996 3156.634893741422 836.734693877551
v 3008.0745069276654 3169.5047605886316 836.734693877551
v 2954.2418703764592 3165.5082494496874 836.734693877551
v 2903.763382843464 3144.648499997152 836.734693877551
v 2861.845213651268 3108.6461248508945 836.734693877551
v 2832.9435340825053 3060.8035810356746 836.734693877551
v 2820.2925408644373 3005.704618346117 836.734693877551
v 2825.5467320700914 2948.7758987561037 836.734693877551
v 2848.576628464414 2895.7526310878548 836.734693877551
v 2887.442239966332 2852.1008296387145 836.734693877551
v 2938.5508674979387 2822.454391635426 836.734693877551
v 2996.987069493996 2810.1249131285977 836.734693877551
v 3056.9847184973455 2816.7359334602284 836.734693877551
v 3112.4958854925962 2842.021633541753 836.734693877551
v 3157.8004343040657 2883.8140017812116 836.734693877551
v 3188.094887956793 2938.223681457673 836.734693877551
v 3200.0 2999.9999999999995 836.734693877551
v 3000.0 3000.0 857.1428571428571
v 3001.919335591396 3000.6303705973705 857.1428571428571
v 3003.2536172021455 3002.39558759214 857.1428571428571
v 3003.5154964216435 3004.9368239518203 857.1428571428571
v 3002.3993565683095 3007.716381749043 857.1428571428571
v 2999.8397377390424 3010.0997386633726 857.1428571428571
v 2996.035539838577 3011.4545553783596 857.1428571428571
v 2991.435822606134 3011.2531977448803 857.1428571428571
v 2986.688055249619 3009.1646038604085 857.1428571428571
v 2982.5546732070093 3005.1224101243897 857.1428571428571
v 2979.8081506589256 2999.359031646504 857.1428571428571
v 2979.117941760313 2992.3995523705407 857.1428571428571
v 2980.944167400175 2985.0143276067733 857.1428571428571
v 2985.4526043833143 2978.134529070198 857.1428571428571
v 2992.4633668855345 2972.7398177376986 857.1428571428571
v 3001.4418762370833 2969.73129275203 857.1428571428571
v 3011.5357162534747 2969.8053216884005 857.1428571428571
v 3021.655344122095 2973.3444648627074 857.1428571428571
v 3030.5910375574977 2980.3403339107053 857.1428571428571
v 3037.153586518244 2990.359976249615 857.1428571428571
v 3040.322693998864 3002.5625826123864 857.1428571428571
v 3039.3853062491667 3015.767498118923 857.1428571428571
v 3034.0464196941766 3028.5683382082907 857.1428571428571
v 3024.49734495968 3039.482191694624 857.1428571428571
v 3011.430736267124 3047.11813664599 857.1428571428571
v 2995.997476926425 3050.3462008056536 857.1428571428571
v 2979.707124711068 3048.4468922155943 857.1428571428571
v 2964.2803236029845 3041.222704055687 857.1428571428571
v 2951.4676049079203 3029.0564989172835 857.1428571428571
v 2942.8536084450975 3012.9070817188076 857.1428571428571
v 2939.668368328904 2994.2390276785345 857.1428571428571
v 2942.627551150719 2974.8912189947373 857.1428571428571
v 2951.8212881017694 2956.895741380765 857.1428571428571
v 2966.6666666666665 2942.2649730810376 857.1428571428571
v 2985.932471284411 2932.7691249064596 857.1428571428571
v 3007.837044437445 2929.7285934219317 857.1428571428571
v 3030.2120009455916 2933.8449457923984 857.1428571428571
v 3050.7168651062907 2945.0911248074167 857.1428571428571
v 3067.083386522529 2962.6758061175397 857.1428571428571
v 3077.3640791782736 2985.0892958988766 857.1428571428571
v 3080.1579646731957 3010.2296932180807 857.1428571428571
v 3074.7878546863667 3035.5991745366787 857.1428571428571
v 3061.4077365664907 3058.5521585499973 857.1428571428571
v 3041.0255681115664 3076.5706962186787 857.1428571428571
v 3015.435393570394 3087.5384669344185 857.1428571428571
v 2987.0622874297014 3089.9837674437213 857.1428571428571
v 2958.7332036770395 3083.264067913942 857.1428571428571
v 2933.395313692531 3067.669951625872 857.1428571428571
v 2913.8098958880073 3044.4340869553853 857.1428571428571
v 2902.2535241512255 3015.640542227665 857.1428571428571
v 2900.2586981134955 2984.040263032995 857.1428571428571
v 2908.4230143810078 2952.788782609903 857.1428571428571
v 2926.3097087662045 2925.1311173500994 857.1428571428571
v 2952.453473801806 2904.0653130556752 857.1428571428571
v 2984.4747449156416 2892.0194790675346 857.1428571428571
v 3019.294241962992 2890.576916331977 857.1428571428571
v 3053.42864684297 2900.2800235291625 857.1428571428571
v 3083.339071054523 2920.536356253575 857.1428571428571
v 3105.7974529709577 2949.6401921188444 857.1428571428571
v 3118.2329978929633 2984.911202503331 857.1428571428571
v 3119.0216602742676 3022.939544770959 857.1428571428571
v 3107.686488891428 3059.9151533376335 857.1428571428571
v 3084.985017205136 3092.0094665389233 857.1428571428571
v 3052.8710016547857 3115.771344863302 857.1428571428571
v 3014.3305955427572 3128.4962863141823 857.1428571428571
v 2973.106195102551 3128.5296141494155 857.1428571428571
v 2933.3333333333335 3115.470053837925 857.1428571428571
v 2899.12582196308 3090.2495414840237 857.1428571428571
v 2874.1507573628674 3055.07732607606 857.1428571428571
v 2861.237247156479 3013.250236339371 857.1428571428571
v 2862.060434177821 2968.8449751614994 857.1428571428571
v 2876.935712445084 2926.3210206026024 857.1428571428571
v 2904.7475296079588 2890.072789184835 857.1428571428571
v 2943.023850150306 2863.976033394678 857.1428571428571
v 2988.1525317022174 2850.975245615265 857.1428571428571
v 3035.7210508347616 2852.7558229812817 857.1428571428571
v 3080.9477485624207 2869.537105704721 857.1428571428571
v 3119.1624689296186 2900.0108162709826 857.1428571428571
v 3146.288280354048 2941.4350069868574 857.1428571428571
v 3159.274641295513 2989.8777986810733 857.1428571428571
v 3156.4361537610275 3040.5895736858306 857.1428571428571
v 3137.659669008739 3088.468497401825 857.1428571428571
v 3104.4551892948098 3128.5737577210584 857.1428571428571
v 3059.8415280648996 3156.634893741422 857.1428571428571
v 3008.0745069276654 3169.5047605886316 857.1428571428571
v 2954.2418703764592 3165.5082494496874 857.1428571428571
v 2903.763382843464 3144.648499997152 857.1428571428571
v 2861.845213651268 3108.6461248508945 857.1428571428571
v 2832.9435340825053 3060.8035810356746 857.1428571428571
v 2820.2925408644373 3005.704618346117 857.1428571428571
v 2825.5467320700914 2948.7758987561037 857.1428571428571
v 2848.576628464414 2895.7526310878548 857.1428571428571
v 2887.442239966332 2852.1008296387145 857.1428571428571
v 2938.5508674979387 2822.454391635426 857.1428571428571
v 2996.987069493996 2810.1249131285977 857.1428571428571
v 3056.9847184973455 2816.7359334602284 857.1428571428571
v 3112.4958854925962 2842.021633541753 857.1428571428571
v 3157.8004343040657 2883.8140017812116 857.1428571428571
v 3188.094887956793 2938.223681457673 857.1428571428571
v 3200.0 2999.9999999999995 857.1428571428571
v 3000.0 3000.0 877.5510204081633
v 3001.919335591396 3000.6303705973705 877.5510204081633
v 3003.2536172021455 3002.39558759214 877.5510204081633
v 3003.5154964216435 3004.9368239518203 877.5510204081633
v 3002.3993565683095 3007.716381749043 877.5510204081633
v 2999.8397377390424 3010.0997386633726 877.5510204081633
v 2996.035539838577 3011.4545553783596 877.5510204081633
v 2991.435822606134 3011.2531977448803 877.5510204081633
v 2986.688055249619 3009.1646038604085 877.5510204081633
v 2982.5546732070093 3005.1224101243897 877.5510204081633
v 2979.8081506589256 2999.359031646504 877.5510204081633
v 2979.117941760313 2992.3995523705407 877.5510204081633
v 2980.944167400175 2985.0143276067733 877.5510204081633
v 2985.4526043833143 2978.134529070198 877.5510204081633
v 2992.4633668855345 2972.7398177376986 877.5510204081633
v 3001.4418762370833 2969.73129275203 877.5510204081633
v 3011.5357162534747 2969.8053216884005 877.5510204081633
v 3021.655344122095 2973.3444648627074 877.5510204081633
v 3030.5910375574977 2980.3403339107053 877.5510204081633
v 3037.153586518244 2990.359976249615 877.5510204081633
v 3040.322693998864 3002.5625826123864 877.5510204081633
v 3039.3853062491667 3015.767498118923 877.5510204081633
v 3034.0464196941766 3028.5683382082907 877.5510204081633
v 3024.49734495968 3039.482191694624 877.5510204081633
v 3011.430736267124 3047.11813664599 877.5510204081633
v 2995.997476926425 3050.3462008056536 877.5510204081633
v 2979.707124711068 3048.4468922155943 877.5510204081633
v 2964.2803236029845 3041.222704055687 877.5510204081633
v 2951.4676049079203 3029.0564989172835 877.5510204081633
v 2942.8536084450975 3012.9070817188076 877.5510204081633
v 2939.668368328904 2994.2390276785345 877.5510204081633
v 2942.627551150719 2974.8912189947373 877.5510204081633
v 2951.8212881017694 2956.895741380765 877.5510204081633
v 2966.6666666666665 2942.2649730810376 877.5510204081633
v 2985.932471284411 2932.7691249064596 877.5510204081633
v 3007.837044437445 2929.7285934219317 877.5510204081633
v 3030.2120009455916 2933.8449457923984 877.5510204081633
v 3050.7168651062907 2945.0911248074167 877.5510204081633
v 3067.083386522529 2962.6758061175397 877.5510204081633
v 3077.3640791782736 2985.0892958988766 877.5510204081633
v 3080.1579646731957 3010.2296932180807 877.5510204081633
v 3074.7878546863667 3035.5991745366787 877.5510204081633
v 3061.4077365664907 3058.5521585499973 877.5510204081633
v 3041.0255681115664 3076.5706962186787 877.5510204081633
v 3015.435393570394 3087.5384669344185 877.5510204081633
v 2987.0622874297014 3089.9837674437213 877.5510204081633
v 2958.7332036770395 3083.264067913942 877.5510204081633
v 2933.395313692531 3067.669951625872 877.5510204081633
v 2913.8098958880073 3044.4340869553853 877.5510204081633
v 2902.2535241512255 3015.640542227665 877.5510204081633
v 2900.2586981134955 2984.040263032995 877.5510204081633
v 2908.4230143810078 2952.788782609903 877.5510204081633
v 2926.3097087662045 2925.1311173500994 877.5510204081633
v 2952.453473801806 2904.0653130556752 877.5510204081633
v 2984.4747449156416 2892.0194790675346 877.5510204081633
v 3019.294241962992 2890.576916331977 877.5510204081633
v 3053.42864684297 2900.2800235291625 877.5510204081633
v 3083.339071054523 2920.536356253575 877.5510204081633
v 3105.7974529709577 2949.6401921188444 877.5510204081633
v 3118.2329978929633 2984.911202503331 877.5510204081633
v 3119.0216602742676 3022.939544770959 877.5510204081633
v 3107.686488891428 3059.9151533376335 877.5510204081633
v 3084.985017205136 3092.0094665389233 877.5510204081633
v 3052.8710016547857 3115.771344863302 877.5510204081633
v 3014.3305955427572 3128.4962863141823 877.5510204081633
v 2973.106195102551 3128.5296141494155 877.5510204081633
v 2933.3333333333335 3115.470053837925 877.5510204081633
v 2899.12582196308 3090.2495414840237 877.5510204081633
v 2874.1507573628674 3055.07732607606 877.5510204081633
v 2861.237247156479 3013.250236339371 877.5510204081633
v 2862.060434177821 2968.8449751614994 877.5510204081633
v 2876.935712445084 2926.3210206026024 877.5510204081633
v 2904.7475296079588 2890.072789184835 877.5510204081633
v 2943.023850150306 2863.976033394678 877.5510204081633
v 2988.1525317022174 2850.975245615265 877.5510204081633
v 3035.7210508347616 2852.7558229812817 877.5510204081633
v 3080.9477485624207 2869.537105704721 877.5510204081633
v 3119.1624689296186 2900.0108162709826 877.5510204081633
v 3146.288280354048 2941.4350069868574 877.5510204081633
v 3159.274641295513 2989.8777986810733 877.5510204081633
v 3156.4361537610275 3040.5895736858306 877.5510204081633
v 3137.659669008739 3088.468497401825 877.5510204081633
v 3104.4551892948098 3128.5737577210584 877.5510204081633
v 3059.8415280648996 3156.634893741422 877.5510204081633
v 3008.0745069276654 3169.5047605886316 877.5510204081633
v 2954.2418703764592 3165.5082494496874 877.5510204081633
v 2903.763382843464 3144.648499997152 877.5510204081633
v 2861.845213651268 3108.6461248508945 877.5510204081633
v 2832.9435340825053 3060.8035810356746 877.5510204081633
v 2820.2925408644373 3005.704618346117 877.5510204081633
v 2825.5467320700914 2948.7758987561037 877.5510204081633
v 2848.576628464414 2895.7526310878548 877.5510204081633
v 2887.442239966332 2852.1008296387145 877.5510204081633
v 2938.5508674979387 2822.454391635426 877.5510204081633
v 2996.987069493996 2810.1249131285977 877.5510204081633
v 3056.9847184973455 2816.7359334602284 877.5510204081633
v 3112.4958854925962 2842.021633541753 877.5510204081633
v 3157.8004343040657 2883.8140017812116 877.5510204081633
v 3188.094887956793 2938.223681457673 877.5510204081633
v 3200.0 2999.9999999999995 877.5510204081633
v 3000.0 3000.0 897.9591836734694
v 3001.919335591396 3000.6303705973705 897.9591836734694
v 3003.2536172021455 3002.39558759214 897.9591836734694
v 3003.5154964216435 3004.9368239518203 897.9591836734694
v 3002.3993565683095 3007.716381749043 897.9591836734694
v 2999.8397377390424 3010.0997386633726 897.9591836734694
v 2996.035539838577 3011.4545553783596 897.9591836734694
v 2991.435822606134 3011.2531977448803 897.9591836734694
v 2986.688055249619 3009.1646038604085 897.9591836734694
v 2982.5546732070093 3005.1224101243897 897.9591836734694
v 2979.8081506589256 2999.359031646504 897.9591836734694
v 2979.117941760313 2992.3995523705407 897.9591836734694
v 2980.944167400175 2985.0143276067733 897.9591836734694
v 2985.4526043833143 2978.134529070198 897.9591836734694
v 2992.4633668855345 2972.7398177376986 897.9591836734694
v 3001.4418762370833 2969.73129275203 897.9591836734694
v 3011.5357162534747 2969.8053216884005 897.9591836734694
v 3021.655344122095 2973.3444648627074 897.9591836734694
v 3030.5910375574977 2980.3403339107053 897.9591836734694
v 3037.153586518244 2990.359976249615 897.9591836734694
v 3040.322693998864 3002.5625826123864 897.9591836734694
v 3039.3853062491667 3015.767498118923 897.9591836734694
v 3034.0464196941766 3028.5683382082907 897.9591836734694
v 3024.49734495968 3039.482191694624 897.9591836734694
v 3011.430736267124 3047.11813664599 897.9591836734694
v 2995.997476926425 3050.3462008056536 897.9591836734694
v 2979.707124711068 3048.4468922155943 897.9591836734694
v 2964.2803236029845 3041.222704055687 897.9591836734694
v 2951.4676049079203 3029.0564989172835 897.9591836734694
v 2942.8536084450975 3012.9070817188076 897.9591836734694
v 2939.668368328904 2994.2390276785345 897.9591836734694
v 2942.627551150719 2974.8912189947373 897.9591836734694
v 2951.8212881017694 2956.895741380765 897.9591836734694
v 2966.6666666666665 2942.2649730810376 897.9591836734694
v 2985.932471284411 2932.7691249064596 897.9591836734694
v 3007.837044437445 2929.7285934219317 897.9591836734694
v 3030.2120009455916 2933.8449457923984 897.9591836734694
v 3050.7168651062907 2945.0911248074167 897.9591836734694
v 3067.083386522529 2962.6758061175397 897.9591836734694
v 3077.3640791782736 2985.0892958988766 897.9591836734694
v 3080.1579646731957 3010.2296932180807 897.9591836734694
v 3074.7878546863667 3035.5991745366787 897.9591836734694
v 3061.4077365664907 3058.5521585499973 897.9591836734694
v 3041.0255681115664 3076.5706962186787 897.9591836734694
v 3015.435393570394 3087.5384669344185 897.9591836734694
v 2987.0622874297014 3089.9837674437213 897.9591836734694
v 2958.7332036770395 3083.264067913942 897.9591836734694
v 2933.395313692531 3067.669951625872 897.9591836734694
v 2913.8098958880073 3044.4340869553853 897.9591836734694
v 2902.2535241512255 3015.640542227665 897.9591836734694
v 2900.2586981134955 2984.040263032995 897.9591836734694
v 2908.4230143810078 2952.788782609903 897.9591836734694
v 2926.3097087662045 2925.1311173500994 897.9591836734694
v 2952.453473801806 2904.0653130556752 897.9591836734694
v 2984.4747449156416 2892.0194790675346 897.9591836734694
v 3019.294241962992 2890.576916331977 897.9591836734694
v 3053.42864684297 2900.2800235291625 897.9591836734694
v 3083.339071054523 2920.536356253575 897.9591836734694
v 3105.7974529709577 2949.6401921188444 897.9591836734694
v 3118.2329978929633 2984.911202503331 897.9591836734694
v 3119.0216602742676 3022.939544770959 897.9591836734694
v 3107.686488891428 3059.9151533376335 897.9591836734694
v 3084.985017205136 3092.0094665389233 897.9591836734694
v 3052.8710016547857 3115.771344863302 897.9591836734694
v 3014.3305955427572 3128.4962863141823 897.9591836734694
v 2973.106195102551 3128.5296141494155 897.9591836734694
v 2933.3333333333335 3115.470053837925 897.9591836734694
v 2899.12582196308 3090.2495414840237 897.9591836734694
v 2874.1507573628674 3055.07732607606 897.9591836734694
v 2861.237247156479 3013.250236339371 897.9591836734694
v 2862.060434177821 2968.8449751614994 897.9591836734694
v 2876.935712445084 2926.3210206026024 897.9591836734694
v 2904.7475296079588 2890.072789184835 897.9591836734694
v 2943.023850150306 2863.976033394678 897.9591836734694
v 2988.1525317022174 2850.975245615265 897.9591836734694
v 3035.7210508347616 2852.7558229812817 897.9591836734694
v 3080.9477485624207 2869.537105704721 897.9591836734694
v 3119.1624689296186 2900.0108162709826 897.9591836734694
v 3146.288280354048 2941.4350069868574 897.9591836734694
v 3159.274641295513 2989.8777986810733 897.9591836734694
v 3156.4361537610275 3040.5895736858306 897.9591836734694
v 3137.659669008739 3088.468497401825 897.9591836734694
v 3104.4551892948098 3128.5737577210584 897.9591836734694
v 3059.8415280648996 3156.634893741422 897.9591836734694
v 3008.0745069276654 3169.5047605886316 897.9591836734694
v 2954.2418703764592 3165.5082494496874 897.9591836734694
v 2903.763382843464 3144.648499997152 897.9591836734694
v 2861.845213651268 3108.6461248508945 897.9591836734694
v 2832.9435340825053 3060.8035810356746 897.9591836734694
v 2820.2925408644373 3005.704618346117 897.9591836734694
v 2825.5467320700914 2948.7758987561037 897.9591836734694
v 2848.576628464414 2895.7526310878548 897.9591836734694
v 2887.442239966332 2852.1008296387145 897.9591836734694
v 2938.5508674979387 2822.454391635426 897.9591836734694
v 2996.987069493996 2810.1249131285977 897.9591836734694
v 3056.9847184973455 2816.7359334602284 897.9591836734694
v 3112.4958854925962 2842.021633541753 897.9591836734694
v 3157.8004343040657 2883.8140017812116 897.9591836734694
v 3188.094887956793 2938.223681457673 897.9591836734694
v 3200.0 2999.9999999999995 897.9591836734694
v 3000.0 3000.0 918.3673469387755
v 3001.919335591396 3000.6303705973705 918.3673469387755
v 3003.2536172021455 3002.39558759214 918.3673469387755
v 3003.5154964216435 3004.9368239518203 918.3673469387755
v 3002.3993565683095 3007.716381749043 918.3673469387755
v 2999.8397377390424 3010.0997386633726 918.3673469387755
v 2996.035539838577 3011.4545553783596 918.3673469387755
v 2991.435822606134 3011.2531977448803 918.3673469387755
v 2986.688055249619 3009.1646038604085 918.3673469387755
v 2982.5546732070093 3005.1224101243897 918.3673469387755
v 2979.8081506589256 2999.359031646504 918.3673469387755
v 2979.117941760313 2992.3995523705407 918.3673469387755
v 2980.944167400175 2985.0143276067733 918.3673469387755
v 2985.4526043833143 2978.134529070198 918.3673469387755
v 2992.4633668855345 2972.7398177376986 918.3673469387755
v 3001.4418762370833 2969.73129275203 918.3673469387755
v 3011.5357162534747 2969.8053216884005 918.3673469387755
v 3021.655344122095 2973.3444648627074 918.3673469387755
v 3030.5910375574977 2980.3403339107053 918.3673469387755
v 3037.153586518244 2990.359976249615 918.3673469387755
v 3040.322693998864 3002.5625826123864 918.3673469387755
v 3039.3853062491667 3015.767498118923 918.3673469387755
v 3034.0464196941766 3028.5683382082907 918.3673469387755
v 3024.49734495968 3039.482191694624 918.3673469387755
v 3011.430736267124 3047.11813664599 918.3673469387755
v 2995.997476926425 3050.3462008056536 918.3673469387755
v 2979.707124711068 3048.4468922155943 918.3673469387755
v 2964.2803236029845 3041.222704055687 918.3673469387755
v 2951.4676049079203 3029.0564989172835 918.3673469387755
v 2942.8536084450975 3012.9070817188076 918.3673469387755
v 2939.668368328904 2994.2390276785345 918.3673469387755
v 2942.627551150719 2974.8912189947373 918.3673469387755
v 2951.8212881017694 2956.895741380765 918.3673469387755
v 2966.6666666666665 2942.2649730810376 918.3673469387755
v 2985.932471284411 2932.7691249064596 918.3673469387755
v 3007.837044437445 2929.7285934219317 918.3673469387755
v 3030.2120009455916 2933.8449457923984 918.3673469387755
v 3050.7168651062907 2945.0911248074167 918.3673469387755
v 3067.083386522529 2962.6758061175397 918.3673469387755
v 3077.3640791782736 2985.0892958988766 918.3673469387755
v 3080.1579646731957 3010.2296932180807 918.3673469387755
v 3074.7878546863667 3035.5991745366787 918.3673469387755
v 3061.4077365664907 3058.5521585499973 918.3673469387755
v 3041.0255681115664 3076.5706962186787 918.3673469387755
v 3015.435393570394 3087.5384669344185 918.3673469387755
v 2987.0622874297014 3089.9837674437213 918.3673469387755
v 2958.7332036770395 3083.264067913942 918.3673469387755
v 2933.395313692531 3067.669951625872 918.3673469387755
v 2913.8098958880073 3044.4340869553853 918.3673469387755
v 2902.2535241512255 3015.640542227665 918.3673469387755
v 2900.2586981134955 2984.040263032995 918.3673469387755
v 2908.4230143810078 2952.788782609903 918.3673469387755
v 2926.3097087662045 2925.1311173500994 918.3673469387755
v 2952.453473801806 2904.0653130556752 918.3673469387755
v 2984.4747449156416 2892.0194790675346 918.3673469387755
v 3019.294241962992 2890.576916331977 918.3673469387755
v 3053.42864684297 2900.2800235291625 918.3673469387755
v 3083.339071054523 2920.536356253575 918.3673469387755
v 3105.7974529709577 2949.6401921188444 918.3673469387755
v 3118.2329978929633 2984.911202503331 918.3673469387755
v 3119.0216602742676 3022.939544770959 918.3673469387755
v 3107.686488891428 3059.9151533376335 918.3673469387755
v 3084.985017205136 3092.0094665389233 918.3673469387755
v 3052.8710016547857 3115.771344863302 918.3673469387755
v 3014.3305955427572 3128.4962863141823 918.3673469387755
v 2973.106195102551 3128.5296141494155 918.3673469387755
v 2933.3333333333335 3115.470053837925 918.3673469387755
v 2899.12582196308 3090.2495414840237 918.3673469387755
v 2874.1507573628674 3055.07732607606 918.3673469387755
v 2861.237247156479 3013.250236339371 918.3673469387755
v 2862.060434177821 2968.8449751614994 918.3673469387755
v 2876.935712445084 2926.3210206026024 918.3673469387755
v 2904.7475296079588 2890.072789184835 918.3673469387755
v 2943.023850150306 2863.976033394678 918.3673469387755
v 2988.1525317022174 2850.975245615265 918.3673469387755
v 3035.7210508347616 2852.7558229812817 918.3673469387755
v 3080.9477485624207 2869.537105704721 918.3673469387755
v 3119.1624689296186 2900.0108162709826 918.3673469387755
v 3146.288280354048 2941.4350069868574 918.3673469387755
v 3159.274641295513 2989.8777986810733 918.3673469387755
v 3156.4361537610275 3040.5895736858306 918.3673469387755
v 3137.659669008739 3088.468497401825 918.3673469387755
v 3104.4551892948098 3128.5737577210584 918.3673469387755
v 3059.8415280648996 3156.634893741422 918.3673469387755
v 3008.0745069276654 3169.5047605886316 918.3673469387755
v 2954.2418703764592 3165.5082494496874 918.3673469387755
v 2903.763382843464 3144.648499997152 918.3673469387755
v 2861.845213651268 3108.6461248508945 918.3673469387755
v 2832.9435340825053 3060.8035810356746 918.3673469387755
v 2820.2925408644373 3005.704618346117 918.3673469387755
v 2825.5467320700914 2948.7758987561037 918.3673469387755
v 2848.576628464414 2895.7526310878548 918.3673469387755
v 2887.442239966332 2852.1008296387145 918.3673469387755
v 2938.5508674979387 2822.454391635426 918.3673469387755
v 2996.987069493996 2810.1249131285977 918.3673469387755
v 3056.9847184973455 2816.7359334602284 918.3673469387755
v 3112.4958854925962 2842.021633541753 918.3673469387755
v 3157.8004343040657 2883.8140017812116 918.3673469387755
v 3188.094887956793 2938.223681457673 918.3673469387755
v 3200.0 2999.9999999999995 918.3673469387755
v 3000.0 3000.0 938.7755102040816
v 3001.919335591396 3000.6303705973705 938.7755102040816
v 3003.2536172021455 3002.39558759214 938.7755102040816
v 3003.5154964216435 3004.9368239518203 938.7755102040816
v 3002.3993565683095 3007.716381749043 938.7755102040816
v 2999.8397377390424 3010.0997386633726 938.7755102040816
v 2996.035539838577 3011.4545553783596 938.7755102040816
v 2991.435822606134 3011.2531977448803 938.7755102040816
v 2986.688055249619 3009.1646038604085 938.7755102040816
v 2982.5546732070093 3005.1224101243897 938.7755102040816
v 2979.8081506589256 2999.359031646504 938.7755102040816
v 2979.117941760313 2992.3995523705407 938.7755102040816
v 2980.944167400175 2985.0143276067733 938.7755102040816
v 2985.4526043833143 2978.134529070198 938.7755102040816
v 2992.4633668855345 2972.7398177376986 938.7755102040816
v 3001.4418762370833 2969.73129275203 938.7755102040816
v 3011.5357162534747 2969.8053216884005 938.7755102040816
v 3021.655344122095 2973.3444648627074 938.7755102040816
v 3030.5910375574977 2980.3403339107053 938.7755102040816
v 3037.153586518244 2990.359976249615 938.7755102040816
v 3040.322693998864 3002.5625826123864 938.7755102040816
v 3039.3853062491667 3015.767498118923 938.7755102040816
v 3034.0464196941766 3028.5683382082907 938.7755102040816
v 3024.49734495968 3039.482191694624 938.7755102040816
v 3011.430736267124 3047.11813664599 938.7755102040816
v 2995.997476926425 3050.3462008056536 938.7755102040816
v 2979.707124711068 3048.4468922155943 938.7755102040816
v 2964.2803236029845 3041.222704055687 938.7755102040816
v 2951.4676049079203 3029.0564989172835 938.7755102040816
v 2942.8536084450975 3012.9070817188076 938.7755102040816
v 2939.668368328904 2994.2390276785345 938.7755102040816
v 2942.627551150719 2974.8912189947373 938.7755102040816
v 2951.8212881017694 2956.895741380765 938.7755102040816
v 2966.6666666666665 2942.2649730810376 938.7755102040816
v 2985.932471284411 2932.7691249064596 938.7755102040816
v 3007.837044437445 2929.7285934219317 938.7755102040816
v 3030.2120009455916 2933.8449457923984 938.7755102040816
v 3050.7168651062907 2945.0911248074167 938.7755102040816
v 3067.083386522529 2962.6758061175397 938.7755102040816
v 3077.3640791782736 2985.0892958988766 938.7755102040816
v 3080.1579646731957 3010.2296932180807 938.7755102040816
v 3074.7878546863667 3035.5991745366787 938.7755102040816
v 3061.4077365664907 3058.5521585499973 938.7755102040816
v 3041.0255681115664 3076.5706962186787 938.7755102040816
v 3015.435393570394 3087.5384669344185 938.7755102040816
v 2987.0622874297014 3089.9837674437213 938.7755102040816
v 2958.7332036770395 3083.264067913942 938.7755102040816
v 2933.395313692531 3067.669951625872 938.7755102040816
v 2913.8098958880073 3044.4340869553853 938.7755102040816
v 2902.2535241512255 3015.640542227665 938.7755102040816
v 2900.2586981134955 2984.040263032995 938.7755102040816
v 2908.4230143810078 2952.788782609903 938.7755102040816
v 2926.3097087662045 2925.1311173500994 938.7755102040816
v 2952.453473801806 2904.0653130556752 938.7755102040816
v 2984.4747449156416 2892.0194790675346 938.7755102040816
v 3019.294241962992 2890.576916331977 938.7755102040816
v 3053.42864684297 2900.2800235291625 938.7755102040816
v 3083.339071054523 2920.536356253575 938.7755102040816
v 3105.7974529709577 2949.6401921188444 938.7755102040816
v 3118.2329978929633 2984.911202503331 938.7755102040816
v 3119.0216602742676 3022.939544770959 938.7755102040816
v 3107.686488891428 3059.9151533376335 938.7755102040816
v 3084.985017205136 3092.0094665389233 938.7755102040816
v 3052.8710016547857 3115.771344863302 938.7755102040816
v 3014.3305955427572 3128.4962863141823 938.7755102040816
v 2973.106195102551 3128.5296141494155 938.7755102040816
v 2933.3333333333335 3115.470053837925 938.7755102040816
v 2899.12582196308 3090.2495414840237 938.7755102040816
v 2874.1507573628674 3055.07732607606 938.7755102040816
v 2861.237247156479 3013.250236339371 938.7755102040816
v 2862.060434177821 2968.8449751614994 938.7755102040816
v 2876.935712445084 2926.3210206026024 938.7755102040816
v 2904.7475296079588 2890.072789184835 938.7755102040816
v 2943.023850150306 2863.976033394678 938.7755102040816
v 2988.1525317022174 2850.975245615265 938.7755102040816
v 3035.7210508347616 2852.7558229812817 938.7755102040816
v 3080.9477485624207 2869.537105704721 938.7755102040816
v 3119.1624689296186 2900.0108162709826 938.7755102040816
v 3146.288280354048 2941.4350069868574 938.7755102040816
v 3159.274641295513 2989.8777986810733 938.7755102040816
v 3156.4361537610275 3040.5895736858306 938.7755102040816
v 3137.659669008739 3088.468497401825 938.7755102040816
v 3104.4551892948098 3128.5737577210584 938.7755102040816
v 3059.8415280648996 3156.634893741422 938.7755102040816
v 3008.0745069276654 3169.5047605886316 938.7755102040816
v 2954.2418703764592 3165.5082494496874 938.7755102040816
v 2903.763382843464 3144.648499997152 938.7755102040816
v 2861.845213651268 3108.6461248508945 938.7755102040816
v 2832.9435340825053 3060.8035810356746 938.7755102040816
v 2820.2925408644373 3005.704618346117 938.7755102040816
v 2825.5467320700914 2948.7758987561037 938.7755102040816
v 2848.576628464414 2895.7526310878548 938.7755102040816
v 2887.442239966332 2852.1008296387145 938.7755102040816
v 2938.5508674979387 2822.454391635426 938.7755102040816
v 2996.987069493996 2810.1249131285977 938.7755102040816
v 3056.9847184973455 2816.7359334602284 938.7755102040816
v 3112.4958854925962 2842.021633541753 938.7755102040816
v 3157.8004343040657 2883.8140017812116 938.7755102040816
v 3188.094887956793 2938.223681457673 938.7755102040816
v 3200.0 2999.9999999999995 938.7755102040816
v 3000.0 3000.0 959.1836734693877
v 3001.919335591396 3000.6303705973705 959.1836734693877
v 3003.2536172021455 3002.39558759214 959.1836734693877
v 3003.5154964216435 3004.9368239518203 959.1836734693877
v 3002.3993565683095 3007.716381749043 959.1836734693877
v 2999.8397377390424 3010.0997386633726 959.1836734693877
v 2996.035539838577 3011.4545553783596 959.1836734693877
v 2991.435822606134 3011.2531977448803 959.1836734693877
v 2986.688055249619 3009.1646038604085 959.1836734693877
v 2982.5546732070093 3005.1224101243897 959.1836734693877
v 2979.8081506589256 2999.359031646504 959.1836734693877
v 2979.117941760313 2992.3995523705407 959.1836734693877
v 2980.944167400175 2985.0143276067733 959.1836734693877
v 2985.4526043833143 2978.134529070198 959.1836734693877
v 2992.4633668855345 2972.7398177376986 959.1836734693877
v 3001.4418762370833 2969.73129275203 959.1836734693877
v 3011.5357162534747 2969.8053216884005 959.1836734693877
v 3021.655344122095 2973.3444648627074 959.1836734693877
v 3030.5910375574977 2980.3403339107053 959.1836734693877
v 3037.153586518244 2990.359976249615 959.1836734693877
v 3040.322693998864 3002.5625826123864 959.1836734693877
v 3039.3853062491667 3015.767498118923 959.1836734693877
v 3034.0464196941766 3028.5683382082907 959.1836734693877
v 3024.49734495968 3039.482191694624 959.1836734693877
v 3011.430736267124 3047.11813664599 959.1836734693877
v 2995.997476926425 3050.3462008056536 959.1836734693877
v 2979.707124711068 3048.4468922155943 959.1836734693877
v 2964.2803236029845 3041.222704055687 959.1836734693877
v 2951.4676049079203 3029.0564989172835 959.1836734693877
v 2942.8536084450975 3012.9070817188076 959.1836734693877
v 2939.668368328904 2994.2390276785345 959.1836734693877
v 2942.627551150719 2974.8912189947373 959.1836734693877
v 2951.8212881017694 2956.895741380765 959.1836734693877
v 2966.6666666666665 2942.2649730810376 959.1836734693877
v 2985.932471284411 2932.7691249064596 959.1836734693877
v 3007.837044437445 2929.7285934219317 959.1836734693877
v 3030.2120009455916 2933.8449457923984 959.1836734693877
v 3050.7168651062907 2945.0911248074167 959.1836734693877
v 3067.083386522529 2962.6758061175397 959.1836734693877
v 3077.3640791782736 2985.0892958988766 959.1836734693877
v 3080.1579646731957 3010.2296932180807 959.1836734693877
v 3074.7878546863667 3035.5991745366787 959.1836734693877
v 3061.4077365664907 3058.5521585499973 959.1836734693877
v 3041.0255681115664 3076.5706962186787 959.1836734693877
v 3015.435393570394 3087.5384669344185 959.1836734693877
v 2987.0622874297014 3089.9837674437213 959.1836734693877
v 2958.7332036770395 3083.264067913942 959.1836734693877
v 2933.395313692531 3067.669951625872 959.1836734693877
v 2913.8098958880073 3044.4340869553853 959.1836734693877
v 2902.2535241512255 3015.640542227665 959.1836734693877
v 2900.2586981134955 2984.040263032995 959.1836734693877
v 2908.4230143810078 2952.788782609903 959.1836734693877
v 2926.3097087662045 2925.1311173500994 959.1836734693877
v 2952.453473801806 2904.0653130556752 959.1836734693877
v 2984.4747449156416 2892.0194790675346 959.1836734693877
v 3019.294241962992 2890.576916331977 959.1836734693877
v 3053.42864684297 2900.2800235291625 959.1836734693877
v 3083.339071054523 2920.536356253575 959.1836734693877
v 3105.7974529709577 2949.6401921188444 959.1836734693877
v 3118.2329978929633 2984.911202503331 959.1836734693877
v 3119.0216602742676 3022.939544770959 959.1836734693877
v 3107.686488891428 3059.9151533376335 959.1836734693877
v 3084.985017205136 3092.0094665389233 959.1836734693877
v 3052.8710016547857 3115.771344863302 959.1836734693877
v 3014.3305955427572 3128.4962863141823 959.1836734693877
v 2973.106195102551 3128.5296141494155 959.1836734693877
v 2933.3333333333335 3115.470053837925 959.1836734693877
v 2899.12582196308 3090.2495414840237 959.1836734693877
v 2874.1507573628674 3055.07732607606 959.1836734693877
v 2861.237247156479 3013.250236339371 959.1836734693877
v 2862.060434177821 2968.8449751614994 959.1836734693877
v 2876.935712445084 2926.3210206026024 959.1836734693877
v 2904.7475296079588 2890.072789184835 959.1836734693877
v 2943.023850150306 2863.976033394678 959.1836734693877
v 2988.1525317022174 2850.975245615265 959.1836734693877
v 3035.7210508347616 2852.7558229812817 959.1836734693877
v 3080.9477485624207 2869.537105704721 959.1836734693877
v 3119.1624689296186 2900.0108162709826 959.1836734693877
v 3146.288280354048 2941.4350069868574 959.1836734693877
v 3159.274641295513 2989.8777986810733 959.1836734693877
v 3156.4361537610275 3040.5895736858306 959.1836734693877
v 3137.659669008739 3088.468497401825 959.1836734693877
v 3104.4551892948098 3128.5737577210584 959.1836734693877
v 3059.8415280648996 3156.634893741422 959.1836734693877
v 3008.0745069276654 3169.5047605886316 959.1836734693877
v 2954.2418703764592 3165.5082494496874 959.1836734693877
v 2903.763382843464 3144.648499997152 959.1836734693877
v 2861.845213651268 3108.6461248508945 959.1836734693877
v 2832.9435340825053 3060.8035810356746 959.1836734693877
v 2820.2925408644373 3005.704618346117 959.1836734693877
v 2825.5467320700914 2948.7758987561037 959.1836734693877
v 2848.576628464414 2895.7526310878548 959.1836734693877
v 2887.442239966332 2852.1008296387145 959.1836734693877
v 2938.5508674979387 2822.454391635426 959.1836734693877
v 2996.987069493996 2810.1249131285977 959.1836734693877
v 3056.9847184973455 2816.7359334602284 959.1836734693877
v 3112.4958854925962 2842.021633541753 959.1836734693877
v 3157.8004343040657 2883.8140017812116 959.1836734693877
v 3188.094887956793 2938.223681457673 959.1836734693877
v 3200.0 2999.9999999999995 959.1836734693877
v 3000.0 3000.0 979.5918367346939
v 3001.919335591396 3000.6303705973705 979.5918367346939
v 3003.2536172021455 3002.39558759214 979.5918367346939
v 3003.5154964216435 3004.9368239518203 979.5918367346939
v 3002.3993565683095 3007.716381749043 979.5918367346939
v 2999.8397377390424 3010.0997386633726 979.5918367346939
v 2996.035539838577 3011.4545553783596 979.5918367346939
v 2991.435822606134 3011.2531977448803 979.5918367346939
v 2986.688055249619 3009.1646038604085 979.5918367346939
v 2982.5546732070093 3005.1224101243897 979.5918367346939
v 2979.8081506589256 2999.359031646504 979.5918367346939
v 2979.117941760313 2992.3995523705407 979.5918367346939
v 2980.944167400175 2985.0143276067733 979.5918367346939
v 2985.4526043833143 2978.134529070198 979.5918367346939
v 2992.4633668855345 2972.7398177376986 979.5918367346939
v 3001.4418762370833 2969.73129275203 979.5918367346939
v 3011.5357162534747 2969.8053216884005 979.5918367346939
v 3021.655344122095 2973.3444648627074 979.5918367346939
v 3030.5910375574977 2980.3403339107053 979.5918367346939
v 3037.153586518244 2990.359976249615 979.5918367346939
v 3040.322693998864 3002.5625826123864 979.5918367346939
v 3039.3853062491667 3015.767498118923 979.5918367346939
v 3034.0464196941766 3028.5683382082907 979.5918367346939
v 3024.49734495968 3039.482191694624 979.5918367346939
v 3011.430736267124 3047.11813664599 979.5918367346939
v 2995.997476926425 3050.3462008056536 979.5918367346939
v 2979.707124711068 3048.4468922155943 979.5918367346939
v 2964.2803236029845 3041.222704055687 979.5918367346939
v 2951.4676049079203 3029.0564989172835 979.5918367346939
v 2942.8536084450975 3012.9070817188076 979.5918367346939
v 2939.668368328904 2994.2390276785345 979.5918367346939
v 2942.627551150719 2974.8912189947373 979.5918367346939
v 2951.8212881017694 2956.895741380765 979.5918367346939
v 2966.6666666666665 2942.2649730810376 979.5918367346939
v 2985.932471284411 2932.7691249064596 979.5918367346939
v 3007.837044437445 2929.7285934219317 979.5918367346939
v 3030.2120009455916 2933.8449457923984 979.5918367346939
v 3050.7168651062907 2945.0911248074167 979.5918367346939
v 3067.083386522529 2962.6758061175397 979.5918367346939
v 3077.3640791782736 2985.0892958988766 979.5918367346939
v 3080.1579646731957 3010.2296932180807 979.5918367346939
v 3074.7878546863667 3035.5991745366787 979.5918367346939
v 3061.4077365664907 3058.5521585499973 979.5918367346939
v 3041.0255681115664 3076.5706962186787 979.5918367346939
v 3015.435393570394 3087.5384669344185 979.5918367346939
v 2987.0622874297014 3089.9837674437213 979.5918367346939
v 2958.7332036770395 3083.264067913942 979.5918367346939
v 2933.395313692531 3067.669951625872 979.5918367346939
v 2913.8098958880073 3044.4340869553853 979.5918367346939
v 2902.2535241512255 3015.640542227665 979.5918367346939
v 2900.2586981134955 2984.040263032995 979.5918367346939
v 2908.4230143810078 2952.788782609903 979.5918367346939
v 2926.3097087662045 2925.1311173500994 979.5918367346939
v 2952.453473801806 2904.0653130556752 979.5918367346939
v 2984.4747449156416 2892.0194790675346 979.5918367346939
v 3019.294241962992 2890.576916331977 979.5918367346939
v 3053.42864684297 2900.2800235291625 979.5918367346939
v 3083.339071054523 2920.536356253575 979.5918367346939
v 3105.7974529709577 2949.6401921188444 979.5918367346939
v 3118.2329978929633 2984.911202503331 979.5918367346939
v 3119.0216602742676 3022.939544770959 979.5918367346939
v 3107.686488891428 3059.9151533376335 979.5918367346939
v 3084.985017205136 3092.0094665389233 979.5918367346939
v 3052.8710016547857 3115.771344863302 979.5918367346939
v 3014.3305955427572 3128.4962863141823 979.5918367346939
v 2973.106195102551 3128.5296141494155 979.5918367346939
v 2933.3333333333335 3115.470053837925 979.5918367346939
v 2899.12582196308 3090.2495414840237 979.5918367346939
v 2874.1507573628674 3055.07732607606 979.5918367346939
v 2861.237247156479 3013.250236339371 979.5918367346939
v 2862.060434177821 2968.8449751614994 979.5918367346939
v 2876.935712445084 2926.3210206026024 979.5918367346939
v 2904.7475296079588 2890.072789184835 979.5918367346939
v 2943.023850150306 2863.976033394678 979.5918367346939
v 2988.1525317022174 2850.975245615265 979.5918367346939
v 3035.7210508347616 2852.7558229812817 979.5918367346939
v 3080.9477485624207 2869.537105704721 979.5918367346939
v 3119.1624689296186 2900.0108162709826 979.5918367346939
v 3146.288280354048 2941.4350069868574 979.5918367346939
v 3159.274641295513 2989.8777986810733 979.5918367346939
v 3156.4361537610275 3040.5895736858306 979.5918367346939
v 3137.659669008739 3088.468497401825 979.5918367346939
v 3104.4551892948098 3128.5737577210584 979.5918367346939
v 3059.8415280648996 3156.634893741422 979.5918367346939
v 3008.0745069276654 3169.5047605886316 979.5918367346939
v 2954.2418703764592 3165.5082494496874 979.5918367346939
v 2903.763382843464 3144.648499997152 979.5918367346939
v 2861.845213651268 3108.6461248508945 979.5918367346939
v 2832.9435340825053 3060.8035810356746 979.5918367346939
v 2820.2925408644373 3005.704618346117 979.5918367346939
v 2825.5467320700914 2948.7758987561037 979.5918367346939
v 2848.576628464414 2895.7526310878548 979.5918367346939
v 2887.442239966332 2852.1008296387145 979.5918367346939
v 2938.5508674979387 2822.454391635426 979.5918367346939
v 2996.987069493996 2810.1249131285977 979.5918367346939
v 3056.9847184973455 2816.7359334602284 979.5918367346939
v 3112.4958854925962 2842.021633541753 979.5918367346939
v 3157.8004343040657 2883.8140017812116 979.5918367346939
v 3188.094887956793 2938.223681457673 979.5918367346939
v 3200.0 2999.9999999999995 979.5918367346939
v 3000.0 3000.0 1000.0
v 3001.919335591396 3000.6303705973705 1000.0
v 3003.2536172021455 3002.39558759214 1000.0
v 3003.5154964216435 3004.9368239518203 1000.0
v 3002.3993565683095 3007.716381749043 1000.0
v 2999.8397377390424 3010.0997386633726 1000.0
v 2996.035539838577 3011.4545553783596 1000.0
v 2991.435822606134 3011.2531977448803 1000.0
v 2986.688055249619 3009.1646038604085 1000.0
v 2982.5546732070093 3005.1224101243897 1000.0
v 2979.8081506589256 2999.359031646504 1000.0
v 2979.117941760313 2992.3995523705407 1000.0
v 2980.944167400175 2985.0143276067733 1000.0
v 2985.4526043833143 2978.134529070198 1000.0
v 2992.4633668855345 2972.7398177376986 1000.0
v 3001.4418762370833 2969.73129275203 1000.0
v 3011.5357162534747 2969.8053216884005 1000.0
v 3021.655344122095 2973.3444648627074 1000.0
v 3030.5910375574977 2980.3403339107053 1000.0
v 3037.153586518244 2990.359976249615 1000.0
v 3040.322693998864 3002.5625826123864 1000.0
v 3039.3853062491667 3015.767498118923 1000.0
v 3034.0464196941766 3028.5683382082907 1000.0
v 3024.49734495968 3039.482191694624 1000.0
v 3011.430736267124 3047.11813664599 1000.0
v 2995.997476926425 3050.3462008056536 1000.0
v 2979.707124711068 3048.4468922155943 1000.0
v 2964.2803236029845 3041.222704055687 1000.0
v 2951.4676049079203 3029.0564989172835 1000.0
v 2942.8536084450975 3012.9070817188076 1000.0
v 2939.668368328904 2994.2390276785345 1000.0
v 2942.627551150719 2974.8912189947373 1000.0
v 2951.8212881017694 2956.895741380765 1000.0
v 2966.6666666666665 2942.2649730810376 1000.0
v 2985.932471284411 2932.7691249064596 1000.0
v 3007.837044437445 2929.7285934219317 1000.0
v 3030.2120009455916 2933.8449457923984 1000.0
v 3050.7168651062907 2945.0911248074167 1000.0
v 3067.083386522529 2962.6758061175397 1000.0
v 3077.3640791782736 2985.0892958988766 1000.0
v 3080.1579646731957 3010.2296932180807 1000.0
v 3074.7878546863667 3035.5991745366787 1000.0
v 3061.4077365664907 3058.5521585499973 1000.0
v 3041.0255681115664 3076.5706962186787 1000.0
v 3015.435393570394 3087.5384669344185 1000.0
v 2987.0622874297014 3089.9837674437213 1000.0
v 2958.7332036770395 3083.264067913942 1000.0
v 2933.395313692531 3067.669951625872 1000.0
v 2913.8098958880073 3044.4340869553853 1000.0
v 2902.2535241512255 3015.640542227665 1000.0
v 2900.2586981134955 2984.040263032995 1000.0
v 2908.4230143810078 2952.788782609903 1000.0
v 2926.3097087662045 2925.1311173500994 1000.0
v 2952.453473801806 2904.0653130556752 1000.0
v 2984.4747449156416 2892.0194790675346 1000.0
v 3019.294241962992 2890.576916331977 1000.0
v 3053.42864684297 2900.2800235291625 1000.0
v 3083.339071054523 2920.536356253575 1000.0
v 3105.7974529709577 2949.6401921188444 1000.0
v 3118.2329978929633 2984.911202503331 1000.0
v 3119.0216602742676 3022.939544770959 1000.0
v 3107.686488891428 3059.9151533376335 1000.0
v 3084.985017205136 3092.0094665389233 1000.0
v 3052.8710016547857 3115.771344863302 1000.0
v 3014.3305955427572 3128.4962863141823 1000.0
v 2973.106195102551 3128.5296141494155 1000.0
v 2933.3333333333335 3115.470053837925 1000.0
v 2899.12582196308 3090.2495414840237 1000.0
v 2874.1507573628674 3055.07732607606 1000.0
v 2861.237247156479 3013.250236339371 1000.0
v 2862.060434177821 2968.8449751614994 1000.0
v 2876.935712445084 2926.3210206026024 1000.0
v 2904.7475296079588 2890.072789184835 1000.0
v 2943.023850150306 2863.976033394678 1000.0
v 2988.1525317022174 2850.975245615265 1000.0
v 3035.7210508347616 2852.7558229812817 1000.0
v 3080.9477485624207 2869.537105704721 1000.0
v 3119.1624689296186 2900.0108162709826 1000.0
v 3146.288280354048 2941.4350069868574 1000.0
v 3159.274641295513 2989.8777986810733 1000.0
v 3156.4361537610275 3040.5895736858306 1000.0
v 3137.659669008739 3088.468497401825 1000.0
v 3104.4551892948098 3128.5737577210584 1000.0
v 3059.8415280648996 3156.634893741422 1000.0
v 3008.0745069276654 3169.5047605886316 1000.0
v 2954.2418703764592 3165.5082494496874 1000.0
v 2903.763382843464 3144.648499997152 1000.0
v 2861.845213651268 3108.6461248508945 1000.0
v 2832.9435340825053 3060.8035810356746 1000.0
v 2820.2925408644373 3005.704618346117 1000.0
v 2825.5467320700914 2948.7758987561037 1000.0
v 2848.576628464414 2895.7526310878548 1000.0
v 2887.442239966332 2852.1008296387145 1000.0
v 2938.5508674979387 2822.454391635426 1000.0
v 2996.987069493996 2810.1249131285977 1000.0
v 3056.9847184973455 2816.7359334602284 1000.0
v 3112.4958854925962 2842.021633541753 1000.0
v 3157.8004343040657 2883.8140017812116 1000.0
v 3188.094887956793 2938.223681457673 1000.0
v 3200.0 2999.9999999999995 1000.0
